Id,CreatedDate,ApexClass__c,RequestUrl__c,RequestBody__c,ResponseBody__c
a12JO000000Mdp7YAC,2026-05-10T09:00:03.000+0000,GdSaleApiControllerV1,/gd/v1/sale,"{
    ""AccountId"": ""1000"",
    ""StoreCode__c"": ""99998"",
    ""MemberNo__c"": ""TEST02005"",
    ""SaleNo__c"": ""SAL02101"",
    ""ActualPaymentAmount__c"": 10000000.0,
    ""EndDate"": ""20260510"",
    ""SaleStatus__c"": ""01"",
    ""PromotionNo__c"": ""PRO202604161041"",
    ""OrderItem"": [
        {
            ""SaleSeqNo__c"": ""1"",
            ""OrderNo__c"": null,
            ""ProductCode"": ""2A2600001"",
            ""Quantity"": 20,
            ""isExclude"": false,
            ""NetSalesUnitPrice__c"": 500000.0000,
            ""DiscountRate__c"": 0.0000
        }
        
        
        
        
        
        
        
        
        
        
    ],
    ""TransactionJournal"": [
        
        
        
        
        
        
        
        
        
        
        {
            ""DepositNo__c"": ""DEP02100"",
            ""DeposiSeqNo__c"": ""1"",
            ""ActivityDate"": ""20260510"",
            ""PaymentMethod"": ""01"",
            ""DepositType__c"": ""02"",
            ""TransactionAmount"": 10000000.0000,
            ""CouponNo"": """",
            ""OrderNo__c"": null
        }
        
        
        
        
        
        
        
        
        
        
        
        
        
        
        
        
        
        
        
        
        
        
    ]
}","{
  ""success"" : false,
  ""message"" : ""SaleNo__c already exists."",
  ""code"" : 400
}"
a12JO000000MdqkYAC,2026-05-10T09:00:14.000+0000,GdSaleApiControllerV1,/gd/v1/sale,"{
    ""AccountId"": ""1000"",
    ""StoreCode__c"": ""99998"",
    ""MemberNo__c"": ""TEST02005"",
    ""SaleNo__c"": ""SAL02V001"",
    ""ActualPaymentAmount__c"": 10000000.0,
    ""EndDate"": ""20260510"",
    ""SaleStatus__c"": ""01"",
    ""PromotionNo__c"": ""PRO202604161041"",
    ""OrderItem"": [
        {
            ""SaleSeqNo__c"": ""1"",
            ""OrderNo__c"": null,
            ""ProductCode"": ""2A2600001"",
            ""Quantity"": 20,
            ""isExclude"": false,
            ""NetSalesUnitPrice__c"": 500000.0000,
            ""DiscountRate__c"": 0.0000
        }
        
        
        
        
        
        
        
        
        
        
    ],
    ""TransactionJournal"": [
        
        
        
        
        
        
        
        
        
        
        {
            ""DepositNo__c"": ""DEP02100"",
            ""DeposiSeqNo__c"": ""1"",
            ""ActivityDate"": ""20260510"",
            ""PaymentMethod"": ""01"",
            ""DepositType__c"": ""02"",
            ""TransactionAmount"": 10000000.0000,
            ""CouponNo"": """",
            ""OrderNo__c"": null
        }
        
        
        
        
        
        
        
        
        
        
        
        
        
        
        
        
        
        
        
        
        
        
    ]
}","{
  ""success"" : false,
  ""message"" : ""Insert failed. First exception on row 0; first error: DUPLICATE_VALUE, 중복 값 발견: DepositNo__c이(가) ID가 다음과 같은 레코드의 값과 중복됩니다. 0lVJO000000CFkc2AG: []"",
  ""code"" : 500
}"
a12JO000000MdsLYAS,2026-05-10T09:00:25.000+0000,OrderTrigger,,,
a12JO000000MdsMYAS,2026-05-10T09:00:25.000+0000,GdOrderApiControllerV1,/gd/v1/order,"{
    ""OrderNo__c"": ""SOR01V002"", 
    ""ActualPaymentAmount__c"": 1000000, 
    ""OrderStatus__c"": ""01"", 
    ""TransactionJournal"": [
        {
            ""DepositNo__c"": ""DEP01V002"",
            ""DeposiSeqNo__c"": ""1"",
            ""ActivityDate"": ""20260508"",
            ""PaymentMethod"": ""01"",
            ""DepositType__c"": ""01"",
            ""TransactionAmount"": 100000.0000,
            ""CouponNo"": """",
            ""OrderNo__c"": null
        },
        {
            ""DepositNo__c"": ""DEP01V002"",
            ""DeposiSeqNo__c"": ""2"",
            ""ActivityDate"": ""20260508"",
            ""PaymentMethod"": ""90"",
            ""DepositType__c"": ""01"",
            ""TransactionAmount"": 30000.0000,
            ""CouponNo"": ""COP2026MY0017;-;TEYT578N"",
            ""OrderNo__c"": null
        },
        {
            ""DepositNo__c"": ""DEP01V002"",
            ""DeposiSeqNo__c"": ""3"",
            ""ActivityDate"": ""20260508"",
            ""PaymentMethod"": ""90"",
            ""DepositType__c"": ""03"",
            ""TransactionAmount"": 30000.0000,
            ""CouponNo"": ""COP2026MY0017;-;TEYT578N"",
            ""OrderNo__c"": null
        }
    ]
}","{
  ""success"" : true,
  ""message"" : ""주문 수정 완료"",
  ""data"" : {
    ""orderId"" : ""801JO00000IBMr8YAH"",
    ""TransactionJournal"" : [ {
      ""OrderNo__c"" : null,
      ""CouponNo"" : """",
      ""TransactionAmount"" : 100000.0000,
      ""DepositType__c"" : ""01"",
      ""PaymentMethod"" : ""01"",
      ""ActivityDate"" : ""20260508"",
      ""DeposiSeqNo__c"" : ""1"",
      ""DepositNo__c"" : ""DEP01V002""
    }, {
      ""OrderNo__c"" : null,
      ""CouponNo"" : ""COP2026MY0017;-;TEYT578N"",
      ""TransactionAmount"" : 30000.0000,
      ""DepositType__c"" : ""01"",
      ""PaymentMethod"" : ""90"",
      ""ActivityDate"" : ""20260508"",
      ""DeposiSeqNo__c"" : ""2"",
      ""DepositNo__c"" : ""DEP01V002""
    }, {
      ""OrderNo__c"" : null,
      ""CouponNo"" : ""COP2026MY0017;-;TEYT578N"",
      ""TransactionAmount"" : 30000.0000,
      ""DepositType__c"" : ""03"",
      ""PaymentMethod"" : ""90"",
      ""ActivityDate"" : ""20260508"",
      ""DeposiSeqNo__c"" : ""3"",
      ""DepositNo__c"" : ""DEP01V002""
    } ],
    ""OrderStatus__c"" : ""01"",
    ""ActualPaymentAmount__c"" : 1000000,
    ""OrderNo__c"" : ""SOR01V002""
  },
  ""code"" : 200
}"
a12JO000000MdtxYAC,2026-05-10T09:00:26.000+0000,OrderTrigger,,,
a12JO000000MdtyYAC,2026-05-10T09:00:27.000+0000,OrderTriggerHandler,,,
a12JO000000MdtzYAC,2026-05-10T09:00:27.000+0000,OrderTrigger,,,
a12JO000000Mdu0YAC,2026-05-10T09:00:27.000+0000,GdSaleApiControllerV1,/gd/v1/sale,"{
    ""AccountId"": ""1000"",
    ""StoreCode__c"": ""99998"",
    ""MemberNo__c"": ""TEST02005"",
    ""SaleNo__c"": ""SAL02V001"",
    ""ActualPaymentAmount__c"": 10000000.0,
    ""EndDate"": ""20260510"",
    ""SaleStatus__c"": ""01"",
    ""PromotionNo__c"": ""PRO202604161041"",
    ""OrderItem"": [
        {
            ""SaleSeqNo__c"": ""1"",
            ""OrderNo__c"": null,
            ""ProductCode"": ""2A2600001"",
            ""Quantity"": 20,
            ""isExclude"": false,
            ""NetSalesUnitPrice__c"": 500000.0000,
            ""DiscountRate__c"": 0.0000
        }
        
        
        
        
        
        
        
        
        
        
    ],
    ""TransactionJournal"": [
        
        
        
        
        
        
        
        
        
        
        {
            ""DepositNo__c"": ""DEP02V001"",
            ""DeposiSeqNo__c"": ""1"",
            ""ActivityDate"": ""20260510"",
            ""PaymentMethod"": ""01"",
            ""DepositType__c"": ""02"",
            ""TransactionAmount"": 10000000.0000,
            ""CouponNo"": """",
            ""OrderNo__c"": null
        }
        
        
        
        
        
        
        
        
        
        
        
        
        
        
        
        
        
        
        
        
        
        
    ]
}","{
  ""success"" : true,
  ""message"" : ""판매 등록 완료"",
  ""data"" : {
    ""CreditPointList"" : [ {
      ""TX_REMARK"" : ""구매포인트|11cJO000001BAZlYAO|2.00"",
      ""PT_TARGET"" : 200000.0000,
      ""NO_SAL"" : null,
      ""NO_PROM_MBR"" : ""PRO202604161041"",
      ""NO_MBR"" : ""TEST02005"",
      ""NO_GRADE_ADVAN"" : ""03"",
      ""ID_INSERT"" : null,
      ""DTS_INSERT"" : ""2026-05-10 18:00:26"",
      ""DT_SAVE_PLAN"" : null,
      ""DT_LIMIT_START"" : ""2026-05-10 09:00:00"",
      ""DT_LIMIT_END"" : ""2028-05-10"",
      ""DT_DESTROY_PLAN"" : ""2028-05-11"",
      ""CD_TYPE_SAVE"" : ""Credit"",
      ""CD_TYPE_POINT"" : ""01"",
      ""CD_JOURNAL"" : ""05wJO0000004PxVYAU"",
      ""AM_SAL"" : 10000000.0
    }, {
      ""TX_REMARK"" : ""사은포인트|11cJO000001BAY9YAO|3.00"",
      ""PT_TARGET"" : 300000.0000,
      ""NO_SAL"" : null,
      ""NO_PROM_MBR"" : ""PRO202604161041"",
      ""NO_MBR"" : ""TEST02005"",
      ""NO_GRADE_ADVAN"" : ""03"",
      ""ID_INSERT"" : null,
      ""DTS_INSERT"" : ""2026-05-10 18:00:26"",
      ""DT_SAVE_PLAN"" : null,
      ""DT_LIMIT_START"" : ""2026-05-10 09:00:00"",
      ""DT_LIMIT_END"" : ""2028-05-10"",
      ""DT_DESTROY_PLAN"" : ""2028-05-11"",
      ""CD_TYPE_SAVE"" : ""Credit"",
      ""CD_TYPE_POINT"" : ""01"",
      ""CD_JOURNAL"" : ""05wJO0000004PxWYAU"",
      ""AM_SAL"" : 10000000.0
    } ],
    ""oiList"" : [ {
      ""attributes"" : {
        ""type"" : ""OrderItem"",
        ""url"" : ""/services/data/v67.0/sobjects/OrderItem/802JO00000546APYAY""
      },
      ""OrderId"" : ""801JO00000IBafRYAT"",
      ""PricebookEntryId"" : ""01uJO000001R0w4YAC"",
      ""Quantity"" : 20,
      ""UnitPrice"" : 500000,
      ""SaleSeqNo__c"" : ""1"",
      ""SaleItemNo__c"" : ""801JO00000IBafRYAT-1"",
      ""IsExclude__c"" : false,
      ""NetSalesUnitPrice__c"" : 500000.0000,
      ""DiscountRate__c"" : 0.0000,
      ""Id"" : ""802JO00000546APYAY""
    } ],
    ""storeType"" : ""09"",
    ""storeTypeFour"" : ""NULL"",
    ""orderId"" : ""801JO00000IBafRYAT"",
    ""TransactionJournal"" : [ {
      ""OrderNo__c"" : null,
      ""CouponNo"" : """",
      ""TransactionAmount"" : 10000000.0000,
      ""DepositType__c"" : ""02"",
      ""PaymentMethod"" : ""01"",
      ""ActivityDate"" : ""20260510"",
      ""DeposiSeqNo__c"" : ""1"",
      ""DepositNo__c"" : ""DEP02V001""
    } ],
    ""OrderItem"" : [ {
      ""DiscountRate__c"" : 0.0000,
      ""NetSalesUnitPrice__c"" : 500000.0000,
      ""isExclude"" : false,
      ""Quantity"" : 20,
      ""ProductCode"" : ""2A2600001"",
      ""OrderNo__c"" : null,
      ""SaleSeqNo__c"" : ""1""
    } ],
    ""PromotionNo__c"" : ""PRO202604161041"",
    ""SaleStatus__c"" : ""01"",
    ""EndDate"" : ""20260510"",
    ""ActualPaymentAmount__c"" : 10000000.0,
    ""SaleNo__c"" : ""SAL02V001"",
    ""MemberNo__c"" : ""TEST02005"",
    ""StoreCode__c"" : ""99998"",
    ""AccountId"" : ""1000""
  },
  ""code"" : 200
}"
a12JO000000MdvZYAS,2026-05-10T09:00:46.000+0000,GdVoucherHelpApiControllerV1,/gd/v1/voucher/help,"{
    ""StoreCode__c"": ""99998"",
    ""MemberNo__c"": ""TEST01100"",
    ""ActualPaymentAmount__c"": 1000000.00000000,
    ""OrderStatus__c"": null,
    ""Type"": ""01"",
    ""PromotionNo__c"": ""PRO202604161041"",
    ""OrderItem"": [
        {
            ""OrderSeqNo__c"": null,
            ""Status__c"": null,
            ""ProductCode"": ""2A2600001"",
            ""Quantity"": 1,
            ""isExclude"": null,
            ""NetSalesUnitPrice__c"": 0.0,
            ""DiscountRate__c"": 0.0
        },
        {
            ""OrderSeqNo__c"": null,
            ""Status__c"": null,
            ""ProductCode"": ""3A2600005"",
            ""Quantity"": 1,
            ""isExclude"": null,
            ""NetSalesUnitPrice__c"": 0.0,
            ""DiscountRate__c"": 0.0
        }
    ],
    ""TransactionJournal"": null
}","{
  ""success"" : true,
  ""message"" : ""사용 가능한 쿠폰 조회 성공"",
  ""data"" : {
    ""voucherList"" : [ {
      ""TX_COUPON"" : """",
      ""RT_DISC"" : 3,
      ""NO_MAN_COUPON"" : ""COP2026MY0017"",
      ""NO_COUPON"" : ""TEYT578N"",
      ""NM_RESPON"" : ""밀버스"",
      ""NM_DEPT"" : ""밀버스"",
      ""NM_COUPON"" : ""[TEST] 신규가입쿠폰_백화점"",
      ""ID_INSERT"" : ""milvus"",
      ""DTS_INSERT"" : ""20260510175558"",
      ""DT_USE"" : """",
      ""DT_STR_EXP"" : ""20260501"",
      ""DT_ISSUE"" : ""20260510"",
      ""DT_END_EXP"" : ""20280531"",
      ""DS_MON_EXP"" : 0,
      ""CD_TYPE_DAY_EXP"" : ""02"",
      ""CD_TYPE_COUPON"" : ""03"",
      ""CD_STAT_COUPON"" : ""02"",
      ""CD_BRAND"" : ""01"",
      ""AM_DISC"" : 0
    } ]
  },
  ""code"" : 200
}"
a12JO000000MdxBYAS,2026-05-10T09:01:23.000+0000,GdPointCreditApiControllerV1,/gd/v1/point/credit,"{
    ""MemberNo__c"": ""TEST01006"",
    ""PointsList"": [
        {
            ""point"": 9000.0,
            ""cd_type_point"": ""05""
        }
    ],
    ""SaleNo__c"": ""SAL02V001"",
    ""EndDate"": """"
}","{
  ""success"" : true,
  ""message"" : ""포인트 지급 성공"",
  ""data"" : {
    ""PointCreditList"" : [ {
      ""TX_REMARK"" : ""이벤트포인트"",
      ""PT_TARGET"" : 9000.0000,
      ""NO_SAL"" : null,
      ""NO_PROM_MBR"" : null,
      ""NO_MBR"" : ""TEST01006"",
      ""NO_GRADE_ADVAN"" : null,
      ""ID_INSERT"" : null,
      ""DTS_INSERT"" : ""2026-05-10 18:01:23"",
      ""DT_SAVE_PLAN"" : null,
      ""DT_LIMIT_START"" : ""2026-05-10 18:01:23"",
      ""DT_LIMIT_END"" : ""2028-05-10"",
      ""DT_DESTROY_PLAN"" : ""2028-05-11"",
      ""CD_TYPE_SAVE"" : ""Credit"",
      ""CD_TYPE_POINT"" : ""01"",
      ""CD_JOURNAL"" : ""05wJO0000004Pz7YAE"",
      ""AM_SAL"" : null
    } ]
  },
  ""code"" : 200
}"
a12JO000000MdynYAC,2026-05-10T09:01:30.000+0000,GdPointCreditApiControllerV1,/gd/v1/point/credit,"{
    ""MemberNo__c"": ""TEST02005"",
    ""PointsList"": [
        {
            ""point"": 9000.0,
            ""cd_type_point"": ""05""
        }
    ],
    ""SaleNo__c"": ""SAL02V001"",
    ""EndDate"": """"
}","{
  ""success"" : true,
  ""message"" : ""포인트 지급 성공"",
  ""data"" : {
    ""PointCreditList"" : [ {
      ""TX_REMARK"" : ""이벤트포인트"",
      ""PT_TARGET"" : 9000.0000,
      ""NO_SAL"" : null,
      ""NO_PROM_MBR"" : null,
      ""NO_MBR"" : ""TEST02005"",
      ""NO_GRADE_ADVAN"" : null,
      ""ID_INSERT"" : null,
      ""DTS_INSERT"" : ""2026-05-10 18:01:30"",
      ""DT_SAVE_PLAN"" : null,
      ""DT_LIMIT_START"" : ""2026-05-10 18:01:30"",
      ""DT_LIMIT_END"" : ""2028-05-10"",
      ""DT_DESTROY_PLAN"" : ""2028-05-11"",
      ""CD_TYPE_SAVE"" : ""Credit"",
      ""CD_TYPE_POINT"" : ""01"",
      ""CD_JOURNAL"" : ""05wJO0000004Q0jYAE"",
      ""AM_SAL"" : null
    } ]
  },
  ""code"" : 200
}"
a12JO000000Me0PYAS,2026-05-10T09:02:48.000+0000,OrderTrigger,,,
a12JO000000Me0QYAS,2026-05-10T09:02:50.000+0000,OrderTriggerHandler,,,
a12JO000000Me0RYAS,2026-05-10T09:02:50.000+0000,OrderTrigger,,,
a12JO000000Me0SYAS,2026-05-10T09:02:50.000+0000,GdSaleApiControllerV1,/gd/v1/sale,"{
    ""AccountId"": ""1000"",
    ""StoreCode__c"": ""99998"",
    ""MemberNo__c"": ""TEST01100"",
    ""SaleNo__c"": ""SAL01V001"",
    ""ActualPaymentAmount__c"": 500000.0,
    ""EndDate"": ""20260508"",
    ""SaleStatus__c"": ""01"",
    ""PromotionNo__c"": ""PRO202604161041"",
    ""OrderItem"": [
        {
            ""SaleSeqNo__c"": ""1"",
            ""OrderNo__c"": ""SOR01V002"",
            ""ProductCode"": ""2A2600001"",
            ""Quantity"": 1,
            ""isExclude"": false,
            ""NetSalesUnitPrice__c"": 500000.0000,
            ""DiscountRate__c"": 0.0000
        }
    ],
    ""TransactionJournal"": [
        {
            ""DepositNo__c"": ""DEP01V002"",
            ""DeposiSeqNo__c"": ""1"",
            ""ActivityDate"": ""20260508"",
            ""PaymentMethod"": ""01"",
            ""DepositType__c"": ""01"",
            ""TransactionAmount"": 100000.0000,
            ""CouponNo"": """",
            ""OrderNo__c"": ""SOR01V002""
        },
        {
            ""DepositNo__c"": ""DEP01V003"",
            ""DeposiSeqNo__c"": ""1"",
            ""ActivityDate"": ""20260508"",
            ""PaymentMethod"": ""01"",
            ""DepositType__c"": ""02"",
            ""TransactionAmount"": 370000.0000,
            ""CouponNo"": """",
            ""OrderNo__c"": null
        },
        {
            ""DepositNo__c"": ""DEP01V003"",
            ""DeposiSeqNo__c"": ""2"",
            ""ActivityDate"": ""20260508"",
            ""PaymentMethod"": ""90"",
            ""DepositType__c"": ""02"",
            ""TransactionAmount"": 30000.0000,
            ""CouponNo"": ""COP2026MY0017;-;TEYT578N"",
            ""OrderNo__c"": null
        }
    ]
}","{
  ""success"" : true,
  ""message"" : ""판매 등록 완료"",
  ""data"" : {
    ""CreditPointList"" : [ {
      ""TX_REMARK"" : ""구매포인트|11cJO000001BAZlYAO|1.00"",
      ""PT_TARGET"" : 4700.0000,
      ""NO_SAL"" : null,
      ""NO_PROM_MBR"" : ""PRO202604161041"",
      ""NO_MBR"" : ""TEST01100"",
      ""NO_GRADE_ADVAN"" : ""01"",
      ""ID_INSERT"" : null,
      ""DTS_INSERT"" : ""2026-05-10 18:02:49"",
      ""DT_SAVE_PLAN"" : null,
      ""DT_LIMIT_START"" : ""2026-05-08 09:00:00"",
      ""DT_LIMIT_END"" : ""2028-05-08"",
      ""DT_DESTROY_PLAN"" : ""2028-05-09"",
      ""CD_TYPE_SAVE"" : ""Credit"",
      ""CD_TYPE_POINT"" : ""01"",
      ""CD_JOURNAL"" : ""05wJO0000004Q2LYAU"",
      ""AM_SAL"" : 500000.0
    }, {
      ""TX_REMARK"" : ""사은포인트|11cJO000001BAY9YAO|3.00"",
      ""PT_TARGET"" : 14100.0000,
      ""NO_SAL"" : null,
      ""NO_PROM_MBR"" : ""PRO202604161041"",
      ""NO_MBR"" : ""TEST01100"",
      ""NO_GRADE_ADVAN"" : ""01"",
      ""ID_INSERT"" : null,
      ""DTS_INSERT"" : ""2026-05-10 18:02:49"",
      ""DT_SAVE_PLAN"" : null,
      ""DT_LIMIT_START"" : ""2026-05-08 09:00:00"",
      ""DT_LIMIT_END"" : ""2028-05-08"",
      ""DT_DESTROY_PLAN"" : ""2028-05-09"",
      ""CD_TYPE_SAVE"" : ""Credit"",
      ""CD_TYPE_POINT"" : ""01"",
      ""CD_JOURNAL"" : ""05wJO0000004Q2MYAU"",
      ""AM_SAL"" : 500000.0
    } ],
    ""oiList"" : [ {
      ""attributes"" : {
        ""type"" : ""OrderItem"",
        ""url"" : ""/services/data/v67.0/sobjects/OrderItem/802JO00000546FFYAY""
      },
      ""OrderId"" : ""801JO00000IBe6FYAT"",
      ""PricebookEntryId"" : ""01uJO000001R0w4YAC"",
      ""Quantity"" : 1,
      ""UnitPrice"" : 500000,
      ""SaleSeqNo__c"" : ""1"",
      ""SaleItemNo__c"" : ""801JO00000IBe6FYAT-1"",
      ""IsExclude__c"" : false,
      ""NetSalesUnitPrice__c"" : 500000.0000,
      ""DiscountRate__c"" : 0.0000,
      ""OrderId__c"" : ""801JO00000IBMr8YAH"",
      ""Id"" : ""802JO00000546FFYAY""
    } ],
    ""storeType"" : ""09"",
    ""storeTypeFour"" : ""NULL"",
    ""orderId"" : ""801JO00000IBe6FYAT"",
    ""TransactionJournal"" : [ {
      ""OrderNo__c"" : ""SOR01V002"",
      ""CouponNo"" : """",
      ""TransactionAmount"" : 100000.0000,
      ""DepositType__c"" : ""01"",
      ""PaymentMethod"" : ""01"",
      ""ActivityDate"" : ""20260508"",
      ""DeposiSeqNo__c"" : ""1"",
      ""DepositNo__c"" : ""DEP01V002""
    }, {
      ""OrderNo__c"" : null,
      ""CouponNo"" : """",
      ""TransactionAmount"" : 370000.0000,
      ""DepositType__c"" : ""02"",
      ""PaymentMethod"" : ""01"",
      ""ActivityDate"" : ""20260508"",
      ""DeposiSeqNo__c"" : ""1"",
      ""DepositNo__c"" : ""DEP01V003""
    }, {
      ""OrderNo__c"" : null,
      ""CouponNo"" : ""COP2026MY0017;-;TEYT578N"",
      ""TransactionAmount"" : 30000.0000,
      ""DepositType__c"" : ""02"",
      ""PaymentMethod"" : ""90"",
      ""ActivityDate"" : ""20260508"",
      ""DeposiSeqNo__c"" : ""2"",
      ""DepositNo__c"" : ""DEP01V003""
    } ],
    ""OrderItem"" : [ {
      ""DiscountRate__c"" : 0.0000,
      ""NetSalesUnitPrice__c"" : 500000.0000,
      ""isExclude"" : false,
      ""Quantity"" : 1,
      ""ProductCode"" : ""2A2600001"",
      ""OrderNo__c"" : ""SOR01V002"",
      ""SaleSeqNo__c"" : ""1""
    } ],
    ""PromotionNo__c"" : ""PRO202604161041"",
    ""SaleStatus__c"" : ""01"",
    ""EndDate"" : ""20260508"",
    ""ActualPaymentAmount__c"" : 500000.0,
    ""SaleNo__c"" : ""SAL01V001"",
    ""MemberNo__c"" : ""TEST01100"",
    ""StoreCode__c"" : ""99998"",
    ""AccountId"" : ""1000""
  },
  ""code"" : 200
}"
a12JO000000Me21YAC,2026-05-10T09:02:51.000+0000,OrderTrigger,,,
a12JO000000Me22YAC,2026-05-10T09:02:52.000+0000,OrderTriggerHandler,,,
a12JO000000Me23YAC,2026-05-10T09:02:52.000+0000,OrderTrigger,,,
a12JO000000Me24YAC,2026-05-10T09:02:52.000+0000,GdOrderApiControllerV1,/gd/v1/order,"{
    ""AccountId"": ""GOLDENDEW"", 
    ""StoreCode__c"": ""99998"", 
    ""MemberNo__c"": ""TEST03006"", 
    ""OrderNo__c"": ""SOR04011"", 
    ""ActualPaymentAmount__c"": 1000000, 
    ""OrderStatus__c"": ""01"", 
    ""Type"": ""01"", 
    ""PromotionNo__c"": ""PRO202605041079"", 
    ""OrderItem"": [ 
        {
            ""OrderSeqNo__c"": ""1"", 
            ""Status__c"": ""01"", 
            ""ProductCode"": ""TEST-001"", 
            ""Quantity"": 1, 
            ""isExclude"": false, 
            ""NetSalesUnitPrice__c"": 500000.0, 
            ""DiscountRate__c"": 0.0 
        }
        ,
        {
            ""OrderSeqNo__c"": ""2"", 
            ""Status__c"": ""01"", 
            ""ProductCode"": ""TEST-002"", 
            ""Quantity"": 1, 
            ""isExclude"": false, 
            ""NetSalesUnitPrice__c"": 500000.0, 
            ""DiscountRate__c"": 0.0 
        }

    ],
    ""TransactionJournal"": [ 
        
        
        
        
        
        
        
        
        
        
        {
            ""DepositNo__c"": ""DEP04080"",
            ""DeposiSeqNo__c"": ""1"",
            ""ActivityDate"": ""20260510"",
            ""PaymentMethod"": ""81"",
            ""DepositType__c"": ""01"",
            ""TransactionAmount"": 10000.0,
            ""CouponNo"": """",
            ""OrderNo__c"": null
        }
        ,
          {
            ""DepositNo__c"": ""DEP04081"",
            ""DeposiSeqNo__c"": ""2"",
            ""ActivityDate"": ""20260510"",
            ""PaymentMethod"": ""90"",
            ""DepositType__c"": ""01"",
            ""TransactionAmount"": 30000.0,
            ""CouponNo"": ""COP2026MY0004;-;3DI3PQ6D"",
            ""OrderNo__c"": null
        }
        ,
          {
            ""DepositNo__c"": ""DEP04082"",
            ""DeposiSeqNo__c"": ""3"",
            ""ActivityDate"": ""20260510"",
            ""PaymentMethod"": ""03"",
            ""DepositType__c"": ""01"",
            ""TransactionAmount"": 96000.0,
            ""CouponNo"": """",
            ""OrderNo__c"": null
        }
    ],
    ""InsertId__c"": """" 
}","{
  ""success"" : true,
  ""message"" : ""주문 등록 완료"",
  ""data"" : {
    ""DebitPointList"" : [ {
      ""PT_USE"" : 10000.0000,
      ""NO_SAL_RTN"" : null,
      ""NO_SAL"" : ""SOR04011"",
      ""NO_MBR"" : ""TEST03006"",
      ""ID_INSERT"" : null,
      ""DTS_INSERT"" : ""2026-05-10 18:02:52"",
      ""CD_TYPE_POINT"" : ""07"",
      ""CD_RESON"" : ""1"",
      ""CD_LEDGER"" : ""05wJO0000004Q3xYAE"",
      ""CD_JOURNAL"" : ""05wJO0000004PvtYAE"",
      ""AM_SAL"" : null
    } ],
    ""isGoldenBar"" : false,
    ""oiList"" : [ {
      ""attributes"" : {
        ""type"" : ""OrderItem"",
        ""url"" : ""/services/data/v67.0/sobjects/OrderItem/802JO000005465aYAA""
      },
      ""OrderId"" : ""801JO00000IBZZnYAP"",
      ""Status__c"" : ""01"",
      ""PricebookEntryId"" : ""01uJO0000011vRvYAI"",
      ""Quantity"" : 1,
      ""UnitPrice"" : 1000,
      ""OrderItemNo__c"" : ""801JO00000IBZZnYAP-1"",
      ""IsExclude__c"" : false,
      ""NetSalesUnitPrice__c"" : 500000.0,
      ""DiscountRate__c"" : 0.0,
      ""Id"" : ""802JO000005465aYAA""
    }, {
      ""attributes"" : {
        ""type"" : ""OrderItem"",
        ""url"" : ""/services/data/v67.0/sobjects/OrderItem/802JO000005465bYAA""
      },
      ""OrderId"" : ""801JO00000IBZZnYAP"",
      ""Status__c"" : ""01"",
      ""PricebookEntryId"" : ""01uJO0000012a3dYAA"",
      ""Quantity"" : 1,
      ""UnitPrice"" : 100,
      ""OrderItemNo__c"" : ""801JO00000IBZZnYAP-2"",
      ""IsExclude__c"" : false,
      ""NetSalesUnitPrice__c"" : 500000.0,
      ""DiscountRate__c"" : 0.0,
      ""Id"" : ""802JO000005465bYAA""
    } ],
    ""storeType"" : ""09"",
    ""storeTypeFour"" : ""NULL"",
    ""orderId"" : ""801JO00000IBZZnYAP"",
    ""InsertId__c"" : """",
    ""TransactionJournal"" : [ {
      ""OrderNo__c"" : null,
      ""CouponNo"" : """",
      ""TransactionAmount"" : 10000.0,
      ""DepositType__c"" : ""01"",
      ""PaymentMethod"" : ""81"",
      ""ActivityDate"" : ""20260510"",
      ""DeposiSeqNo__c"" : ""1"",
      ""DepositNo__c"" : ""DEP04080""
    }, {
      ""OrderNo__c"" : null,
      ""CouponNo"" : ""COP2026MY0004;-;3DI3PQ6D"",
      ""TransactionAmount"" : 30000.0,
      ""DepositType__c"" : ""01"",
      ""PaymentMethod"" : ""90"",
      ""ActivityDate"" : ""20260510"",
      ""DeposiSeqNo__c"" : ""2"",
      ""DepositNo__c"" : ""DEP04081""
    }, {
      ""OrderNo__c"" : null,
      ""CouponNo"" : """",
      ""TransactionAmount"" : 96000.0,
      ""DepositType__c"" : ""01"",
      ""PaymentMethod"" : ""03"",
      ""ActivityDate"" : ""20260510"",
      ""DeposiSeqNo__c"" : ""3"",
      ""DepositNo__c"" : ""DEP04082""
    } ],
    ""OrderItem"" : [ {
      ""DiscountRate__c"" : 0.0,
      ""NetSalesUnitPrice__c"" : 500000.0,
      ""isExclude"" : false,
      ""Quantity"" : 1,
      ""ProductCode"" : ""TEST-001"",
      ""Status__c"" : ""01"",
      ""OrderSeqNo__c"" : ""1""
    }, {
      ""DiscountRate__c"" : 0.0,
      ""NetSalesUnitPrice__c"" : 500000.0,
      ""isExclude"" : false,
      ""Quantity"" : 1,
      ""ProductCode"" : ""TEST-002"",
      ""Status__c"" : ""01"",
      ""OrderSeqNo__c"" : ""2""
    } ],
    ""PromotionNo__c"" : ""PRO202605041079"",
    ""Type"" : ""01"",
    ""OrderStatus__c"" : ""01"",
    ""ActualPaymentAmount__c"" : 1000000,
    ""OrderNo__c"" : ""SOR04011"",
    ""MemberNo__c"" : ""TEST03006"",
    ""StoreCode__c"" : ""99998"",
    ""AccountId"" : ""GOLDENDEW""
  },
  ""code"" : 200
}"
a12JO000000Me3dYAC,2026-05-10T09:03:58.000+0000,OrderTrigger,,,
a12JO000000Me3eYAC,2026-05-10T09:03:58.000+0000,OrderTriggerHandler,,,
a12JO000000Me3fYAC,2026-05-10T09:03:58.000+0000,OrderTrigger,,,
a12JO000000Me3gYAC,2026-05-10T09:03:59.000+0000,GdSaleApiControllerV1,/gd/v1/sale,"{
    ""AccountId"": ""1000"",
    ""StoreCode__c"": ""99998"",
    ""MemberNo__c"": ""TEST02006"",
    ""SaleNo__c"": ""SAL02V002"",
    ""ActualPaymentAmount__c"": 10000000.0,
    ""EndDate"": ""20260510"",
    ""SaleStatus__c"": ""01"",
    ""PromotionNo__c"": ""PRO202604161041"",
    ""OrderItem"": [
        {
            ""SaleSeqNo__c"": ""1"",
            ""OrderNo__c"": null,
            ""ProductCode"": ""2A2600001"",
            ""Quantity"": 20,
            ""isExclude"": false,
            ""NetSalesUnitPrice__c"": 500000.0000,
            ""DiscountRate__c"": 0.0000
        }
        
        
        
        
        
        
        
        
        
        
    ],
    ""TransactionJournal"": [
        
        
        
        
        
        
        
        
        
        
        {
            ""DepositNo__c"": ""DEP02V002"",
            ""DeposiSeqNo__c"": ""1"",
            ""ActivityDate"": ""20260510"",
            ""PaymentMethod"": ""01"",
            ""DepositType__c"": ""02"",
            ""TransactionAmount"": 10000000.0000,
            ""CouponNo"": """",
            ""OrderNo__c"": null
        }
        
        
        
        
        
        
        
        
        
        
        
        
        
        
        
        
        
        
        
        
        
        
    ]
}","{
  ""success"" : true,
  ""message"" : ""판매 등록 완료"",
  ""data"" : {
    ""CreditPointList"" : [ {
      ""TX_REMARK"" : ""구매포인트|11cJO000001BAZlYAO|2.00"",
      ""PT_TARGET"" : 200000.0000,
      ""NO_SAL"" : null,
      ""NO_PROM_MBR"" : ""PRO202604161041"",
      ""NO_MBR"" : ""TEST02006"",
      ""NO_GRADE_ADVAN"" : ""04"",
      ""ID_INSERT"" : null,
      ""DTS_INSERT"" : ""2026-05-10 18:03:58"",
      ""DT_SAVE_PLAN"" : null,
      ""DT_LIMIT_START"" : ""2026-05-10 09:00:00"",
      ""DT_LIMIT_END"" : ""2028-05-10"",
      ""DT_DESTROY_PLAN"" : ""2028-05-11"",
      ""CD_TYPE_SAVE"" : ""Credit"",
      ""CD_TYPE_POINT"" : ""01"",
      ""CD_JOURNAL"" : ""05wJO0000004Q5ZYAU"",
      ""AM_SAL"" : 10000000.0
    }, {
      ""TX_REMARK"" : ""사은포인트|11cJO000001BAY9YAO|3.00"",
      ""PT_TARGET"" : 300000.0000,
      ""NO_SAL"" : null,
      ""NO_PROM_MBR"" : ""PRO202604161041"",
      ""NO_MBR"" : ""TEST02006"",
      ""NO_GRADE_ADVAN"" : ""04"",
      ""ID_INSERT"" : null,
      ""DTS_INSERT"" : ""2026-05-10 18:03:58"",
      ""DT_SAVE_PLAN"" : null,
      ""DT_LIMIT_START"" : ""2026-05-10 09:00:00"",
      ""DT_LIMIT_END"" : ""2028-05-10"",
      ""DT_DESTROY_PLAN"" : ""2028-05-11"",
      ""CD_TYPE_SAVE"" : ""Credit"",
      ""CD_TYPE_POINT"" : ""01"",
      ""CD_JOURNAL"" : ""05wJO0000004Q5aYAE"",
      ""AM_SAL"" : 10000000.0
    } ],
    ""oiList"" : [ {
      ""attributes"" : {
        ""type"" : ""OrderItem"",
        ""url"" : ""/services/data/v67.0/sobjects/OrderItem/802JO00000545xXYAQ""
      },
      ""OrderId"" : ""801JO00000IBe4fYAD"",
      ""PricebookEntryId"" : ""01uJO000001R0w4YAC"",
      ""Quantity"" : 20,
      ""UnitPrice"" : 500000,
      ""SaleSeqNo__c"" : ""1"",
      ""SaleItemNo__c"" : ""801JO00000IBe4fYAD-1"",
      ""IsExclude__c"" : false,
      ""NetSalesUnitPrice__c"" : 500000.0000,
      ""DiscountRate__c"" : 0.0000,
      ""Id"" : ""802JO00000545xXYAQ""
    } ],
    ""storeType"" : ""09"",
    ""storeTypeFour"" : ""NULL"",
    ""orderId"" : ""801JO00000IBe4fYAD"",
    ""TransactionJournal"" : [ {
      ""OrderNo__c"" : null,
      ""CouponNo"" : """",
      ""TransactionAmount"" : 10000000.0000,
      ""DepositType__c"" : ""02"",
      ""PaymentMethod"" : ""01"",
      ""ActivityDate"" : ""20260510"",
      ""DeposiSeqNo__c"" : ""1"",
      ""DepositNo__c"" : ""DEP02V002""
    } ],
    ""OrderItem"" : [ {
      ""DiscountRate__c"" : 0.0000,
      ""NetSalesUnitPrice__c"" : 500000.0000,
      ""isExclude"" : false,
      ""Quantity"" : 20,
      ""ProductCode"" : ""2A2600001"",
      ""OrderNo__c"" : null,
      ""SaleSeqNo__c"" : ""1""
    } ],
    ""PromotionNo__c"" : ""PRO202604161041"",
    ""SaleStatus__c"" : ""01"",
    ""EndDate"" : ""20260510"",
    ""ActualPaymentAmount__c"" : 10000000.0,
    ""SaleNo__c"" : ""SAL02V002"",
    ""MemberNo__c"" : ""TEST02006"",
    ""StoreCode__c"" : ""99998"",
    ""AccountId"" : ""1000""
  },
  ""code"" : 200
}"
a12JO000000Me5FYAS,2026-05-10T09:04:53.000+0000,GdPointCreditApiControllerV1,/gd/v1/point/credit,"{
    ""MemberNo__c"": ""TEST02006"",
    ""PointsList"": [
        {
            ""point"": 9000.0,
            ""cd_type_point"": ""05""
        }
    ],
    ""SaleNo__c"": ""SAL02V002"",
    ""EndDate"": """"
}","{
  ""success"" : true,
  ""message"" : ""포인트 지급 성공"",
  ""data"" : {
    ""PointCreditList"" : [ {
      ""TX_REMARK"" : ""이벤트포인트"",
      ""PT_TARGET"" : 9000.0000,
      ""NO_SAL"" : null,
      ""NO_PROM_MBR"" : null,
      ""NO_MBR"" : ""TEST02006"",
      ""NO_GRADE_ADVAN"" : null,
      ""ID_INSERT"" : null,
      ""DTS_INSERT"" : ""2026-05-10 18:04:53"",
      ""DT_SAVE_PLAN"" : null,
      ""DT_LIMIT_START"" : ""2026-05-10 18:04:53"",
      ""DT_LIMIT_END"" : ""2028-05-10"",
      ""DT_DESTROY_PLAN"" : ""2028-05-11"",
      ""CD_TYPE_SAVE"" : ""Credit"",
      ""CD_TYPE_POINT"" : ""01"",
      ""CD_JOURNAL"" : ""05wJO0000004Q7BYAU"",
      ""AM_SAL"" : null
    } ]
  },
  ""code"" : 200
}"
a12JO000000Me8TYAS,2026-05-10T09:06:53.000+0000,OrderTrigger,,,
a12JO000000Me8UYAS,2026-05-10T09:06:53.000+0000,OrderTriggerHandler,,,
a12JO000000Me8VYAS,2026-05-10T09:06:53.000+0000,OrderTrigger,,,
a12JO000000Me8WYAS,2026-05-10T09:06:53.000+0000,GdSaleApiControllerV1,/gd/v1/sale,"{
    ""AccountId"": ""1000"",
    ""StoreCode__c"": ""99998"",
    ""MemberNo__c"": ""TEST01100"",
    ""SaleNo__c"": ""SAL01V002"",
    ""ActualPaymentAmount__c"": 500000.0,
    ""EndDate"": ""20260508"",
    ""SaleStatus__c"": ""01"",
    ""PromotionNo__c"": ""PRO202604161041"",
    ""OrderItem"": [
        {
            ""SaleSeqNo__c"": ""1"",
            ""OrderNo__c"": ""SOR01V002"",
            ""ProductCode"": ""3A2600005"",
            ""Quantity"": 1,
            ""isExclude"": false,
            ""NetSalesUnitPrice__c"": 500000.0000,
            ""DiscountRate__c"": 0.0000
        }
    ],
    ""TransactionJournal"": [
        {
            ""DepositNo__c"": ""DEP01V004"",
            ""DeposiSeqNo__c"": ""1"",
            ""ActivityDate"": ""20260508"",
            ""PaymentMethod"": ""01"",
            ""DepositType__c"": ""02"",
            ""TransactionAmount"": 500000.0000,
            ""CouponNo"": """",
            ""OrderNo__c"": null
        }
    ]
}","{
  ""success"" : true,
  ""message"" : ""판매 등록 완료"",
  ""data"" : {
    ""CreditPointList"" : [ {
      ""TX_REMARK"" : ""구매포인트|11cJO000001BAZlYAO|1.00"",
      ""PT_TARGET"" : 5000.0000,
      ""NO_SAL"" : null,
      ""NO_PROM_MBR"" : ""PRO202604161041"",
      ""NO_MBR"" : ""TEST01100"",
      ""NO_GRADE_ADVAN"" : ""01"",
      ""ID_INSERT"" : null,
      ""DTS_INSERT"" : ""2026-05-10 18:06:53"",
      ""DT_SAVE_PLAN"" : null,
      ""DT_LIMIT_START"" : ""2026-05-08 09:00:00"",
      ""DT_LIMIT_END"" : ""2028-05-08"",
      ""DT_DESTROY_PLAN"" : ""2028-05-09"",
      ""CD_TYPE_SAVE"" : ""Credit"",
      ""CD_TYPE_POINT"" : ""01"",
      ""CD_JOURNAL"" : ""05wJO0000004Q8nYAE"",
      ""AM_SAL"" : 500000.0
    }, {
      ""TX_REMARK"" : ""사은포인트|11cJO000001BAY9YAO|3.00"",
      ""PT_TARGET"" : 15000.0000,
      ""NO_SAL"" : null,
      ""NO_PROM_MBR"" : ""PRO202604161041"",
      ""NO_MBR"" : ""TEST01100"",
      ""NO_GRADE_ADVAN"" : ""01"",
      ""ID_INSERT"" : null,
      ""DTS_INSERT"" : ""2026-05-10 18:06:53"",
      ""DT_SAVE_PLAN"" : null,
      ""DT_LIMIT_START"" : ""2026-05-08 09:00:00"",
      ""DT_LIMIT_END"" : ""2028-05-08"",
      ""DT_DESTROY_PLAN"" : ""2028-05-09"",
      ""CD_TYPE_SAVE"" : ""Credit"",
      ""CD_TYPE_POINT"" : ""01"",
      ""CD_JOURNAL"" : ""05wJO0000004Q8oYAE"",
      ""AM_SAL"" : 500000.0
    } ],
    ""oiList"" : [ {
      ""attributes"" : {
        ""type"" : ""OrderItem"",
        ""url"" : ""/services/data/v67.0/sobjects/OrderItem/802JO000005445mYAA""
      },
      ""OrderId"" : ""801JO00000IBcCdYAL"",
      ""PricebookEntryId"" : ""01uJO000001RG0OYAW"",
      ""Quantity"" : 1,
      ""UnitPrice"" : 500000,
      ""SaleSeqNo__c"" : ""1"",
      ""SaleItemNo__c"" : ""801JO00000IBcCdYAL-1"",
      ""IsExclude__c"" : false,
      ""NetSalesUnitPrice__c"" : 500000.0000,
      ""DiscountRate__c"" : 0.0000,
      ""OrderId__c"" : ""801JO00000IBMr8YAH"",
      ""Id"" : ""802JO000005445mYAA""
    } ],
    ""storeType"" : ""09"",
    ""storeTypeFour"" : ""NULL"",
    ""orderId"" : ""801JO00000IBcCdYAL"",
    ""TransactionJournal"" : [ {
      ""OrderNo__c"" : null,
      ""CouponNo"" : """",
      ""TransactionAmount"" : 500000.0000,
      ""DepositType__c"" : ""02"",
      ""PaymentMethod"" : ""01"",
      ""ActivityDate"" : ""20260508"",
      ""DeposiSeqNo__c"" : ""1"",
      ""DepositNo__c"" : ""DEP01V004""
    } ],
    ""OrderItem"" : [ {
      ""DiscountRate__c"" : 0.0000,
      ""NetSalesUnitPrice__c"" : 500000.0000,
      ""isExclude"" : false,
      ""Quantity"" : 1,
      ""ProductCode"" : ""3A2600005"",
      ""OrderNo__c"" : ""SOR01V002"",
      ""SaleSeqNo__c"" : ""1""
    } ],
    ""PromotionNo__c"" : ""PRO202604161041"",
    ""SaleStatus__c"" : ""01"",
    ""EndDate"" : ""20260508"",
    ""ActualPaymentAmount__c"" : 500000.0,
    ""SaleNo__c"" : ""SAL01V002"",
    ""MemberNo__c"" : ""TEST01100"",
    ""StoreCode__c"" : ""99998"",
    ""AccountId"" : ""1000""
  },
  ""code"" : 200
}"
a12JO000000Me3hYAC,2026-05-10T09:07:23.000+0000,OrderTrigger,,,
a12JO000000Me3iYAC,2026-05-10T09:07:25.000+0000,OrderTriggerHandler,,,
a12JO000000Me3jYAC,2026-05-10T09:07:25.000+0000,OrderTrigger,,,
a12JO000000Me3kYAC,2026-05-10T09:07:25.000+0000,GdSaleApiControllerV1,/gd/v1/sale,"{
    ""AccountId"": ""GOLDENDEW"", 
    ""StoreCode__c"": ""99998"", 
    ""MemberNo__c"": ""TEST03006"", 
    ""SaleNo__c"": ""SAL04044"", 
    ""EndDate"": ""20260510"", 
    ""ActualPaymentAmount__c"": 1000000.0, 
    ""SaleStatus__c"": ""01"", 
    ""PromotionNo__c"": ""PRO202605041079"", 
    ""OrderItem"": [ 
         {
            ""SaleSeqNo__c"": ""1"", 
            ""Status__c"": ""01"", 
            ""ProductCode"": ""TEST-001"", 
            ""Quantity"": 1, 
            ""isExclude"": false, 
            ""NetSalesUnitPrice__c"": 500000.0 
            
        }
        ,
        {
            ""SaleSeqNo__c"": ""2"", 
            ""Status__c"": ""01"", 
            ""ProductCode"": ""TEST-002"", 
            ""Quantity"": 1, 
            ""isExclude"": false, 
            ""NetSalesUnitPrice__c"": 500000.0 
            
        }
        
        
        
        
        
        
        
        
        
    ],
    ""TransactionJournal"": [ 
        {
            ""DepositNo__c"": ""DEP04084"",
            ""DeposiSeqNo__c"": ""4"",
            ""ActivityDate"": ""20260510"",
            ""PaymentMethod"": ""03"",
            ""DepositType__c"": ""02"",
            ""TransactionAmount"": 864000.0,
            ""CouponNo"": """",
            ""OrderNo__c"": """"
        }
        ,
         {
            ""DepositNo__c"": ""DEP04080"",
            ""DeposiSeqNo__c"": ""1"",
            ""ActivityDate"": ""20260510"",
            ""PaymentMethod"": ""81"",
            ""DepositType__c"": ""01"",
            ""TransactionAmount"": 10000.0,
            ""CouponNo"": """",
            ""OrderNo__c"": ""SOR04011""
        }
        ,
          {
            ""DepositNo__c"": ""DEP04081"",
            ""DeposiSeqNo__c"": ""2"",
            ""ActivityDate"": ""20260510"",
            ""PaymentMethod"": ""90"",
            ""DepositType__c"": ""01"",
            ""TransactionAmount"": 30000.0,
            ""CouponNo"": ""COP2026MY0004;-;3DI3PQ6D"",
            ""OrderNo__c"": ""SOR04011""
        }
        ,
          {
            ""DepositNo__c"": ""DEP04082"",
            ""DeposiSeqNo__c"": ""3"",
            ""ActivityDate"": ""20260510"",
            ""PaymentMethod"": ""03"",
            ""DepositType__c"": ""01"",
            ""TransactionAmount"": 96000.0,
            ""CouponNo"": """",
            ""OrderNo__c"": ""SOR04011""
        }
        
        
        
        
        
        
        
        
        
        
        
        
        
        
        
        
        
        
        
        
        
        
        
        
        
        
        
        
        
        
        
        
        
    ],
    ""InsertId__c"": ""골든듀"" 
}","{
  ""success"" : true,
  ""message"" : ""판매 등록 완료"",
  ""data"" : {
    ""CreditPointList"" : [ {
      ""TX_REMARK"" : ""구매포인트|11cJO000001BAZlYAO|1.00"",
      ""PT_TARGET"" : 9600.0000,
      ""NO_SAL"" : null,
      ""NO_PROM_MBR"" : ""PRO202605041079"",
      ""NO_MBR"" : ""TEST03006"",
      ""NO_GRADE_ADVAN"" : ""01"",
      ""ID_INSERT"" : ""골든듀"",
      ""DTS_INSERT"" : ""2026-05-10 18:07:24"",
      ""DT_SAVE_PLAN"" : null,
      ""DT_LIMIT_START"" : ""2026-05-10 09:00:00"",
      ""DT_LIMIT_END"" : ""2028-05-10"",
      ""DT_DESTROY_PLAN"" : ""2028-05-11"",
      ""CD_TYPE_SAVE"" : ""Credit"",
      ""CD_TYPE_POINT"" : ""01"",
      ""CD_JOURNAL"" : ""05wJO0000004Q5bYAE"",
      ""AM_SAL"" : 1000000.0
    }, {
      ""TX_REMARK"" : ""사은포인트|11cJO000001BAY9YAO|3.00"",
      ""PT_TARGET"" : 28800.0000,
      ""NO_SAL"" : null,
      ""NO_PROM_MBR"" : ""PRO202605041079"",
      ""NO_MBR"" : ""TEST03006"",
      ""NO_GRADE_ADVAN"" : ""01"",
      ""ID_INSERT"" : ""골든듀"",
      ""DTS_INSERT"" : ""2026-05-10 18:07:24"",
      ""DT_SAVE_PLAN"" : null,
      ""DT_LIMIT_START"" : ""2026-05-10 09:00:00"",
      ""DT_LIMIT_END"" : ""2028-05-10"",
      ""DT_DESTROY_PLAN"" : ""2028-05-11"",
      ""CD_TYPE_SAVE"" : ""Credit"",
      ""CD_TYPE_POINT"" : ""01"",
      ""CD_JOURNAL"" : ""05wJO0000004Q5cYAE"",
      ""AM_SAL"" : 1000000.0
    }, {
      ""TX_REMARK"" : ""이벤트포인트|11cJO000001nThpYAE|1.00"",
      ""PT_TARGET"" : 9600.0000,
      ""NO_SAL"" : null,
      ""NO_PROM_MBR"" : ""PRO202605041079"",
      ""NO_MBR"" : ""TEST03006"",
      ""NO_GRADE_ADVAN"" : ""01"",
      ""ID_INSERT"" : ""골든듀"",
      ""DTS_INSERT"" : ""2026-05-10 18:07:24"",
      ""DT_SAVE_PLAN"" : null,
      ""DT_LIMIT_START"" : ""2026-05-10 09:00:00"",
      ""DT_LIMIT_END"" : ""2028-05-10"",
      ""DT_DESTROY_PLAN"" : ""2028-05-11"",
      ""CD_TYPE_SAVE"" : ""Credit"",
      ""CD_TYPE_POINT"" : ""07"",
      ""CD_JOURNAL"" : ""05wJO0000004Q5dYAE"",
      ""AM_SAL"" : 1000000.0
    } ],
    ""oiList"" : [ {
      ""attributes"" : {
        ""type"" : ""OrderItem"",
        ""url"" : ""/services/data/v67.0/sobjects/OrderItem/802JO00000545xYYAQ""
      },
      ""OrderId"" : ""801JO00000IBe4gYAD"",
      ""PricebookEntryId"" : ""01uJO0000011vRvYAI"",
      ""Quantity"" : 1,
      ""UnitPrice"" : 1000,
      ""SaleSeqNo__c"" : ""1"",
      ""SaleItemNo__c"" : ""801JO00000IBe4gYAD-1"",
      ""IsExclude__c"" : false,
      ""NetSalesUnitPrice__c"" : 500000.0,
      ""DiscountRate__c"" : null,
      ""Id"" : ""802JO00000545xYYAQ""
    }, {
      ""attributes"" : {
        ""type"" : ""OrderItem"",
        ""url"" : ""/services/data/v67.0/sobjects/OrderItem/802JO00000545xZYAQ""
      },
      ""OrderId"" : ""801JO00000IBe4gYAD"",
      ""PricebookEntryId"" : ""01uJO0000012a3dYAA"",
      ""Quantity"" : 1,
      ""UnitPrice"" : 100,
      ""SaleSeqNo__c"" : ""2"",
      ""SaleItemNo__c"" : ""801JO00000IBe4gYAD-2"",
      ""IsExclude__c"" : false,
      ""NetSalesUnitPrice__c"" : 500000.0,
      ""DiscountRate__c"" : null,
      ""Id"" : ""802JO00000545xZYAQ""
    } ],
    ""storeType"" : ""09"",
    ""storeTypeFour"" : ""NULL"",
    ""orderId"" : ""801JO00000IBe4gYAD"",
    ""InsertId__c"" : ""골든듀"",
    ""TransactionJournal"" : [ {
      ""OrderNo__c"" : """",
      ""CouponNo"" : """",
      ""TransactionAmount"" : 864000.0,
      ""DepositType__c"" : ""02"",
      ""PaymentMethod"" : ""03"",
      ""ActivityDate"" : ""20260510"",
      ""DeposiSeqNo__c"" : ""4"",
      ""DepositNo__c"" : ""DEP04084""
    }, {
      ""OrderNo__c"" : ""SOR04011"",
      ""CouponNo"" : """",
      ""TransactionAmount"" : 10000.0,
      ""DepositType__c"" : ""01"",
      ""PaymentMethod"" : ""81"",
      ""ActivityDate"" : ""20260510"",
      ""DeposiSeqNo__c"" : ""1"",
      ""DepositNo__c"" : ""DEP04080""
    }, {
      ""OrderNo__c"" : ""SOR04011"",
      ""CouponNo"" : ""COP2026MY0004;-;3DI3PQ6D"",
      ""TransactionAmount"" : 30000.0,
      ""DepositType__c"" : ""01"",
      ""PaymentMethod"" : ""90"",
      ""ActivityDate"" : ""20260510"",
      ""DeposiSeqNo__c"" : ""2"",
      ""DepositNo__c"" : ""DEP04081""
    }, {
      ""OrderNo__c"" : ""SOR04011"",
      ""CouponNo"" : """",
      ""TransactionAmount"" : 96000.0,
      ""DepositType__c"" : ""01"",
      ""PaymentMethod"" : ""03"",
      ""ActivityDate"" : ""20260510"",
      ""DeposiSeqNo__c"" : ""3"",
      ""DepositNo__c"" : ""DEP04082""
    } ],
    ""OrderItem"" : [ {
      ""NetSalesUnitPrice__c"" : 500000.0,
      ""isExclude"" : false,
      ""Quantity"" : 1,
      ""ProductCode"" : ""TEST-001"",
      ""Status__c"" : ""01"",
      ""SaleSeqNo__c"" : ""1""
    }, {
      ""NetSalesUnitPrice__c"" : 500000.0,
      ""isExclude"" : false,
      ""Quantity"" : 1,
      ""ProductCode"" : ""TEST-002"",
      ""Status__c"" : ""01"",
      ""SaleSeqNo__c"" : ""2""
    } ],
    ""PromotionNo__c"" : ""PRO202605041079"",
    ""SaleStatus__c"" : ""01"",
    ""ActualPaymentAmount__c"" : 1000000.0,
    ""EndDate"" : ""20260510"",
    ""SaleNo__c"" : ""SAL04044"",
    ""MemberNo__c"" : ""TEST03006"",
    ""StoreCode__c"" : ""99998"",
    ""AccountId"" : ""GOLDENDEW""
  },
  ""code"" : 200
}"
a12JO000000MeA6YAK,2026-05-10T09:07:41.000+0000,GdSaleApiControllerV1,/gd/v1/sale,"{
    ""AccountId"": ""1000"",
    ""StoreCode__c"": ""99998"",
    ""MemberNo__c"": ""TEST02006"",
    ""SaleNo__c"": ""SAL02V003"",
    ""ActualPaymentAmount__c"": 1000000.0,
    ""EndDate"": ""20260510"",
    ""SaleStatus__c"": ""01"",
    ""PromotionNo__c"": ""PRO202604161041"",
    ""OrderItem"": [
        {
            ""SaleSeqNo__c"": ""1"",
            ""OrderNo__c"": null,
            ""ProductCode"": ""2A2600001"",
            ""Quantity"": 2,
            ""isExclude"": false,
            ""NetSalesUnitPrice__c"": 500000.0000,
            ""DiscountRate__c"": 0.0000
        }
        
        
        
        
        
        
        
        
        
        
    ],
    ""TransactionJournal"": [
        
        
        
        
        
        
        
        
        
        
        {
            ""DepositNo__c"": ""DEP02V003"",
            ""DeposiSeqNo__c"": ""1"",
            ""ActivityDate"": ""20260510"",
            ""PaymentMethod"": ""01"",
            ""DepositType__c"": ""02"",
            ""TransactionAmount"": 670000.0000,
            ""CouponNo"": """",
            ""OrderNo__c"": null
        }
        ,
        {
            ""DepositNo__c"": ""DEP02V003"",
            ""DeposiSeqNo__c"": ""2"",
            ""ActivityDate"": ""20260510"",
            ""PaymentMethod"": ""90"",
            ""DepositType__c"": ""02"",
            ""TransactionAmount"": 30000.0000,
            ""CouponNo"": ""COP2025AG0015;-;01"",
            ""OrderNo__c"": null
        }
        ,
        {
            ""DepositNo__c"": ""DEP02V003"",
            ""DeposiSeqNo__c"": ""2"",
            ""ActivityDate"": ""20260510"",
            ""PaymentMethod"": ""81"",
            ""DepositType__c"": ""02"",
            ""TransactionAmount"": 300000.0000,
            ""CouponNo"": """",
            ""OrderNo__c"": null
        }
    ]
}","{
  ""success"" : false,
  ""message"" : ""Insert failed. First exception on row 0; first error: DUPLICATE_VALUE, 중복 값 발견: DepositNo__c이(가) ID가 다음과 같은 레코드의 값과 중복됩니다. 0lVJO000000CH3V2AW: []"",
  ""code"" : 500
}"
a12JO000000MeBhYAK,2026-05-10T09:07:49.000+0000,OrderTrigger,,,
a12JO000000MeBiYAK,2026-05-10T09:07:50.000+0000,OrderTriggerHandler,,,
a12JO000000MeBjYAK,2026-05-10T09:07:50.000+0000,OrderTrigger,,,
a12JO000000MeBkYAK,2026-05-10T09:07:50.000+0000,GdSaleApiControllerV1,/gd/v1/sale,"{
    ""AccountId"": ""1000"",
    ""StoreCode__c"": ""99998"",
    ""MemberNo__c"": ""TEST02006"",
    ""SaleNo__c"": ""SAL02V003"",
    ""ActualPaymentAmount__c"": 1000000.0,
    ""EndDate"": ""20260510"",
    ""SaleStatus__c"": ""01"",
    ""PromotionNo__c"": ""PRO202604161041"",
    ""OrderItem"": [
        {
            ""SaleSeqNo__c"": ""1"",
            ""OrderNo__c"": null,
            ""ProductCode"": ""2A2600001"",
            ""Quantity"": 2,
            ""isExclude"": false,
            ""NetSalesUnitPrice__c"": 500000.0000,
            ""DiscountRate__c"": 0.0000
        }
        
        
        
        
        
        
        
        
        
        
    ],
    ""TransactionJournal"": [
        
        
        
        
        
        
        
        
        
        
        {
            ""DepositNo__c"": ""DEP02V003"",
            ""DeposiSeqNo__c"": ""1"",
            ""ActivityDate"": ""20260510"",
            ""PaymentMethod"": ""01"",
            ""DepositType__c"": ""02"",
            ""TransactionAmount"": 670000.0000,
            ""CouponNo"": """",
            ""OrderNo__c"": null
        }
        ,
        {
            ""DepositNo__c"": ""DEP02V003"",
            ""DeposiSeqNo__c"": ""2"",
            ""ActivityDate"": ""20260510"",
            ""PaymentMethod"": ""90"",
            ""DepositType__c"": ""02"",
            ""TransactionAmount"": 30000.0000,
            ""CouponNo"": ""COP2025AG0015;-;01"",
            ""OrderNo__c"": null
        }
        ,
        {
            ""DepositNo__c"": ""DEP02V003"",
            ""DeposiSeqNo__c"": ""3"",
            ""ActivityDate"": ""20260510"",
            ""PaymentMethod"": ""81"",
            ""DepositType__c"": ""02"",
            ""TransactionAmount"": 300000.0000,
            ""CouponNo"": """",
            ""OrderNo__c"": null
        }
    ]
}","{
  ""success"" : true,
  ""message"" : ""판매 등록 완료"",
  ""data"" : {
    ""CreditPointList"" : [ {
      ""TX_REMARK"" : ""구매포인트|11cJO000001BAZlYAO|2.00"",
      ""PT_TARGET"" : 13400.0000,
      ""NO_SAL"" : null,
      ""NO_PROM_MBR"" : ""PRO202604161041"",
      ""NO_MBR"" : ""TEST02006"",
      ""NO_GRADE_ADVAN"" : ""04"",
      ""ID_INSERT"" : null,
      ""DTS_INSERT"" : ""2026-05-10 18:07:50"",
      ""DT_SAVE_PLAN"" : null,
      ""DT_LIMIT_START"" : ""2026-05-10 09:00:00"",
      ""DT_LIMIT_END"" : ""2028-05-10"",
      ""DT_DESTROY_PLAN"" : ""2028-05-11"",
      ""CD_TYPE_SAVE"" : ""Credit"",
      ""CD_TYPE_POINT"" : ""01"",
      ""CD_JOURNAL"" : ""05wJO0000004QAQYA2"",
      ""AM_SAL"" : 1000000.0
    }, {
      ""TX_REMARK"" : ""사은포인트|11cJO000001BAY9YAO|3.00"",
      ""PT_TARGET"" : 20100.0000,
      ""NO_SAL"" : null,
      ""NO_PROM_MBR"" : ""PRO202604161041"",
      ""NO_MBR"" : ""TEST02006"",
      ""NO_GRADE_ADVAN"" : ""04"",
      ""ID_INSERT"" : null,
      ""DTS_INSERT"" : ""2026-05-10 18:07:50"",
      ""DT_SAVE_PLAN"" : null,
      ""DT_LIMIT_START"" : ""2026-05-10 09:00:00"",
      ""DT_LIMIT_END"" : ""2028-05-10"",
      ""DT_DESTROY_PLAN"" : ""2028-05-11"",
      ""CD_TYPE_SAVE"" : ""Credit"",
      ""CD_TYPE_POINT"" : ""01"",
      ""CD_JOURNAL"" : ""05wJO0000004QARYA2"",
      ""AM_SAL"" : 1000000.0
    } ],
    ""DebitPointList"" : [ {
      ""PT_USE"" : 300000.0000,
      ""NO_SAL_RTN"" : null,
      ""NO_SAL"" : ""SAL02V003"",
      ""NO_MBR"" : ""TEST02006"",
      ""ID_INSERT"" : null,
      ""DTS_INSERT"" : ""2026-05-10 18:07:49"",
      ""CD_TYPE_POINT"" : ""04"",
      ""CD_RESON"" : ""1"",
      ""CD_LEDGER"" : ""05wJO0000004QAPYA2"",
      ""CD_JOURNAL"" : ""05wJO0000004PpXYAU"",
      ""AM_SAL"" : 1000000.0
    } ],
    ""oiList"" : [ {
      ""attributes"" : {
        ""type"" : ""OrderItem"",
        ""url"" : ""/services/data/v67.0/sobjects/OrderItem/802JO0000054470YAA""
      },
      ""OrderId"" : ""801JO00000IBcXXYA1"",
      ""PricebookEntryId"" : ""01uJO000001R0w4YAC"",
      ""Quantity"" : 2,
      ""UnitPrice"" : 500000,
      ""SaleSeqNo__c"" : ""1"",
      ""SaleItemNo__c"" : ""801JO00000IBcXXYA1-1"",
      ""IsExclude__c"" : false,
      ""NetSalesUnitPrice__c"" : 500000.0000,
      ""DiscountRate__c"" : 0.0000,
      ""Id"" : ""802JO0000054470YAA""
    } ],
    ""storeType"" : ""09"",
    ""storeTypeFour"" : ""NULL"",
    ""orderId"" : ""801JO00000IBcXXYA1"",
    ""TransactionJournal"" : [ {
      ""OrderNo__c"" : null,
      ""CouponNo"" : """",
      ""TransactionAmount"" : 670000.0000,
      ""DepositType__c"" : ""02"",
      ""PaymentMethod"" : ""01"",
      ""ActivityDate"" : ""20260510"",
      ""DeposiSeqNo__c"" : ""1"",
      ""DepositNo__c"" : ""DEP02V003""
    }, {
      ""OrderNo__c"" : null,
      ""CouponNo"" : ""COP2025AG0015;-;01"",
      ""TransactionAmount"" : 30000.0000,
      ""DepositType__c"" : ""02"",
      ""PaymentMethod"" : ""90"",
      ""ActivityDate"" : ""20260510"",
      ""DeposiSeqNo__c"" : ""2"",
      ""DepositNo__c"" : ""DEP02V003""
    }, {
      ""OrderNo__c"" : null,
      ""CouponNo"" : """",
      ""TransactionAmount"" : 300000.0000,
      ""DepositType__c"" : ""02"",
      ""PaymentMethod"" : ""81"",
      ""ActivityDate"" : ""20260510"",
      ""DeposiSeqNo__c"" : ""3"",
      ""DepositNo__c"" : ""DEP02V003""
    } ],
    ""OrderItem"" : [ {
      ""DiscountRate__c"" : 0.0000,
      ""NetSalesUnitPrice__c"" : 500000.0000,
      ""isExclude"" : false,
      ""Quantity"" : 2,
      ""ProductCode"" : ""2A2600001"",
      ""OrderNo__c"" : null,
      ""SaleSeqNo__c"" : ""1""
    } ],
    ""PromotionNo__c"" : ""PRO202604161041"",
    ""SaleStatus__c"" : ""01"",
    ""EndDate"" : ""20260510"",
    ""ActualPaymentAmount__c"" : 1000000.0,
    ""SaleNo__c"" : ""SAL02V003"",
    ""MemberNo__c"" : ""TEST02006"",
    ""StoreCode__c"" : ""99998"",
    ""AccountId"" : ""1000""
  },
  ""code"" : 200
}"
a12JO000000McmcYAC,2026-05-10T09:09:23.000+0000,GdPointCreditApiControllerV1,/gd/v1/point/credit,"{
    ""MemberNo__c"": ""TEST03006"", 
    ""PointsList"": [ 
        {
            ""point"": 6000, 
            ""cd_type_point"": ""05"" 
        }
    ],
    ""SaleNo__c"": ""SAL04044"",
    ""EndDate"": """"
}","{
  ""success"" : true,
  ""message"" : ""포인트 지급 성공"",
  ""data"" : {
    ""PointCreditList"" : [ {
      ""TX_REMARK"" : ""이벤트포인트"",
      ""PT_TARGET"" : 6000.0000,
      ""NO_SAL"" : null,
      ""NO_PROM_MBR"" : null,
      ""NO_MBR"" : ""TEST03006"",
      ""NO_GRADE_ADVAN"" : null,
      ""ID_INSERT"" : null,
      ""DTS_INSERT"" : ""2026-05-10 18:09:23"",
      ""DT_SAVE_PLAN"" : null,
      ""DT_LIMIT_START"" : ""2026-05-10 18:09:23"",
      ""DT_LIMIT_END"" : ""2028-05-10"",
      ""DT_DESTROY_PLAN"" : ""2028-05-11"",
      ""CD_TYPE_SAVE"" : ""Credit"",
      ""CD_TYPE_POINT"" : ""01"",
      ""CD_JOURNAL"" : ""05wJO0000004QC1YAM"",
      ""AM_SAL"" : null
    } ]
  },
  ""code"" : 200
}"
a12JO000000MeDKYA0,2026-05-10T09:09:58.000+0000,GdSaleApiControllerV1,/gd/v1/sale,"{
    ""AccountId"": ""1000"",
    ""StoreCode__c"": ""99998"",
    ""MemberNo__c"": ""TEST02006"",
    ""SaleNo__c"": ""SAL02V004"",
    ""ActualPaymentAmount__c"": 2000000.0,
    ""EndDate"": ""20260510"",
    ""SaleStatus__c"": ""01"",
    ""PromotionNo__c"": ""PRO202604161041"",
    ""OrderItem"": [
        {
            ""SaleSeqNo__c"": ""1"",
            ""OrderNo__c"": null,
            ""ProductCode"": ""2A2600001"",
            ""Quantity"": 4,
            ""isExclude"": false,
            ""NetSalesUnitPrice__c"": 500000.0000,
            ""DiscountRate__c"": 0.0000
        }
        
        
        
        
        
        
        
        
        
        
    ],
    ""TransactionJournal"": [
        
        
        
        
        
        
        
        
        
        
        {
            ""DepositNo__c"": ""DEP02V004"",
            ""DeposiSeqNo__c"": ""1"",
            ""ActivityDate"": ""20260510"",
            ""PaymentMethod"": ""01"",
            ""DepositType__c"": ""02"",
            ""TransactionAmount"": 1000000.0000,
            ""CouponNo"": """",
            ""OrderNo__c"": null
        }
        
        
        
        
        
        
        
        
        
        
        
        ,
        {
            ""DepositNo__c"": ""DEP02V004"",
            ""DeposiSeqNo__c"": ""2"",
            ""ActivityDate"": ""20260510"",
            ""PaymentMethod"": ""81"",
            ""DepositType__c"": ""02"",
            ""TransactionAmount"": 1000000.0000,
            ""CouponNo"": """",
            ""OrderNo__c"": null
        }
    ]
}","{
  ""success"" : false,
  ""message"" : ""포인트 잔액이 부족합니다. 사용 가능 금액: 878652P (요청: 1000000P)"",
  ""code"" : 400
}"
a12JO000000MdnWYAS,2026-05-10T09:10:31.000+0000,OrderTrigger,,,
a12JO000000MdnXYAS,2026-05-10T09:10:32.000+0000,OrderTriggerHandler,,,
a12JO000000MdnYYAS,2026-05-10T09:10:32.000+0000,OrderTrigger,,,
a12JO000000MdnZYAS,2026-05-10T09:10:32.000+0000,GdSaleApiControllerV1,/gd/v1/sale,"{
    ""AccountId"": ""1000"",
    ""StoreCode__c"": ""99998"",
    ""MemberNo__c"": ""TEST02006"",
    ""SaleNo__c"": ""SAL02V004"",
    ""ActualPaymentAmount__c"": 2000000.0,
    ""EndDate"": ""20260510"",
    ""SaleStatus__c"": ""01"",
    ""PromotionNo__c"": ""PRO202604161041"",
    ""OrderItem"": [
        {
            ""SaleSeqNo__c"": ""1"",
            ""OrderNo__c"": null,
            ""ProductCode"": ""2A2600001"",
            ""Quantity"": 4,
            ""isExclude"": false,
            ""NetSalesUnitPrice__c"": 500000.0000,
            ""DiscountRate__c"": 0.0000
        }
        
        
        
        
        
        
        
        
        
        
    ],
    ""TransactionJournal"": [
        
        
        
        
        
        
        
        
        
        
        {
            ""DepositNo__c"": ""DEP02V004"",
            ""DeposiSeqNo__c"": ""1"",
            ""ActivityDate"": ""20260510"",
            ""PaymentMethod"": ""01"",
            ""DepositType__c"": ""02"",
            ""TransactionAmount"": 1130000.0000,
            ""CouponNo"": """",
            ""OrderNo__c"": null
        }
        
        
        
        
        
        
        
        
        
        
        
        ,
        {
            ""DepositNo__c"": ""DEP02V004"",
            ""DeposiSeqNo__c"": ""2"",
            ""ActivityDate"": ""20260510"",
            ""PaymentMethod"": ""81"",
            ""DepositType__c"": ""02"",
            ""TransactionAmount"": 870000.0000,
            ""CouponNo"": """",
            ""OrderNo__c"": null
        }
    ]
}","{
  ""success"" : true,
  ""message"" : ""판매 등록 완료"",
  ""data"" : {
    ""CreditPointList"" : [ {
      ""TX_REMARK"" : ""구매포인트|11cJO000001BAZlYAO|2.00"",
      ""PT_TARGET"" : 22600.0000,
      ""NO_SAL"" : null,
      ""NO_PROM_MBR"" : ""PRO202604161041"",
      ""NO_MBR"" : ""TEST02006"",
      ""NO_GRADE_ADVAN"" : ""04"",
      ""ID_INSERT"" : null,
      ""DTS_INSERT"" : ""2026-05-10 18:10:32"",
      ""DT_SAVE_PLAN"" : null,
      ""DT_LIMIT_START"" : ""2026-05-10 09:00:00"",
      ""DT_LIMIT_END"" : ""2028-05-10"",
      ""DT_DESTROY_PLAN"" : ""2028-05-11"",
      ""CD_TYPE_SAVE"" : ""Credit"",
      ""CD_TYPE_POINT"" : ""01"",
      ""CD_JOURNAL"" : ""05wJO0000004QDhYAM"",
      ""AM_SAL"" : 2000000.0
    }, {
      ""TX_REMARK"" : ""사은포인트|11cJO000001BAY9YAO|3.00"",
      ""PT_TARGET"" : 33900.0000,
      ""NO_SAL"" : null,
      ""NO_PROM_MBR"" : ""PRO202604161041"",
      ""NO_MBR"" : ""TEST02006"",
      ""NO_GRADE_ADVAN"" : ""04"",
      ""ID_INSERT"" : null,
      ""DTS_INSERT"" : ""2026-05-10 18:10:32"",
      ""DT_SAVE_PLAN"" : null,
      ""DT_LIMIT_START"" : ""2026-05-10 09:00:00"",
      ""DT_LIMIT_END"" : ""2028-05-10"",
      ""DT_DESTROY_PLAN"" : ""2028-05-11"",
      ""CD_TYPE_SAVE"" : ""Credit"",
      ""CD_TYPE_POINT"" : ""01"",
      ""CD_JOURNAL"" : ""05wJO0000004QDiYAM"",
      ""AM_SAL"" : 2000000.0
    } ],
    ""DebitPointList"" : [ {
      ""PT_USE"" : 300000.0000,
      ""NO_SAL_RTN"" : null,
      ""NO_SAL"" : ""SAL02V004"",
      ""NO_MBR"" : ""TEST02006"",
      ""ID_INSERT"" : null,
      ""DTS_INSERT"" : ""2026-05-10 18:10:32"",
      ""CD_TYPE_POINT"" : ""06"",
      ""CD_RESON"" : ""1"",
      ""CD_LEDGER"" : ""05wJO0000004QDdYAM"",
      ""CD_JOURNAL"" : ""05wJO0000004Q5aYAE"",
      ""AM_SAL"" : 2000000.0
    }, {
      ""PT_USE"" : 20100.0000,
      ""NO_SAL_RTN"" : null,
      ""NO_SAL"" : ""SAL02V004"",
      ""NO_MBR"" : ""TEST02006"",
      ""ID_INSERT"" : null,
      ""DTS_INSERT"" : ""2026-05-10 18:10:32"",
      ""CD_TYPE_POINT"" : ""06"",
      ""CD_RESON"" : ""1"",
      ""CD_LEDGER"" : ""05wJO0000004QDdYAM"",
      ""CD_JOURNAL"" : ""05wJO0000004QARYA2"",
      ""AM_SAL"" : 2000000.0
    }, {
      ""PT_USE"" : 200000.0000,
      ""NO_SAL_RTN"" : null,
      ""NO_SAL"" : ""SAL02V004"",
      ""NO_MBR"" : ""TEST02006"",
      ""ID_INSERT"" : null,
      ""DTS_INSERT"" : ""2026-05-10 18:10:32"",
      ""CD_TYPE_POINT"" : ""01"",
      ""CD_RESON"" : ""1"",
      ""CD_LEDGER"" : ""05wJO0000004QDeYAM"",
      ""CD_JOURNAL"" : ""05wJO0000004Q5ZYAU"",
      ""AM_SAL"" : 2000000.0
    }, {
      ""PT_USE"" : 4748.0000,
      ""NO_SAL_RTN"" : null,
      ""NO_SAL"" : ""SAL02V004"",
      ""NO_MBR"" : ""TEST02006"",
      ""ID_INSERT"" : null,
      ""DTS_INSERT"" : ""2026-05-10 18:10:32"",
      ""CD_TYPE_POINT"" : ""01"",
      ""CD_RESON"" : ""1"",
      ""CD_LEDGER"" : ""05wJO0000004QDeYAM"",
      ""CD_JOURNAL"" : ""05wJO0000004QAQYA2"",
      ""AM_SAL"" : 2000000.0
    }, {
      ""PT_USE"" : 9000.0000,
      ""NO_SAL_RTN"" : null,
      ""NO_SAL"" : ""SAL02V004"",
      ""NO_MBR"" : ""TEST02006"",
      ""ID_INSERT"" : null,
      ""DTS_INSERT"" : ""2026-05-10 18:10:32"",
      ""CD_TYPE_POINT"" : ""05"",
      ""CD_RESON"" : ""1"",
      ""CD_LEDGER"" : ""05wJO0000004QDfYAM"",
      ""CD_JOURNAL"" : ""05wJO0000004Q7BYAU"",
      ""AM_SAL"" : 2000000.0
    }, {
      ""PT_USE"" : 336152.0000,
      ""NO_SAL_RTN"" : null,
      ""NO_SAL"" : ""SAL02V004"",
      ""NO_MBR"" : ""TEST02006"",
      ""ID_INSERT"" : null,
      ""DTS_INSERT"" : ""2026-05-10 18:10:32"",
      ""CD_TYPE_POINT"" : ""04"",
      ""CD_RESON"" : ""1"",
      ""CD_LEDGER"" : ""05wJO0000004QDgYAM"",
      ""CD_JOURNAL"" : ""05wJO0000004PpXYAU"",
      ""AM_SAL"" : 2000000.0
    } ],
    ""oiList"" : [ {
      ""attributes"" : {
        ""type"" : ""OrderItem"",
        ""url"" : ""/services/data/v67.0/sobjects/OrderItem/802JO00000542QJYAY""
      },
      ""OrderId"" : ""801JO00000IBZTYYA5"",
      ""PricebookEntryId"" : ""01uJO000001R0w4YAC"",
      ""Quantity"" : 4,
      ""UnitPrice"" : 500000,
      ""SaleSeqNo__c"" : ""1"",
      ""SaleItemNo__c"" : ""801JO00000IBZTYYA5-1"",
      ""IsExclude__c"" : false,
      ""NetSalesUnitPrice__c"" : 500000.0000,
      ""DiscountRate__c"" : 0.0000,
      ""Id"" : ""802JO00000542QJYAY""
    } ],
    ""storeType"" : ""09"",
    ""storeTypeFour"" : ""NULL"",
    ""orderId"" : ""801JO00000IBZTYYA5"",
    ""TransactionJournal"" : [ {
      ""OrderNo__c"" : null,
      ""CouponNo"" : """",
      ""TransactionAmount"" : 1130000.0000,
      ""DepositType__c"" : ""02"",
      ""PaymentMethod"" : ""01"",
      ""ActivityDate"" : ""20260510"",
      ""DeposiSeqNo__c"" : ""1"",
      ""DepositNo__c"" : ""DEP02V004""
    }, {
      ""OrderNo__c"" : null,
      ""CouponNo"" : """",
      ""TransactionAmount"" : 870000.0000,
      ""DepositType__c"" : ""02"",
      ""PaymentMethod"" : ""81"",
      ""ActivityDate"" : ""20260510"",
      ""DeposiSeqNo__c"" : ""2"",
      ""DepositNo__c"" : ""DEP02V004""
    } ],
    ""OrderItem"" : [ {
      ""DiscountRate__c"" : 0.0000,
      ""NetSalesUnitPrice__c"" : 500000.0000,
      ""isExclude"" : false,
      ""Quantity"" : 4,
      ""ProductCode"" : ""2A2600001"",
      ""OrderNo__c"" : null,
      ""SaleSeqNo__c"" : ""1""
    } ],
    ""PromotionNo__c"" : ""PRO202604161041"",
    ""SaleStatus__c"" : ""01"",
    ""EndDate"" : ""20260510"",
    ""ActualPaymentAmount__c"" : 2000000.0,
    ""SaleNo__c"" : ""SAL02V004"",
    ""MemberNo__c"" : ""TEST02006"",
    ""StoreCode__c"" : ""99998"",
    ""AccountId"" : ""1000""
  },
  ""code"" : 200
}"
a12JO000000MeEvYAK,2026-05-10T09:12:27.000+0000,OrderTrigger,,,
a12JO000000MeEwYAK,2026-05-10T09:12:28.000+0000,OrderTriggerHandler,,,
a12JO000000MeExYAK,2026-05-10T09:12:28.000+0000,OrderTrigger,,,
a12JO000000MeEyYAK,2026-05-10T09:12:28.000+0000,GdReturnApiControllerV1,/gd/v1/return,"{
    ""SaleNo__c"": ""SAL01V003"", 
    ""OriginalOrderId"": ""SAL01V002"", 
    ""ActualPaymentAmount__c"": 500000, 
    ""OrderItem"": [ 
        {
            ""SaleSeqNo__c"": ""1"", 
            ""ProductCode"": ""3A2600005"", 
            ""Quantity"": -1, 
            ""isExclude"": false, 
            ""NetSalesUnitPrice__c"": 500000.0, 
            ""DiscountRate__c"": 0 
        }
    ],
    ""TransactionJournal"": [ 
        {
            ""DepositNo__c"": ""DEP01V005"", 
            ""DeposiSeqNo__c"": ""1"", 
            ""ActivityDate"": ""20260508"", 
            ""PaymentMethod"": ""01"", 
            ""DepositType__c"": ""03"", 
            ""TransactionAmount"": 500000, 
            ""CouponNo"": """" 
        }
    ],
    ""InsertId__c"": ""골든듀"" 
}","{
  ""success"" : true,
  ""message"" : ""반품 등록 완료"",
  ""data"" : {
    ""CancelPointsCreditedList"" : [ {
      ""PT_USE"" : 5000.0000,
      ""NO_SAL_RTN"" : null,
      ""NO_SAL"" : ""SAL01V002"",
      ""NO_MBR"" : ""TEST01100"",
      ""ID_INSERT"" : null,
      ""DTS_INSERT"" : ""2026-05-10 18:12:28"",
      ""CD_TYPE_POINT"" : ""01"",
      ""CD_RESON"" : ""6"",
      ""CD_LEDGER"" : ""05wJO0000004QFFYA2"",
      ""CD_JOURNAL"" : ""05wJO0000004Q8nYAE"",
      ""AM_SAL"" : null
    }, {
      ""PT_USE"" : 15000.0000,
      ""NO_SAL_RTN"" : null,
      ""NO_SAL"" : ""SAL01V002"",
      ""NO_MBR"" : ""TEST01100"",
      ""ID_INSERT"" : null,
      ""DTS_INSERT"" : ""2026-05-10 18:12:28"",
      ""CD_TYPE_POINT"" : ""06"",
      ""CD_RESON"" : ""6"",
      ""CD_LEDGER"" : ""05wJO0000004QFGYA2"",
      ""CD_JOURNAL"" : ""05wJO0000004Q8oYAE"",
      ""AM_SAL"" : null
    } ],
    ""originalOrderId"" : ""801JO00000IBcCdYAL"",
    ""orderId"" : ""801JO00000IBcMBYA1"",
    ""InsertId__c"" : ""골든듀"",
    ""TransactionJournal"" : [ {
      ""CouponNo"" : """",
      ""TransactionAmount"" : 500000,
      ""DepositType__c"" : ""03"",
      ""PaymentMethod"" : ""01"",
      ""ActivityDate"" : ""20260508"",
      ""DeposiSeqNo__c"" : ""1"",
      ""DepositNo__c"" : ""DEP01V005""
    } ],
    ""OrderItem"" : [ {
      ""DiscountRate__c"" : 0,
      ""NetSalesUnitPrice__c"" : 500000.0,
      ""isExclude"" : false,
      ""Quantity"" : -1,
      ""ProductCode"" : ""3A2600005"",
      ""SaleSeqNo__c"" : ""1""
    } ],
    ""ActualPaymentAmount__c"" : 500000,
    ""OriginalOrderId"" : ""SAL01V002"",
    ""SaleNo__c"" : ""SAL01V003""
  },
  ""code"" : 200
}"
a12JO000000MeGXYA0,2026-05-10T09:13:58.000+0000,GdReturnApiControllerV1,/gd/v1/return,"{
    ""SaleNo__c"": ""SAL02V004"", 
    ""OriginalOrderId"": ""SAL02V002"", 
    ""ActualPaymentAmount__c"": 9000000, 
    ""OrderItem"": [ 
        {
            ""SaleSeqNo__c"": ""1"", 
            ""ProductCode"": ""2A2600001"", 
            ""Quantity"": -18, 
            ""isExclude"": false, 
            ""NetSalesUnitPrice__c"": 500000.0, 
            ""DiscountRate__c"": 0 
        }
    ],
    ""TransactionJournal"": [ 
        {
            ""DepositNo__c"": ""DEP02V005"", 
            ""DeposiSeqNo__c"": ""1"", 
            ""ActivityDate"": ""20260510"", 
            ""PaymentMethod"": ""01"", 
            ""DepositType__c"": ""03"", 
            ""TransactionAmount"": 9000000, 
            ""CouponNo"": """" 
        }
        
        
        
        
        
        
        
        
        
        
        
        
        
        
        
        
        
        
        
        
    ],
    ""InsertId__c"": ""골든듀"" 
}","{
  ""success"" : false,
  ""message"" : ""SaleNo__c already exists."",
  ""code"" : 400
}"
a12JO000000MeF0YAK,2026-05-10T09:14:03.000+0000,GdReturnApiControllerV1,/gd/v1/return,"{
    ""SaleNo__c"": ""SAL04116"", 
    ""OriginalOrderId"": ""SAL04044"", 
    ""ActualPaymentAmount__c"": 500000, 
    ""OrderItem"": [ 
        {
            ""SaleSeqNo__c"": ""1"", 
            ""ProductCode"": ""TEST-001"", 
            ""Quantity"": -1, 
            ""isExclude"": false, 
            ""NetSalesUnitPrice__c"": 500000.0, 
            ""DiscountRate__c"": 0 
        }
    ],
    ""TransactionJournal"": [ 
        {
            ""DepositNo__c"": ""DEP04080"",
            ""DeposiSeqNo__c"": ""1"",
            ""ActivityDate"": ""20260510"",
            ""PaymentMethod"": ""81"",
            ""DepositType__c"": ""03"",
            ""TransactionAmount"": 5000.0,
            ""CouponNo"": """"
            
        },
        {
            ""DepositNo__c"": ""DEP04086"",
            ""DeposiSeqNo__c"": ""2"",
            ""ActivityDate"": ""20260510"",
            ""PaymentMethod"": ""03"",
            ""DepositType__c"": ""03"",
            ""TransactionAmount"": 495000.0,
            ""CouponNo"": """"
        }
        
        
        
        
        
        
        
        
        
        
        
        
        
        
        
        
        
        
        
        
    ],
    ""InsertId__c"": ""골든듀"" 
}","{
  ""success"" : false,
  ""message"" : ""Insert failed. First exception on row 0; first error: DUPLICATE_VALUE, 중복 값 발견: DepositNo__c이(가) ID가 다음과 같은 레코드의 값과 중복됩니다. 0lVJO000000CGx32AG: []"",
  ""code"" : 500
}"
a12JO000000MdUBYA0,2026-05-10T09:14:05.000+0000,GdReturnApiControllerV1,/gd/v1/return,"{
    ""SaleNo__c"": ""SAL02V005"", 
    ""OriginalOrderId"": ""SAL02V002"", 
    ""ActualPaymentAmount__c"": 9000000, 
    ""OrderItem"": [ 
        {
            ""SaleSeqNo__c"": ""1"", 
            ""ProductCode"": ""2A2600001"", 
            ""Quantity"": -18, 
            ""isExclude"": false, 
            ""NetSalesUnitPrice__c"": 500000.0, 
            ""DiscountRate__c"": 0 
        }
    ],
    ""TransactionJournal"": [ 
        {
            ""DepositNo__c"": ""DEP02V005"", 
            ""DeposiSeqNo__c"": ""1"", 
            ""ActivityDate"": ""20260510"", 
            ""PaymentMethod"": ""01"", 
            ""DepositType__c"": ""03"", 
            ""TransactionAmount"": 9000000, 
            ""CouponNo"": """" 
        }
        
        
        
        
        
        
        
        
        
        
        
        
        
        
        
        
        
        
        
        
    ],
    ""InsertId__c"": ""골든듀"" 
}","{
  ""success"" : false,
  ""message"" : ""반품 입금 등록 불가 — 적립된 포인트가 다른 주문/판매에서 이미 사용되었습니다. 판매번호: SAL02V004 / 입금번호: DEP02V004-2"",
  ""code"" : 400
}"
a12JO000000MdQzYAK,2026-05-10T09:14:11.000+0000,OrderTrigger,,,
a12JO000000MdR0YAK,2026-05-10T09:14:13.000+0000,OrderTriggerHandler,,,
a12JO000000MdR1YAK,2026-05-10T09:14:13.000+0000,OrderTrigger,,,
a12JO000000MdR2YAK,2026-05-10T09:14:13.000+0000,GdReturnApiControllerV1,/gd/v1/return,"{
    ""SaleNo__c"": ""SAL04116"", 
    ""OriginalOrderId"": ""SAL04044"", 
    ""ActualPaymentAmount__c"": 500000, 
    ""OrderItem"": [ 
        {
            ""SaleSeqNo__c"": ""1"", 
            ""ProductCode"": ""TEST-001"", 
            ""Quantity"": -1, 
            ""isExclude"": false, 
            ""NetSalesUnitPrice__c"": 500000.0, 
            ""DiscountRate__c"": 0 
        }
    ],
    ""TransactionJournal"": [ 
        {
            ""DepositNo__c"": ""DEP04087"",
            ""DeposiSeqNo__c"": ""1"",
            ""ActivityDate"": ""20260510"",
            ""PaymentMethod"": ""81"",
            ""DepositType__c"": ""03"",
            ""TransactionAmount"": 5000.0,
            ""CouponNo"": """"
            
        },
        {
            ""DepositNo__c"": ""DEP04086"",
            ""DeposiSeqNo__c"": ""2"",
            ""ActivityDate"": ""20260510"",
            ""PaymentMethod"": ""03"",
            ""DepositType__c"": ""03"",
            ""TransactionAmount"": 495000.0,
            ""CouponNo"": """"
        }
        
        
        
        
        
        
        
        
        
        
        
        
        
        
        
        
        
        
        
        
    ],
    ""InsertId__c"": ""골든듀"" 
}","{
  ""success"" : true,
  ""message"" : ""반품 등록 완료"",
  ""data"" : {
    ""CancelPointsCreditedList"" : [ {
      ""PT_USE"" : 4950.0000,
      ""NO_SAL_RTN"" : null,
      ""NO_SAL"" : ""SAL04044"",
      ""NO_MBR"" : ""TEST03006"",
      ""ID_INSERT"" : null,
      ""DTS_INSERT"" : ""2026-05-10 18:14:12"",
      ""CD_TYPE_POINT"" : ""01"",
      ""CD_RESON"" : ""6"",
      ""CD_LEDGER"" : ""05wJO0000004PcaYAE"",
      ""CD_JOURNAL"" : ""05wJO0000004Q5bYAE"",
      ""AM_SAL"" : null
    }, {
      ""PT_USE"" : 14850.0000,
      ""NO_SAL_RTN"" : null,
      ""NO_SAL"" : ""SAL04044"",
      ""NO_MBR"" : ""TEST03006"",
      ""ID_INSERT"" : null,
      ""DTS_INSERT"" : ""2026-05-10 18:14:12"",
      ""CD_TYPE_POINT"" : ""06"",
      ""CD_RESON"" : ""6"",
      ""CD_LEDGER"" : ""05wJO0000004PcbYAE"",
      ""CD_JOURNAL"" : ""05wJO0000004Q5cYAE"",
      ""AM_SAL"" : null
    }, {
      ""PT_USE"" : 4950.0000,
      ""NO_SAL_RTN"" : null,
      ""NO_SAL"" : ""SAL04044"",
      ""NO_MBR"" : ""TEST03006"",
      ""ID_INSERT"" : null,
      ""DTS_INSERT"" : ""2026-05-10 18:14:13"",
      ""CD_TYPE_POINT"" : ""07"",
      ""CD_RESON"" : ""6"",
      ""CD_LEDGER"" : ""05wJO0000004PccYAE"",
      ""CD_JOURNAL"" : ""05wJO0000004Q5dYAE"",
      ""AM_SAL"" : null
    } ],
    ""CancelPointList"" : {
      ""RecreditPointList"" : [ {
        ""ExpiryDate"" : ""2028-05-10"",
        ""Name"" : ""이벤트포인트"",
        ""Point"" : 5000.0
      } ]
    },
    ""originalOrderId"" : ""801JO00000IBe4gYAD"",
    ""orderId"" : ""801JO00000IBaKmYAL"",
    ""InsertId__c"" : ""골든듀"",
    ""TransactionJournal"" : [ {
      ""CouponNo"" : """",
      ""TransactionAmount"" : 5000.0,
      ""DepositType__c"" : ""03"",
      ""PaymentMethod"" : ""81"",
      ""ActivityDate"" : ""20260510"",
      ""DeposiSeqNo__c"" : ""1"",
      ""DepositNo__c"" : ""DEP04087""
    }, {
      ""CouponNo"" : """",
      ""TransactionAmount"" : 495000.0,
      ""DepositType__c"" : ""03"",
      ""PaymentMethod"" : ""03"",
      ""ActivityDate"" : ""20260510"",
      ""DeposiSeqNo__c"" : ""2"",
      ""DepositNo__c"" : ""DEP04086""
    } ],
    ""OrderItem"" : [ {
      ""DiscountRate__c"" : 0,
      ""NetSalesUnitPrice__c"" : 500000.0,
      ""isExclude"" : false,
      ""Quantity"" : -1,
      ""ProductCode"" : ""TEST-001"",
      ""SaleSeqNo__c"" : ""1""
    } ],
    ""ActualPaymentAmount__c"" : 500000,
    ""OriginalOrderId"" : ""SAL04044"",
    ""SaleNo__c"" : ""SAL04116""
  },
  ""code"" : 200
}"
a12JO000000MeI9YAK,2026-05-10T09:16:41.000+0000,ErpAsyncJob,callout:GoldenDewApiNC/Crm/CouponDetail,"{""couponDetailModels"":[{""no_mbr"":""TEST02006"",""no_man_coupon_mil"":""00218247"",""no_man_coupon"":""COP2026MY0011"",""id_insert"":""milvus""}]}","{""code"":0,""success"":false,""message"":""SQL - 회원이 존재하지 않습니다."",""data"":null}"
a12JO000000Mc6uYAC,2026-05-10T09:17:42.000+0000,OrderTrigger,,,
a12JO000000Mc6vYAC,2026-05-10T09:17:42.000+0000,OrderTriggerHandler,,,
a12JO000000Mc6wYAC,2026-05-10T09:17:42.000+0000,OrderTrigger,,,
a12JO000000Mc6xYAC,2026-05-10T09:17:42.000+0000,GdSaleApiControllerV1,/gd/v1/sale,"{
    ""AccountId"": ""1000"",
    ""StoreCode__c"": ""99997"",
    ""MemberNo__c"": ""TEST01100"",
    ""SaleNo__c"": ""SAL01V006"",
    ""ActualPaymentAmount__c"": 500000.0,
    ""EndDate"": ""20260508"",
    ""SaleStatus__c"": ""01"",
    ""PromotionNo__c"": ""PRO202604161041"",
    ""OrderItem"": [
        {
            ""SaleSeqNo__c"": ""1"",
            ""OrderNo__c"": ""SOR01V001"",
            ""ProductCode"": ""2A2600001"",
            ""Quantity"": 1,
            ""isExclude"": false,
            ""NetSalesUnitPrice__c"": 500000.0000,
            ""DiscountRate__c"": 0.0000
        }
    ],
    ""TransactionJournal"": [
        {
            ""DepositNo__c"": ""DEP01V001"",
            ""DeposiSeqNo__c"": ""1"",
            ""ActivityDate"": ""20260508"",
            ""PaymentMethod"": ""01"",
            ""DepositType__c"": ""01"",
            ""TransactionAmount"": 50000.0000,
            ""CouponNo"": """",
            ""OrderNo__c"": ""SOR01V001""
        },
        {
            ""DepositNo__c"": ""DEP01V008"",
            ""DeposiSeqNo__c"": ""1"",
            ""ActivityDate"": ""20260508"",
            ""PaymentMethod"": ""01"",
            ""DepositType__c"": ""02"",
            ""TransactionAmount"": 440000.0000,
            ""CouponNo"": """",
            ""OrderNo__c"": null
        }
    ]
}","{
  ""success"" : true,
  ""message"" : ""판매 등록 완료"",
  ""data"" : {
    ""oiList"" : [ {
      ""attributes"" : {
        ""type"" : ""OrderItem"",
        ""url"" : ""/services/data/v67.0/sobjects/OrderItem/802JO00000540eWYAQ""
      },
      ""OrderId"" : ""801JO00000IBZmfYAH"",
      ""PricebookEntryId"" : ""01uJO000001R0w4YAC"",
      ""Quantity"" : 1,
      ""UnitPrice"" : 500000,
      ""SaleSeqNo__c"" : ""1"",
      ""SaleItemNo__c"" : ""801JO00000IBZmfYAH-1"",
      ""IsExclude__c"" : false,
      ""NetSalesUnitPrice__c"" : 500000.0000,
      ""DiscountRate__c"" : 0.0000,
      ""OrderId__c"" : ""801JO00000IBchAYAT"",
      ""Id"" : ""802JO00000540eWYAQ""
    } ],
    ""storeType"" : ""20"",
    ""storeTypeFour"" : ""NULL"",
    ""orderId"" : ""801JO00000IBZmfYAH"",
    ""TransactionJournal"" : [ {
      ""OrderNo__c"" : ""SOR01V001"",
      ""CouponNo"" : """",
      ""TransactionAmount"" : 50000.0000,
      ""DepositType__c"" : ""01"",
      ""PaymentMethod"" : ""01"",
      ""ActivityDate"" : ""20260508"",
      ""DeposiSeqNo__c"" : ""1"",
      ""DepositNo__c"" : ""DEP01V001""
    }, {
      ""OrderNo__c"" : null,
      ""CouponNo"" : """",
      ""TransactionAmount"" : 440000.0000,
      ""DepositType__c"" : ""02"",
      ""PaymentMethod"" : ""01"",
      ""ActivityDate"" : ""20260508"",
      ""DeposiSeqNo__c"" : ""1"",
      ""DepositNo__c"" : ""DEP01V008""
    } ],
    ""OrderItem"" : [ {
      ""DiscountRate__c"" : 0.0000,
      ""NetSalesUnitPrice__c"" : 500000.0000,
      ""isExclude"" : false,
      ""Quantity"" : 1,
      ""ProductCode"" : ""2A2600001"",
      ""OrderNo__c"" : ""SOR01V001"",
      ""SaleSeqNo__c"" : ""1""
    } ],
    ""PromotionNo__c"" : ""PRO202604161041"",
    ""SaleStatus__c"" : ""01"",
    ""EndDate"" : ""20260508"",
    ""ActualPaymentAmount__c"" : 500000.0,
    ""SaleNo__c"" : ""SAL01V006"",
    ""MemberNo__c"" : ""TEST01100"",
    ""StoreCode__c"" : ""99997"",
    ""AccountId"" : ""1000""
  },
  ""code"" : 200
}"
a12JO000000Me8XYAS,2026-05-10T09:18:36.000+0000,OrderTrigger,,,
a12JO000000Mdh4YAC,2026-05-10T09:18:37.000+0000,ErpAsyncJob,callout:GoldenDewApiNC/Crm/CouponDetail,"{""couponDetailModels"":[{""no_mbr"":""TEST02006"",""no_man_coupon_mil"":""AKU33FUQ"",""no_man_coupon"":""COP2026MY0011"",""id_insert"":""milvus""}]}","{""code"":0,""success"":false,""message"":""SQL - 회원이 존재하지 않습니다."",""data"":null}"
a12JO000000Me8YYAS,2026-05-10T09:18:37.000+0000,OrderTriggerHandler,,,
a12JO000000Me8ZYAS,2026-05-10T09:18:37.000+0000,OrderTrigger,,,
a12JO000000Me8aYAC,2026-05-10T09:18:37.000+0000,GdSaleApiControllerV1,/gd/v1/sale,"{
    ""AccountId"": ""1000"",
    ""StoreCode__c"": ""99998"",
    ""MemberNo__c"": ""TEST02006"",
    ""SaleNo__c"": ""SAL02V006"",
    ""ActualPaymentAmount__c"": 1000000.0,
    ""EndDate"": ""20260510"",
    ""SaleStatus__c"": ""01"",
    ""PromotionNo__c"": ""PRO202604161041"",
    ""OrderItem"": [
        {
            ""SaleSeqNo__c"": ""1"",
            ""OrderNo__c"": null,
            ""ProductCode"": ""2A2600001"",
            ""Quantity"": 2,
            ""isExclude"": false,
            ""NetSalesUnitPrice__c"": 500000.0000,
            ""DiscountRate__c"": 0.0000
        }
        
        
        
        
        
        
        
        
        
        
    ],
    ""TransactionJournal"": [
        
        
        
        
        
        
        
        
        
        
        {
            ""DepositNo__c"": ""DEP02V006"",
            ""DeposiSeqNo__c"": ""1"",
            ""ActivityDate"": ""20260510"",
            ""PaymentMethod"": ""01"",
            ""DepositType__c"": ""02"",
            ""TransactionAmount"": 900000.0000,
            ""CouponNo"": """",
            ""OrderNo__c"": null
        }
        ,
        {
            ""DepositNo__c"": ""DEP02V006"",
            ""DeposiSeqNo__c"": ""2"",
            ""ActivityDate"": ""20260510"",
            ""PaymentMethod"": ""90"",
            ""DepositType__c"": ""02"",
            ""TransactionAmount"": 100000.0000,
            ""CouponNo"": ""COP2026MY0011;-;9TKSHRYN"",
            ""OrderNo__c"": null
        }
        
        
        
        
        
        
        
        
        
        
        
    ]
}","{
  ""success"" : true,
  ""message"" : ""판매 등록 완료"",
  ""data"" : {
    ""CreditPointList"" : [ {
      ""TX_REMARK"" : ""구매포인트|11cJO000001BAZlYAO|2.00"",
      ""PT_TARGET"" : 18000.0000,
      ""NO_SAL"" : null,
      ""NO_PROM_MBR"" : ""PRO202604161041"",
      ""NO_MBR"" : ""TEST02006"",
      ""NO_GRADE_ADVAN"" : ""04"",
      ""ID_INSERT"" : null,
      ""DTS_INSERT"" : ""2026-05-10 18:18:36"",
      ""DT_SAVE_PLAN"" : null,
      ""DT_LIMIT_START"" : ""2026-05-10 09:00:00"",
      ""DT_LIMIT_END"" : ""2028-05-10"",
      ""DT_DESTROY_PLAN"" : ""2028-05-11"",
      ""CD_TYPE_SAVE"" : ""Credit"",
      ""CD_TYPE_POINT"" : ""01"",
      ""CD_JOURNAL"" : ""05wJO0000004Q8pYAE"",
      ""AM_SAL"" : 1000000.0
    }, {
      ""TX_REMARK"" : ""사은포인트|11cJO000001BAY9YAO|3.00"",
      ""PT_TARGET"" : 27000.0000,
      ""NO_SAL"" : null,
      ""NO_PROM_MBR"" : ""PRO202604161041"",
      ""NO_MBR"" : ""TEST02006"",
      ""NO_GRADE_ADVAN"" : ""04"",
      ""ID_INSERT"" : null,
      ""DTS_INSERT"" : ""2026-05-10 18:18:36"",
      ""DT_SAVE_PLAN"" : null,
      ""DT_LIMIT_START"" : ""2026-05-10 09:00:00"",
      ""DT_LIMIT_END"" : ""2028-05-10"",
      ""DT_DESTROY_PLAN"" : ""2028-05-11"",
      ""CD_TYPE_SAVE"" : ""Credit"",
      ""CD_TYPE_POINT"" : ""01"",
      ""CD_JOURNAL"" : ""05wJO0000004Q8qYAE"",
      ""AM_SAL"" : 1000000.0
    } ],
    ""oiList"" : [ {
      ""attributes"" : {
        ""type"" : ""OrderItem"",
        ""url"" : ""/services/data/v67.0/sobjects/OrderItem/802JO000005445nYAA""
      },
      ""OrderId"" : ""801JO00000IBcCgYAL"",
      ""PricebookEntryId"" : ""01uJO000001R0w4YAC"",
      ""Quantity"" : 2,
      ""UnitPrice"" : 500000,
      ""SaleSeqNo__c"" : ""1"",
      ""SaleItemNo__c"" : ""801JO00000IBcCgYAL-1"",
      ""IsExclude__c"" : false,
      ""NetSalesUnitPrice__c"" : 500000.0000,
      ""DiscountRate__c"" : 0.0000,
      ""Id"" : ""802JO000005445nYAA""
    } ],
    ""storeType"" : ""09"",
    ""storeTypeFour"" : ""NULL"",
    ""orderId"" : ""801JO00000IBcCgYAL"",
    ""TransactionJournal"" : [ {
      ""OrderNo__c"" : null,
      ""CouponNo"" : """",
      ""TransactionAmount"" : 900000.0000,
      ""DepositType__c"" : ""02"",
      ""PaymentMethod"" : ""01"",
      ""ActivityDate"" : ""20260510"",
      ""DeposiSeqNo__c"" : ""1"",
      ""DepositNo__c"" : ""DEP02V006""
    }, {
      ""OrderNo__c"" : null,
      ""CouponNo"" : ""COP2026MY0011;-;9TKSHRYN"",
      ""TransactionAmount"" : 100000.0000,
      ""DepositType__c"" : ""02"",
      ""PaymentMethod"" : ""90"",
      ""ActivityDate"" : ""20260510"",
      ""DeposiSeqNo__c"" : ""2"",
      ""DepositNo__c"" : ""DEP02V006""
    } ],
    ""OrderItem"" : [ {
      ""DiscountRate__c"" : 0.0000,
      ""NetSalesUnitPrice__c"" : 500000.0000,
      ""isExclude"" : false,
      ""Quantity"" : 2,
      ""ProductCode"" : ""2A2600001"",
      ""OrderNo__c"" : null,
      ""SaleSeqNo__c"" : ""1""
    } ],
    ""PromotionNo__c"" : ""PRO202604161041"",
    ""SaleStatus__c"" : ""01"",
    ""EndDate"" : ""20260510"",
    ""ActualPaymentAmount__c"" : 1000000.0,
    ""SaleNo__c"" : ""SAL02V006"",
    ""MemberNo__c"" : ""TEST02006"",
    ""StoreCode__c"" : ""99998"",
    ""AccountId"" : ""1000""
  },
  ""code"" : 200
}"
a12JO000000Mdh5YAC,2026-05-10T09:18:43.000+0000,OrderTrigger,,,
a12JO000000Mdh6YAC,2026-05-10T09:18:45.000+0000,OrderTriggerHandler,,,
a12JO000000Mdh7YAC,2026-05-10T09:18:45.000+0000,OrderTrigger,,,
a12JO000000Mdh8YAC,2026-05-10T09:18:45.000+0000,GdReturnApiControllerV1,/gd/v1/return,"{
    ""SaleNo__c"": ""SAL04117"", 
    ""OriginalOrderId"": ""SAL04044"", 
    ""ActualPaymentAmount__c"": 500000, 
    ""OrderItem"": [ 
        {
            ""SaleSeqNo__c"": ""1"", 
            ""ProductCode"": ""TEST-002"", 
            ""Quantity"": -1, 
            ""isExclude"": false, 
            ""NetSalesUnitPrice__c"": 500000.0, 
            ""DiscountRate__c"": 0 
        }
    ],
    ""TransactionJournal"": [ 
        {
            ""DepositNo__c"": ""DEP04088"",
            ""DeposiSeqNo__c"": ""1"",
            ""ActivityDate"": ""20260510"",
            ""PaymentMethod"": ""81"",
            ""DepositType__c"": ""03"",
            ""TransactionAmount"": 5000.0,
            ""CouponNo"": """"
            
        },
        {
            ""DepositNo__c"": ""DEP04089"",
            ""DeposiSeqNo__c"": ""2"",
            ""ActivityDate"": ""20260510"",
            ""PaymentMethod"": ""03"",
            ""DepositType__c"": ""03"",
            ""TransactionAmount"": 465000.0,
            ""CouponNo"": """"
        }
        ,
          {
            ""DepositNo__c"": ""DEP04090"",
            ""DeposiSeqNo__c"": ""3"",
            ""ActivityDate"": ""20260510"",
            ""PaymentMethod"": ""90"",
            ""DepositType__c"": ""03"",
            ""TransactionAmount"": 30000.0,
            ""CouponNo"": ""COP2026MY0004;-;3DI3PQ6D""
        }
        
        
        
        
        
        
        
        
        
        
    ],
    ""InsertId__c"": ""골든듀"" 
}","{
  ""success"" : true,
  ""message"" : ""반품 등록 완료"",
  ""data"" : {
    ""CancelPointsCreditedList"" : [ {
      ""PT_USE"" : 4650.0000,
      ""NO_SAL_RTN"" : null,
      ""NO_SAL"" : ""SAL04044"",
      ""NO_MBR"" : ""TEST03006"",
      ""ID_INSERT"" : null,
      ""DTS_INSERT"" : ""2026-05-10 18:18:44"",
      ""CD_TYPE_POINT"" : ""01"",
      ""CD_RESON"" : ""6"",
      ""CD_LEDGER"" : ""05wJO0000004QGsYAM"",
      ""CD_JOURNAL"" : ""05wJO0000004Q5bYAE"",
      ""AM_SAL"" : null
    }, {
      ""PT_USE"" : 13950.0000,
      ""NO_SAL_RTN"" : null,
      ""NO_SAL"" : ""SAL04044"",
      ""NO_MBR"" : ""TEST03006"",
      ""ID_INSERT"" : null,
      ""DTS_INSERT"" : ""2026-05-10 18:18:44"",
      ""CD_TYPE_POINT"" : ""06"",
      ""CD_RESON"" : ""6"",
      ""CD_LEDGER"" : ""05wJO0000004QGtYAM"",
      ""CD_JOURNAL"" : ""05wJO0000004Q5cYAE"",
      ""AM_SAL"" : null
    }, {
      ""PT_USE"" : 4650.0000,
      ""NO_SAL_RTN"" : null,
      ""NO_SAL"" : ""SAL04044"",
      ""NO_MBR"" : ""TEST03006"",
      ""ID_INSERT"" : null,
      ""DTS_INSERT"" : ""2026-05-10 18:18:44"",
      ""CD_TYPE_POINT"" : ""07"",
      ""CD_RESON"" : ""6"",
      ""CD_LEDGER"" : ""05wJO0000004QGuYAM"",
      ""CD_JOURNAL"" : ""05wJO0000004Q5dYAE"",
      ""AM_SAL"" : null
    } ],
    ""CancelPointList"" : {
      ""RecreditPointList"" : [ {
        ""ExpiryDate"" : ""2028-05-10"",
        ""Name"" : ""이벤트포인트"",
        ""Point"" : 5000.0
      } ]
    },
    ""originalOrderId"" : ""801JO00000IBe4gYAD"",
    ""orderId"" : ""801JO00000IBeFyYAL"",
    ""InsertId__c"" : ""골든듀"",
    ""TransactionJournal"" : [ {
      ""CouponNo"" : """",
      ""TransactionAmount"" : 5000.0,
      ""DepositType__c"" : ""03"",
      ""PaymentMethod"" : ""81"",
      ""ActivityDate"" : ""20260510"",
      ""DeposiSeqNo__c"" : ""1"",
      ""DepositNo__c"" : ""DEP04088""
    }, {
      ""CouponNo"" : """",
      ""TransactionAmount"" : 465000.0,
      ""DepositType__c"" : ""03"",
      ""PaymentMethod"" : ""03"",
      ""ActivityDate"" : ""20260510"",
      ""DeposiSeqNo__c"" : ""2"",
      ""DepositNo__c"" : ""DEP04089""
    }, {
      ""CouponNo"" : ""COP2026MY0004;-;3DI3PQ6D"",
      ""TransactionAmount"" : 30000.0,
      ""DepositType__c"" : ""03"",
      ""PaymentMethod"" : ""90"",
      ""ActivityDate"" : ""20260510"",
      ""DeposiSeqNo__c"" : ""3"",
      ""DepositNo__c"" : ""DEP04090""
    } ],
    ""OrderItem"" : [ {
      ""DiscountRate__c"" : 0,
      ""NetSalesUnitPrice__c"" : 500000.0,
      ""isExclude"" : false,
      ""Quantity"" : -1,
      ""ProductCode"" : ""TEST-002"",
      ""SaleSeqNo__c"" : ""1""
    } ],
    ""ActualPaymentAmount__c"" : 500000,
    ""OriginalOrderId"" : ""SAL04044"",
    ""SaleNo__c"" : ""SAL04117""
  },
  ""code"" : 200
}"
a12JO000000Me0TYAS,2026-05-10T09:21:01.000+0000,ErpAsyncJob,callout:GoldenDewApiNC/Crm/CouponDetail,"{""couponDetailModels"":[{""no_mbr"":""TEST03006"",""no_man_coupon_mil"":""00218249"",""no_man_coupon"":""COP2026MY0003"",""id_insert"":""milvus""}]}","{""code"":0,""success"":false,""message"":""SQL - 회원이 존재하지 않습니다."",""data"":null}"
a12JO000000MeJlYAK,2026-05-10T09:22:16.000+0000,OrderTrigger,,,
a12JO000000MeJmYAK,2026-05-10T09:22:17.000+0000,OrderTriggerHandler,,,
a12JO000000MeJnYAK,2026-05-10T09:22:18.000+0000,OrderTrigger,,,
a12JO000000MeJoYAK,2026-05-10T09:22:18.000+0000,GdReturnApiControllerV1,/gd/v1/return,"{
    ""SaleNo__c"": ""SAL02V007"", 
    ""OriginalOrderId"": ""SAL02V006"", 
    ""ActualPaymentAmount__c"": 1000000, 
    ""OrderItem"": [ 
        {
            ""SaleSeqNo__c"": ""1"", 
            ""ProductCode"": ""2A2600001"", 
            ""Quantity"": -2, 
            ""isExclude"": false, 
            ""NetSalesUnitPrice__c"": 500000.0, 
            ""DiscountRate__c"": 0 
        }
    ],
    ""TransactionJournal"": [ 
        {
            ""DepositNo__c"": ""DEP02V007"", 
            ""DeposiSeqNo__c"": ""1"", 
            ""ActivityDate"": ""20260510"", 
            ""PaymentMethod"": ""01"", 
            ""DepositType__c"": ""03"", 
            ""TransactionAmount"": 900000, 
            ""CouponNo"": """" 
        }
        ,
        {
            ""DepositNo__c"": ""DEP02V007"", 
            ""DeposiSeqNo__c"": ""2"", 
            ""ActivityDate"": ""20260510"", 
            ""PaymentMethod"": ""90"", 
            ""DepositType__c"": ""03"", 
            ""TransactionAmount"": 100000, 
            ""CouponNo"": ""COP2026MY0011;-;9TKSHRYN"" 
        }
        
        
        
        
        
        
        
        
        
        
    ],
    ""InsertId__c"": ""골든듀"" 
}","{
  ""success"" : true,
  ""message"" : ""반품 등록 완료"",
  ""data"" : {
    ""CancelPointsCreditedList"" : [ {
      ""PT_USE"" : 18000.0000,
      ""NO_SAL_RTN"" : null,
      ""NO_SAL"" : ""SAL02V006"",
      ""NO_MBR"" : ""TEST02006"",
      ""ID_INSERT"" : null,
      ""DTS_INSERT"" : ""2026-05-10 18:22:17"",
      ""CD_TYPE_POINT"" : ""01"",
      ""CD_RESON"" : ""6"",
      ""CD_LEDGER"" : ""05wJO0000004QITYA2"",
      ""CD_JOURNAL"" : ""05wJO0000004Q8pYAE"",
      ""AM_SAL"" : null
    }, {
      ""PT_USE"" : 27000.0000,
      ""NO_SAL_RTN"" : null,
      ""NO_SAL"" : ""SAL02V006"",
      ""NO_MBR"" : ""TEST02006"",
      ""ID_INSERT"" : null,
      ""DTS_INSERT"" : ""2026-05-10 18:22:17"",
      ""CD_TYPE_POINT"" : ""06"",
      ""CD_RESON"" : ""6"",
      ""CD_LEDGER"" : ""05wJO0000004QIUYA2"",
      ""CD_JOURNAL"" : ""05wJO0000004Q8qYAE"",
      ""AM_SAL"" : null
    } ],
    ""originalOrderId"" : ""801JO00000IBcCgYAL"",
    ""orderId"" : ""801JO00000IBbdBYAT"",
    ""InsertId__c"" : ""골든듀"",
    ""TransactionJournal"" : [ {
      ""CouponNo"" : """",
      ""TransactionAmount"" : 900000,
      ""DepositType__c"" : ""03"",
      ""PaymentMethod"" : ""01"",
      ""ActivityDate"" : ""20260510"",
      ""DeposiSeqNo__c"" : ""1"",
      ""DepositNo__c"" : ""DEP02V007""
    }, {
      ""CouponNo"" : ""COP2026MY0011;-;9TKSHRYN"",
      ""TransactionAmount"" : 100000,
      ""DepositType__c"" : ""03"",
      ""PaymentMethod"" : ""90"",
      ""ActivityDate"" : ""20260510"",
      ""DeposiSeqNo__c"" : ""2"",
      ""DepositNo__c"" : ""DEP02V007""
    } ],
    ""OrderItem"" : [ {
      ""DiscountRate__c"" : 0,
      ""NetSalesUnitPrice__c"" : 500000.0,
      ""isExclude"" : false,
      ""Quantity"" : -2,
      ""ProductCode"" : ""2A2600001"",
      ""SaleSeqNo__c"" : ""1""
    } ],
    ""ActualPaymentAmount__c"" : 1000000,
    ""OriginalOrderId"" : ""SAL02V006"",
    ""SaleNo__c"" : ""SAL02V007""
  },
  ""code"" : 200
}"
a12JO000000MeLNYA0,2026-05-10T09:26:01.000+0000,OrderTrigger,,,
a12JO000000MeLOYA0,2026-05-10T09:26:01.000+0000,OrderTriggerHandler,,,
a12JO000000MeLPYA0,2026-05-10T09:26:01.000+0000,OrderTrigger,,,
a12JO000000MeLQYA0,2026-05-10T09:26:01.000+0000,GdOrderApiControllerV1,/gd/v1/order,"{
    ""AccountId"": ""GOLDENDEW"", 
    ""StoreCode__c"": ""99998"", 
    ""MemberNo__c"": ""TEST03006"", 
    ""OrderNo__c"": ""SOR04012"", 
    ""ActualPaymentAmount__c"": 500000, 
    ""OrderStatus__c"": ""01"", 
    ""Type"": ""01"", 
    ""PromotionNo__c"": ""PRO202604161041"", 
    ""OrderItem"": [ 
        {
            ""OrderSeqNo__c"": ""1"", 
            ""Status__c"": ""01"", 
            ""ProductCode"": ""TEST-001"", 
            ""Quantity"": 1, 
            ""isExclude"": false, 
            ""NetSalesUnitPrice__c"": 500000.0, 
            ""DiscountRate__c"": 0.0 
        }
        
        
        
        
        
        
        
        
        
        

    ],
    ""TransactionJournal"": [ 
        
        
        
        
        
        
        
        
        
        
        {
            ""DepositNo__c"": ""DEP04090"",
            ""DeposiSeqNo__c"": ""1"",
            ""ActivityDate"": ""20260510"",
            ""PaymentMethod"": ""81"",
            ""DepositType__c"": ""01"",
            ""TransactionAmount"": 10000.0,
            ""CouponNo"": """",
            ""OrderNo__c"": null
        }
        ,
          {
            ""DepositNo__c"": ""DEP04091"",
            ""DeposiSeqNo__c"": ""2"",
            ""ActivityDate"": ""20260510"",
            ""PaymentMethod"": ""90"",
            ""DepositType__c"": ""01"",
            ""TransactionAmount"": 5000.0,
            ""CouponNo"": ""COP2026MY0003;-;QJ0IHQIH"",
            ""OrderNo__c"": null
        }
        ,
          {
            ""DepositNo__c"": ""DEP04092"",
            ""DeposiSeqNo__c"": ""3"",
            ""ActivityDate"": ""20260510"",
            ""PaymentMethod"": ""01"",
            ""DepositType__c"": ""01"",
            ""TransactionAmount"": 48500.0,
            ""CouponNo"": """",
            ""OrderNo__c"": null
        }
    ],
    ""InsertId__c"": """" 
}","{
  ""success"" : true,
  ""message"" : ""주문 등록 완료"",
  ""data"" : {
    ""DebitPointList"" : [ {
      ""PT_USE"" : 10000.0000,
      ""NO_SAL_RTN"" : null,
      ""NO_SAL"" : ""SOR04012"",
      ""NO_MBR"" : ""TEST03006"",
      ""ID_INSERT"" : null,
      ""DTS_INSERT"" : ""2026-05-10 18:26:01"",
      ""CD_TYPE_POINT"" : ""07"",
      ""CD_RESON"" : ""1"",
      ""CD_LEDGER"" : ""05wJO0000004QK5YAM"",
      ""CD_JOURNAL"" : ""05wJO0000004PvtYAE"",
      ""AM_SAL"" : null
    } ],
    ""isGoldenBar"" : false,
    ""oiList"" : [ {
      ""attributes"" : {
        ""type"" : ""OrderItem"",
        ""url"" : ""/services/data/v67.0/sobjects/OrderItem/802JO00000546QYYAY""
      },
      ""OrderId"" : ""801JO00000IBevrYAD"",
      ""Status__c"" : ""01"",
      ""PricebookEntryId"" : ""01uJO0000011vRvYAI"",
      ""Quantity"" : 1,
      ""UnitPrice"" : 1000,
      ""OrderItemNo__c"" : ""801JO00000IBevrYAD-1"",
      ""IsExclude__c"" : false,
      ""NetSalesUnitPrice__c"" : 500000.0,
      ""DiscountRate__c"" : 0.0,
      ""Id"" : ""802JO00000546QYYAY""
    } ],
    ""storeType"" : ""09"",
    ""storeTypeFour"" : ""NULL"",
    ""orderId"" : ""801JO00000IBevrYAD"",
    ""InsertId__c"" : """",
    ""TransactionJournal"" : [ {
      ""OrderNo__c"" : null,
      ""CouponNo"" : """",
      ""TransactionAmount"" : 10000.0,
      ""DepositType__c"" : ""01"",
      ""PaymentMethod"" : ""81"",
      ""ActivityDate"" : ""20260510"",
      ""DeposiSeqNo__c"" : ""1"",
      ""DepositNo__c"" : ""DEP04090""
    }, {
      ""OrderNo__c"" : null,
      ""CouponNo"" : ""COP2026MY0003;-;QJ0IHQIH"",
      ""TransactionAmount"" : 5000.0,
      ""DepositType__c"" : ""01"",
      ""PaymentMethod"" : ""90"",
      ""ActivityDate"" : ""20260510"",
      ""DeposiSeqNo__c"" : ""2"",
      ""DepositNo__c"" : ""DEP04091""
    }, {
      ""OrderNo__c"" : null,
      ""CouponNo"" : """",
      ""TransactionAmount"" : 48500.0,
      ""DepositType__c"" : ""01"",
      ""PaymentMethod"" : ""01"",
      ""ActivityDate"" : ""20260510"",
      ""DeposiSeqNo__c"" : ""3"",
      ""DepositNo__c"" : ""DEP04092""
    } ],
    ""OrderItem"" : [ {
      ""DiscountRate__c"" : 0.0,
      ""NetSalesUnitPrice__c"" : 500000.0,
      ""isExclude"" : false,
      ""Quantity"" : 1,
      ""ProductCode"" : ""TEST-001"",
      ""Status__c"" : ""01"",
      ""OrderSeqNo__c"" : ""1""
    } ],
    ""PromotionNo__c"" : ""PRO202604161041"",
    ""Type"" : ""01"",
    ""OrderStatus__c"" : ""01"",
    ""ActualPaymentAmount__c"" : 500000,
    ""OrderNo__c"" : ""SOR04012"",
    ""MemberNo__c"" : ""TEST03006"",
    ""StoreCode__c"" : ""99998"",
    ""AccountId"" : ""GOLDENDEW""
  },
  ""code"" : 200
}"
a12JO000000MeMzYAK,2026-05-10T09:27:24.000+0000,OrderTrigger,,,
a12JO000000MeN0YAK,2026-05-10T09:27:25.000+0000,OrderTriggerHandler,,,
a12JO000000MeN1YAK,2026-05-10T09:27:25.000+0000,OrderTrigger,,,
a12JO000000MeN2YAK,2026-05-10T09:27:25.000+0000,GdSaleApiControllerV1,/gd/v1/sale,"{
    ""AccountId"": ""1000"",
    ""StoreCode__c"": ""99998"",
    ""MemberNo__c"": ""TEST02006"",
    ""SaleNo__c"": ""SAL02V008"",
    ""ActualPaymentAmount__c"": 1500000.0,
    ""EndDate"": ""20260510"",
    ""SaleStatus__c"": ""01"",
    ""PromotionNo__c"": ""PRO202605021069"",
    ""OrderItem"": [
        {
            ""SaleSeqNo__c"": ""1"",
            ""OrderNo__c"": null,
            ""ProductCode"": ""2A2600001"",
            ""Quantity"": 3,
            ""isExclude"": false,
            ""NetSalesUnitPrice__c"": 500000.0000,
            ""DiscountRate__c"": 0.0000
        }
        
        
        
        
        
        
        
        
        
        
    ],
    ""TransactionJournal"": [
        
        
        
        
        
        
        
        
        
        
        {
            ""DepositNo__c"": ""DEP02V008"",
            ""DeposiSeqNo__c"": ""1"",
            ""ActivityDate"": ""20260510"",
            ""PaymentMethod"": ""01"",
            ""DepositType__c"": ""02"",
            ""TransactionAmount"": 1500000.0000,
            ""CouponNo"": """",
            ""OrderNo__c"": null
        }
        
        
        
        
        
        
        
        
        
        
        
        
        
        
        
        
        
        
        
        
        
        
    ]
}","{
  ""success"" : true,
  ""message"" : ""판매 등록 완료"",
  ""data"" : {
    ""CreditPointList"" : [ {
      ""TX_REMARK"" : ""사은포인트|11cJO000001BAY9YAO|3.00"",
      ""PT_TARGET"" : 45000.0000,
      ""NO_SAL"" : null,
      ""NO_PROM_MBR"" : ""PRO202605021069"",
      ""NO_MBR"" : ""TEST02006"",
      ""NO_GRADE_ADVAN"" : ""04"",
      ""ID_INSERT"" : null,
      ""DTS_INSERT"" : ""2026-05-10 18:27:24"",
      ""DT_SAVE_PLAN"" : null,
      ""DT_LIMIT_START"" : ""2026-05-10 09:00:00"",
      ""DT_LIMIT_END"" : ""2028-05-10"",
      ""DT_DESTROY_PLAN"" : ""2028-05-11"",
      ""CD_TYPE_SAVE"" : ""Credit"",
      ""CD_TYPE_POINT"" : ""01"",
      ""CD_JOURNAL"" : ""05wJO0000004QLhYAM"",
      ""AM_SAL"" : 1500000.0
    }, {
      ""TX_REMARK"" : ""이벤트포인트|11cJO000001nThpYAE|3.00"",
      ""PT_TARGET"" : 45000.0000,
      ""NO_SAL"" : null,
      ""NO_PROM_MBR"" : ""PRO202605021069"",
      ""NO_MBR"" : ""TEST02006"",
      ""NO_GRADE_ADVAN"" : ""04"",
      ""ID_INSERT"" : null,
      ""DTS_INSERT"" : ""2026-05-10 18:27:25"",
      ""DT_SAVE_PLAN"" : null,
      ""DT_LIMIT_START"" : ""2026-05-10 09:00:00"",
      ""DT_LIMIT_END"" : ""2028-05-10"",
      ""DT_DESTROY_PLAN"" : ""2028-05-11"",
      ""CD_TYPE_SAVE"" : ""Credit"",
      ""CD_TYPE_POINT"" : ""07"",
      ""CD_JOURNAL"" : ""05wJO0000004QLiYAM"",
      ""AM_SAL"" : 1500000.0
    } ],
    ""oiList"" : [ {
      ""attributes"" : {
        ""type"" : ""OrderItem"",
        ""url"" : ""/services/data/v67.0/sobjects/OrderItem/802JO00000541ObYAI""
      },
      ""OrderId"" : ""801JO00000IBaFtYAL"",
      ""PricebookEntryId"" : ""01uJO000001R0w4YAC"",
      ""Quantity"" : 3,
      ""UnitPrice"" : 500000,
      ""SaleSeqNo__c"" : ""1"",
      ""SaleItemNo__c"" : ""801JO00000IBaFtYAL-1"",
      ""IsExclude__c"" : false,
      ""NetSalesUnitPrice__c"" : 500000.0000,
      ""DiscountRate__c"" : 0.0000,
      ""Id"" : ""802JO00000541ObYAI""
    } ],
    ""storeType"" : ""09"",
    ""storeTypeFour"" : ""NULL"",
    ""orderId"" : ""801JO00000IBaFtYAL"",
    ""TransactionJournal"" : [ {
      ""OrderNo__c"" : null,
      ""CouponNo"" : """",
      ""TransactionAmount"" : 1500000.0000,
      ""DepositType__c"" : ""02"",
      ""PaymentMethod"" : ""01"",
      ""ActivityDate"" : ""20260510"",
      ""DeposiSeqNo__c"" : ""1"",
      ""DepositNo__c"" : ""DEP02V008""
    } ],
    ""OrderItem"" : [ {
      ""DiscountRate__c"" : 0.0000,
      ""NetSalesUnitPrice__c"" : 500000.0000,
      ""isExclude"" : false,
      ""Quantity"" : 3,
      ""ProductCode"" : ""2A2600001"",
      ""OrderNo__c"" : null,
      ""SaleSeqNo__c"" : ""1""
    } ],
    ""PromotionNo__c"" : ""PRO202605021069"",
    ""SaleStatus__c"" : ""01"",
    ""EndDate"" : ""20260510"",
    ""ActualPaymentAmount__c"" : 1500000.0,
    ""SaleNo__c"" : ""SAL02V008"",
    ""MemberNo__c"" : ""TEST02006"",
    ""StoreCode__c"" : ""99998"",
    ""AccountId"" : ""1000""
  },
  ""code"" : 200
}"
a12JO000000MeObYAK,2026-05-10T09:27:58.000+0000,GdPointCreditApiControllerV1,/gd/v1/point/credit,"{
    ""MemberNo__c"": ""TEST02006"",
    ""PointsList"": [
        {
            ""point"": 6000.0,
            ""cd_type_point"": ""05""
        }
    ],
    ""SaleNo__c"": ""SAL02V008"",
    ""EndDate"": """"
}","{
  ""success"" : true,
  ""message"" : ""포인트 지급 성공"",
  ""data"" : {
    ""PointCreditList"" : [ {
      ""TX_REMARK"" : ""이벤트포인트"",
      ""PT_TARGET"" : 6000.0000,
      ""NO_SAL"" : null,
      ""NO_PROM_MBR"" : null,
      ""NO_MBR"" : ""TEST02006"",
      ""NO_GRADE_ADVAN"" : null,
      ""ID_INSERT"" : null,
      ""DTS_INSERT"" : ""2026-05-10 18:27:58"",
      ""DT_SAVE_PLAN"" : null,
      ""DT_LIMIT_START"" : ""2026-05-10 18:27:58"",
      ""DT_LIMIT_END"" : ""2028-05-10"",
      ""DT_DESTROY_PLAN"" : ""2028-05-11"",
      ""CD_TYPE_SAVE"" : ""Credit"",
      ""CD_TYPE_POINT"" : ""01"",
      ""CD_JOURNAL"" : ""05wJO0000004QNJYA2"",
      ""AM_SAL"" : null
    } ]
  },
  ""code"" : 200
}"
a12JO000000McMrYAK,2026-05-10T09:29:38.000+0000,OrderTrigger,,,
a12JO000000McMsYAK,2026-05-10T09:29:39.000+0000,OrderTriggerHandler,,,
a12JO000000McMtYAK,2026-05-10T09:29:39.000+0000,OrderTrigger,,,
a12JO000000McMuYAK,2026-05-10T09:29:39.000+0000,GdReturnApiControllerV1,/gd/v1/return,"{
    ""SaleNo__c"": ""SAL02V009"", 
    ""OriginalOrderId"": ""SAL02V008"", 
    ""ActualPaymentAmount__c"": 500000, 
    ""OrderItem"": [ 
        {
            ""SaleSeqNo__c"": ""1"", 
            ""ProductCode"": ""2A2600001"", 
            ""Quantity"": -1, 
            ""isExclude"": false, 
            ""NetSalesUnitPrice__c"": 500000.0, 
            ""DiscountRate__c"": 0 
        }
    ],
    ""TransactionJournal"": [ 
        {
            ""DepositNo__c"": ""DEP02V009"", 
            ""DeposiSeqNo__c"": ""1"", 
            ""ActivityDate"": ""20260510"", 
            ""PaymentMethod"": ""01"", 
            ""DepositType__c"": ""03"", 
            ""TransactionAmount"": 500000, 
            ""CouponNo"": """" 
        }
        
        
        
        
        
        
        
        
        
        
        
        
        
        
        
        
        
        
        
        
    ],
    ""InsertId__c"": ""골든듀"" 
}","{
  ""success"" : true,
  ""message"" : ""반품 등록 완료"",
  ""data"" : {
    ""CancelPointsCreditedList"" : [ {
      ""PT_USE"" : 15000.0000,
      ""NO_SAL_RTN"" : null,
      ""NO_SAL"" : ""SAL02V008"",
      ""NO_MBR"" : ""TEST02006"",
      ""ID_INSERT"" : null,
      ""DTS_INSERT"" : ""2026-05-10 18:29:39"",
      ""CD_TYPE_POINT"" : ""06"",
      ""CD_RESON"" : ""6"",
      ""CD_LEDGER"" : ""05wJO0000004P34YAE"",
      ""CD_JOURNAL"" : ""05wJO0000004QLhYAM"",
      ""AM_SAL"" : null
    }, {
      ""PT_USE"" : 15000.0000,
      ""NO_SAL_RTN"" : null,
      ""NO_SAL"" : ""SAL02V008"",
      ""NO_MBR"" : ""TEST02006"",
      ""ID_INSERT"" : null,
      ""DTS_INSERT"" : ""2026-05-10 18:29:39"",
      ""CD_TYPE_POINT"" : ""07"",
      ""CD_RESON"" : ""6"",
      ""CD_LEDGER"" : ""05wJO0000004P35YAE"",
      ""CD_JOURNAL"" : ""05wJO0000004QLiYAM"",
      ""AM_SAL"" : null
    } ],
    ""originalOrderId"" : ""801JO00000IBaFtYAL"",
    ""orderId"" : ""801JO00000IBZRoYAP"",
    ""InsertId__c"" : ""골든듀"",
    ""TransactionJournal"" : [ {
      ""CouponNo"" : """",
      ""TransactionAmount"" : 500000,
      ""DepositType__c"" : ""03"",
      ""PaymentMethod"" : ""01"",
      ""ActivityDate"" : ""20260510"",
      ""DeposiSeqNo__c"" : ""1"",
      ""DepositNo__c"" : ""DEP02V009""
    } ],
    ""OrderItem"" : [ {
      ""DiscountRate__c"" : 0,
      ""NetSalesUnitPrice__c"" : 500000.0,
      ""isExclude"" : false,
      ""Quantity"" : -1,
      ""ProductCode"" : ""2A2600001"",
      ""SaleSeqNo__c"" : ""1""
    } ],
    ""ActualPaymentAmount__c"" : 500000,
    ""OriginalOrderId"" : ""SAL02V008"",
    ""SaleNo__c"" : ""SAL02V009""
  },
  ""code"" : 200
}"
a12JO000000MeQDYA0,2026-05-10T09:30:50.000+0000,OrderTrigger,,,
a12JO000000MeQEYA0,2026-05-10T09:30:51.000+0000,OrderTriggerHandler,,,
a12JO000000MeQFYA0,2026-05-10T09:30:51.000+0000,OrderTrigger,,,
a12JO000000MeQGYA0,2026-05-10T09:30:51.000+0000,GdSaleApiControllerV1,/gd/v1/sale,"{
    ""AccountId"": ""GOLDENDEW"", 
    ""StoreCode__c"": ""99998"", 
    ""MemberNo__c"": ""TEST03006"", 
    ""SaleNo__c"": ""SAL04046"", 
    ""EndDate"": ""20260510"", 
    ""ActualPaymentAmount__c"": 500000.0, 
    ""SaleStatus__c"": ""01"", 
    ""PromotionNo__c"": ""PRO202604161041"", 
    ""OrderItem"": [ 
         {
            ""SaleSeqNo__c"": ""1"", 
            ""Status__c"": ""01"", 
            ""ProductCode"": ""TEST-001"", 
            ""Quantity"": 1, 
            ""isExclude"": false, 
            ""NetSalesUnitPrice__c"": 500000.0 
            
        }
        
        
        
        
        
        
        
        
        
        
        
        
        
        
        
        
        
        
        
    ],
    ""TransactionJournal"": [ 
        {
            ""DepositNo__c"": ""DEP04093"",
            ""DeposiSeqNo__c"": ""4"",
            ""ActivityDate"": ""20260510"",
            ""PaymentMethod"": ""03"",
            ""DepositType__c"": ""02"",
            ""TransactionAmount"": 436500.0,
            ""CouponNo"": """",
            ""OrderNo__c"": """"
        },
        {
            ""DepositNo__c"": ""DEP04090"",
            ""DeposiSeqNo__c"": ""1"",
            ""ActivityDate"": ""20260510"",
            ""PaymentMethod"": ""81"",
            ""DepositType__c"": ""01"",
            ""TransactionAmount"": 10000.0,
            ""CouponNo"": """",
            ""OrderNo__c"": ""SOR04012""
        }
        ,
          {
            ""DepositNo__c"": ""DEP04091"",
            ""DeposiSeqNo__c"": ""2"",
            ""ActivityDate"": ""20260510"",
            ""PaymentMethod"": ""90"",
            ""DepositType__c"": ""01"",
            ""TransactionAmount"": 5000.0,
            ""CouponNo"": ""COP2026MY0003;-;QJ0IHQIH"",
            ""OrderNo__c"": ""SOR04012""
        }
        ,
          {
            ""DepositNo__c"": ""DEP04092"",
            ""DeposiSeqNo__c"": ""3"",
            ""ActivityDate"": ""20260510"",
            ""PaymentMethod"": ""01"",
            ""DepositType__c"": ""01"",
            ""TransactionAmount"": 48500.0,
            ""CouponNo"": """",
            ""OrderNo__c"": ""SOR04012""
        }
        
        
        
        
        
        
        
        
        
        
        
        
        
        
        
        
        
        
        
        
        
        
        
        
        
        
        
        
        
        
        
        
        
    ],
    ""InsertId__c"": ""골든듀"" 
}","{
  ""success"" : true,
  ""message"" : ""판매 등록 완료"",
  ""data"" : {
    ""CreditPointList"" : [ {
      ""TX_REMARK"" : ""구매포인트|11cJO000001BAZlYAO|1.00"",
      ""PT_TARGET"" : 4850.0000,
      ""NO_SAL"" : null,
      ""NO_PROM_MBR"" : ""PRO202604161041"",
      ""NO_MBR"" : ""TEST03006"",
      ""NO_GRADE_ADVAN"" : ""01"",
      ""ID_INSERT"" : ""골든듀"",
      ""DTS_INSERT"" : ""2026-05-10 18:30:50"",
      ""DT_SAVE_PLAN"" : null,
      ""DT_LIMIT_START"" : ""2026-05-10 09:00:00"",
      ""DT_LIMIT_END"" : ""2028-05-10"",
      ""DT_DESTROY_PLAN"" : ""2028-05-11"",
      ""CD_TYPE_SAVE"" : ""Credit"",
      ""CD_TYPE_POINT"" : ""01"",
      ""CD_JOURNAL"" : ""05wJO0000004QOvYAM"",
      ""AM_SAL"" : 500000.0
    }, {
      ""TX_REMARK"" : ""사은포인트|11cJO000001BAY9YAO|3.00"",
      ""PT_TARGET"" : 14550.0000,
      ""NO_SAL"" : null,
      ""NO_PROM_MBR"" : ""PRO202604161041"",
      ""NO_MBR"" : ""TEST03006"",
      ""NO_GRADE_ADVAN"" : ""01"",
      ""ID_INSERT"" : ""골든듀"",
      ""DTS_INSERT"" : ""2026-05-10 18:30:50"",
      ""DT_SAVE_PLAN"" : null,
      ""DT_LIMIT_START"" : ""2026-05-10 09:00:00"",
      ""DT_LIMIT_END"" : ""2028-05-10"",
      ""DT_DESTROY_PLAN"" : ""2028-05-11"",
      ""CD_TYPE_SAVE"" : ""Credit"",
      ""CD_TYPE_POINT"" : ""01"",
      ""CD_JOURNAL"" : ""05wJO0000004QOwYAM"",
      ""AM_SAL"" : 500000.0
    } ],
    ""oiList"" : [ {
      ""attributes"" : {
        ""type"" : ""OrderItem"",
        ""url"" : ""/services/data/v67.0/sobjects/OrderItem/802JO000005462TYAQ""
      },
      ""OrderId"" : ""801JO00000IBe9UYAT"",
      ""PricebookEntryId"" : ""01uJO0000011vRvYAI"",
      ""Quantity"" : 1,
      ""UnitPrice"" : 1000,
      ""SaleSeqNo__c"" : ""1"",
      ""SaleItemNo__c"" : ""801JO00000IBe9UYAT-1"",
      ""IsExclude__c"" : false,
      ""NetSalesUnitPrice__c"" : 500000.0,
      ""DiscountRate__c"" : null,
      ""Id"" : ""802JO000005462TYAQ""
    } ],
    ""storeType"" : ""09"",
    ""storeTypeFour"" : ""NULL"",
    ""orderId"" : ""801JO00000IBe9UYAT"",
    ""InsertId__c"" : ""골든듀"",
    ""TransactionJournal"" : [ {
      ""OrderNo__c"" : """",
      ""CouponNo"" : """",
      ""TransactionAmount"" : 436500.0,
      ""DepositType__c"" : ""02"",
      ""PaymentMethod"" : ""03"",
      ""ActivityDate"" : ""20260510"",
      ""DeposiSeqNo__c"" : ""4"",
      ""DepositNo__c"" : ""DEP04093""
    }, {
      ""OrderNo__c"" : ""SOR04012"",
      ""CouponNo"" : """",
      ""TransactionAmount"" : 10000.0,
      ""DepositType__c"" : ""01"",
      ""PaymentMethod"" : ""81"",
      ""ActivityDate"" : ""20260510"",
      ""DeposiSeqNo__c"" : ""1"",
      ""DepositNo__c"" : ""DEP04090""
    }, {
      ""OrderNo__c"" : ""SOR04012"",
      ""CouponNo"" : ""COP2026MY0003;-;QJ0IHQIH"",
      ""TransactionAmount"" : 5000.0,
      ""DepositType__c"" : ""01"",
      ""PaymentMethod"" : ""90"",
      ""ActivityDate"" : ""20260510"",
      ""DeposiSeqNo__c"" : ""2"",
      ""DepositNo__c"" : ""DEP04091""
    }, {
      ""OrderNo__c"" : ""SOR04012"",
      ""CouponNo"" : """",
      ""TransactionAmount"" : 48500.0,
      ""DepositType__c"" : ""01"",
      ""PaymentMethod"" : ""01"",
      ""ActivityDate"" : ""20260510"",
      ""DeposiSeqNo__c"" : ""3"",
      ""DepositNo__c"" : ""DEP04092""
    } ],
    ""OrderItem"" : [ {
      ""NetSalesUnitPrice__c"" : 500000.0,
      ""isExclude"" : false,
      ""Quantity"" : 1,
      ""ProductCode"" : ""TEST-001"",
      ""Status__c"" : ""01"",
      ""SaleSeqNo__c"" : ""1""
    } ],
    ""PromotionNo__c"" : ""PRO202604161041"",
    ""SaleStatus__c"" : ""01"",
    ""ActualPaymentAmount__c"" : 500000.0,
    ""EndDate"" : ""20260510"",
    ""SaleNo__c"" : ""SAL04046"",
    ""MemberNo__c"" : ""TEST03006"",
    ""StoreCode__c"" : ""99998"",
    ""AccountId"" : ""GOLDENDEW""
  },
  ""code"" : 200
}"
a12JO000000MeRpYAK,2026-05-10T09:33:33.000+0000,OrderTrigger,,,
a12JO000000MeRqYAK,2026-05-10T09:33:34.000+0000,OrderTriggerHandler,,,
a12JO000000MeRrYAK,2026-05-10T09:33:34.000+0000,OrderTrigger,,,
a12JO000000MeRsYAK,2026-05-10T09:33:34.000+0000,GdReturnApiControllerV1,/gd/v1/return,"{
    ""SaleNo__c"": ""SAL02V010"", 
    ""OriginalOrderId"": ""SAL02V008"", 
    ""ActualPaymentAmount__c"": 500000, 
    ""OrderItem"": [ 
        {
            ""SaleSeqNo__c"": ""1"", 
            ""ProductCode"": ""2A2600001"", 
            ""Quantity"": -1, 
            ""isExclude"": false, 
            ""NetSalesUnitPrice__c"": 500000.0, 
            ""DiscountRate__c"": 0 
        }
    ],
    ""TransactionJournal"": [ 
        {
            ""DepositNo__c"": ""DEP02V010"", 
            ""DeposiSeqNo__c"": ""1"", 
            ""ActivityDate"": ""20260510"", 
            ""PaymentMethod"": ""01"", 
            ""DepositType__c"": ""03"", 
            ""TransactionAmount"": 500000, 
            ""CouponNo"": """" 
        }
        
        
        
        
        
        
        
        
        
        
        
        
        
        
        
        
        
        
        
        
    ],
    ""InsertId__c"": ""골든듀"" 
}","{
  ""success"" : true,
  ""message"" : ""반품 등록 완료"",
  ""data"" : {
    ""CancelPointsCreditedList"" : [ {
      ""PT_USE"" : 15000.0000,
      ""NO_SAL_RTN"" : null,
      ""NO_SAL"" : ""SAL02V008"",
      ""NO_MBR"" : ""TEST02006"",
      ""ID_INSERT"" : null,
      ""DTS_INSERT"" : ""2026-05-10 18:33:34"",
      ""CD_TYPE_POINT"" : ""06"",
      ""CD_RESON"" : ""6"",
      ""CD_LEDGER"" : ""05wJO0000004QQXYA2"",
      ""CD_JOURNAL"" : ""05wJO0000004QLhYAM"",
      ""AM_SAL"" : null
    }, {
      ""PT_USE"" : 15000.0000,
      ""NO_SAL_RTN"" : null,
      ""NO_SAL"" : ""SAL02V008"",
      ""NO_MBR"" : ""TEST02006"",
      ""ID_INSERT"" : null,
      ""DTS_INSERT"" : ""2026-05-10 18:33:34"",
      ""CD_TYPE_POINT"" : ""07"",
      ""CD_RESON"" : ""6"",
      ""CD_LEDGER"" : ""05wJO0000004QQYYA2"",
      ""CD_JOURNAL"" : ""05wJO0000004QLiYAM"",
      ""AM_SAL"" : null
    } ],
    ""originalOrderId"" : ""801JO00000IBaFtYAL"",
    ""orderId"" : ""801JO00000IBa2rYAD"",
    ""InsertId__c"" : ""골든듀"",
    ""TransactionJournal"" : [ {
      ""CouponNo"" : """",
      ""TransactionAmount"" : 500000,
      ""DepositType__c"" : ""03"",
      ""PaymentMethod"" : ""01"",
      ""ActivityDate"" : ""20260510"",
      ""DeposiSeqNo__c"" : ""1"",
      ""DepositNo__c"" : ""DEP02V010""
    } ],
    ""OrderItem"" : [ {
      ""DiscountRate__c"" : 0,
      ""NetSalesUnitPrice__c"" : 500000.0,
      ""isExclude"" : false,
      ""Quantity"" : -1,
      ""ProductCode"" : ""2A2600001"",
      ""SaleSeqNo__c"" : ""1""
    } ],
    ""ActualPaymentAmount__c"" : 500000,
    ""OriginalOrderId"" : ""SAL02V008"",
    ""SaleNo__c"" : ""SAL02V010""
  },
  ""code"" : 200
}"
a12JO000000Me8bYAC,2026-05-10T09:34:14.000+0000,OrderTrigger,,,
a12JO000000Me8cYAC,2026-05-10T09:34:14.000+0000,OrderTriggerHandler,,,
a12JO000000Me8dYAC,2026-05-10T09:34:14.000+0000,OrderTrigger,,,
a12JO000000Me8eYAC,2026-05-10T09:34:14.000+0000,GdOrderApiControllerV1,/gd/v1/order,"{
    ""AccountId"": ""1000"",
    ""StoreCode__c"": ""99998"",
    ""MemberNo__c"": ""TEST01005"",
    ""OrderNo__c"": ""SOR01V003"",
    ""ActualPaymentAmount__c"": 500000.0,
    ""OrderStatus__c"": ""01"",
    ""Type"": ""01"",
    ""PromotionNo__c"": ""PRO202604161041"",
    ""OrderItem"": [
        {
            ""OrderSeqNo__c"": ""1"",
            ""Status__c"": ""01"",
            ""ProductCode"": ""2A2600001"",
            ""Quantity"": 1,
            ""isExclude"": false,
            ""NetSalesUnitPrice__c"": 500000.0000,
            ""DiscountRate__c"": 0.0000
        }
    ],
    ""TransactionJournal"": [
        {
            ""DepositNo__c"": ""DEP01V009"",
            ""DeposiSeqNo__c"": ""1"",
            ""ActivityDate"": ""20260508"",
            ""PaymentMethod"": ""03"",
            ""DepositType__c"": ""01"",
            ""TransactionAmount"": 50000.0000,
            ""CouponNo"": """",
            ""OrderNo__c"": null
        },
        {
            ""DepositNo__c"": ""DEP01V009"",
            ""DeposiSeqNo__c"": ""2"",
            ""ActivityDate"": ""20260508"",
            ""PaymentMethod"": ""90"",
            ""DepositType__c"": ""01"",
            ""TransactionAmount"": 70000.0000,
            ""CouponNo"": ""COP2026JA0028;-;29"",
            ""OrderNo__c"": null
        }
    ]
}","{
  ""success"" : true,
  ""message"" : ""주문 등록 완료"",
  ""data"" : {
    ""DebitPointList"" : [ ],
    ""isGoldenBar"" : false,
    ""oiList"" : [ {
      ""attributes"" : {
        ""type"" : ""OrderItem"",
        ""url"" : ""/services/data/v67.0/sobjects/OrderItem/802JO0000054468YAA""
      },
      ""OrderId"" : ""801JO00000IBcChYAL"",
      ""Status__c"" : ""01"",
      ""PricebookEntryId"" : ""01uJO000001R0w4YAC"",
      ""Quantity"" : 1,
      ""UnitPrice"" : 500000,
      ""OrderItemNo__c"" : ""801JO00000IBcChYAL-1"",
      ""IsExclude__c"" : false,
      ""NetSalesUnitPrice__c"" : 500000.0000,
      ""DiscountRate__c"" : 0.0000,
      ""Id"" : ""802JO0000054468YAA""
    } ],
    ""storeType"" : ""09"",
    ""storeTypeFour"" : ""NULL"",
    ""orderId"" : ""801JO00000IBcChYAL"",
    ""TransactionJournal"" : [ {
      ""OrderNo__c"" : null,
      ""CouponNo"" : """",
      ""TransactionAmount"" : 50000.0000,
      ""DepositType__c"" : ""01"",
      ""PaymentMethod"" : ""03"",
      ""ActivityDate"" : ""20260508"",
      ""DeposiSeqNo__c"" : ""1"",
      ""DepositNo__c"" : ""DEP01V009""
    }, {
      ""OrderNo__c"" : null,
      ""CouponNo"" : ""COP2026JA0028;-;29"",
      ""TransactionAmount"" : 70000.0000,
      ""DepositType__c"" : ""01"",
      ""PaymentMethod"" : ""90"",
      ""ActivityDate"" : ""20260508"",
      ""DeposiSeqNo__c"" : ""2"",
      ""DepositNo__c"" : ""DEP01V009""
    } ],
    ""OrderItem"" : [ {
      ""DiscountRate__c"" : 0.0000,
      ""NetSalesUnitPrice__c"" : 500000.0000,
      ""isExclude"" : false,
      ""Quantity"" : 1,
      ""ProductCode"" : ""2A2600001"",
      ""Status__c"" : ""01"",
      ""OrderSeqNo__c"" : ""1""
    } ],
    ""PromotionNo__c"" : ""PRO202604161041"",
    ""Type"" : ""01"",
    ""OrderStatus__c"" : ""01"",
    ""ActualPaymentAmount__c"" : 500000.0,
    ""OrderNo__c"" : ""SOR01V003"",
    ""MemberNo__c"" : ""TEST01005"",
    ""StoreCode__c"" : ""99998"",
    ""AccountId"" : ""1000""
  },
  ""code"" : 200
}"
a12JO000000MeTRYA0,2026-05-10T09:34:14.000+0000,GdSaleDepositApiControllerV1,"{""DeposiSeqNo__c"":""1"",""DepositNo__c"":""DEP04090""}",,"{
  ""success"" : true,
  ""message"" : ""판매 입금 삭제 삭제 완료"",
  ""data"" : {
    ""CancelCoupon"" : null,
    ""CancelPointsCreditedList"" : null,
    ""CancelPointList"" : null
  },
  ""code"" : 200
}"
a12JO000000Mdh9YAC,2026-05-10T09:34:19.000+0000,GdSaleDepositApiControllerV1,"{""DeposiSeqNo__c"":""2"",""DepositNo__c"":""DEP04091""}",,"{
  ""success"" : true,
  ""message"" : ""판매 입금 삭제 삭제 완료"",
  ""data"" : {
    ""CancelCoupon"" : null,
    ""CancelPointsCreditedList"" : null,
    ""CancelPointList"" : null
  },
  ""code"" : 200
}"
a12JO000000MeV4YAK,2026-05-10T09:34:59.000+0000,GdSaleApiControllerV1,/gd/v1/sale,"{
    ""AccountId"": ""1000"",
    ""StoreCode__c"": ""99998"",
    ""MemberNo__c"": ""TEST02006"",
    ""SaleNo__c"": ""SAL02V011"",
    ""ActualPaymentAmount__c"": 500000.0,
    ""EndDate"": ""20260510"",
    ""SaleStatus__c"": ""01"",
    ""PromotionNo__c"": ""PRO202605021069"",
    ""OrderItem"": [
        {
            ""SaleSeqNo__c"": ""1"",
            ""OrderNo__c"": null,
            ""ProductCode"": ""2A2600001"",
            ""Quantity"": 1,
            ""isExclude"": false,
            ""NetSalesUnitPrice__c"": 500000.0000,
            ""DiscountRate__c"": 0.0000
        }
        
        
        
        
        
        
        
        
        
        
    ],
    ""TransactionJournal"": [
        
        
        
        
        
        
        
        
        
        
        {
            ""DepositNo__c"": ""DEP02V010"",
            ""DeposiSeqNo__c"": ""1"",
            ""ActivityDate"": ""20260510"",
            ""PaymentMethod"": ""01"",
            ""DepositType__c"": ""02"",
            ""TransactionAmount"": 440000.0000,
            ""CouponNo"": """",
            ""OrderNo__c"": null
        }
        
        
        
        
        
        
        
        
        
        
        
        ,
        {
            ""DepositNo__c"": ""DEP02V010"",
            ""DeposiSeqNo__c"": ""2"",
            ""ActivityDate"": ""20260510"",
            ""PaymentMethod"": ""81"",
            ""DepositType__c"": ""02"",
            ""TransactionAmount"": 60000.0000,
            ""CouponNo"": """",
            ""OrderNo__c"": null
        }
    ]
}","{
  ""success"" : false,
  ""message"" : ""Insert failed. First exception on row 0; first error: DUPLICATE_VALUE, 중복 값 발견: DepositNo__c이(가) ID가 다음과 같은 레코드의 값과 중복됩니다. 0lVJO000000CHMr2AO: []"",
  ""code"" : 500
}"
a12JO000000MeWfYAK,2026-05-10T09:35:13.000+0000,OrderTrigger,,,
a12JO000000MeWgYAK,2026-05-10T09:35:14.000+0000,OrderTriggerHandler,,,
a12JO000000MeWhYAK,2026-05-10T09:35:14.000+0000,OrderTrigger,,,
a12JO000000MeWiYAK,2026-05-10T09:35:15.000+0000,GdSaleApiControllerV1,/gd/v1/sale,"{
    ""AccountId"": ""1000"",
    ""StoreCode__c"": ""99998"",
    ""MemberNo__c"": ""TEST02006"",
    ""SaleNo__c"": ""SAL02V011"",
    ""ActualPaymentAmount__c"": 500000.0,
    ""EndDate"": ""20260510"",
    ""SaleStatus__c"": ""01"",
    ""PromotionNo__c"": ""PRO202605021069"",
    ""OrderItem"": [
        {
            ""SaleSeqNo__c"": ""1"",
            ""OrderNo__c"": null,
            ""ProductCode"": ""2A2600001"",
            ""Quantity"": 1,
            ""isExclude"": false,
            ""NetSalesUnitPrice__c"": 500000.0000,
            ""DiscountRate__c"": 0.0000
        }
        
        
        
        
        
        
        
        
        
        
    ],
    ""TransactionJournal"": [
        
        
        
        
        
        
        
        
        
        
        {
            ""DepositNo__c"": ""DEP02V011"",
            ""DeposiSeqNo__c"": ""1"",
            ""ActivityDate"": ""20260510"",
            ""PaymentMethod"": ""01"",
            ""DepositType__c"": ""02"",
            ""TransactionAmount"": 440000.0000,
            ""CouponNo"": """",
            ""OrderNo__c"": null
        }
        
        
        
        
        
        
        
        
        
        
        
        ,
        {
            ""DepositNo__c"": ""DEP02V011"",
            ""DeposiSeqNo__c"": ""2"",
            ""ActivityDate"": ""20260510"",
            ""PaymentMethod"": ""81"",
            ""DepositType__c"": ""02"",
            ""TransactionAmount"": 60000.0000,
            ""CouponNo"": """",
            ""OrderNo__c"": null
        }
    ]
}","{
  ""success"" : true,
  ""message"" : ""판매 등록 완료"",
  ""data"" : {
    ""CreditPointList"" : [ {
      ""TX_REMARK"" : ""사은포인트|11cJO000001BAY9YAO|3.00"",
      ""PT_TARGET"" : 13200.0000,
      ""NO_SAL"" : null,
      ""NO_PROM_MBR"" : ""PRO202605021069"",
      ""NO_MBR"" : ""TEST02006"",
      ""NO_GRADE_ADVAN"" : ""04"",
      ""ID_INSERT"" : null,
      ""DTS_INSERT"" : ""2026-05-10 18:35:14"",
      ""DT_SAVE_PLAN"" : null,
      ""DT_LIMIT_START"" : ""2026-05-10 09:00:00"",
      ""DT_LIMIT_END"" : ""2028-05-10"",
      ""DT_DESTROY_PLAN"" : ""2028-05-11"",
      ""CD_TYPE_SAVE"" : ""Credit"",
      ""CD_TYPE_POINT"" : ""01"",
      ""CD_JOURNAL"" : ""05wJO0000004QTnYAM"",
      ""AM_SAL"" : 500000.0
    }, {
      ""TX_REMARK"" : ""이벤트포인트|11cJO000001nThpYAE|3.00"",
      ""PT_TARGET"" : 13200.0000,
      ""NO_SAL"" : null,
      ""NO_PROM_MBR"" : ""PRO202605021069"",
      ""NO_MBR"" : ""TEST02006"",
      ""NO_GRADE_ADVAN"" : ""04"",
      ""ID_INSERT"" : null,
      ""DTS_INSERT"" : ""2026-05-10 18:35:14"",
      ""DT_SAVE_PLAN"" : null,
      ""DT_LIMIT_START"" : ""2026-05-10 09:00:00"",
      ""DT_LIMIT_END"" : ""2028-05-10"",
      ""DT_DESTROY_PLAN"" : ""2028-05-11"",
      ""CD_TYPE_SAVE"" : ""Credit"",
      ""CD_TYPE_POINT"" : ""07"",
      ""CD_JOURNAL"" : ""05wJO0000004QToYAM"",
      ""AM_SAL"" : 500000.0
    } ],
    ""DebitPointList"" : [ {
      ""PT_USE"" : 15000.0000,
      ""NO_SAL_RTN"" : null,
      ""NO_SAL"" : ""SAL02V011"",
      ""NO_MBR"" : ""TEST02006"",
      ""ID_INSERT"" : null,
      ""DTS_INSERT"" : ""2026-05-10 18:35:13"",
      ""CD_TYPE_POINT"" : ""07"",
      ""CD_RESON"" : ""1"",
      ""CD_LEDGER"" : ""05wJO0000004QTlYAM"",
      ""CD_JOURNAL"" : ""05wJO0000004QLiYAM"",
      ""AM_SAL"" : 500000.0
    }, {
      ""PT_USE"" : 33900.0000,
      ""NO_SAL_RTN"" : null,
      ""NO_SAL"" : ""SAL02V011"",
      ""NO_MBR"" : ""TEST02006"",
      ""ID_INSERT"" : null,
      ""DTS_INSERT"" : ""2026-05-10 18:35:13"",
      ""CD_TYPE_POINT"" : ""06"",
      ""CD_RESON"" : ""1"",
      ""CD_LEDGER"" : ""05wJO0000004QTmYAM"",
      ""CD_JOURNAL"" : ""05wJO0000004QDiYAM"",
      ""AM_SAL"" : 500000.0
    }, {
      ""PT_USE"" : 11100.0000,
      ""NO_SAL_RTN"" : null,
      ""NO_SAL"" : ""SAL02V011"",
      ""NO_MBR"" : ""TEST02006"",
      ""ID_INSERT"" : null,
      ""DTS_INSERT"" : ""2026-05-10 18:35:13"",
      ""CD_TYPE_POINT"" : ""06"",
      ""CD_RESON"" : ""1"",
      ""CD_LEDGER"" : ""05wJO0000004QTmYAM"",
      ""CD_JOURNAL"" : ""05wJO0000004QLhYAM"",
      ""AM_SAL"" : 500000.0
    } ],
    ""oiList"" : [ {
      ""attributes"" : {
        ""type"" : ""OrderItem"",
        ""url"" : ""/services/data/v67.0/sobjects/OrderItem/802JO00000544K6YAI""
      },
      ""OrderId"" : ""801JO00000IBdzmYAD"",
      ""PricebookEntryId"" : ""01uJO000001R0w4YAC"",
      ""Quantity"" : 1,
      ""UnitPrice"" : 500000,
      ""SaleSeqNo__c"" : ""1"",
      ""SaleItemNo__c"" : ""801JO00000IBdzmYAD-1"",
      ""IsExclude__c"" : false,
      ""NetSalesUnitPrice__c"" : 500000.0000,
      ""DiscountRate__c"" : 0.0000,
      ""Id"" : ""802JO00000544K6YAI""
    } ],
    ""storeType"" : ""09"",
    ""storeTypeFour"" : ""NULL"",
    ""orderId"" : ""801JO00000IBdzmYAD"",
    ""TransactionJournal"" : [ {
      ""OrderNo__c"" : null,
      ""CouponNo"" : """",
      ""TransactionAmount"" : 440000.0000,
      ""DepositType__c"" : ""02"",
      ""PaymentMethod"" : ""01"",
      ""ActivityDate"" : ""20260510"",
      ""DeposiSeqNo__c"" : ""1"",
      ""DepositNo__c"" : ""DEP02V011""
    }, {
      ""OrderNo__c"" : null,
      ""CouponNo"" : """",
      ""TransactionAmount"" : 60000.0000,
      ""DepositType__c"" : ""02"",
      ""PaymentMethod"" : ""81"",
      ""ActivityDate"" : ""20260510"",
      ""DeposiSeqNo__c"" : ""2"",
      ""DepositNo__c"" : ""DEP02V011""
    } ],
    ""OrderItem"" : [ {
      ""DiscountRate__c"" : 0.0000,
      ""NetSalesUnitPrice__c"" : 500000.0000,
      ""isExclude"" : false,
      ""Quantity"" : 1,
      ""ProductCode"" : ""2A2600001"",
      ""OrderNo__c"" : null,
      ""SaleSeqNo__c"" : ""1""
    } ],
    ""PromotionNo__c"" : ""PRO202605021069"",
    ""SaleStatus__c"" : ""01"",
    ""EndDate"" : ""20260510"",
    ""ActualPaymentAmount__c"" : 500000.0,
    ""SaleNo__c"" : ""SAL02V011"",
    ""MemberNo__c"" : ""TEST02006"",
    ""StoreCode__c"" : ""99998"",
    ""AccountId"" : ""1000""
  },
  ""code"" : 200
}"
a12JO000000MeYHYA0,2026-05-10T09:36:23.000+0000,OrderTrigger,,,
a12JO000000MeYIYA0,2026-05-10T09:36:25.000+0000,GdSaleApiControllerV1,/gd/v1/sale,"{
    ""SaleNo__c"": ""SAL04046"", 
    ""ActualPaymentAmount__c"": 500000.0, 
    ""SaleStatus__c"": ""01"", 
    ""OrderItem"": [ 
        {
            ""SaleSeqNo__c"": ""1"", 
            ""OrderNo__c"": ""SOR04012"", 
            ""ProductCode"": ""TEST-001"", 
            ""Quantity"": 1, 
            ""NetSalesUnitPrice__c"": 500000.0, 
            ""DiscountRate__c"": 0 
        }
        
        
        
        
        
        
        
        
        
    ],
    ""TransactionJournal"": [ 
        {
            ""DepositNo__c"": ""DEP04093"",
            ""DeposiSeqNo__c"": ""4"",
            ""ActivityDate"": ""20260510"",
            ""PaymentMethod"": ""03"",
            ""DepositType__c"": ""02"",
            ""TransactionAmount"": 500000.0,
            ""CouponNo"": """",
            ""OrderNo__c"": """"
        }
        
        
        
        
        
        
        
        
        
        
        
        
        
        
        
        
        
        
        
        
        
        
        
        
        
        
        
        
        
        
        
        
    ]
}","{
  ""success"" : true,
  ""message"" : ""판매 수정 완료"",
  ""data"" : {
    ""CreditPointList"" : [ {
      ""TX_REMARK"" : ""구매포인트|11cJO000001BAZlYAO|0"",
      ""PT_TARGET"" : 150.0000,
      ""NO_SAL"" : null,
      ""NO_PROM_MBR"" : null,
      ""NO_MBR"" : ""TEST03006"",
      ""NO_GRADE_ADVAN"" : ""01"",
      ""ID_INSERT"" : null,
      ""DTS_INSERT"" : ""2026-05-10 18:36:24"",
      ""DT_SAVE_PLAN"" : null,
      ""DT_LIMIT_START"" : ""2026-05-10 09:00:00"",
      ""DT_LIMIT_END"" : ""2028-05-10"",
      ""DT_DESTROY_PLAN"" : ""2028-05-11"",
      ""CD_TYPE_SAVE"" : ""Credit"",
      ""CD_TYPE_POINT"" : ""01"",
      ""CD_JOURNAL"" : ""05wJO0000004QVNYA2"",
      ""AM_SAL"" : 500000.0
    }, {
      ""TX_REMARK"" : ""사은포인트|11cJO000001BAY9YAO|0"",
      ""PT_TARGET"" : 450.0000,
      ""NO_SAL"" : null,
      ""NO_PROM_MBR"" : null,
      ""NO_MBR"" : ""TEST03006"",
      ""NO_GRADE_ADVAN"" : ""01"",
      ""ID_INSERT"" : null,
      ""DTS_INSERT"" : ""2026-05-10 18:36:24"",
      ""DT_SAVE_PLAN"" : null,
      ""DT_LIMIT_START"" : ""2026-05-10 09:00:00"",
      ""DT_LIMIT_END"" : ""2028-05-10"",
      ""DT_DESTROY_PLAN"" : ""2028-05-11"",
      ""CD_TYPE_SAVE"" : ""Credit"",
      ""CD_TYPE_POINT"" : ""01"",
      ""CD_JOURNAL"" : ""05wJO0000004QVOYA2"",
      ""AM_SAL"" : 500000.0
    } ],
    ""orderId"" : ""801JO00000IBe9UYAT"",
    ""TransactionJournal"" : [ {
      ""OrderNo__c"" : """",
      ""CouponNo"" : """",
      ""TransactionAmount"" : 500000.0,
      ""DepositType__c"" : ""02"",
      ""PaymentMethod"" : ""03"",
      ""ActivityDate"" : ""20260510"",
      ""DeposiSeqNo__c"" : ""4"",
      ""DepositNo__c"" : ""DEP04093""
    } ],
    ""OrderItem"" : [ {
      ""DiscountRate__c"" : 0,
      ""NetSalesUnitPrice__c"" : 500000.0,
      ""Quantity"" : 1,
      ""ProductCode"" : ""TEST-001"",
      ""OrderNo__c"" : ""SOR04012"",
      ""SaleSeqNo__c"" : ""1""
    } ],
    ""SaleStatus__c"" : ""01"",
    ""ActualPaymentAmount__c"" : 500000.0,
    ""SaleNo__c"" : ""SAL04046""
  },
  ""code"" : 200
}"
a12JO000000MeZtYAK,2026-05-10T09:36:27.000+0000,OrderTrigger,,,
a12JO000000MeZuYAK,2026-05-10T09:36:28.000+0000,OrderTriggerHandler,,,
a12JO000000MeZvYAK,2026-05-10T09:36:28.000+0000,OrderTrigger,,,
a12JO000000MeZwYAK,2026-05-10T09:36:28.000+0000,GdSaleApiControllerV1,/gd/v1/sale,"{
    ""AccountId"": ""1000"",
    ""StoreCode__c"": ""99998"",
    ""MemberNo__c"": ""TEST01005"",
    ""SaleNo__c"": ""SAL01V007"",
    ""ActualPaymentAmount__c"": 500000.0,
    ""EndDate"": ""20260508"",
    ""SaleStatus__c"": ""01"",
    ""PromotionNo__c"": ""PRO202604161041"",
    ""OrderItem"": [
        {
            ""SaleSeqNo__c"": ""1"",
            ""OrderNo__c"": ""SOR01V003"",
            ""ProductCode"": ""2A2600001"",
            ""Quantity"": 1,
            ""isExclude"": false,
            ""NetSalesUnitPrice__c"": 500000.0000,
            ""DiscountRate__c"": 0.0000
        }
    ],
    ""TransactionJournal"": [
        {
            ""DepositNo__c"": ""DEP01V009"",
            ""DeposiSeqNo__c"": ""1"",
            ""ActivityDate"": ""20260508"",
            ""PaymentMethod"": ""03"",
            ""DepositType__c"": ""01"",
            ""TransactionAmount"": 50000.0000,
            ""CouponNo"": """",
            ""OrderNo__c"": ""SOR01V003""
        },
        {
            ""DepositNo__c"": ""DEP01V009"",
            ""DeposiSeqNo__c"": ""2"",
            ""ActivityDate"": ""20260508"",
            ""PaymentMethod"": ""90"",
            ""DepositType__c"": ""01"",
            ""TransactionAmount"": 70000.0000,
            ""CouponNo"": ""COP2026JA0028;-;29"",
            ""OrderNo__c"": ""SOR01V003""
        },
        {
            ""DepositNo__c"": ""DEP01V010"",
            ""DeposiSeqNo__c"": ""1"",
            ""ActivityDate"": ""20260508"",
            ""PaymentMethod"": ""01"",
            ""DepositType__c"": ""02"",
            ""TransactionAmount"": 380000.0000,
            ""CouponNo"": """",
            ""OrderNo__c"": null
        }
    ]
}","{
  ""success"" : true,
  ""message"" : ""판매 등록 완료"",
  ""data"" : {
    ""CreditPointList"" : [ {
      ""TX_REMARK"" : ""구매포인트|11cJO000001BAZlYAO|2.00"",
      ""PT_TARGET"" : 8600.0000,
      ""NO_SAL"" : null,
      ""NO_PROM_MBR"" : ""PRO202604161041"",
      ""NO_MBR"" : ""TEST01005"",
      ""NO_GRADE_ADVAN"" : ""04"",
      ""ID_INSERT"" : null,
      ""DTS_INSERT"" : ""2026-05-10 18:36:28"",
      ""DT_SAVE_PLAN"" : null,
      ""DT_LIMIT_START"" : ""2026-05-08 09:00:00"",
      ""DT_LIMIT_END"" : ""2028-05-08"",
      ""DT_DESTROY_PLAN"" : ""2028-05-09"",
      ""CD_TYPE_SAVE"" : ""Credit"",
      ""CD_TYPE_POINT"" : ""01"",
      ""CD_JOURNAL"" : ""05wJO0000004QWzYAM"",
      ""AM_SAL"" : 500000.0
    }, {
      ""TX_REMARK"" : ""사은포인트|11cJO000001BAY9YAO|3.00"",
      ""PT_TARGET"" : 12900.0000,
      ""NO_SAL"" : null,
      ""NO_PROM_MBR"" : ""PRO202604161041"",
      ""NO_MBR"" : ""TEST01005"",
      ""NO_GRADE_ADVAN"" : ""04"",
      ""ID_INSERT"" : null,
      ""DTS_INSERT"" : ""2026-05-10 18:36:28"",
      ""DT_SAVE_PLAN"" : null,
      ""DT_LIMIT_START"" : ""2026-05-08 09:00:00"",
      ""DT_LIMIT_END"" : ""2028-05-08"",
      ""DT_DESTROY_PLAN"" : ""2028-05-09"",
      ""CD_TYPE_SAVE"" : ""Credit"",
      ""CD_TYPE_POINT"" : ""01"",
      ""CD_JOURNAL"" : ""05wJO0000004QX0YAM"",
      ""AM_SAL"" : 500000.0
    } ],
    ""oiList"" : [ {
      ""attributes"" : {
        ""type"" : ""OrderItem"",
        ""url"" : ""/services/data/v67.0/sobjects/OrderItem/802JO00000546K6YAI""
      },
      ""OrderId"" : ""801JO00000IBcfbYAD"",
      ""PricebookEntryId"" : ""01uJO000001R0w4YAC"",
      ""Quantity"" : 1,
      ""UnitPrice"" : 500000,
      ""SaleSeqNo__c"" : ""1"",
      ""SaleItemNo__c"" : ""801JO00000IBcfbYAD-1"",
      ""IsExclude__c"" : false,
      ""NetSalesUnitPrice__c"" : 500000.0000,
      ""DiscountRate__c"" : 0.0000,
      ""OrderId__c"" : ""801JO00000IBcChYAL"",
      ""Id"" : ""802JO00000546K6YAI""
    } ],
    ""storeType"" : ""09"",
    ""storeTypeFour"" : ""NULL"",
    ""orderId"" : ""801JO00000IBcfbYAD"",
    ""TransactionJournal"" : [ {
      ""OrderNo__c"" : ""SOR01V003"",
      ""CouponNo"" : """",
      ""TransactionAmount"" : 50000.0000,
      ""DepositType__c"" : ""01"",
      ""PaymentMethod"" : ""03"",
      ""ActivityDate"" : ""20260508"",
      ""DeposiSeqNo__c"" : ""1"",
      ""DepositNo__c"" : ""DEP01V009""
    }, {
      ""OrderNo__c"" : ""SOR01V003"",
      ""CouponNo"" : ""COP2026JA0028;-;29"",
      ""TransactionAmount"" : 70000.0000,
      ""DepositType__c"" : ""01"",
      ""PaymentMethod"" : ""90"",
      ""ActivityDate"" : ""20260508"",
      ""DeposiSeqNo__c"" : ""2"",
      ""DepositNo__c"" : ""DEP01V009""
    }, {
      ""OrderNo__c"" : null,
      ""CouponNo"" : """",
      ""TransactionAmount"" : 380000.0000,
      ""DepositType__c"" : ""02"",
      ""PaymentMethod"" : ""01"",
      ""ActivityDate"" : ""20260508"",
      ""DeposiSeqNo__c"" : ""1"",
      ""DepositNo__c"" : ""DEP01V010""
    } ],
    ""OrderItem"" : [ {
      ""DiscountRate__c"" : 0.0000,
      ""NetSalesUnitPrice__c"" : 500000.0000,
      ""isExclude"" : false,
      ""Quantity"" : 1,
      ""ProductCode"" : ""2A2600001"",
      ""OrderNo__c"" : ""SOR01V003"",
      ""SaleSeqNo__c"" : ""1""
    } ],
    ""PromotionNo__c"" : ""PRO202604161041"",
    ""SaleStatus__c"" : ""01"",
    ""EndDate"" : ""20260508"",
    ""ActualPaymentAmount__c"" : 500000.0,
    ""SaleNo__c"" : ""SAL01V007"",
    ""MemberNo__c"" : ""TEST01005"",
    ""StoreCode__c"" : ""99998"",
    ""AccountId"" : ""1000""
  },
  ""code"" : 200
}"
a12JO000000Mdu2YAC,2026-05-10T09:39:49.000+0000,GdReturnApiControllerV1,/gd/v1/return,"{
    ""SaleNo__c"": ""SAL02V012"", 
    ""OriginalOrderId"": ""SAL02V008"", 
    ""ActualPaymentAmount__c"": 500000, 
    ""OrderItem"": [ 
        {
            ""SaleSeqNo__c"": ""1"", 
            ""ProductCode"": ""2A2600001"", 
            ""Quantity"": -1, 
            ""isExclude"": false, 
            ""NetSalesUnitPrice__c"": 500000.0, 
            ""DiscountRate__c"": 0 
        }
    ],
    ""TransactionJournal"": [ 
        {
            ""DepositNo__c"": ""DEP02V012"", 
            ""DeposiSeqNo__c"": ""1"", 
            ""ActivityDate"": ""20260510"", 
            ""PaymentMethod"": ""01"", 
            ""DepositType__c"": ""03"", 
            ""TransactionAmount"": 500000, 
            ""CouponNo"": """" 
        }
        
        
        
        
        
        
        
        
        
        
        
        
        
        
        
        
        
        
        
        
    ],
    ""InsertId__c"": ""골든듀"" 
}","{
  ""success"" : false,
  ""message"" : ""반품 입금 등록 불가 — 적립된 포인트가 다른 주문/판매에서 이미 사용되었습니다. 판매번호: SAL02V011 / 입금번호: DEP02V011-2"",
  ""code"" : 400
}"
a12JO000000MebVYAS,2026-05-10T09:40:16.000+0000,OrderTrigger,,,
a12JO000000MebWYAS,2026-05-10T09:40:17.000+0000,GdSaleApiControllerV1,/gd/v1/sale,"{
    ""SaleNo__c"": ""SAL04046"", 
    ""ActualPaymentAmount__c"": 500000.0, 
    ""SaleStatus__c"": ""01"", 
    ""OrderItem"": [ 
        {
            ""SaleSeqNo__c"": ""1"", 
            ""OrderNo__c"": ""SOR04012"", 
            ""ProductCode"": ""TEST-001"", 
            ""Quantity"": 1, 
            ""NetSalesUnitPrice__c"": 500000.0, 
            ""DiscountRate__c"": 0 
        }
        
        
        
        
        
        
        
        
        
    ],
    ""TransactionJournal"": [ 
        {
            ""DepositNo__c"": ""DEP04093"",
            ""DeposiSeqNo__c"": ""4"",
            ""ActivityDate"": ""20260510"",
            ""PaymentMethod"": ""03"",
            ""DepositType__c"": ""02"",
            ""TransactionAmount"": 451500.0,
            ""CouponNo"": """",
            ""OrderNo__c"": """"
        }
        
        
        
        
        
        
        
        
        
        
        
        
        
        
        
        
        
        
        
        
        
        
        
        
        
        
        
        
        
        
        
        
    ]
}","{
  ""success"" : true,
  ""message"" : ""판매 수정 완료"",
  ""data"" : {
    ""orderId"" : ""801JO00000IBe9UYAT"",
    ""TransactionJournal"" : [ {
      ""OrderNo__c"" : """",
      ""CouponNo"" : """",
      ""TransactionAmount"" : 451500.0,
      ""DepositType__c"" : ""02"",
      ""PaymentMethod"" : ""03"",
      ""ActivityDate"" : ""20260510"",
      ""DeposiSeqNo__c"" : ""4"",
      ""DepositNo__c"" : ""DEP04093""
    } ],
    ""OrderItem"" : [ {
      ""DiscountRate__c"" : 0,
      ""NetSalesUnitPrice__c"" : 500000.0,
      ""Quantity"" : 1,
      ""ProductCode"" : ""TEST-001"",
      ""OrderNo__c"" : ""SOR04012"",
      ""SaleSeqNo__c"" : ""1""
    } ],
    ""SaleStatus__c"" : ""01"",
    ""ActualPaymentAmount__c"" : 500000.0,
    ""SaleNo__c"" : ""SAL04046""
  },
  ""code"" : 200
}"
a12JO000000Med7YAC,2026-05-10T09:40:54.000+0000,OrderTrigger,,,
a12JO000000Med8YAC,2026-05-10T09:40:56.000+0000,OrderTriggerHandler,,,
a12JO000000Med9YAC,2026-05-10T09:40:56.000+0000,OrderTrigger,,,
a12JO000000MedAYAS,2026-05-10T09:40:56.000+0000,GdReturnApiControllerV1,/gd/v1/return,"{
    ""SaleNo__c"": ""SAL02V012"", 
    ""OriginalOrderId"": ""SAL02V011"", 
    ""ActualPaymentAmount__c"": 500000, 
    ""OrderItem"": [ 
        {
            ""SaleSeqNo__c"": ""1"", 
            ""ProductCode"": ""2A2600001"", 
            ""Quantity"": -1, 
            ""isExclude"": false, 
            ""NetSalesUnitPrice__c"": 500000.0, 
            ""DiscountRate__c"": 0 
        }
    ],
    ""TransactionJournal"": [ 
        {
            ""DepositNo__c"": ""DEP02V012"", 
            ""DeposiSeqNo__c"": ""1"", 
            ""ActivityDate"": ""20260510"", 
            ""PaymentMethod"": ""01"", 
            ""DepositType__c"": ""03"", 
            ""TransactionAmount"": 440000, 
            ""CouponNo"": """" 
        }
        
        
        
        
        
        
        
        
        
        
        ,
        {
            ""DepositNo__c"": ""DEP02V012"", 
            ""DeposiSeqNo__c"": ""2"", 
            ""ActivityDate"": ""20260510"", 
            ""PaymentMethod"": ""81"", 
            ""DepositType__c"": ""03"", 
            ""TransactionAmount"": 60000, 
            ""CouponNo"": """" 
        }
    ],
    ""InsertId__c"": ""골든듀"" 
}","{
  ""success"" : true,
  ""message"" : ""반품 등록 완료"",
  ""data"" : {
    ""CancelPointsCreditedList"" : [ {
      ""PT_USE"" : 13200.0000,
      ""NO_SAL_RTN"" : null,
      ""NO_SAL"" : ""SAL02V011"",
      ""NO_MBR"" : ""TEST02006"",
      ""ID_INSERT"" : null,
      ""DTS_INSERT"" : ""2026-05-10 18:40:55"",
      ""CD_TYPE_POINT"" : ""06"",
      ""CD_RESON"" : ""6"",
      ""CD_LEDGER"" : ""05wJO0000004QaFYAU"",
      ""CD_JOURNAL"" : ""05wJO0000004QTnYAM"",
      ""AM_SAL"" : null
    }, {
      ""PT_USE"" : 13200.0000,
      ""NO_SAL_RTN"" : null,
      ""NO_SAL"" : ""SAL02V011"",
      ""NO_MBR"" : ""TEST02006"",
      ""ID_INSERT"" : null,
      ""DTS_INSERT"" : ""2026-05-10 18:40:56"",
      ""CD_TYPE_POINT"" : ""07"",
      ""CD_RESON"" : ""6"",
      ""CD_LEDGER"" : ""05wJO0000004QaGYAU"",
      ""CD_JOURNAL"" : ""05wJO0000004QToYAM"",
      ""AM_SAL"" : null
    } ],
    ""CancelPointList"" : {
      ""RecreditPointList"" : [ {
        ""ExpiryDate"" : ""2028-05-10"",
        ""Name"" : ""사은포인트"",
        ""Point"" : 45000.0000
      }, {
        ""ExpiryDate"" : ""2028-05-10"",
        ""Name"" : ""이벤트포인트"",
        ""Point"" : 15000.0000
      } ]
    },
    ""originalOrderId"" : ""801JO00000IBdzmYAD"",
    ""orderId"" : ""801JO00000IBcxMYAT"",
    ""InsertId__c"" : ""골든듀"",
    ""TransactionJournal"" : [ {
      ""CouponNo"" : """",
      ""TransactionAmount"" : 440000,
      ""DepositType__c"" : ""03"",
      ""PaymentMethod"" : ""01"",
      ""ActivityDate"" : ""20260510"",
      ""DeposiSeqNo__c"" : ""1"",
      ""DepositNo__c"" : ""DEP02V012""
    }, {
      ""CouponNo"" : """",
      ""TransactionAmount"" : 60000,
      ""DepositType__c"" : ""03"",
      ""PaymentMethod"" : ""81"",
      ""ActivityDate"" : ""20260510"",
      ""DeposiSeqNo__c"" : ""2"",
      ""DepositNo__c"" : ""DEP02V012""
    } ],
    ""OrderItem"" : [ {
      ""DiscountRate__c"" : 0,
      ""NetSalesUnitPrice__c"" : 500000.0,
      ""isExclude"" : false,
      ""Quantity"" : -1,
      ""ProductCode"" : ""2A2600001"",
      ""SaleSeqNo__c"" : ""1""
    } ],
    ""ActualPaymentAmount__c"" : 500000,
    ""OriginalOrderId"" : ""SAL02V011"",
    ""SaleNo__c"" : ""SAL02V012""
  },
  ""code"" : 200
}"
a12JO000000MeejYAC,2026-05-10T09:42:11.000+0000,OrderTrigger,,,
a12JO000000MeekYAC,2026-05-10T09:42:12.000+0000,OrderTriggerHandler,,,
a12JO000000MeelYAC,2026-05-10T09:42:12.000+0000,OrderTrigger,,,
a12JO000000MeemYAC,2026-05-10T09:42:12.000+0000,GdReturnApiControllerV1,/gd/v1/return,"{
    ""SaleNo__c"": ""SAL01V008"", 
    ""OriginalOrderId"": ""SAL01V007"", 
    ""ActualPaymentAmount__c"": 500000, 
    ""OrderItem"": [ 
        {
            ""SaleSeqNo__c"": ""1"", 
            ""ProductCode"": ""2A2600001"", 
            ""Quantity"": -1, 
            ""isExclude"": false, 
            ""NetSalesUnitPrice__c"": 500000.0, 
            ""DiscountRate__c"": 0 
        }
    ],
    ""TransactionJournal"": [ 
        {
            ""DepositNo__c"": ""DEP01V011"", 
            ""DeposiSeqNo__c"": ""1"", 
            ""ActivityDate"": ""20260510"", 
            ""PaymentMethod"": ""01"", 
            ""DepositType__c"": ""03"", 
            ""TransactionAmount"": 380000, 
            ""CouponNo"": """" 
        },
        {
            ""DepositNo__c"": ""DEP01V011"", 
            ""DeposiSeqNo__c"": ""2"", 
            ""ActivityDate"": ""20260510"", 
            ""PaymentMethod"": ""02"", 
            ""DepositType__c"": ""03"", 
            ""TransactionAmount"": 50000, 
            ""CouponNo"": """" 
        },
        {
            ""DepositNo__c"": ""DEP01V011"", 
            ""DeposiSeqNo__c"": ""3"", 
            ""ActivityDate"": ""20260510"", 
            ""PaymentMethod"": ""90"", 
            ""DepositType__c"": ""03"", 
            ""TransactionAmount"": 70000, 
            ""CouponNo"": ""COP2026JA0028;-;29"" 
        }
    ],
    ""InsertId__c"": ""골든듀"" 
}","{
  ""success"" : true,
  ""message"" : ""반품 등록 완료"",
  ""data"" : {
    ""CancelPointsCreditedList"" : [ {
      ""PT_USE"" : 8600.0000,
      ""NO_SAL_RTN"" : null,
      ""NO_SAL"" : ""SAL01V007"",
      ""NO_MBR"" : ""TEST01005"",
      ""ID_INSERT"" : null,
      ""DTS_INSERT"" : ""2026-05-10 18:42:12"",
      ""CD_TYPE_POINT"" : ""01"",
      ""CD_RESON"" : ""6"",
      ""CD_LEDGER"" : ""05wJO0000004QbpYAE"",
      ""CD_JOURNAL"" : ""05wJO0000004QWzYAM"",
      ""AM_SAL"" : null
    }, {
      ""PT_USE"" : 12900.0000,
      ""NO_SAL_RTN"" : null,
      ""NO_SAL"" : ""SAL01V007"",
      ""NO_MBR"" : ""TEST01005"",
      ""ID_INSERT"" : null,
      ""DTS_INSERT"" : ""2026-05-10 18:42:12"",
      ""CD_TYPE_POINT"" : ""06"",
      ""CD_RESON"" : ""6"",
      ""CD_LEDGER"" : ""05wJO0000004QbqYAE"",
      ""CD_JOURNAL"" : ""05wJO0000004QX0YAM"",
      ""AM_SAL"" : null
    } ],
    ""originalOrderId"" : ""801JO00000IBcfbYAD"",
    ""orderId"" : ""801JO00000IBZtBYAX"",
    ""InsertId__c"" : ""골든듀"",
    ""TransactionJournal"" : [ {
      ""CouponNo"" : """",
      ""TransactionAmount"" : 380000,
      ""DepositType__c"" : ""03"",
      ""PaymentMethod"" : ""01"",
      ""ActivityDate"" : ""20260510"",
      ""DeposiSeqNo__c"" : ""1"",
      ""DepositNo__c"" : ""DEP01V011""
    }, {
      ""CouponNo"" : """",
      ""TransactionAmount"" : 50000,
      ""DepositType__c"" : ""03"",
      ""PaymentMethod"" : ""02"",
      ""ActivityDate"" : ""20260510"",
      ""DeposiSeqNo__c"" : ""2"",
      ""DepositNo__c"" : ""DEP01V011""
    }, {
      ""CouponNo"" : ""COP2026JA0028;-;29"",
      ""TransactionAmount"" : 70000,
      ""DepositType__c"" : ""03"",
      ""PaymentMethod"" : ""90"",
      ""ActivityDate"" : ""20260510"",
      ""DeposiSeqNo__c"" : ""3"",
      ""DepositNo__c"" : ""DEP01V011""
    } ],
    ""OrderItem"" : [ {
      ""DiscountRate__c"" : 0,
      ""NetSalesUnitPrice__c"" : 500000.0,
      ""isExclude"" : false,
      ""Quantity"" : -1,
      ""ProductCode"" : ""2A2600001"",
      ""SaleSeqNo__c"" : ""1""
    } ],
    ""ActualPaymentAmount__c"" : 500000,
    ""OriginalOrderId"" : ""SAL01V007"",
    ""SaleNo__c"" : ""SAL01V008""
  },
  ""code"" : 200
}"
a12JO000000Md9CYAS,2026-05-10T09:42:23.000+0000,OrderTrigger,,,
a12JO000000Md9DYAS,2026-05-10T09:42:24.000+0000,OrderTriggerHandler,,,
a12JO000000Md9EYAS,2026-05-10T09:42:24.000+0000,OrderTrigger,,,
a12JO000000Md9FYAS,2026-05-10T09:42:24.000+0000,GdReturnApiControllerV1,/gd/v1/return,"{
    ""SaleNo__c"": ""SAL02V013"", 
    ""OriginalOrderId"": ""SAL02V008"", 
    ""ActualPaymentAmount__c"": 500000, 
    ""OrderItem"": [ 
        {
            ""SaleSeqNo__c"": ""1"", 
            ""ProductCode"": ""2A2600001"", 
            ""Quantity"": -1, 
            ""isExclude"": false, 
            ""NetSalesUnitPrice__c"": 500000.0, 
            ""DiscountRate__c"": 0 
        }
    ],
    ""TransactionJournal"": [ 
        {
            ""DepositNo__c"": ""DEP02V013"", 
            ""DeposiSeqNo__c"": ""1"", 
            ""ActivityDate"": ""20260510"", 
            ""PaymentMethod"": ""01"", 
            ""DepositType__c"": ""03"", 
            ""TransactionAmount"": 500000, 
            ""CouponNo"": """" 
        }
        
        
        
        
        
        
        
        
        
        
        
        
        
        
        
        
        
        
        
        
    ],
    ""InsertId__c"": ""골든듀"" 
}","{
  ""success"" : true,
  ""message"" : ""반품 등록 완료"",
  ""data"" : {
    ""CancelPointsCreditedList"" : [ {
      ""PT_USE"" : 15000.0000,
      ""NO_SAL_RTN"" : null,
      ""NO_SAL"" : ""SAL02V008"",
      ""NO_MBR"" : ""TEST02006"",
      ""ID_INSERT"" : null,
      ""DTS_INSERT"" : ""2026-05-10 18:42:23"",
      ""CD_TYPE_POINT"" : ""06"",
      ""CD_RESON"" : ""6"",
      ""CD_LEDGER"" : ""05wJO0000004QdRYAU"",
      ""CD_JOURNAL"" : ""05wJO0000004QLhYAM"",
      ""AM_SAL"" : null
    }, {
      ""PT_USE"" : 15000.0000,
      ""NO_SAL_RTN"" : null,
      ""NO_SAL"" : ""SAL02V008"",
      ""NO_MBR"" : ""TEST02006"",
      ""ID_INSERT"" : null,
      ""DTS_INSERT"" : ""2026-05-10 18:42:24"",
      ""CD_TYPE_POINT"" : ""07"",
      ""CD_RESON"" : ""6"",
      ""CD_LEDGER"" : ""05wJO0000004QdSYAU"",
      ""CD_JOURNAL"" : ""05wJO0000004QLiYAM"",
      ""AM_SAL"" : null
    } ],
    ""originalOrderId"" : ""801JO00000IBaFtYAL"",
    ""orderId"" : ""801JO00000IBVssYAH"",
    ""InsertId__c"" : ""골든듀"",
    ""TransactionJournal"" : [ {
      ""CouponNo"" : """",
      ""TransactionAmount"" : 500000,
      ""DepositType__c"" : ""03"",
      ""PaymentMethod"" : ""01"",
      ""ActivityDate"" : ""20260510"",
      ""DeposiSeqNo__c"" : ""1"",
      ""DepositNo__c"" : ""DEP02V013""
    } ],
    ""OrderItem"" : [ {
      ""DiscountRate__c"" : 0,
      ""NetSalesUnitPrice__c"" : 500000.0,
      ""isExclude"" : false,
      ""Quantity"" : -1,
      ""ProductCode"" : ""2A2600001"",
      ""SaleSeqNo__c"" : ""1""
    } ],
    ""ActualPaymentAmount__c"" : 500000,
    ""OriginalOrderId"" : ""SAL02V008"",
    ""SaleNo__c"" : ""SAL02V013""
  },
  ""code"" : 200
}"
a12JO000000MeTSYA0,2026-05-10T09:43:44.000+0000,OrderTrigger,,,
a12JO000000MeTTYA0,2026-05-10T09:43:45.000+0000,OrderTriggerHandler,,,
a12JO000000MeTUYA0,2026-05-10T09:43:45.000+0000,OrderTrigger,,,
a12JO000000MeTVYA0,2026-05-10T09:43:45.000+0000,GdSaleApiControllerV1,/gd/v1/sale,"{
    ""AccountId"": ""1000"",
    ""StoreCode__c"": ""99998"",
    ""MemberNo__c"": ""TEST01005"",
    ""SaleNo__c"": ""SAL01V009"",
    ""ActualPaymentAmount__c"": 500000.0,
    ""EndDate"": ""20260508"",
    ""SaleStatus__c"": ""01"",
    ""PromotionNo__c"": ""PRO202604161041"",
    ""OrderItem"": [
        {
            ""SaleSeqNo__c"": ""1"",
            ""OrderNo__c"": null,
            ""ProductCode"": ""2A2600001"",
            ""Quantity"": 1,
            ""isExclude"": false,
            ""NetSalesUnitPrice__c"": 500000.0000,
            ""DiscountRate__c"": 0.0000
        }
    ],
    ""TransactionJournal"": [
        {
            ""DepositNo__c"": ""DEP01V012"",
            ""DeposiSeqNo__c"": ""1"",
            ""ActivityDate"": ""20260508"",
            ""PaymentMethod"": ""01"",
            ""DepositType__c"": ""02"",
            ""TransactionAmount"": 430000.0000,
            ""CouponNo"": """",
            ""OrderNo__c"": null
        },
        {
            ""DepositNo__c"": ""DEP01V012"",
            ""DeposiSeqNo__c"": ""2"",
            ""ActivityDate"": ""20260508"",
            ""PaymentMethod"": ""90"",
            ""DepositType__c"": ""02"",
            ""TransactionAmount"": 70000.0000,
            ""CouponNo"": ""COP2026JA0028;-;29"",
            ""OrderNo__c"": null
        }
    ]
}","{
  ""success"" : true,
  ""message"" : ""판매 등록 완료"",
  ""data"" : {
    ""CreditPointList"" : [ {
      ""TX_REMARK"" : ""구매포인트|11cJO000001BAZlYAO|2.00"",
      ""PT_TARGET"" : 8600.0000,
      ""NO_SAL"" : null,
      ""NO_PROM_MBR"" : ""PRO202604161041"",
      ""NO_MBR"" : ""TEST01005"",
      ""NO_GRADE_ADVAN"" : ""04"",
      ""ID_INSERT"" : null,
      ""DTS_INSERT"" : ""2026-05-10 18:43:44"",
      ""DT_SAVE_PLAN"" : null,
      ""DT_LIMIT_START"" : ""2026-05-08 09:00:00"",
      ""DT_LIMIT_END"" : ""2028-05-08"",
      ""DT_DESTROY_PLAN"" : ""2028-05-09"",
      ""CD_TYPE_SAVE"" : ""Credit"",
      ""CD_TYPE_POINT"" : ""01"",
      ""CD_JOURNAL"" : ""05wJO0000004Qf3YAE"",
      ""AM_SAL"" : 500000.0
    }, {
      ""TX_REMARK"" : ""사은포인트|11cJO000001BAY9YAO|3.00"",
      ""PT_TARGET"" : 12900.0000,
      ""NO_SAL"" : null,
      ""NO_PROM_MBR"" : ""PRO202604161041"",
      ""NO_MBR"" : ""TEST01005"",
      ""NO_GRADE_ADVAN"" : ""04"",
      ""ID_INSERT"" : null,
      ""DTS_INSERT"" : ""2026-05-10 18:43:44"",
      ""DT_SAVE_PLAN"" : null,
      ""DT_LIMIT_START"" : ""2026-05-08 09:00:00"",
      ""DT_LIMIT_END"" : ""2028-05-08"",
      ""DT_DESTROY_PLAN"" : ""2028-05-09"",
      ""CD_TYPE_SAVE"" : ""Credit"",
      ""CD_TYPE_POINT"" : ""01"",
      ""CD_JOURNAL"" : ""05wJO0000004Qf4YAE"",
      ""AM_SAL"" : 500000.0
    } ],
    ""oiList"" : [ {
      ""attributes"" : {
        ""type"" : ""OrderItem"",
        ""url"" : ""/services/data/v67.0/sobjects/OrderItem/802JO000005471dYAA""
      },
      ""OrderId"" : ""801JO00000IBfGtYAL"",
      ""PricebookEntryId"" : ""01uJO000001R0w4YAC"",
      ""Quantity"" : 1,
      ""UnitPrice"" : 500000,
      ""SaleSeqNo__c"" : ""1"",
      ""SaleItemNo__c"" : ""801JO00000IBfGtYAL-1"",
      ""IsExclude__c"" : false,
      ""NetSalesUnitPrice__c"" : 500000.0000,
      ""DiscountRate__c"" : 0.0000,
      ""Id"" : ""802JO000005471dYAA""
    } ],
    ""storeType"" : ""09"",
    ""storeTypeFour"" : ""NULL"",
    ""orderId"" : ""801JO00000IBfGtYAL"",
    ""TransactionJournal"" : [ {
      ""OrderNo__c"" : null,
      ""CouponNo"" : """",
      ""TransactionAmount"" : 430000.0000,
      ""DepositType__c"" : ""02"",
      ""PaymentMethod"" : ""01"",
      ""ActivityDate"" : ""20260508"",
      ""DeposiSeqNo__c"" : ""1"",
      ""DepositNo__c"" : ""DEP01V012""
    }, {
      ""OrderNo__c"" : null,
      ""CouponNo"" : ""COP2026JA0028;-;29"",
      ""TransactionAmount"" : 70000.0000,
      ""DepositType__c"" : ""02"",
      ""PaymentMethod"" : ""90"",
      ""ActivityDate"" : ""20260508"",
      ""DeposiSeqNo__c"" : ""2"",
      ""DepositNo__c"" : ""DEP01V012""
    } ],
    ""OrderItem"" : [ {
      ""DiscountRate__c"" : 0.0000,
      ""NetSalesUnitPrice__c"" : 500000.0000,
      ""isExclude"" : false,
      ""Quantity"" : 1,
      ""ProductCode"" : ""2A2600001"",
      ""OrderNo__c"" : null,
      ""SaleSeqNo__c"" : ""1""
    } ],
    ""PromotionNo__c"" : ""PRO202604161041"",
    ""SaleStatus__c"" : ""01"",
    ""EndDate"" : ""20260508"",
    ""ActualPaymentAmount__c"" : 500000.0,
    ""SaleNo__c"" : ""SAL01V009"",
    ""MemberNo__c"" : ""TEST01005"",
    ""StoreCode__c"" : ""99998"",
    ""AccountId"" : ""1000""
  },
  ""code"" : 200
}"
a12JO000000MegLYAS,2026-05-10T09:43:49.000+0000,GdSaleDepositApiControllerV1,"{""DeposiSeqNo__c"":""4"",""DepositNo__c"":""DEP04093""}",,"{
  ""success"" : true,
  ""message"" : ""판매 입금 삭제 삭제 완료"",
  ""data"" : {
    ""CancelCoupon"" : null,
    ""CancelPointsCreditedList"" : [ {
      ""PT_USE"" : 4365.0000,
      ""NO_SAL_RTN"" : null,
      ""NO_SAL"" : ""SAL04046"",
      ""NO_MBR"" : ""TEST03006"",
      ""ID_INSERT"" : null,
      ""DTS_INSERT"" : ""2026-05-10 18:43:49"",
      ""CD_TYPE_POINT"" : ""01"",
      ""CD_RESON"" : null,
      ""CD_LEDGER"" : ""05wJO0000004QgfYAE"",
      ""CD_JOURNAL"" : ""05wJO0000004QOvYAM"",
      ""AM_SAL"" : null
    }, {
      ""PT_USE"" : 13095.0000,
      ""NO_SAL_RTN"" : null,
      ""NO_SAL"" : ""SAL04046"",
      ""NO_MBR"" : ""TEST03006"",
      ""ID_INSERT"" : null,
      ""DTS_INSERT"" : ""2026-05-10 18:43:49"",
      ""CD_TYPE_POINT"" : ""06"",
      ""CD_RESON"" : null,
      ""CD_LEDGER"" : ""05wJO0000004QggYAE"",
      ""CD_JOURNAL"" : ""05wJO0000004QOwYAM"",
      ""AM_SAL"" : null
    } ],
    ""CancelPointList"" : null
  },
  ""code"" : 200
}"
a12JO000000McQ5YAK,2026-05-10T09:43:55.000+0000,OrderTrigger,,,
a12JO000000McQ6YAK,2026-05-10T09:43:56.000+0000,OrderTriggerHandler,,,
a12JO000000McQ7YAK,2026-05-10T09:43:56.000+0000,OrderTrigger,,,
a12JO000000McQ8YAK,2026-05-10T09:43:56.000+0000,GdSaleApiControllerV1,"{""SaleNo__c"":""SAL04046""}",,"{
  ""success"" : true,
  ""message"" : ""판매 전체 삭제 완료"",
  ""data"" : { },
  ""code"" : 200
}"
a12JO000000MdxDYAS,2026-05-10T09:44:56.000+0000,GdOrderApiControllerV1,/gd/v1/order,"{
    ""AccountId"": ""1000"",
    ""StoreCode__c"": ""99998"",
    ""MemberNo__c"": ""TEST02006"",
    ""OrderNo__c"": ""SOR02V013"",
    ""ActualPaymentAmount__c"": 1000000.0,
    ""OrderStatus__c"": ""01"",
    ""Type"": ""01"",
    ""PromotionNo__c"": ""PRO202604161041"",
    ""OrderItem"": [
        {
            ""OrderSeqNo__c"": ""1"",
            ""Status__c"": ""01"",
            ""ProductCode"": ""2A2600001"",
            ""Quantity"": 2,
            ""isExclude"": false,
            ""NetSalesUnitPrice__c"": 500000.0000,
            ""DiscountRate__c"": 0.0000
        }
        
        
        
        
        
        
        
        
        
        
    ],
    ""TransactionJournal"": [
        {
            ""DepositNo__c"": ""DEP02V013"",
            ""DeposiSeqNo__c"": ""1"",
            ""ActivityDate"": ""20260510"",
            ""PaymentMethod"": ""01"",
            ""DepositType__c"": ""01"",
            ""TransactionAmount"": 100000.0000,
            ""CouponNo"": """",
            ""OrderNo__c"": null
        }
    ]
}","{
  ""success"" : false,
  ""message"" : ""Insert failed. First exception on row 0; first error: DUPLICATE_VALUE, 중복 값 발견: DepositNo__c이(가) ID가 다음과 같은 레코드의 값과 중복됩니다. 0lVJO000000CHZl2AO: []"",
  ""code"" : 500
}"
a12JO000000MehxYAC,2026-05-10T09:45:08.000+0000,OrderTrigger,,,
a12JO000000MehyYAC,2026-05-10T09:45:08.000+0000,OrderTriggerHandler,,,
a12JO000000MehzYAC,2026-05-10T09:45:08.000+0000,OrderTrigger,,,
a12JO000000Mei0YAC,2026-05-10T09:45:08.000+0000,GdOrderApiControllerV1,/gd/v1/order,"{
    ""AccountId"": ""1000"",
    ""StoreCode__c"": ""99998"",
    ""MemberNo__c"": ""TEST02006"",
    ""OrderNo__c"": ""SOR02V014"",
    ""ActualPaymentAmount__c"": 1000000.0,
    ""OrderStatus__c"": ""01"",
    ""Type"": ""01"",
    ""PromotionNo__c"": ""PRO202604161041"",
    ""OrderItem"": [
        {
            ""OrderSeqNo__c"": ""1"",
            ""Status__c"": ""01"",
            ""ProductCode"": ""2A2600001"",
            ""Quantity"": 2,
            ""isExclude"": false,
            ""NetSalesUnitPrice__c"": 500000.0000,
            ""DiscountRate__c"": 0.0000
        }
        
        
        
        
        
        
        
        
        
        
    ],
    ""TransactionJournal"": [
        {
            ""DepositNo__c"": ""DEP02V014"",
            ""DeposiSeqNo__c"": ""1"",
            ""ActivityDate"": ""20260510"",
            ""PaymentMethod"": ""01"",
            ""DepositType__c"": ""01"",
            ""TransactionAmount"": 100000.0000,
            ""CouponNo"": """",
            ""OrderNo__c"": null
        }
    ]
}","{
  ""success"" : true,
  ""message"" : ""주문 등록 완료"",
  ""data"" : {
    ""DebitPointList"" : [ ],
    ""isGoldenBar"" : false,
    ""oiList"" : [ {
      ""attributes"" : {
        ""type"" : ""OrderItem"",
        ""url"" : ""/services/data/v67.0/sobjects/OrderItem/802JO0000054690YAA""
      },
      ""OrderId"" : ""801JO00000IBeflYAD"",
      ""Status__c"" : ""01"",
      ""PricebookEntryId"" : ""01uJO000001R0w4YAC"",
      ""Quantity"" : 2,
      ""UnitPrice"" : 500000,
      ""OrderItemNo__c"" : ""801JO00000IBeflYAD-1"",
      ""IsExclude__c"" : false,
      ""NetSalesUnitPrice__c"" : 500000.0000,
      ""DiscountRate__c"" : 0.0000,
      ""Id"" : ""802JO0000054690YAA""
    } ],
    ""storeType"" : ""09"",
    ""storeTypeFour"" : ""NULL"",
    ""orderId"" : ""801JO00000IBeflYAD"",
    ""TransactionJournal"" : [ {
      ""OrderNo__c"" : null,
      ""CouponNo"" : """",
      ""TransactionAmount"" : 100000.0000,
      ""DepositType__c"" : ""01"",
      ""PaymentMethod"" : ""01"",
      ""ActivityDate"" : ""20260510"",
      ""DeposiSeqNo__c"" : ""1"",
      ""DepositNo__c"" : ""DEP02V014""
    } ],
    ""OrderItem"" : [ {
      ""DiscountRate__c"" : 0.0000,
      ""NetSalesUnitPrice__c"" : 500000.0000,
      ""isExclude"" : false,
      ""Quantity"" : 2,
      ""ProductCode"" : ""2A2600001"",
      ""Status__c"" : ""01"",
      ""OrderSeqNo__c"" : ""1""
    } ],
    ""PromotionNo__c"" : ""PRO202604161041"",
    ""Type"" : ""01"",
    ""OrderStatus__c"" : ""01"",
    ""ActualPaymentAmount__c"" : 1000000.0,
    ""OrderNo__c"" : ""SOR02V014"",
    ""MemberNo__c"" : ""TEST02006"",
    ""StoreCode__c"" : ""99998"",
    ""AccountId"" : ""1000""
  },
  ""code"" : 200
}"
a12JO000000MeIAYA0,2026-05-10T09:45:44.000+0000,ErpAsyncJob,callout:GoldenDewApiNC/Crm/CouponDetail,"{""couponDetailModels"":[{""no_mbr"":""TEST03005"",""no_man_coupon_mil"":""00218250"",""no_man_coupon"":""COP2026MY0003"",""id_insert"":""milvus""}]}","{""code"":0,""success"":false,""message"":""SQL - 회원이 존재하지 않습니다."",""data"":null}"
a12JO000000MejZYAS,2026-05-10T09:46:52.000+0000,OrderTrigger,,,
a12JO000000MejaYAC,2026-05-10T09:46:53.000+0000,OrderTriggerHandler,,,
a12JO000000MejbYAC,2026-05-10T09:46:53.000+0000,OrderTrigger,,,
a12JO000000MejcYAC,2026-05-10T09:46:53.000+0000,GdReturnApiControllerV1,/gd/v1/return,"{
    ""SaleNo__c"": ""SAL01V010"", 
    ""OriginalOrderId"": ""SAL01V009"", 
    ""ActualPaymentAmount__c"": 500000, 
    ""OrderItem"": [ 
        {
            ""SaleSeqNo__c"": ""1"", 
            ""ProductCode"": ""2A2600001"", 
            ""Quantity"": -1, 
            ""isExclude"": false, 
            ""NetSalesUnitPrice__c"": 500000.0, 
            ""DiscountRate__c"": 0 
        }
    ],
    ""TransactionJournal"": [ 
        {
            ""DepositNo__c"": ""DEP01V013"", 
            ""DeposiSeqNo__c"": ""1"", 
            ""ActivityDate"": ""20260510"", 
            ""PaymentMethod"": ""01"", 
            ""DepositType__c"": ""03"", 
            ""TransactionAmount"": 430000, 
            ""CouponNo"": """" 
        },
        {
            ""DepositNo__c"": ""DEP01V013"", 
            ""DeposiSeqNo__c"": ""2"", 
            ""ActivityDate"": ""20260510"", 
            ""PaymentMethod"": ""90"", 
            ""DepositType__c"": ""03"", 
            ""TransactionAmount"": 70000, 
            ""CouponNo"": ""COP2026JA0028;-;29"" 
        }
    ],
    ""InsertId__c"": ""골든듀"" 
}","{
  ""success"" : true,
  ""message"" : ""반품 등록 완료"",
  ""data"" : {
    ""CancelPointsCreditedList"" : [ {
      ""PT_USE"" : 8600.0000,
      ""NO_SAL_RTN"" : null,
      ""NO_SAL"" : ""SAL01V009"",
      ""NO_MBR"" : ""TEST01005"",
      ""ID_INSERT"" : null,
      ""DTS_INSERT"" : ""2026-05-10 18:46:53"",
      ""CD_TYPE_POINT"" : ""01"",
      ""CD_RESON"" : ""6"",
      ""CD_LEDGER"" : ""05wJO0000004QiHYAU"",
      ""CD_JOURNAL"" : ""05wJO0000004Qf3YAE"",
      ""AM_SAL"" : null
    }, {
      ""PT_USE"" : 12900.0000,
      ""NO_SAL_RTN"" : null,
      ""NO_SAL"" : ""SAL01V009"",
      ""NO_MBR"" : ""TEST01005"",
      ""ID_INSERT"" : null,
      ""DTS_INSERT"" : ""2026-05-10 18:46:53"",
      ""CD_TYPE_POINT"" : ""06"",
      ""CD_RESON"" : ""6"",
      ""CD_LEDGER"" : ""05wJO0000004QiIYAU"",
      ""CD_JOURNAL"" : ""05wJO0000004Qf4YAE"",
      ""AM_SAL"" : null
    } ],
    ""originalOrderId"" : ""801JO00000IBfGtYAL"",
    ""orderId"" : ""801JO00000IBLxHYAX"",
    ""InsertId__c"" : ""골든듀"",
    ""TransactionJournal"" : [ {
      ""CouponNo"" : """",
      ""TransactionAmount"" : 430000,
      ""DepositType__c"" : ""03"",
      ""PaymentMethod"" : ""01"",
      ""ActivityDate"" : ""20260510"",
      ""DeposiSeqNo__c"" : ""1"",
      ""DepositNo__c"" : ""DEP01V013""
    }, {
      ""CouponNo"" : ""COP2026JA0028;-;29"",
      ""TransactionAmount"" : 70000,
      ""DepositType__c"" : ""03"",
      ""PaymentMethod"" : ""90"",
      ""ActivityDate"" : ""20260510"",
      ""DeposiSeqNo__c"" : ""2"",
      ""DepositNo__c"" : ""DEP01V013""
    } ],
    ""OrderItem"" : [ {
      ""DiscountRate__c"" : 0,
      ""NetSalesUnitPrice__c"" : 500000.0,
      ""isExclude"" : false,
      ""Quantity"" : -1,
      ""ProductCode"" : ""2A2600001"",
      ""SaleSeqNo__c"" : ""1""
    } ],
    ""ActualPaymentAmount__c"" : 500000,
    ""OriginalOrderId"" : ""SAL01V009"",
    ""SaleNo__c"" : ""SAL01V010""
  },
  ""code"" : 200
}"
a12JO000000MelBYAS,2026-05-10T09:47:51.000+0000,OrderTrigger,,,
a12JO000000MelCYAS,2026-05-10T09:47:52.000+0000,OrderTriggerHandler,,,
a12JO000000MelDYAS,2026-05-10T09:47:52.000+0000,OrderTrigger,,,
a12JO000000MelEYAS,2026-05-10T09:47:52.000+0000,GdSaleApiControllerV1,/gd/v1/sale,"{
    ""AccountId"": ""1000"",
    ""StoreCode__c"": ""99998"",
    ""MemberNo__c"": ""TEST02006"",
    ""SaleNo__c"": ""SAL02V015"",
    ""ActualPaymentAmount__c"": 1000000.0,
    ""EndDate"": ""20260510"",
    ""SaleStatus__c"": ""01"",
    ""PromotionNo__c"": ""PRO202604161041"",
    ""OrderItem"": [
        {
            ""SaleSeqNo__c"": ""1"",
            ""OrderNo__c"": null,
            ""ProductCode"": ""2A2600001"",
            ""Quantity"": 2,
            ""isExclude"": false,
            ""NetSalesUnitPrice__c"": 500000.0000,
            ""DiscountRate__c"": 0.0000
        }
        
        
        
        
        
        
        
        
        
        
    ],
    ""TransactionJournal"": [
        {
            ""DepositNo__c"": ""DEP02V014"",
            ""DeposiSeqNo__c"": ""1"",
            ""ActivityDate"": ""20260510"",
            ""PaymentMethod"": ""01"",
            ""DepositType__c"": ""01"",
            ""TransactionAmount"": 100000.0000,
            ""CouponNo"": """",
            ""OrderNo__c"": ""SOR02V014""
        }
        ,
        {
            ""DepositNo__c"": ""DEP02V015"",
            ""DeposiSeqNo__c"": ""2"",
            ""ActivityDate"": ""20260510"",
            ""PaymentMethod"": ""01"",
            ""DepositType__c"": ""02"",
            ""TransactionAmount"": 800000.0000,
            ""CouponNo"": """",
            ""OrderNo__c"": null
        }
        ,
        {
            ""DepositNo__c"": ""DEP02V015"",
            ""DeposiSeqNo__c"": ""3"",
            ""ActivityDate"": ""20260510"",
            ""PaymentMethod"": ""90"",
            ""DepositType__c"": ""02"",
            ""TransactionAmount"": 50000.0000,
            ""CouponNo"": ""COP2026JA0028;-;36"",
            ""OrderNo__c"": null
        }
        ,
        {
            ""DepositNo__c"": ""DEP02V015"",
            ""DeposiSeqNo__c"": ""4"",
            ""ActivityDate"": ""20260510"",
            ""PaymentMethod"": ""81"",
            ""DepositType__c"": ""02"",
            ""TransactionAmount"": 50000.0000,
            ""CouponNo"": """",
            ""OrderNo__c"": null
        }
    ]
}","{
  ""success"" : true,
  ""message"" : ""판매 등록 완료"",
  ""data"" : {
    ""CreditPointList"" : [ {
      ""TX_REMARK"" : ""구매포인트|11cJO000001BAZlYAO|2.00"",
      ""PT_TARGET"" : 18000.0000,
      ""NO_SAL"" : null,
      ""NO_PROM_MBR"" : ""PRO202604161041"",
      ""NO_MBR"" : ""TEST02006"",
      ""NO_GRADE_ADVAN"" : ""04"",
      ""ID_INSERT"" : null,
      ""DTS_INSERT"" : ""2026-05-10 18:47:52"",
      ""DT_SAVE_PLAN"" : null,
      ""DT_LIMIT_START"" : ""2026-05-10 09:00:00"",
      ""DT_LIMIT_END"" : ""2028-05-10"",
      ""DT_DESTROY_PLAN"" : ""2028-05-11"",
      ""CD_TYPE_SAVE"" : ""Credit"",
      ""CD_TYPE_POINT"" : ""01"",
      ""CD_JOURNAL"" : ""05wJO0000004QjvYAE"",
      ""AM_SAL"" : 1000000.0
    }, {
      ""TX_REMARK"" : ""사은포인트|11cJO000001BAY9YAO|3.00"",
      ""PT_TARGET"" : 27000.0000,
      ""NO_SAL"" : null,
      ""NO_PROM_MBR"" : ""PRO202604161041"",
      ""NO_MBR"" : ""TEST02006"",
      ""NO_GRADE_ADVAN"" : ""04"",
      ""ID_INSERT"" : null,
      ""DTS_INSERT"" : ""2026-05-10 18:47:52"",
      ""DT_SAVE_PLAN"" : null,
      ""DT_LIMIT_START"" : ""2026-05-10 09:00:00"",
      ""DT_LIMIT_END"" : ""2028-05-10"",
      ""DT_DESTROY_PLAN"" : ""2028-05-11"",
      ""CD_TYPE_SAVE"" : ""Credit"",
      ""CD_TYPE_POINT"" : ""01"",
      ""CD_JOURNAL"" : ""05wJO0000004QjwYAE"",
      ""AM_SAL"" : 1000000.0
    } ],
    ""DebitPointList"" : [ {
      ""PT_USE"" : 8652.0000,
      ""NO_SAL_RTN"" : null,
      ""NO_SAL"" : ""SAL02V015"",
      ""NO_MBR"" : ""TEST02006"",
      ""ID_INSERT"" : null,
      ""DTS_INSERT"" : ""2026-05-10 18:47:51"",
      ""CD_TYPE_POINT"" : ""01"",
      ""CD_RESON"" : ""1"",
      ""CD_LEDGER"" : ""05wJO0000004QjtYAE"",
      ""CD_JOURNAL"" : ""05wJO0000004QAQYA2"",
      ""AM_SAL"" : 1000000.0
    }, {
      ""PT_USE"" : 7448.0000,
      ""NO_SAL_RTN"" : null,
      ""NO_SAL"" : ""SAL02V015"",
      ""NO_MBR"" : ""TEST02006"",
      ""ID_INSERT"" : null,
      ""DTS_INSERT"" : ""2026-05-10 18:47:51"",
      ""CD_TYPE_POINT"" : ""01"",
      ""CD_RESON"" : ""1"",
      ""CD_LEDGER"" : ""05wJO0000004QjtYAE"",
      ""CD_JOURNAL"" : ""05wJO0000004QDhYAM"",
      ""AM_SAL"" : 1000000.0
    }, {
      ""PT_USE"" : 33900.0000,
      ""NO_SAL_RTN"" : null,
      ""NO_SAL"" : ""SAL02V015"",
      ""NO_MBR"" : ""TEST02006"",
      ""ID_INSERT"" : null,
      ""DTS_INSERT"" : ""2026-05-10 18:47:51"",
      ""CD_TYPE_POINT"" : ""06"",
      ""CD_RESON"" : ""1"",
      ""CD_LEDGER"" : ""05wJO0000004QjuYAE"",
      ""CD_JOURNAL"" : ""05wJO0000004QaDYAU"",
      ""AM_SAL"" : 1000000.0
    } ],
    ""oiList"" : [ {
      ""attributes"" : {
        ""type"" : ""OrderItem"",
        ""url"" : ""/services/data/v67.0/sobjects/OrderItem/802JO00000545pTYAQ""
      },
      ""OrderId"" : ""801JO00000IBcz1YAD"",
      ""PricebookEntryId"" : ""01uJO000001R0w4YAC"",
      ""Quantity"" : 2,
      ""UnitPrice"" : 500000,
      ""SaleSeqNo__c"" : ""1"",
      ""SaleItemNo__c"" : ""801JO00000IBcz1YAD-1"",
      ""IsExclude__c"" : false,
      ""NetSalesUnitPrice__c"" : 500000.0000,
      ""DiscountRate__c"" : 0.0000,
      ""Id"" : ""802JO00000545pTYAQ""
    } ],
    ""storeType"" : ""09"",
    ""storeTypeFour"" : ""NULL"",
    ""orderId"" : ""801JO00000IBcz1YAD"",
    ""TransactionJournal"" : [ {
      ""OrderNo__c"" : ""SOR02V014"",
      ""CouponNo"" : """",
      ""TransactionAmount"" : 100000.0000,
      ""DepositType__c"" : ""01"",
      ""PaymentMethod"" : ""01"",
      ""ActivityDate"" : ""20260510"",
      ""DeposiSeqNo__c"" : ""1"",
      ""DepositNo__c"" : ""DEP02V014""
    }, {
      ""OrderNo__c"" : null,
      ""CouponNo"" : """",
      ""TransactionAmount"" : 800000.0000,
      ""DepositType__c"" : ""02"",
      ""PaymentMethod"" : ""01"",
      ""ActivityDate"" : ""20260510"",
      ""DeposiSeqNo__c"" : ""2"",
      ""DepositNo__c"" : ""DEP02V015""
    }, {
      ""OrderNo__c"" : null,
      ""CouponNo"" : ""COP2026JA0028;-;36"",
      ""TransactionAmount"" : 50000.0000,
      ""DepositType__c"" : ""02"",
      ""PaymentMethod"" : ""90"",
      ""ActivityDate"" : ""20260510"",
      ""DeposiSeqNo__c"" : ""3"",
      ""DepositNo__c"" : ""DEP02V015""
    }, {
      ""OrderNo__c"" : null,
      ""CouponNo"" : """",
      ""TransactionAmount"" : 50000.0000,
      ""DepositType__c"" : ""02"",
      ""PaymentMethod"" : ""81"",
      ""ActivityDate"" : ""20260510"",
      ""DeposiSeqNo__c"" : ""4"",
      ""DepositNo__c"" : ""DEP02V015""
    } ],
    ""OrderItem"" : [ {
      ""DiscountRate__c"" : 0.0000,
      ""NetSalesUnitPrice__c"" : 500000.0000,
      ""isExclude"" : false,
      ""Quantity"" : 2,
      ""ProductCode"" : ""2A2600001"",
      ""OrderNo__c"" : null,
      ""SaleSeqNo__c"" : ""1""
    } ],
    ""PromotionNo__c"" : ""PRO202604161041"",
    ""SaleStatus__c"" : ""01"",
    ""EndDate"" : ""20260510"",
    ""ActualPaymentAmount__c"" : 1000000.0,
    ""SaleNo__c"" : ""SAL02V015"",
    ""MemberNo__c"" : ""TEST02006"",
    ""StoreCode__c"" : ""99998"",
    ""AccountId"" : ""1000""
  },
  ""code"" : 200
}"
a12JO000000MdluYAC,2026-05-10T09:47:58.000+0000,OrderTrigger,,,
a12JO000000MdlvYAC,2026-05-10T09:47:58.000+0000,OrderTriggerHandler,,,
a12JO000000MdlwYAC,2026-05-10T09:47:58.000+0000,OrderTrigger,,,
a12JO000000MdlxYAC,2026-05-10T09:47:58.000+0000,GdOrderApiControllerV1,/gd/v1/order,"{
    ""AccountId"": ""GOLDENDEW"", 
    ""StoreCode__c"": ""99998"", 
    ""MemberNo__c"": ""TEST03005"", 
    ""OrderNo__c"": ""SOR04013"", 
    ""ActualPaymentAmount__c"": 500000, 
    ""OrderStatus__c"": ""01"", 
    ""Type"": ""01"", 
    ""PromotionNo__c"": ""PRO202604161041"", 
    ""OrderItem"": [ 
        {
            ""OrderSeqNo__c"": ""1"", 
            ""Status__c"": ""01"", 
            ""ProductCode"": ""TEST-001"", 
            ""Quantity"": 1, 
            ""isExclude"": false, 
            ""NetSalesUnitPrice__c"": 500000.0, 
            ""DiscountRate__c"": 0.0 
        }
        
        
        
        
        
        
        
        
        
        

    ],
    ""TransactionJournal"": [ 
        
        
        
        
        
        
        
        
        
        
        {
            ""DepositNo__c"": ""DEP04095"",
            ""DeposiSeqNo__c"": ""1"",
            ""ActivityDate"": ""20260510"",
            ""PaymentMethod"": ""81"",
            ""DepositType__c"": ""01"",
            ""TransactionAmount"": 10000.0,
            ""CouponNo"": """",
            ""OrderNo__c"": null
        }
        ,
          {
            ""DepositNo__c"": ""DEP04096"",
            ""DeposiSeqNo__c"": ""2"",
            ""ActivityDate"": ""20260510"",
            ""PaymentMethod"": ""90"",
            ""DepositType__c"": ""01"",
            ""TransactionAmount"": 50000.0,
            ""CouponNo"": ""COP2026MY0003;-;7YDITWGH"",
            ""OrderNo__c"": null
        }
        ,
          {
            ""DepositNo__c"": ""DEP04097"",
            ""DeposiSeqNo__c"": ""3"",
            ""ActivityDate"": ""20260510"",
            ""PaymentMethod"": ""01"",
            ""DepositType__c"": ""01"",
            ""TransactionAmount"": 44000.0,
            ""CouponNo"": """",
            ""OrderNo__c"": null
        }
    ],
    ""InsertId__c"": """" 
}","{
  ""success"" : true,
  ""message"" : ""주문 등록 완료"",
  ""data"" : {
    ""DebitPointList"" : [ {
      ""PT_USE"" : 10000.0000,
      ""NO_SAL_RTN"" : null,
      ""NO_SAL"" : ""SOR04013"",
      ""NO_MBR"" : ""TEST03005"",
      ""ID_INSERT"" : null,
      ""DTS_INSERT"" : ""2026-05-10 18:47:58"",
      ""CD_TYPE_POINT"" : ""04"",
      ""CD_RESON"" : ""1"",
      ""CD_LEDGER"" : ""05wJO0000004QlVYAU"",
      ""CD_JOURNAL"" : ""05wJO0000004PpbYAE"",
      ""AM_SAL"" : null
    } ],
    ""isGoldenBar"" : false,
    ""oiList"" : [ {
      ""attributes"" : {
        ""type"" : ""OrderItem"",
        ""url"" : ""/services/data/v67.0/sobjects/OrderItem/802JO00000542KBYAY""
      },
      ""OrderId"" : ""801JO00000IBa4TYAT"",
      ""Status__c"" : ""01"",
      ""PricebookEntryId"" : ""01uJO0000011vRvYAI"",
      ""Quantity"" : 1,
      ""UnitPrice"" : 1000,
      ""OrderItemNo__c"" : ""801JO00000IBa4TYAT-1"",
      ""IsExclude__c"" : false,
      ""NetSalesUnitPrice__c"" : 500000.0,
      ""DiscountRate__c"" : 0.0,
      ""Id"" : ""802JO00000542KBYAY""
    } ],
    ""storeType"" : ""09"",
    ""storeTypeFour"" : ""NULL"",
    ""orderId"" : ""801JO00000IBa4TYAT"",
    ""InsertId__c"" : """",
    ""TransactionJournal"" : [ {
      ""OrderNo__c"" : null,
      ""CouponNo"" : """",
      ""TransactionAmount"" : 10000.0,
      ""DepositType__c"" : ""01"",
      ""PaymentMethod"" : ""81"",
      ""ActivityDate"" : ""20260510"",
      ""DeposiSeqNo__c"" : ""1"",
      ""DepositNo__c"" : ""DEP04095""
    }, {
      ""OrderNo__c"" : null,
      ""CouponNo"" : ""COP2026MY0003;-;7YDITWGH"",
      ""TransactionAmount"" : 50000.0,
      ""DepositType__c"" : ""01"",
      ""PaymentMethod"" : ""90"",
      ""ActivityDate"" : ""20260510"",
      ""DeposiSeqNo__c"" : ""2"",
      ""DepositNo__c"" : ""DEP04096""
    }, {
      ""OrderNo__c"" : null,
      ""CouponNo"" : """",
      ""TransactionAmount"" : 44000.0,
      ""DepositType__c"" : ""01"",
      ""PaymentMethod"" : ""01"",
      ""ActivityDate"" : ""20260510"",
      ""DeposiSeqNo__c"" : ""3"",
      ""DepositNo__c"" : ""DEP04097""
    } ],
    ""OrderItem"" : [ {
      ""DiscountRate__c"" : 0.0,
      ""NetSalesUnitPrice__c"" : 500000.0,
      ""isExclude"" : false,
      ""Quantity"" : 1,
      ""ProductCode"" : ""TEST-001"",
      ""Status__c"" : ""01"",
      ""OrderSeqNo__c"" : ""1""
    } ],
    ""PromotionNo__c"" : ""PRO202604161041"",
    ""Type"" : ""01"",
    ""OrderStatus__c"" : ""01"",
    ""ActualPaymentAmount__c"" : 500000,
    ""OrderNo__c"" : ""SOR04013"",
    ""MemberNo__c"" : ""TEST03005"",
    ""StoreCode__c"" : ""99998"",
    ""AccountId"" : ""GOLDENDEW""
  },
  ""code"" : 200
}"
a12JO000000MdSbYAK,2026-05-10T09:49:28.000+0000,ErpAsyncJob,callout:GoldenDewApiNC/Crm/CouponDetail,"{""couponDetailModels"":[{""no_mbr"":""TEST01005"",""no_man_coupon_mil"":""00218251"",""no_man_coupon"":""COP2026MY0024"",""id_insert"":""milvus""}]}","{""code"":0,""success"":false,""message"":""SQL - 회원이 존재하지 않습니다."",""data"":null}"
a12JO000000Mei1YAC,2026-05-10T09:50:44.000+0000,OrderTrigger,,,
a12JO000000Mei2YAC,2026-05-10T09:50:44.000+0000,OrderTriggerHandler,,,
a12JO000000Mei3YAC,2026-05-10T09:50:44.000+0000,OrderTrigger,,,
a12JO000000Mei4YAC,2026-05-10T09:50:44.000+0000,GdOrderApiControllerV1,/gd/v1/order,"{
    ""AccountId"": ""1000"",
    ""StoreCode__c"": ""99997"",
    ""MemberNo__c"": ""TEST01005"",
    ""OrderNo__c"": ""SOR01V004"",
    ""ActualPaymentAmount__c"": 70000.0,
    ""OrderStatus__c"": ""03"",
    ""Type"": ""01"",
    ""PromotionNo__c"": ""PRO202604161041"",
    ""OrderItem"": [
        {
            ""OrderSeqNo__c"": ""1"",
            ""Status__c"": ""01"",
            ""ProductCode"": ""2A2600001"",
            ""Quantity"": 1,
            ""isExclude"": false,
            ""NetSalesUnitPrice__c"": 70000.0000,
            ""DiscountRate__c"": 0.0000
        }
    ],
    ""TransactionJournal"": [
        {
            ""DepositNo__c"": ""DEP01V014"",
            ""DeposiSeqNo__c"": ""1"",
            ""ActivityDate"": ""20260508"",
            ""PaymentMethod"": ""01"",
            ""DepositType__c"": ""01"",
            ""TransactionAmount"": 7000.0000,
            ""CouponNo"": """",
            ""OrderNo__c"": null
        },
        {
            ""DepositNo__c"": ""DEP01V014"",
            ""DeposiSeqNo__c"": ""2"",
            ""ActivityDate"": ""20260508"",
            ""PaymentMethod"": ""90"",
            ""DepositType__c"": ""01"",
            ""TransactionAmount"": 63000.0000,
            ""CouponNo"": ""COP2026MY0024;-;TE8MOI89"",
            ""OrderNo__c"": null
        }
    ]
}","{
  ""success"" : true,
  ""message"" : ""주문 등록 완료"",
  ""data"" : {
    ""DebitPointList"" : [ ],
    ""isGoldenBar"" : false,
    ""oiList"" : [ {
      ""attributes"" : {
        ""type"" : ""OrderItem"",
        ""url"" : ""/services/data/v67.0/sobjects/OrderItem/802JO0000054699YAA""
      },
      ""OrderId"" : ""801JO00000IBefmYAD"",
      ""Status__c"" : ""01"",
      ""PricebookEntryId"" : ""01uJO000001R0w4YAC"",
      ""Quantity"" : 1,
      ""UnitPrice"" : 500000,
      ""OrderItemNo__c"" : ""801JO00000IBefmYAD-1"",
      ""IsExclude__c"" : false,
      ""NetSalesUnitPrice__c"" : 70000.0000,
      ""DiscountRate__c"" : 0.0000,
      ""Id"" : ""802JO0000054699YAA""
    } ],
    ""storeType"" : ""20"",
    ""storeTypeFour"" : ""NULL"",
    ""orderId"" : ""801JO00000IBefmYAD"",
    ""TransactionJournal"" : [ {
      ""OrderNo__c"" : null,
      ""CouponNo"" : """",
      ""TransactionAmount"" : 7000.0000,
      ""DepositType__c"" : ""01"",
      ""PaymentMethod"" : ""01"",
      ""ActivityDate"" : ""20260508"",
      ""DeposiSeqNo__c"" : ""1"",
      ""DepositNo__c"" : ""DEP01V014""
    }, {
      ""OrderNo__c"" : null,
      ""CouponNo"" : ""COP2026MY0024;-;TE8MOI89"",
      ""TransactionAmount"" : 63000.0000,
      ""DepositType__c"" : ""01"",
      ""PaymentMethod"" : ""90"",
      ""ActivityDate"" : ""20260508"",
      ""DeposiSeqNo__c"" : ""2"",
      ""DepositNo__c"" : ""DEP01V014""
    } ],
    ""OrderItem"" : [ {
      ""DiscountRate__c"" : 0.0000,
      ""NetSalesUnitPrice__c"" : 70000.0000,
      ""isExclude"" : false,
      ""Quantity"" : 1,
      ""ProductCode"" : ""2A2600001"",
      ""Status__c"" : ""01"",
      ""OrderSeqNo__c"" : ""1""
    } ],
    ""PromotionNo__c"" : ""PRO202604161041"",
    ""Type"" : ""01"",
    ""OrderStatus__c"" : ""03"",
    ""ActualPaymentAmount__c"" : 70000.0,
    ""OrderNo__c"" : ""SOR01V004"",
    ""MemberNo__c"" : ""TEST01005"",
    ""StoreCode__c"" : ""99997"",
    ""AccountId"" : ""1000""
  },
  ""code"" : 200
}"
a12JO000000MeLRYA0,2026-05-10T09:51:13.000+0000,OrderTrigger,,,
a12JO000000MeLSYA0,2026-05-10T09:51:13.000+0000,OrderTriggerHandler,,,
a12JO000000MeLTYA0,2026-05-10T09:51:13.000+0000,OrderTrigger,,,
a12JO000000MeLUYA0,2026-05-10T09:51:13.000+0000,GdSaleApiControllerV1,/gd/v1/sale,"{
    ""AccountId"": ""GOLDENDEW"", 
    ""StoreCode__c"": ""99998"", 
    ""MemberNo__c"": ""TEST03005"", 
    ""SaleNo__c"": ""SAL04047"", 
    ""EndDate"": ""20260510"", 
    ""ActualPaymentAmount__c"": 500000.0, 
    ""SaleStatus__c"": ""01"", 
    ""PromotionNo__c"": ""PRO202604161041"", 
    ""OrderItem"": [ 
         {
            ""SaleSeqNo__c"": ""1"", 
            ""Status__c"": ""01"", 
            ""ProductCode"": ""TEST-001"", 
            ""Quantity"": 1, 
            ""isExclude"": false, 
            ""NetSalesUnitPrice__c"": 500000.0 
            
        }
        
        
        
        
        
        
        
        
        
        
        
        
        
        
        
        
        
        
        
    ],
    ""TransactionJournal"": [ 
        {
            ""DepositNo__c"": ""DEP04095"",
            ""DeposiSeqNo__c"": ""1"",
            ""ActivityDate"": ""20260510"",
            ""PaymentMethod"": ""81"",
            ""DepositType__c"": ""01"",
            ""TransactionAmount"": 10000.0,
            ""CouponNo"": """",
            ""OrderNo__c"": ""SOR04013""
        }
        ,
          {
            ""DepositNo__c"": ""DEP04096"",
            ""DeposiSeqNo__c"": ""2"",
            ""ActivityDate"": ""20260510"",
            ""PaymentMethod"": ""90"",
            ""DepositType__c"": ""01"",
            ""TransactionAmount"": 50000.0,
            ""CouponNo"": ""COP2026MY0003;-;7YDITWGH"",
            ""OrderNo__c"": ""SOR04013""
        }
        ,
          {
            ""DepositNo__c"": ""DEP04097"",
            ""DeposiSeqNo__c"": ""3"",
            ""ActivityDate"": ""20260510"",
            ""PaymentMethod"": ""01"",
            ""DepositType__c"": ""01"",
            ""TransactionAmount"": 44000.0,
            ""CouponNo"": """",
            ""OrderNo__c"": ""SOR04013""
        }
        ,
          {
            ""DepositNo__c"": ""DEP040001"",
            ""DeposiSeqNo__c"": ""4"",
            ""ActivityDate"": ""20260510"",
            ""PaymentMethod"": ""03"",
            ""DepositType__c"": ""02"",
            ""TransactionAmount"": 396000.0,
            ""CouponNo"": """",
            ""OrderNo__c"": """"
        }
        
        
        
        
        
        
        
        
        
        
        
        
        
        
        
        
        
        
        
        
        
        
        
        
        
        
        
        
        
        
        
        
        
    ],
    ""InsertId__c"": ""골든듀"" 
}","{
  ""success"" : true,
  ""message"" : ""판매 등록 완료"",
  ""data"" : {
    ""CreditPointList"" : [ {
      ""TX_REMARK"" : ""구매포인트|11cJO000001BAZlYAO|1.00"",
      ""PT_TARGET"" : 4400.0000,
      ""NO_SAL"" : null,
      ""NO_PROM_MBR"" : ""PRO202604161041"",
      ""NO_MBR"" : ""TEST03005"",
      ""NO_GRADE_ADVAN"" : ""01"",
      ""ID_INSERT"" : ""골든듀"",
      ""DTS_INSERT"" : ""2026-05-10 18:51:13"",
      ""DT_SAVE_PLAN"" : null,
      ""DT_LIMIT_START"" : ""2026-05-10 09:00:00"",
      ""DT_LIMIT_END"" : ""2028-05-10"",
      ""DT_DESTROY_PLAN"" : ""2028-05-11"",
      ""CD_TYPE_SAVE"" : ""Credit"",
      ""CD_TYPE_POINT"" : ""01"",
      ""CD_JOURNAL"" : ""05wJO0000004QK6YAM"",
      ""AM_SAL"" : 500000.0
    }, {
      ""TX_REMARK"" : ""사은포인트|11cJO000001BAY9YAO|3.00"",
      ""PT_TARGET"" : 13200.0000,
      ""NO_SAL"" : null,
      ""NO_PROM_MBR"" : ""PRO202604161041"",
      ""NO_MBR"" : ""TEST03005"",
      ""NO_GRADE_ADVAN"" : ""01"",
      ""ID_INSERT"" : ""골든듀"",
      ""DTS_INSERT"" : ""2026-05-10 18:51:13"",
      ""DT_SAVE_PLAN"" : null,
      ""DT_LIMIT_START"" : ""2026-05-10 09:00:00"",
      ""DT_LIMIT_END"" : ""2028-05-10"",
      ""DT_DESTROY_PLAN"" : ""2028-05-11"",
      ""CD_TYPE_SAVE"" : ""Credit"",
      ""CD_TYPE_POINT"" : ""01"",
      ""CD_JOURNAL"" : ""05wJO0000004QK7YAM"",
      ""AM_SAL"" : 500000.0
    } ],
    ""oiList"" : [ {
      ""attributes"" : {
        ""type"" : ""OrderItem"",
        ""url"" : ""/services/data/v67.0/sobjects/OrderItem/802JO00000546QZYAY""
      },
      ""OrderId"" : ""801JO00000IBewSYAT"",
      ""PricebookEntryId"" : ""01uJO0000011vRvYAI"",
      ""Quantity"" : 1,
      ""UnitPrice"" : 1000,
      ""SaleSeqNo__c"" : ""1"",
      ""SaleItemNo__c"" : ""801JO00000IBewSYAT-1"",
      ""IsExclude__c"" : false,
      ""NetSalesUnitPrice__c"" : 500000.0,
      ""DiscountRate__c"" : null,
      ""Id"" : ""802JO00000546QZYAY""
    } ],
    ""storeType"" : ""09"",
    ""storeTypeFour"" : ""NULL"",
    ""orderId"" : ""801JO00000IBewSYAT"",
    ""InsertId__c"" : ""골든듀"",
    ""TransactionJournal"" : [ {
      ""OrderNo__c"" : ""SOR04013"",
      ""CouponNo"" : """",
      ""TransactionAmount"" : 10000.0,
      ""DepositType__c"" : ""01"",
      ""PaymentMethod"" : ""81"",
      ""ActivityDate"" : ""20260510"",
      ""DeposiSeqNo__c"" : ""1"",
      ""DepositNo__c"" : ""DEP04095""
    }, {
      ""OrderNo__c"" : ""SOR04013"",
      ""CouponNo"" : ""COP2026MY0003;-;7YDITWGH"",
      ""TransactionAmount"" : 50000.0,
      ""DepositType__c"" : ""01"",
      ""PaymentMethod"" : ""90"",
      ""ActivityDate"" : ""20260510"",
      ""DeposiSeqNo__c"" : ""2"",
      ""DepositNo__c"" : ""DEP04096""
    }, {
      ""OrderNo__c"" : ""SOR04013"",
      ""CouponNo"" : """",
      ""TransactionAmount"" : 44000.0,
      ""DepositType__c"" : ""01"",
      ""PaymentMethod"" : ""01"",
      ""ActivityDate"" : ""20260510"",
      ""DeposiSeqNo__c"" : ""3"",
      ""DepositNo__c"" : ""DEP04097""
    }, {
      ""OrderNo__c"" : """",
      ""CouponNo"" : """",
      ""TransactionAmount"" : 396000.0,
      ""DepositType__c"" : ""02"",
      ""PaymentMethod"" : ""03"",
      ""ActivityDate"" : ""20260510"",
      ""DeposiSeqNo__c"" : ""4"",
      ""DepositNo__c"" : ""DEP040001""
    } ],
    ""OrderItem"" : [ {
      ""NetSalesUnitPrice__c"" : 500000.0,
      ""isExclude"" : false,
      ""Quantity"" : 1,
      ""ProductCode"" : ""TEST-001"",
      ""Status__c"" : ""01"",
      ""SaleSeqNo__c"" : ""1""
    } ],
    ""PromotionNo__c"" : ""PRO202604161041"",
    ""SaleStatus__c"" : ""01"",
    ""ActualPaymentAmount__c"" : 500000.0,
    ""EndDate"" : ""20260510"",
    ""SaleNo__c"" : ""SAL04047"",
    ""MemberNo__c"" : ""TEST03005"",
    ""StoreCode__c"" : ""99998"",
    ""AccountId"" : ""GOLDENDEW""
  },
  ""code"" : 200
}"
a12JO000000MemnYAC,2026-05-10T09:52:18.000+0000,OrderTrigger,,,
a12JO000000MeoPYAS,2026-05-10T09:54:31.000+0000,GdSaleDepositApiControllerV1,"{""DeposiSeqNo__c"":""1"",""DepositNo__c"":""DEP04095""}",,"{
  ""success"" : true,
  ""message"" : ""판매 입금 삭제 삭제 완료"",
  ""data"" : {
    ""CancelCoupon"" : null,
    ""CancelPointsCreditedList"" : null,
    ""CancelPointList"" : null
  },
  ""code"" : 200
}"
a12JO000000Meq1YAC,2026-05-10T09:54:36.000+0000,GdSaleDepositApiControllerV1,"{""DeposiSeqNo__c"":""2"",""DepositNo__c"":""DEP04096""}",,"{
  ""success"" : true,
  ""message"" : ""판매 입금 삭제 삭제 완료"",
  ""data"" : {
    ""CancelCoupon"" : null,
    ""CancelPointsCreditedList"" : null,
    ""CancelPointList"" : null
  },
  ""code"" : 200
}"
a12JO000000MerdYAC,2026-05-10T09:56:26.000+0000,OrderTrigger,,,
a12JO000000MereYAC,2026-05-10T09:56:27.000+0000,GdSaleApiControllerV1,/gd/v1/sale,"{
    ""SaleNo__c"": ""SAL04047"", 
    ""ActualPaymentAmount__c"": 500000.0, 
    ""SaleStatus__c"": ""01"", 
    ""OrderItem"": [ 
        {
            ""SaleSeqNo__c"": ""1"", 
            ""OrderNo__c"": ""SOR04013"", 
            ""ProductCode"": ""TEST-001"", 
            ""Quantity"": 1, 
            ""NetSalesUnitPrice__c"": 500000.0, 
            ""DiscountRate__c"": 0 
        }
        
        
        
        
        
        
        
        
        
    ],
    ""TransactionJournal"": [ 
        {
            ""DepositNo__c"": ""DEP040001"",
            ""DeposiSeqNo__c"": ""4"",
            ""ActivityDate"": ""20260510"",
            ""PaymentMethod"": ""03"",
            ""DepositType__c"": ""02"",
            ""TransactionAmount"": 456000.0,
            ""CouponNo"": """",
            ""OrderNo__c"": """"
        }
        
        
        
        
        
        
        
        
        
        
        
        
        
        
        
        
        
        
        
        
        
        
        
        
        
        
        
        
        
        
        
        
    ]
}","{
  ""success"" : true,
  ""message"" : ""판매 수정 완료"",
  ""data"" : {
    ""CreditPointList"" : [ {
      ""TX_REMARK"" : ""구매포인트|11cJO000001BAZlYAO|0"",
      ""PT_TARGET"" : 160.0000,
      ""NO_SAL"" : null,
      ""NO_PROM_MBR"" : null,
      ""NO_MBR"" : ""TEST03005"",
      ""NO_GRADE_ADVAN"" : ""01"",
      ""ID_INSERT"" : null,
      ""DTS_INSERT"" : ""2026-05-10 18:56:27"",
      ""DT_SAVE_PLAN"" : null,
      ""DT_LIMIT_START"" : ""2026-05-10 09:00:00"",
      ""DT_LIMIT_END"" : ""2028-05-10"",
      ""DT_DESTROY_PLAN"" : ""2028-05-11"",
      ""CD_TYPE_SAVE"" : ""Credit"",
      ""CD_TYPE_POINT"" : ""01"",
      ""CD_JOURNAL"" : ""05wJO0000004Qn7YAE"",
      ""AM_SAL"" : 500000.0
    }, {
      ""TX_REMARK"" : ""사은포인트|11cJO000001BAY9YAO|0"",
      ""PT_TARGET"" : 480.0000,
      ""NO_SAL"" : null,
      ""NO_PROM_MBR"" : null,
      ""NO_MBR"" : ""TEST03005"",
      ""NO_GRADE_ADVAN"" : ""01"",
      ""ID_INSERT"" : null,
      ""DTS_INSERT"" : ""2026-05-10 18:56:27"",
      ""DT_SAVE_PLAN"" : null,
      ""DT_LIMIT_START"" : ""2026-05-10 09:00:00"",
      ""DT_LIMIT_END"" : ""2028-05-10"",
      ""DT_DESTROY_PLAN"" : ""2028-05-11"",
      ""CD_TYPE_SAVE"" : ""Credit"",
      ""CD_TYPE_POINT"" : ""01"",
      ""CD_JOURNAL"" : ""05wJO0000004Qn8YAE"",
      ""AM_SAL"" : 500000.0
    } ],
    ""orderId"" : ""801JO00000IBewSYAT"",
    ""TransactionJournal"" : [ {
      ""OrderNo__c"" : """",
      ""CouponNo"" : """",
      ""TransactionAmount"" : 456000.0,
      ""DepositType__c"" : ""02"",
      ""PaymentMethod"" : ""03"",
      ""ActivityDate"" : ""20260510"",
      ""DeposiSeqNo__c"" : ""4"",
      ""DepositNo__c"" : ""DEP040001""
    } ],
    ""OrderItem"" : [ {
      ""DiscountRate__c"" : 0,
      ""NetSalesUnitPrice__c"" : 500000.0,
      ""Quantity"" : 1,
      ""ProductCode"" : ""TEST-001"",
      ""OrderNo__c"" : ""SOR04013"",
      ""SaleSeqNo__c"" : ""1""
    } ],
    ""SaleStatus__c"" : ""01"",
    ""ActualPaymentAmount__c"" : 500000.0,
    ""SaleNo__c"" : ""SAL04047""
  },
  ""code"" : 200
}"
a12JO000000MdVmYAK,2026-05-10T09:58:45.000+0000,OrderTrigger,,,
a12JO000000MdVnYAK,2026-05-10T09:58:45.000+0000,OrderTriggerHandler,,,
a12JO000000MdVoYAK,2026-05-10T09:58:46.000+0000,OrderTrigger,,,
a12JO000000MdVpYAK,2026-05-10T09:58:46.000+0000,GdSaleApiControllerV1,/gd/v1/sale,"{
    ""AccountId"": ""1000"",
    ""StoreCode__c"": ""99997"",
    ""MemberNo__c"": ""TEST01005"",
    ""SaleNo__c"": ""SAL01V011"",
    ""ActualPaymentAmount__c"": 70000.0,
    ""EndDate"": ""20260508"",
    ""SaleStatus__c"": ""01"",
    ""PromotionNo__c"": ""PRO202604161041"",
    ""OrderItem"": [
        {
            ""SaleSeqNo__c"": ""1"",
            ""OrderNo__c"": ""SOR01V004"",
            ""ProductCode"": ""2A2600001"",
            ""Quantity"": 1,
            ""isExclude"": false,
            ""NetSalesUnitPrice__c"": 70000.0000,
            ""DiscountRate__c"": 0.0000
        }
    ],
    ""TransactionJournal"": [
        {
            ""DepositNo__c"": ""DEP01V015"",
            ""DeposiSeqNo__c"": ""1"",
            ""ActivityDate"": ""20260508"",
            ""PaymentMethod"": ""01"",
            ""DepositType__c"": ""02"",
            ""TransactionAmount"": 7000.0000,
            ""CouponNo"": """",
            ""OrderNo__c"": ""SOR01V004""
        },
        {
            ""DepositNo__c"": ""DEP01V015"",
            ""DeposiSeqNo__c"": ""2"",
            ""ActivityDate"": ""20260508"",
            ""PaymentMethod"": ""90"",
            ""DepositType__c"": ""02"",
            ""TransactionAmount"": 63000.0000,
            ""CouponNo"": ""COP2026MY0024;-;TE8MOI89"",
            ""OrderNo__c"": ""SOR01V004""
        }
    ]
}","{
  ""success"" : true,
  ""message"" : ""판매 등록 완료"",
  ""data"" : {
    ""oiList"" : [ {
      ""attributes"" : {
        ""type"" : ""OrderItem"",
        ""url"" : ""/services/data/v67.0/sobjects/OrderItem/802JO00000541RPYAY""
      },
      ""OrderId"" : ""801JO00000IBHYCYA5"",
      ""PricebookEntryId"" : ""01uJO000001R0w4YAC"",
      ""Quantity"" : 1,
      ""UnitPrice"" : 500000,
      ""SaleSeqNo__c"" : ""1"",
      ""SaleItemNo__c"" : ""801JO00000IBHYCYA5-1"",
      ""IsExclude__c"" : false,
      ""NetSalesUnitPrice__c"" : 70000.0000,
      ""DiscountRate__c"" : 0.0000,
      ""OrderId__c"" : ""801JO00000IBefmYAD"",
      ""Id"" : ""802JO00000541RPYAY""
    } ],
    ""storeType"" : ""20"",
    ""storeTypeFour"" : ""NULL"",
    ""orderId"" : ""801JO00000IBHYCYA5"",
    ""TransactionJournal"" : [ {
      ""OrderNo__c"" : ""SOR01V004"",
      ""CouponNo"" : """",
      ""TransactionAmount"" : 7000.0000,
      ""DepositType__c"" : ""02"",
      ""PaymentMethod"" : ""01"",
      ""ActivityDate"" : ""20260508"",
      ""DeposiSeqNo__c"" : ""1"",
      ""DepositNo__c"" : ""DEP01V015""
    }, {
      ""OrderNo__c"" : ""SOR01V004"",
      ""CouponNo"" : ""COP2026MY0024;-;TE8MOI89"",
      ""TransactionAmount"" : 63000.0000,
      ""DepositType__c"" : ""02"",
      ""PaymentMethod"" : ""90"",
      ""ActivityDate"" : ""20260508"",
      ""DeposiSeqNo__c"" : ""2"",
      ""DepositNo__c"" : ""DEP01V015""
    } ],
    ""OrderItem"" : [ {
      ""DiscountRate__c"" : 0.0000,
      ""NetSalesUnitPrice__c"" : 70000.0000,
      ""isExclude"" : false,
      ""Quantity"" : 1,
      ""ProductCode"" : ""2A2600001"",
      ""OrderNo__c"" : ""SOR01V004"",
      ""SaleSeqNo__c"" : ""1""
    } ],
    ""PromotionNo__c"" : ""PRO202604161041"",
    ""SaleStatus__c"" : ""01"",
    ""EndDate"" : ""20260508"",
    ""ActualPaymentAmount__c"" : 70000.0,
    ""SaleNo__c"" : ""SAL01V011"",
    ""MemberNo__c"" : ""TEST01005"",
    ""StoreCode__c"" : ""99997"",
    ""AccountId"" : ""1000""
  },
  ""code"" : 200
}"
a12JO000000MetFYAS,2026-05-10T09:59:35.000+0000,OrderTrigger,,,
a12JO000000MetGYAS,2026-05-10T09:59:35.000+0000,GdSaleApiControllerV1,/gd/v1/sale,"{
    ""SaleNo__c"": ""SAL04047"", 
    ""ActualPaymentAmount__c"": 500000.0, 
    ""SaleStatus__c"": ""01"", 
    ""OrderItem"": [ 
        {
            ""SaleSeqNo__c"": ""1"", 
            ""OrderNo__c"": ""SOR04013"", 
            ""ProductCode"": ""TEST-001"", 
            ""Quantity"": 1, 
            ""NetSalesUnitPrice__c"": 500000.0, 
            ""DiscountRate__c"": 0 
        }
        
        
        
        
        
        
        
        
        
    ],
    ""TransactionJournal"": [ 
        {
            ""DepositNo__c"": ""DEP040001"",
            ""DeposiSeqNo__c"": ""4"",
            ""ActivityDate"": ""20260510"",
            ""PaymentMethod"": ""03"",
            ""DepositType__c"": ""02"",
            ""TransactionAmount"": 456000.0,
            ""CouponNo"": """",
            ""OrderNo__c"": ""SOR04013""
        }
        
        
        
        
        
        
        
        
        
        
        
        
        
        
        
        
        
        
        
        
        
        
        
        
        
        
        
        
        
        
        
        
    ]
}","{
  ""success"" : true,
  ""message"" : ""판매 수정 완료"",
  ""data"" : {
    ""orderId"" : ""801JO00000IBewSYAT"",
    ""TransactionJournal"" : [ {
      ""OrderNo__c"" : ""SOR04013"",
      ""CouponNo"" : """",
      ""TransactionAmount"" : 456000.0,
      ""DepositType__c"" : ""02"",
      ""PaymentMethod"" : ""03"",
      ""ActivityDate"" : ""20260510"",
      ""DeposiSeqNo__c"" : ""4"",
      ""DepositNo__c"" : ""DEP040001""
    } ],
    ""OrderItem"" : [ {
      ""DiscountRate__c"" : 0,
      ""NetSalesUnitPrice__c"" : 500000.0,
      ""Quantity"" : 1,
      ""ProductCode"" : ""TEST-001"",
      ""OrderNo__c"" : ""SOR04013"",
      ""SaleSeqNo__c"" : ""1""
    } ],
    ""SaleStatus__c"" : ""01"",
    ""ActualPaymentAmount__c"" : 500000.0,
    ""SaleNo__c"" : ""SAL04047""
  },
  ""code"" : 200
}"
a12JO000000MeDMYA0,2026-05-10T10:00:37.000+0000,GdReturnApiControllerV1,/gd/v1/return,"{
    ""SaleNo__c"": ""SAL02V016"", 
    ""OriginalOrderId"": ""SAL02V015"", 
    ""ActualPaymentAmount__c"": 500000, 
    ""OrderItem"": [ 
        {
            ""SaleSeqNo__c"": ""1"", 
            ""ProductCode"": ""2A2600001"", 
            ""Quantity"": -1, 
            ""isExclude"": false, 
            ""NetSalesUnitPrice__c"": 500000.0, 
            ""DiscountRate__c"": 0 
        }
    ],
    ""TransactionJournal"": [ 
        {
            ""DepositNo__c"": ""DEP02V016"", 
            ""DeposiSeqNo__c"": ""1"", 
            ""ActivityDate"": ""20260510"", 
            ""PaymentMethod"": ""01"", 
            ""DepositType__c"": ""03"", 
            ""TransactionAmount"": 420000, 
            ""CouponNo"": """" 
        }
        ,
        {
            ""DepositNo__c"": ""DEP02V016"", 
            ""DeposiSeqNo__c"": ""2"", 
            ""ActivityDate"": ""20260510"", 
            ""PaymentMethod"": ""90"", 
            ""DepositType__c"": ""03"", 
            ""TransactionAmount"": 50000, 
            ""CouponNo"": ""COP2026JA0028;-;36"" 
        }
        ,
        {
            ""DepositNo__c"": ""DEP02V016"", 
            ""DeposiSeqNo__c"": ""2"", 
            ""ActivityDate"": ""20260510"", 
            ""PaymentMethod"": ""81"", 
            ""DepositType__c"": ""03"", 
            ""TransactionAmount"": 30000, 
            ""CouponNo"": """" 
        }
    ],
    ""InsertId__c"": ""골든듀"" 
}","{
  ""success"" : false,
  ""message"" : ""Insert failed. First exception on row 0; first error: DUPLICATE_VALUE, 중복 값 발견: DepositNo__c이(가) ID가 다음과 같은 레코드의 값과 중복됩니다. 0lVJO000000CH6k2AG: []"",
  ""code"" : 500
}"
a12JO000000MeurYAC,2026-05-10T10:00:47.000+0000,OrderTrigger,,,
a12JO000000MeusYAC,2026-05-10T10:00:48.000+0000,OrderTriggerHandler,,,
a12JO000000MeutYAC,2026-05-10T10:00:48.000+0000,OrderTrigger,,,
a12JO000000MeuuYAC,2026-05-10T10:00:48.000+0000,GdReturnApiControllerV1,/gd/v1/return,"{
    ""SaleNo__c"": ""SAL02V016"", 
    ""OriginalOrderId"": ""SAL02V015"", 
    ""ActualPaymentAmount__c"": 500000, 
    ""OrderItem"": [ 
        {
            ""SaleSeqNo__c"": ""1"", 
            ""ProductCode"": ""2A2600001"", 
            ""Quantity"": -1, 
            ""isExclude"": false, 
            ""NetSalesUnitPrice__c"": 500000.0, 
            ""DiscountRate__c"": 0 
        }
    ],
    ""TransactionJournal"": [ 
        {
            ""DepositNo__c"": ""DEP02V016"", 
            ""DeposiSeqNo__c"": ""1"", 
            ""ActivityDate"": ""20260510"", 
            ""PaymentMethod"": ""01"", 
            ""DepositType__c"": ""03"", 
            ""TransactionAmount"": 420000, 
            ""CouponNo"": """" 
        }
        ,
        {
            ""DepositNo__c"": ""DEP02V016"", 
            ""DeposiSeqNo__c"": ""2"", 
            ""ActivityDate"": ""20260510"", 
            ""PaymentMethod"": ""90"", 
            ""DepositType__c"": ""03"", 
            ""TransactionAmount"": 50000, 
            ""CouponNo"": ""COP2026JA0028;-;36"" 
        }
        ,
        {
            ""DepositNo__c"": ""DEP02V016"", 
            ""DeposiSeqNo__c"": ""3"", 
            ""ActivityDate"": ""20260510"", 
            ""PaymentMethod"": ""81"", 
            ""DepositType__c"": ""03"", 
            ""TransactionAmount"": 30000, 
            ""CouponNo"": """" 
        }
    ],
    ""InsertId__c"": ""골든듀"" 
}","{
  ""success"" : true,
  ""message"" : ""반품 등록 완료"",
  ""data"" : {
    ""CancelPointsCreditedList"" : [ {
      ""PT_USE"" : 8400.0000,
      ""NO_SAL_RTN"" : null,
      ""NO_SAL"" : ""SAL02V015"",
      ""NO_MBR"" : ""TEST02006"",
      ""ID_INSERT"" : null,
      ""DTS_INSERT"" : ""2026-05-10 19:00:48"",
      ""CD_TYPE_POINT"" : ""01"",
      ""CD_RESON"" : ""6"",
      ""CD_LEDGER"" : ""05wJO0000004QolYAE"",
      ""CD_JOURNAL"" : ""05wJO0000004QjvYAE"",
      ""AM_SAL"" : null
    }, {
      ""PT_USE"" : 12600.0000,
      ""NO_SAL_RTN"" : null,
      ""NO_SAL"" : ""SAL02V015"",
      ""NO_MBR"" : ""TEST02006"",
      ""ID_INSERT"" : null,
      ""DTS_INSERT"" : ""2026-05-10 19:00:48"",
      ""CD_TYPE_POINT"" : ""06"",
      ""CD_RESON"" : ""6"",
      ""CD_LEDGER"" : ""05wJO0000004QomYAE"",
      ""CD_JOURNAL"" : ""05wJO0000004QjwYAE"",
      ""AM_SAL"" : null
    } ],
    ""CancelPointList"" : {
      ""RecreditPointList"" : [ {
        ""ExpiryDate"" : ""2028-05-10"",
        ""Name"" : ""구매포인트"",
        ""Point"" : 16100.0000
      }, {
        ""ExpiryDate"" : ""2028-05-10"",
        ""Name"" : ""사은포인트"",
        ""Point"" : 13900.0000
      } ]
    },
    ""originalOrderId"" : ""801JO00000IBcz1YAD"",
    ""orderId"" : ""801JO00000IBe33YAD"",
    ""InsertId__c"" : ""골든듀"",
    ""TransactionJournal"" : [ {
      ""CouponNo"" : """",
      ""TransactionAmount"" : 420000,
      ""DepositType__c"" : ""03"",
      ""PaymentMethod"" : ""01"",
      ""ActivityDate"" : ""20260510"",
      ""DeposiSeqNo__c"" : ""1"",
      ""DepositNo__c"" : ""DEP02V016""
    }, {
      ""CouponNo"" : ""COP2026JA0028;-;36"",
      ""TransactionAmount"" : 50000,
      ""DepositType__c"" : ""03"",
      ""PaymentMethod"" : ""90"",
      ""ActivityDate"" : ""20260510"",
      ""DeposiSeqNo__c"" : ""2"",
      ""DepositNo__c"" : ""DEP02V016""
    }, {
      ""CouponNo"" : """",
      ""TransactionAmount"" : 30000,
      ""DepositType__c"" : ""03"",
      ""PaymentMethod"" : ""81"",
      ""ActivityDate"" : ""20260510"",
      ""DeposiSeqNo__c"" : ""3"",
      ""DepositNo__c"" : ""DEP02V016""
    } ],
    ""OrderItem"" : [ {
      ""DiscountRate__c"" : 0,
      ""NetSalesUnitPrice__c"" : 500000.0,
      ""isExclude"" : false,
      ""Quantity"" : -1,
      ""ProductCode"" : ""2A2600001"",
      ""SaleSeqNo__c"" : ""1""
    } ],
    ""ActualPaymentAmount__c"" : 500000,
    ""OriginalOrderId"" : ""SAL02V015"",
    ""SaleNo__c"" : ""SAL02V016""
  },
  ""code"" : 200
}"
a12JO000000MewTYAS,2026-05-10T10:02:51.000+0000,OrderTrigger,,,
a12JO000000MewUYAS,2026-05-10T10:02:52.000+0000,GdSaleApiControllerV1,/gd/v1/sale,"{
    ""SaleNo__c"": ""SAL04047"", 
    ""ActualPaymentAmount__c"": 500000.0, 
    ""SaleStatus__c"": ""01"", 
    ""OrderItem"": [ 
        {
            ""SaleSeqNo__c"": ""1"", 
            ""OrderNo__c"": ""SOR04013"", 
            ""ProductCode"": ""TEST-001"", 
            ""Quantity"": 1, 
            ""NetSalesUnitPrice__c"": 500000.0, 
            ""DiscountRate__c"": 0 
        }
        
        
        
        
        
        
        
        
        
    ],
    ""TransactionJournal"": [ 
        {
            ""DepositNo__c"": ""DEP040001"",
            ""DeposiSeqNo__c"": ""4"",
            ""ActivityDate"": ""20260510"",
            ""PaymentMethod"": ""03"",
            ""DepositType__c"": ""02"",
            ""TransactionAmount"": 456000.0,
            ""CouponNo"": """",
            ""OrderNo__c"": """"
        },
       {
            ""DepositNo__c"": ""DEP04097"",
            ""DeposiSeqNo__c"": ""3"",
            ""ActivityDate"": ""20260510"",
            ""PaymentMethod"": ""01"",
            ""DepositType__c"": ""01"",
            ""TransactionAmount"": 44000.0,
            ""CouponNo"": """",
            ""OrderNo__c"": ""SOR04013""
        }
        
        
        
        
        
        
        
        
        
        
        
        
        
        
        
        
        
        
        
        
        
    ]
}","{
  ""success"" : true,
  ""message"" : ""판매 수정 완료"",
  ""data"" : {
    ""CreditPointList"" : [ {
      ""TX_REMARK"" : ""구매포인트|11cJO000001BAZlYAO|0"",
      ""PT_TARGET"" : 440.0000,
      ""NO_SAL"" : null,
      ""NO_PROM_MBR"" : null,
      ""NO_MBR"" : ""TEST03005"",
      ""NO_GRADE_ADVAN"" : ""01"",
      ""ID_INSERT"" : null,
      ""DTS_INSERT"" : ""2026-05-10 19:02:51"",
      ""DT_SAVE_PLAN"" : null,
      ""DT_LIMIT_START"" : ""2026-05-10 09:00:00"",
      ""DT_LIMIT_END"" : ""2028-05-10"",
      ""DT_DESTROY_PLAN"" : ""2028-05-11"",
      ""CD_TYPE_SAVE"" : ""Credit"",
      ""CD_TYPE_POINT"" : ""01"",
      ""CD_JOURNAL"" : ""05wJO0000004QqLYAU"",
      ""AM_SAL"" : 500000.0
    }, {
      ""TX_REMARK"" : ""사은포인트|11cJO000001BAY9YAO|0"",
      ""PT_TARGET"" : 1320.0000,
      ""NO_SAL"" : null,
      ""NO_PROM_MBR"" : null,
      ""NO_MBR"" : ""TEST03005"",
      ""NO_GRADE_ADVAN"" : ""01"",
      ""ID_INSERT"" : null,
      ""DTS_INSERT"" : ""2026-05-10 19:02:51"",
      ""DT_SAVE_PLAN"" : null,
      ""DT_LIMIT_START"" : ""2026-05-10 09:00:00"",
      ""DT_LIMIT_END"" : ""2028-05-10"",
      ""DT_DESTROY_PLAN"" : ""2028-05-11"",
      ""CD_TYPE_SAVE"" : ""Credit"",
      ""CD_TYPE_POINT"" : ""01"",
      ""CD_JOURNAL"" : ""05wJO0000004QqMYAU"",
      ""AM_SAL"" : 500000.0
    } ],
    ""orderId"" : ""801JO00000IBewSYAT"",
    ""TransactionJournal"" : [ {
      ""OrderNo__c"" : """",
      ""CouponNo"" : """",
      ""TransactionAmount"" : 456000.0,
      ""DepositType__c"" : ""02"",
      ""PaymentMethod"" : ""03"",
      ""ActivityDate"" : ""20260510"",
      ""DeposiSeqNo__c"" : ""4"",
      ""DepositNo__c"" : ""DEP040001""
    }, {
      ""OrderNo__c"" : ""SOR04013"",
      ""CouponNo"" : """",
      ""TransactionAmount"" : 44000.0,
      ""DepositType__c"" : ""01"",
      ""PaymentMethod"" : ""01"",
      ""ActivityDate"" : ""20260510"",
      ""DeposiSeqNo__c"" : ""3"",
      ""DepositNo__c"" : ""DEP04097""
    } ],
    ""OrderItem"" : [ {
      ""DiscountRate__c"" : 0,
      ""NetSalesUnitPrice__c"" : 500000.0,
      ""Quantity"" : 1,
      ""ProductCode"" : ""TEST-001"",
      ""OrderNo__c"" : ""SOR04013"",
      ""SaleSeqNo__c"" : ""1""
    } ],
    ""SaleStatus__c"" : ""01"",
    ""ActualPaymentAmount__c"" : 500000.0,
    ""SaleNo__c"" : ""SAL04047""
  },
  ""code"" : 200
}"
a12JO000000Mey5YAC,2026-05-10T10:03:57.000+0000,OrderTrigger,,,
a12JO000000Mey6YAC,2026-05-10T10:03:58.000+0000,GdSaleApiControllerV1,/gd/v1/sale,"{
    ""SaleNo__c"": ""SAL04047"", 
    ""ActualPaymentAmount__c"": 500000.0, 
    ""SaleStatus__c"": ""01"", 
    ""OrderItem"": [ 
        {
            ""SaleSeqNo__c"": ""1"", 
            ""OrderNo__c"": ""SOR04013"", 
            ""ProductCode"": ""TEST-001"", 
            ""Quantity"": 1, 
            ""NetSalesUnitPrice__c"": 500000.0, 
            ""DiscountRate__c"": 0 
        }
        
        
        
        
        
        
        
        
        
    ],
    ""TransactionJournal"": [ 
        {
            ""DepositNo__c"": ""DEP040001"",
            ""DeposiSeqNo__c"": ""4"",
            ""ActivityDate"": ""20260510"",
            ""PaymentMethod"": ""03"",
            ""DepositType__c"": ""02"",
            ""TransactionAmount"": 456000.0,
            ""CouponNo"": """",
            ""OrderNo__c"": ""SOR04013""
        },
       {
            ""DepositNo__c"": ""DEP04097"",
            ""DeposiSeqNo__c"": ""3"",
            ""ActivityDate"": ""20260510"",
            ""PaymentMethod"": ""01"",
            ""DepositType__c"": ""01"",
            ""TransactionAmount"": 44000.0,
            ""CouponNo"": """",
            ""OrderNo__c"": ""SOR04013""
        }
        
        
        
        
        
        
        
        
        
        
        
        
        
        
        
        
        
        
        
        
        
    ]
}","{
  ""success"" : true,
  ""message"" : ""판매 수정 완료"",
  ""data"" : {
    ""orderId"" : ""801JO00000IBewSYAT"",
    ""TransactionJournal"" : [ {
      ""OrderNo__c"" : ""SOR04013"",
      ""CouponNo"" : """",
      ""TransactionAmount"" : 456000.0,
      ""DepositType__c"" : ""02"",
      ""PaymentMethod"" : ""03"",
      ""ActivityDate"" : ""20260510"",
      ""DeposiSeqNo__c"" : ""4"",
      ""DepositNo__c"" : ""DEP040001""
    }, {
      ""OrderNo__c"" : ""SOR04013"",
      ""CouponNo"" : """",
      ""TransactionAmount"" : 44000.0,
      ""DepositType__c"" : ""01"",
      ""PaymentMethod"" : ""01"",
      ""ActivityDate"" : ""20260510"",
      ""DeposiSeqNo__c"" : ""3"",
      ""DepositNo__c"" : ""DEP04097""
    } ],
    ""OrderItem"" : [ {
      ""DiscountRate__c"" : 0,
      ""NetSalesUnitPrice__c"" : 500000.0,
      ""Quantity"" : 1,
      ""ProductCode"" : ""TEST-001"",
      ""OrderNo__c"" : ""SOR04013"",
      ""SaleSeqNo__c"" : ""1""
    } ],
    ""SaleStatus__c"" : ""01"",
    ""ActualPaymentAmount__c"" : 500000.0,
    ""SaleNo__c"" : ""SAL04047""
  },
  ""code"" : 200
}"
a12JO000000MeF1YAK,2026-05-10T10:26:39.000+0000,OrderTrigger,,,
a12JO000000MeF2YAK,2026-05-10T10:26:39.000+0000,GdSaleApiControllerV1,/gd/v1/sale,"{
    ""SaleNo__c"": ""SAL04047"", 
    ""ActualPaymentAmount__c"": 500000.0, 
    ""SaleStatus__c"": ""01"", 
    ""OrderItem"": [ 
        {
            ""SaleSeqNo__c"": ""1"", 
            ""OrderNo__c"": ""SOR04013"", 
            ""ProductCode"": ""TEST-001"", 
            ""Quantity"": 1, 
            ""NetSalesUnitPrice__c"": 500000.0, 
            ""DiscountRate__c"": 0 
        }
        
        
        
        
        
        
        
        
        
    ],
    ""TransactionJournal"": [ 
        {
            ""DepositNo__c"": ""DEP040001"",
            ""DeposiSeqNo__c"": ""4"",
            ""ActivityDate"": ""20260510"",
            ""PaymentMethod"": ""03"",
            ""DepositType__c"": ""02"",
            ""TransactionAmount"": 456000.0,
            ""CouponNo"": """",
            ""OrderNo__c"": """"
        },
       {
            ""DepositNo__c"": ""DEP04097"",
            ""DeposiSeqNo__c"": ""3"",
            ""ActivityDate"": ""20260510"",
            ""PaymentMethod"": ""01"",
            ""DepositType__c"": ""01"",
            ""TransactionAmount"": 44000.0,
            ""CouponNo"": """",
            ""OrderNo__c"": ""SOR04013""
        }
        
        
        
        
        
        
        
        
        
        
        
        
        
        
        
        
        
        
        
        
        
    ]
}","{
  ""success"" : true,
  ""message"" : ""판매 수정 완료"",
  ""data"" : {
    ""orderId"" : ""801JO00000IBewSYAT"",
    ""TransactionJournal"" : [ {
      ""OrderNo__c"" : """",
      ""CouponNo"" : """",
      ""TransactionAmount"" : 456000.0,
      ""DepositType__c"" : ""02"",
      ""PaymentMethod"" : ""03"",
      ""ActivityDate"" : ""20260510"",
      ""DeposiSeqNo__c"" : ""4"",
      ""DepositNo__c"" : ""DEP040001""
    }, {
      ""OrderNo__c"" : ""SOR04013"",
      ""CouponNo"" : """",
      ""TransactionAmount"" : 44000.0,
      ""DepositType__c"" : ""01"",
      ""PaymentMethod"" : ""01"",
      ""ActivityDate"" : ""20260510"",
      ""DeposiSeqNo__c"" : ""3"",
      ""DepositNo__c"" : ""DEP04097""
    } ],
    ""OrderItem"" : [ {
      ""DiscountRate__c"" : 0,
      ""NetSalesUnitPrice__c"" : 500000.0,
      ""Quantity"" : 1,
      ""ProductCode"" : ""TEST-001"",
      ""OrderNo__c"" : ""SOR04013"",
      ""SaleSeqNo__c"" : ""1""
    } ],
    ""SaleStatus__c"" : ""01"",
    ""ActualPaymentAmount__c"" : 500000.0,
    ""SaleNo__c"" : ""SAL04047""
  },
  ""code"" : 200
}"
a12JO000000MezhYAC,2026-05-10T10:26:48.000+0000,GdPointHelpApiControllerV1,/gd/v1/point/help,"{
    ""StoreCode__c"": """",
    ""MemberNo__c"": ""TEST01100"",
    ""Type"": """",
    ""PromotionNo__c"": """",
    ""OrderDate"": ""20260508"",
    ""SaleNo__c"": """"
}","{
  ""success"" : true,
  ""message"" : ""포인트 적용 조회 성공"",
  ""data"" : {
    ""pointList"" : [ {
      ""points"" : 9700,
      ""CD_TYPE_POINT"" : ""01""
    }, {
      ""points"" : 29100,
      ""CD_TYPE_POINT"" : ""06""
    } ]
  },
  ""code"" : 200
}"
a12JO000000Mf1JYAS,2026-05-10T10:27:24.000+0000,GdPointHelpApiControllerV1,/gd/v1/point/help,"{
    ""StoreCode__c"": """",
    ""MemberNo__c"": ""TEST01100"",
    ""Type"": """",
    ""PromotionNo__c"": """",
    ""OrderDate"": ""20260510"",
    ""SaleNo__c"": """"
}","{
  ""success"" : true,
  ""message"" : ""포인트 적용 조회 성공"",
  ""data"" : {
    ""pointList"" : [ {
      ""points"" : 4700,
      ""CD_TYPE_POINT"" : ""01""
    }, {
      ""points"" : 14100,
      ""CD_TYPE_POINT"" : ""06""
    } ]
  },
  ""code"" : 200
}"
a12JO000000Mf2vYAC,2026-05-10T10:27:27.000+0000,GdPointHelpApiControllerV1,/gd/v1/point/help,"{
    ""StoreCode__c"": """",
    ""MemberNo__c"": ""TEST01100"",
    ""Type"": """",
    ""PromotionNo__c"": """",
    ""OrderDate"": ""20260510"",
    ""SaleNo__c"": """"
}","{
  ""success"" : true,
  ""message"" : ""포인트 적용 조회 성공"",
  ""data"" : {
    ""pointList"" : [ {
      ""points"" : 4700,
      ""CD_TYPE_POINT"" : ""01""
    }, {
      ""points"" : 14100,
      ""CD_TYPE_POINT"" : ""06""
    } ]
  },
  ""code"" : 200
}"
a12JO000000Mf4XYAS,2026-05-10T10:27:33.000+0000,GdPointHelpApiControllerV1,/gd/v1/point/help,"{
    ""StoreCode__c"": """",
    ""MemberNo__c"": ""TEST01100"",
    ""Type"": """",
    ""PromotionNo__c"": """",
    ""OrderDate"": ""20260508"",
    ""SaleNo__c"": """"
}","{
  ""success"" : true,
  ""message"" : ""포인트 적용 조회 성공"",
  ""data"" : {
    ""pointList"" : [ {
      ""points"" : 9700,
      ""CD_TYPE_POINT"" : ""01""
    }, {
      ""points"" : 29100,
      ""CD_TYPE_POINT"" : ""06""
    } ]
  },
  ""code"" : 200
}"
a12JO000000Mf69YAC,2026-05-10T10:27:37.000+0000,GdSaleApiControllerV1,/gd/v1/sale,"{
    ""AccountId"": ""1000"",
    ""StoreCode__c"": ""99998"",
    ""MemberNo__c"": ""TEST02007"",
    ""SaleNo__c"": ""SAL02V016"",
    ""ActualPaymentAmount__c"": 1000000.0,
    ""EndDate"": ""20260510"",
    ""SaleStatus__c"": ""01"",
    ""PromotionNo__c"": ""PRO202604161041"",
    ""OrderItem"": [
        {
            ""SaleSeqNo__c"": ""1"",
            ""OrderNo__c"": null,
            ""ProductCode"": ""2A2600001"",
            ""Quantity"": 2,
            ""isExclude"": false,
            ""NetSalesUnitPrice__c"": 500000.0000,
            ""DiscountRate__c"": 0.0000
        }
        
        
        
        
        
        
        
        
        
        
    ],
    ""TransactionJournal"": [
        
        
        
        
        
        
        
        
        
        
        ,
        {
            ""DepositNo__c"": ""DEP02V016"",
            ""DeposiSeqNo__c"": ""1"",
            ""ActivityDate"": ""20260510"",
            ""PaymentMethod"": ""01"",
            ""DepositType__c"": ""02"",
            ""TransactionAmount"": 950000.0000,
            ""CouponNo"": """",
            ""OrderNo__c"": null
        }
        ,
        {
            ""DepositNo__c"": ""DEP02V016"",
            ""DeposiSeqNo__c"": ""2"",
            ""ActivityDate"": ""20260510"",
            ""PaymentMethod"": ""90"",
            ""DepositType__c"": ""02"",
            ""TransactionAmount"": 50000.0000,
            ""CouponNo"": ""COP2026JA0022;-;169"",
            ""OrderNo__c"": null
        }
        
        
        
        
        
        
        
        
        
        
        
    ]
}","{
  ""success"" : false,
  ""message"" : ""JSON 역직렬화 실패: Unexpected character (',' (code 44)): expected a valid value (number, String, array, object, 'true', 'false' or 'null') at [line:42, column:10]"",
  ""code"" : 400
}"
a12JO000000Mf1KYAS,2026-05-10T10:27:46.000+0000,GdSaleApiControllerV1,/gd/v1/sale,"{
    ""AccountId"": ""1000"",
    ""StoreCode__c"": ""99998"",
    ""MemberNo__c"": ""TEST02007"",
    ""SaleNo__c"": ""SAL02V016"",
    ""ActualPaymentAmount__c"": 1000000.0,
    ""EndDate"": ""20260510"",
    ""SaleStatus__c"": ""01"",
    ""PromotionNo__c"": ""PRO202604161041"",
    ""OrderItem"": [
        {
            ""SaleSeqNo__c"": ""1"",
            ""OrderNo__c"": null,
            ""ProductCode"": ""2A2600001"",
            ""Quantity"": 2,
            ""isExclude"": false,
            ""NetSalesUnitPrice__c"": 500000.0000,
            ""DiscountRate__c"": 0.0000
        }
        
        
        
        
        
        
        
        
        
        
    ],
    ""TransactionJournal"": [
        
        
        
        
        
        
        
        
        
        
        
        {
            ""DepositNo__c"": ""DEP02V016"",
            ""DeposiSeqNo__c"": ""1"",
            ""ActivityDate"": ""20260510"",
            ""PaymentMethod"": ""01"",
            ""DepositType__c"": ""02"",
            ""TransactionAmount"": 950000.0000,
            ""CouponNo"": """",
            ""OrderNo__c"": null
        }
        ,
        {
            ""DepositNo__c"": ""DEP02V016"",
            ""DeposiSeqNo__c"": ""2"",
            ""ActivityDate"": ""20260510"",
            ""PaymentMethod"": ""90"",
            ""DepositType__c"": ""02"",
            ""TransactionAmount"": 50000.0000,
            ""CouponNo"": ""COP2026JA0022;-;169"",
            ""OrderNo__c"": null
        }
        
        
        
        
        
        
        
        
        
        
        
    ]
}","{
  ""success"" : false,
  ""message"" : ""SaleNo__c already exists."",
  ""code"" : 400
}"
a12JO000000Mf7mYAC,2026-05-10T10:27:52.000+0000,GdSaleApiControllerV1,/gd/v1/sale,"{
    ""AccountId"": ""1000"",
    ""StoreCode__c"": ""99998"",
    ""MemberNo__c"": ""TEST02007"",
    ""SaleNo__c"": ""SAL02V017"",
    ""ActualPaymentAmount__c"": 1000000.0,
    ""EndDate"": ""20260510"",
    ""SaleStatus__c"": ""01"",
    ""PromotionNo__c"": ""PRO202604161041"",
    ""OrderItem"": [
        {
            ""SaleSeqNo__c"": ""1"",
            ""OrderNo__c"": null,
            ""ProductCode"": ""2A2600001"",
            ""Quantity"": 2,
            ""isExclude"": false,
            ""NetSalesUnitPrice__c"": 500000.0000,
            ""DiscountRate__c"": 0.0000
        }
        
        
        
        
        
        
        
        
        
        
    ],
    ""TransactionJournal"": [
        
        
        
        
        
        
        
        
        
        
        
        {
            ""DepositNo__c"": ""DEP02V016"",
            ""DeposiSeqNo__c"": ""1"",
            ""ActivityDate"": ""20260510"",
            ""PaymentMethod"": ""01"",
            ""DepositType__c"": ""02"",
            ""TransactionAmount"": 950000.0000,
            ""CouponNo"": """",
            ""OrderNo__c"": null
        }
        ,
        {
            ""DepositNo__c"": ""DEP02V016"",
            ""DeposiSeqNo__c"": ""2"",
            ""ActivityDate"": ""20260510"",
            ""PaymentMethod"": ""90"",
            ""DepositType__c"": ""02"",
            ""TransactionAmount"": 50000.0000,
            ""CouponNo"": ""COP2026JA0022;-;169"",
            ""OrderNo__c"": null
        }
        
        
        
        
        
        
        
        
        
        
        
    ]
}","{
  ""success"" : false,
  ""message"" : ""Insert failed. First exception on row 0; first error: DUPLICATE_VALUE, 중복 값 발견: DepositNo__c이(가) ID가 다음과 같은 레코드의 값과 중복됩니다. 0lVJO000000CHoH2AW: []"",
  ""code"" : 500
}"
a12JO000000Mf9NYAS,2026-05-10T10:28:04.000+0000,OrderTrigger,,,
a12JO000000Mf9OYAS,2026-05-10T10:28:05.000+0000,OrderTriggerHandler,,,
a12JO000000Mf9PYAS,2026-05-10T10:28:05.000+0000,OrderTrigger,,,
a12JO000000Mf9QYAS,2026-05-10T10:28:05.000+0000,GdSaleApiControllerV1,/gd/v1/sale,"{
    ""AccountId"": ""1000"",
    ""StoreCode__c"": ""99998"",
    ""MemberNo__c"": ""TEST02007"",
    ""SaleNo__c"": ""SAL02V017"",
    ""ActualPaymentAmount__c"": 1000000.0,
    ""EndDate"": ""20260510"",
    ""SaleStatus__c"": ""01"",
    ""PromotionNo__c"": ""PRO202604161041"",
    ""OrderItem"": [
        {
            ""SaleSeqNo__c"": ""1"",
            ""OrderNo__c"": null,
            ""ProductCode"": ""2A2600001"",
            ""Quantity"": 2,
            ""isExclude"": false,
            ""NetSalesUnitPrice__c"": 500000.0000,
            ""DiscountRate__c"": 0.0000
        }
        
        
        
        
        
        
        
        
        
        
    ],
    ""TransactionJournal"": [
        
        
        
        
        
        
        
        
        
        
        
        {
            ""DepositNo__c"": ""DEP02V076"",
            ""DeposiSeqNo__c"": ""1"",
            ""ActivityDate"": ""20260510"",
            ""PaymentMethod"": ""01"",
            ""DepositType__c"": ""02"",
            ""TransactionAmount"": 950000.0000,
            ""CouponNo"": """",
            ""OrderNo__c"": null
        }
        ,
        {
            ""DepositNo__c"": ""DEP02V017"",
            ""DeposiSeqNo__c"": ""2"",
            ""ActivityDate"": ""20260510"",
            ""PaymentMethod"": ""90"",
            ""DepositType__c"": ""02"",
            ""TransactionAmount"": 50000.0000,
            ""CouponNo"": ""COP2026JA0022;-;169"",
            ""OrderNo__c"": null
        }
        
        
        
        
        
        
        
        
        
        
        
    ]
}","{
  ""success"" : true,
  ""message"" : ""판매 등록 완료"",
  ""data"" : {
    ""CreditPointList"" : [ {
      ""TX_REMARK"" : ""구매포인트|11cJO000001BAZlYAO|2.00"",
      ""PT_TARGET"" : 19000.0000,
      ""NO_SAL"" : null,
      ""NO_PROM_MBR"" : ""PRO202604161041"",
      ""NO_MBR"" : ""TEST02007"",
      ""NO_GRADE_ADVAN"" : ""03"",
      ""ID_INSERT"" : null,
      ""DTS_INSERT"" : ""2026-05-10 19:28:05"",
      ""DT_SAVE_PLAN"" : null,
      ""DT_LIMIT_START"" : ""2026-05-10 09:00:00"",
      ""DT_LIMIT_END"" : ""2028-05-10"",
      ""DT_DESTROY_PLAN"" : ""2028-05-11"",
      ""CD_TYPE_SAVE"" : ""Credit"",
      ""CD_TYPE_POINT"" : ""01"",
      ""CD_JOURNAL"" : ""05wJO0000004QrxYAE"",
      ""AM_SAL"" : 1000000.0
    }, {
      ""TX_REMARK"" : ""사은포인트|11cJO000001BAY9YAO|3.00"",
      ""PT_TARGET"" : 28500.0000,
      ""NO_SAL"" : null,
      ""NO_PROM_MBR"" : ""PRO202604161041"",
      ""NO_MBR"" : ""TEST02007"",
      ""NO_GRADE_ADVAN"" : ""03"",
      ""ID_INSERT"" : null,
      ""DTS_INSERT"" : ""2026-05-10 19:28:05"",
      ""DT_SAVE_PLAN"" : null,
      ""DT_LIMIT_START"" : ""2026-05-10 09:00:00"",
      ""DT_LIMIT_END"" : ""2028-05-10"",
      ""DT_DESTROY_PLAN"" : ""2028-05-11"",
      ""CD_TYPE_SAVE"" : ""Credit"",
      ""CD_TYPE_POINT"" : ""01"",
      ""CD_JOURNAL"" : ""05wJO0000004QryYAE"",
      ""AM_SAL"" : 1000000.0
    } ],
    ""oiList"" : [ {
      ""attributes"" : {
        ""type"" : ""OrderItem"",
        ""url"" : ""/services/data/v67.0/sobjects/OrderItem/802JO00000547mRYAQ""
      },
      ""OrderId"" : ""801JO00000IBg3CYAT"",
      ""PricebookEntryId"" : ""01uJO000001R0w4YAC"",
      ""Quantity"" : 2,
      ""UnitPrice"" : 500000,
      ""SaleSeqNo__c"" : ""1"",
      ""SaleItemNo__c"" : ""801JO00000IBg3CYAT-1"",
      ""IsExclude__c"" : false,
      ""NetSalesUnitPrice__c"" : 500000.0000,
      ""DiscountRate__c"" : 0.0000,
      ""Id"" : ""802JO00000547mRYAQ""
    } ],
    ""storeType"" : ""09"",
    ""storeTypeFour"" : ""NULL"",
    ""orderId"" : ""801JO00000IBg3CYAT"",
    ""TransactionJournal"" : [ {
      ""OrderNo__c"" : null,
      ""CouponNo"" : """",
      ""TransactionAmount"" : 950000.0000,
      ""DepositType__c"" : ""02"",
      ""PaymentMethod"" : ""01"",
      ""ActivityDate"" : ""20260510"",
      ""DeposiSeqNo__c"" : ""1"",
      ""DepositNo__c"" : ""DEP02V076""
    }, {
      ""OrderNo__c"" : null,
      ""CouponNo"" : ""COP2026JA0022;-;169"",
      ""TransactionAmount"" : 50000.0000,
      ""DepositType__c"" : ""02"",
      ""PaymentMethod"" : ""90"",
      ""ActivityDate"" : ""20260510"",
      ""DeposiSeqNo__c"" : ""2"",
      ""DepositNo__c"" : ""DEP02V017""
    } ],
    ""OrderItem"" : [ {
      ""DiscountRate__c"" : 0.0000,
      ""NetSalesUnitPrice__c"" : 500000.0000,
      ""isExclude"" : false,
      ""Quantity"" : 2,
      ""ProductCode"" : ""2A2600001"",
      ""OrderNo__c"" : null,
      ""SaleSeqNo__c"" : ""1""
    } ],
    ""PromotionNo__c"" : ""PRO202604161041"",
    ""SaleStatus__c"" : ""01"",
    ""EndDate"" : ""20260510"",
    ""ActualPaymentAmount__c"" : 1000000.0,
    ""SaleNo__c"" : ""SAL02V017"",
    ""MemberNo__c"" : ""TEST02007"",
    ""StoreCode__c"" : ""99998"",
    ""AccountId"" : ""1000""
  },
  ""code"" : 200
}"
a12JO000000MfB0YAK,2026-05-10T10:30:17.000+0000,GdOrderApiControllerV1,/gd/v1/order,"{
    ""AccountId"": ""1000"",
    ""StoreCode__c"": ""99997"",
    ""MemberNo__c"": ""TEST01300"",
    ""OrderNo__c"": ""SOR01V304"",
    ""ActualPaymentAmount__c"": 70000.0,
    ""OrderStatus__c"": ""01"",
    ""Type"": ""03"",
    ""PromotionNo__c"": ""PRO202604161041"",
    ""OrderItem"": [
        {
            ""OrderSeqNo__c"": ""1"",
            ""Status__c"": ""01"",
            ""ProductCode"": ""2A2600001"",
            ""Quantity"": 1,
            ""isExclude"": false,
            ""NetSalesUnitPrice__c"": 70000.0000,
            ""DiscountRate__c"": 0.0000
        }
    ],
    ""TransactionJournal"": [
        {
            ""DepositNo__c"": ""DEP01V314"",
            ""DeposiSeqNo__c"": ""1"",
            ""ActivityDate"": ""20260508"",
            ""PaymentMethod"": ""01"",
            ""DepositType__c"": ""01"",
            ""TransactionAmount"": 7000.0000,
            ""CouponNo"": """",
            ""OrderNo__c"": null
        },
        {
            ""DepositNo__c"": ""DEP01V314"",
            ""DeposiSeqNo__c"": ""2"",
            ""ActivityDate"": ""20260508"",
            ""PaymentMethod"": ""90"",
            ""DepositType__c"": ""01"",
            ""TransactionAmount"": 63000.0000,
            ""CouponNo"": ""COP2026MY0024;-;TE8MOI89"",
            ""OrderNo__c"": null
        }
    ]
}","{
  ""success"" : false,
  ""message"" : ""존재하지 않거나 이미 만료된 쿠폰입니다. COP2026MY0024;-;TE8MOI89"",
  ""code"" : 400
}"
a12JO000000MfCbYAK,2026-05-10T10:30:29.000+0000,OrderTrigger,,,
a12JO000000MfCcYAK,2026-05-10T10:30:29.000+0000,OrderTriggerHandler,,,
a12JO000000MfCdYAK,2026-05-10T10:30:29.000+0000,OrderTrigger,,,
a12JO000000MfCeYAK,2026-05-10T10:30:29.000+0000,GdOrderApiControllerV1,/gd/v1/order,"{
    ""AccountId"": ""1000"",
    ""StoreCode__c"": ""99997"",
    ""MemberNo__c"": ""TEST01300"",
    ""OrderNo__c"": ""SOR01V304"",
    ""ActualPaymentAmount__c"": 70000.0,
    ""OrderStatus__c"": ""01"",
    ""Type"": ""03"",
    ""PromotionNo__c"": ""PRO202604161041"",
    ""OrderItem"": [
        {
            ""OrderSeqNo__c"": ""1"",
            ""Status__c"": ""01"",
            ""ProductCode"": ""2A2600001"",
            ""Quantity"": 1,
            ""isExclude"": false,
            ""NetSalesUnitPrice__c"": 70000.0000,
            ""DiscountRate__c"": 0.0000
        }
    ],
    ""TransactionJournal"": [
        {
            ""DepositNo__c"": ""DEP01V314"",
            ""DeposiSeqNo__c"": ""1"",
            ""ActivityDate"": ""20260508"",
            ""PaymentMethod"": ""01"",
            ""DepositType__c"": ""01"",
            ""TransactionAmount"": 7000.0000,
            ""CouponNo"": """",
            ""OrderNo__c"": null
        }
    ]
}","{
  ""success"" : true,
  ""message"" : ""주문 등록 완료"",
  ""data"" : {
    ""DebitPointList"" : [ ],
    ""isGoldenBar"" : false,
    ""oiList"" : [ {
      ""attributes"" : {
        ""type"" : ""OrderItem"",
        ""url"" : ""/services/data/v67.0/sobjects/OrderItem/802JO00000541mbYAA""
      },
      ""OrderId"" : ""801JO00000IBaMDYA1"",
      ""Status__c"" : ""01"",
      ""PricebookEntryId"" : ""01uJO000001R0w4YAC"",
      ""Quantity"" : 1,
      ""UnitPrice"" : 500000,
      ""OrderItemNo__c"" : ""801JO00000IBaMDYA1-1"",
      ""IsExclude__c"" : false,
      ""NetSalesUnitPrice__c"" : 70000.0000,
      ""DiscountRate__c"" : 0.0000,
      ""Id"" : ""802JO00000541mbYAA""
    } ],
    ""storeType"" : ""20"",
    ""storeTypeFour"" : ""NULL"",
    ""orderId"" : ""801JO00000IBaMDYA1"",
    ""TransactionJournal"" : [ {
      ""OrderNo__c"" : null,
      ""CouponNo"" : """",
      ""TransactionAmount"" : 7000.0000,
      ""DepositType__c"" : ""01"",
      ""PaymentMethod"" : ""01"",
      ""ActivityDate"" : ""20260508"",
      ""DeposiSeqNo__c"" : ""1"",
      ""DepositNo__c"" : ""DEP01V314""
    } ],
    ""OrderItem"" : [ {
      ""DiscountRate__c"" : 0.0000,
      ""NetSalesUnitPrice__c"" : 70000.0000,
      ""isExclude"" : false,
      ""Quantity"" : 1,
      ""ProductCode"" : ""2A2600001"",
      ""Status__c"" : ""01"",
      ""OrderSeqNo__c"" : ""1""
    } ],
    ""PromotionNo__c"" : ""PRO202604161041"",
    ""Type"" : ""03"",
    ""OrderStatus__c"" : ""01"",
    ""ActualPaymentAmount__c"" : 70000.0,
    ""OrderNo__c"" : ""SOR01V304"",
    ""MemberNo__c"" : ""TEST01300"",
    ""StoreCode__c"" : ""99997"",
    ""AccountId"" : ""1000""
  },
  ""code"" : 200
}"
a12JO000000MdUCYA0,2026-05-10T10:31:20.000+0000,OrderTrigger,,,
a12JO000000MdUDYA0,2026-05-10T10:31:20.000+0000,OrderTriggerHandler,,,
a12JO000000MdUEYA0,2026-05-10T10:31:20.000+0000,OrderTrigger,,,
a12JO000000MdUFYA0,2026-05-10T10:31:20.000+0000,GdSaleApiControllerV1,/gd/v1/sale,"{
    ""AccountId"": ""1000"",
    ""StoreCode__c"": ""99997"",
    ""MemberNo__c"": ""TEST01300"",
    ""SaleNo__c"": ""SAL01V311"",
    ""ActualPaymentAmount__c"": 70000.0,
    ""EndDate"": ""20260508"",
    ""SaleStatus__c"": ""01"",
    ""PromotionNo__c"": ""PRO202604161041"",
    ""OrderItem"": [
        {
            ""SaleSeqNo__c"": ""1"",
            ""OrderNo__c"": ""SOR01V004"",
            ""ProductCode"": ""2A2600001"",
            ""Quantity"": 1,
            ""isExclude"": false,
            ""NetSalesUnitPrice__c"": 70000.0000,
            ""DiscountRate__c"": 0.0000
        }
    ],
    ""TransactionJournal"": [
        {
            ""DepositNo__c"": ""DEP01V314"",
            ""DeposiSeqNo__c"": ""1"",
            ""ActivityDate"": ""20260508"",
            ""PaymentMethod"": ""01"",
            ""DepositType__c"": ""02"",
            ""TransactionAmount"": 7000.0000,
            ""CouponNo"": """",
            ""OrderNo__c"": ""SOR01V004""
        }
    ]
}","{
  ""success"" : true,
  ""message"" : ""판매 등록 완료"",
  ""data"" : {
    ""oiList"" : [ {
      ""attributes"" : {
        ""type"" : ""OrderItem"",
        ""url"" : ""/services/data/v67.0/sobjects/OrderItem/802JO00000540mbYAA""
      },
      ""OrderId"" : ""801JO00000IBZxvYAH"",
      ""PricebookEntryId"" : ""01uJO000001R0w4YAC"",
      ""Quantity"" : 1,
      ""UnitPrice"" : 500000,
      ""SaleSeqNo__c"" : ""1"",
      ""SaleItemNo__c"" : ""801JO00000IBZxvYAH-1"",
      ""IsExclude__c"" : false,
      ""NetSalesUnitPrice__c"" : 70000.0000,
      ""DiscountRate__c"" : 0.0000,
      ""OrderId__c"" : ""801JO00000IBefmYAD"",
      ""Id"" : ""802JO00000540mbYAA""
    } ],
    ""storeType"" : ""20"",
    ""storeTypeFour"" : ""NULL"",
    ""orderId"" : ""801JO00000IBZxvYAH"",
    ""TransactionJournal"" : [ {
      ""OrderNo__c"" : ""SOR01V004"",
      ""CouponNo"" : """",
      ""TransactionAmount"" : 7000.0000,
      ""DepositType__c"" : ""02"",
      ""PaymentMethod"" : ""01"",
      ""ActivityDate"" : ""20260508"",
      ""DeposiSeqNo__c"" : ""1"",
      ""DepositNo__c"" : ""DEP01V314""
    } ],
    ""OrderItem"" : [ {
      ""DiscountRate__c"" : 0.0000,
      ""NetSalesUnitPrice__c"" : 70000.0000,
      ""isExclude"" : false,
      ""Quantity"" : 1,
      ""ProductCode"" : ""2A2600001"",
      ""OrderNo__c"" : ""SOR01V004"",
      ""SaleSeqNo__c"" : ""1""
    } ],
    ""PromotionNo__c"" : ""PRO202604161041"",
    ""SaleStatus__c"" : ""01"",
    ""EndDate"" : ""20260508"",
    ""ActualPaymentAmount__c"" : 70000.0,
    ""SaleNo__c"" : ""SAL01V311"",
    ""MemberNo__c"" : ""TEST01300"",
    ""StoreCode__c"" : ""99997"",
    ""AccountId"" : ""1000""
  },
  ""code"" : 200
}"
a12JO000000MfEDYA0,2026-05-10T10:32:18.000+0000,OrderTrigger,,,
a12JO000000MfEEYA0,2026-05-10T10:32:18.000+0000,OrderTriggerHandler,,,
a12JO000000MfEFYA0,2026-05-10T10:32:18.000+0000,OrderTrigger,,,
a12JO000000MfEGYA0,2026-05-10T10:32:18.000+0000,GdSaleApiControllerV1,/gd/v1/sale,"{
    ""AccountId"": ""1000"",
    ""StoreCode__c"": ""99997"",
    ""MemberNo__c"": ""TEST01300"",
    ""SaleNo__c"": ""SAL01V312"",
    ""ActualPaymentAmount__c"": 70000.0,
    ""EndDate"": ""20260508"",
    ""SaleStatus__c"": ""01"",
    ""PromotionNo__c"": ""PRO202604161041"",
    ""OrderItem"": [
        {
            ""SaleSeqNo__c"": ""1"",
            ""OrderNo__c"": ""SOR01V304"",
            ""ProductCode"": ""2A2600001"",
            ""Quantity"": 1,
            ""isExclude"": false,
            ""NetSalesUnitPrice__c"": 70000.0000,
            ""DiscountRate__c"": 0.0000
        }
    ],
    ""TransactionJournal"": [
        {
            ""DepositNo__c"": ""DEP01V314"",
            ""DeposiSeqNo__c"": ""1"",
            ""ActivityDate"": ""20260508"",
            ""PaymentMethod"": ""01"",
            ""DepositType__c"": ""02"",
            ""TransactionAmount"": 7000.0000,
            ""CouponNo"": """",
            ""OrderNo__c"": ""SOR01V304""
        }
    ]
}","{
  ""success"" : true,
  ""message"" : ""판매 등록 완료"",
  ""data"" : {
    ""oiList"" : [ {
      ""attributes"" : {
        ""type"" : ""OrderItem"",
        ""url"" : ""/services/data/v67.0/sobjects/OrderItem/802JO00000541vXYAQ""
      },
      ""OrderId"" : ""801JO00000IBandYAD"",
      ""PricebookEntryId"" : ""01uJO000001R0w4YAC"",
      ""Quantity"" : 1,
      ""UnitPrice"" : 500000,
      ""SaleSeqNo__c"" : ""1"",
      ""SaleItemNo__c"" : ""801JO00000IBandYAD-1"",
      ""IsExclude__c"" : false,
      ""NetSalesUnitPrice__c"" : 70000.0000,
      ""DiscountRate__c"" : 0.0000,
      ""OrderId__c"" : ""801JO00000IBaMDYA1"",
      ""Id"" : ""802JO00000541vXYAQ""
    } ],
    ""storeType"" : ""20"",
    ""storeTypeFour"" : ""NULL"",
    ""orderId"" : ""801JO00000IBandYAD"",
    ""TransactionJournal"" : [ {
      ""OrderNo__c"" : ""SOR01V304"",
      ""CouponNo"" : """",
      ""TransactionAmount"" : 7000.0000,
      ""DepositType__c"" : ""02"",
      ""PaymentMethod"" : ""01"",
      ""ActivityDate"" : ""20260508"",
      ""DeposiSeqNo__c"" : ""1"",
      ""DepositNo__c"" : ""DEP01V314""
    } ],
    ""OrderItem"" : [ {
      ""DiscountRate__c"" : 0.0000,
      ""NetSalesUnitPrice__c"" : 70000.0000,
      ""isExclude"" : false,
      ""Quantity"" : 1,
      ""ProductCode"" : ""2A2600001"",
      ""OrderNo__c"" : ""SOR01V304"",
      ""SaleSeqNo__c"" : ""1""
    } ],
    ""PromotionNo__c"" : ""PRO202604161041"",
    ""SaleStatus__c"" : ""01"",
    ""EndDate"" : ""20260508"",
    ""ActualPaymentAmount__c"" : 70000.0,
    ""SaleNo__c"" : ""SAL01V312"",
    ""MemberNo__c"" : ""TEST01300"",
    ""StoreCode__c"" : ""99997"",
    ""AccountId"" : ""1000""
  },
  ""code"" : 200
}"
a12JO000000MfFpYAK,2026-05-10T10:33:14.000+0000,GdSaleDepositApiControllerV1,"{""DeposiSeqNo__c"":""4"",""DepositNo__c"":""DEP040001""}",,"{
  ""success"" : true,
  ""message"" : ""판매 입금 삭제 삭제 완료"",
  ""data"" : {
    ""CancelCoupon"" : null,
    ""CancelPointsCreditedList"" : [ {
      ""PT_USE"" : 4400.0000,
      ""NO_SAL_RTN"" : null,
      ""NO_SAL"" : ""SAL04047"",
      ""NO_MBR"" : ""TEST03005"",
      ""ID_INSERT"" : null,
      ""DTS_INSERT"" : ""2026-05-10 19:33:14"",
      ""CD_TYPE_POINT"" : ""01"",
      ""CD_RESON"" : null,
      ""CD_LEDGER"" : ""05wJO0000004QtZYAU"",
      ""CD_JOURNAL"" : ""05wJO0000004QK6YAM"",
      ""AM_SAL"" : null
    }, {
      ""PT_USE"" : 13200.0000,
      ""NO_SAL_RTN"" : null,
      ""NO_SAL"" : ""SAL04047"",
      ""NO_MBR"" : ""TEST03005"",
      ""ID_INSERT"" : null,
      ""DTS_INSERT"" : ""2026-05-10 19:33:14"",
      ""CD_TYPE_POINT"" : ""06"",
      ""CD_RESON"" : null,
      ""CD_LEDGER"" : ""05wJO0000004QtaYAE"",
      ""CD_JOURNAL"" : ""05wJO0000004QK7YAM"",
      ""AM_SAL"" : null
    } ],
    ""CancelPointList"" : null
  },
  ""code"" : 200
}"
a12JO000000MfHRYA0,2026-05-10T10:33:23.000+0000,GdSaleDepositApiControllerV1,"{""DeposiSeqNo__c"":""3"",""DepositNo__c"":""DEP04097""}",,"{
  ""success"" : true,
  ""message"" : ""판매 입금 삭제 삭제 완료"",
  ""data"" : {
    ""CancelCoupon"" : null,
    ""CancelPointsCreditedList"" : null,
    ""CancelPointList"" : null
  },
  ""code"" : 200
}"
a12JO000000MfJ3YAK,2026-05-10T10:33:33.000+0000,OrderTrigger,,,
a12JO000000MfJ4YAK,2026-05-10T10:33:33.000+0000,OrderTriggerHandler,,,
a12JO000000MfJ5YAK,2026-05-10T10:33:33.000+0000,OrderTrigger,,,
a12JO000000MfJ6YAK,2026-05-10T10:33:33.000+0000,GdSaleApiControllerV1,"{""SaleNo__c"":""SAL04047""}",,"{
  ""success"" : true,
  ""message"" : ""판매 전체 삭제 완료"",
  ""data"" : { },
  ""code"" : 200
}"
a12JO000000MfKgYAK,2026-05-10T10:34:11.000+0000,GdReturnApiControllerV1,/gd/v1/return,"{
    ""SaleNo__c"": ""SAL02V018"", 
    ""OriginalOrderId"": ""SAL02V017"", 
    ""ActualPaymentAmount__c"": 500000, 
    ""OrderItem"": [ 
        {
            ""SaleSeqNo__c"": ""1"", 
            ""ProductCode"": ""2A2600001"", 
            ""Quantity"": -1, 
            ""isExclude"": false, 
            ""NetSalesUnitPrice__c"": 500000.0, 
            ""DiscountRate__c"": 0 
        }
    ],
    ""TransactionJournal"": [ 
        {
            ""DepositNo__c"": ""DEP02V018"", 
            ""DeposiSeqNo__c"": ""1"", 
            ""ActivityDate"": ""20260510"", 
            ""PaymentMethod"": ""01"", 
            ""DepositType__c"": ""03"", 
            ""TransactionAmount"": 450000, 
            ""CouponNo"": """" 
        }
        ,
        {
            ""DepositNo__c"": ""DEP02V018"", 
            ""DeposiSeqNo__c"": ""2"", 
            ""ActivityDate"": ""20260510"", 
            ""PaymentMethod"": ""90"", 
            ""DepositType__c"": ""03"", 
            ""TransactionAmount"": 50000, 
            ""CouponNo"": ""COP2026JA0022;-;169"" 
        }
        
        
        
        
        
        
        
        
        
        
    ],
    ""InsertId__c"": ""골든듀"" 
}","{
  ""success"" : false,
  ""message"" : ""정률 쿠폰 사용 시, 부분 반품이 불가합니다. 해당 판매 ID : 801JO00000IBg3CYAT"",
  ""code"" : 400
}"
a12JO000000MdfSYAS,2026-05-10T10:35:49.000+0000,OrderTrigger,,,
a12JO000000MdfTYAS,2026-05-10T10:35:49.000+0000,OrderTriggerHandler,,,
a12JO000000MdfUYAS,2026-05-10T10:35:49.000+0000,OrderTrigger,,,
a12JO000000MdfVYAS,2026-05-10T10:35:49.000+0000,GdReturnApiControllerV1,/gd/v1/return,"{
    ""SaleNo__c"": ""SAL01V012"", 
    ""OriginalOrderId"": ""SAL01V011"", 
    ""ActualPaymentAmount__c"": 70000, 
    ""OrderItem"": [ 
        {
            ""SaleSeqNo__c"": ""1"", 
            ""ProductCode"": ""2A2600001"", 
            ""Quantity"": -1, 
            ""isExclude"": false, 
            ""NetSalesUnitPrice__c"": 70000.0, 
            ""DiscountRate__c"": 0 
        }
    ],
    ""TransactionJournal"": [ 
        {
            ""DepositNo__c"": ""DEP01V016"", 
            ""DeposiSeqNo__c"": ""1"", 
            ""ActivityDate"": ""20260508"", 
            ""PaymentMethod"": ""01"", 
            ""DepositType__c"": ""03"", 
            ""TransactionAmount"": 7000, 
            ""CouponNo"": """" 
        },
        {
            ""DepositNo__c"": ""DEP01V016"", 
            ""DeposiSeqNo__c"": ""2"", 
            ""ActivityDate"": ""20260508"", 
            ""PaymentMethod"": ""90"", 
            ""DepositType__c"": ""03"", 
            ""TransactionAmount"": 63000, 
            ""CouponNo"": ""COP2026MY0024;-;TE8MOI89"" 
        }
    ],
    ""InsertId__c"": ""골든듀"" 
}","{
  ""success"" : true,
  ""message"" : ""반품 등록 완료"",
  ""data"" : {
    ""CancelPointsCreditedList"" : null,
    ""originalOrderId"" : ""801JO00000IBHYCYA5"",
    ""orderId"" : ""801JO00000IBasSYAT"",
    ""InsertId__c"" : ""골든듀"",
    ""TransactionJournal"" : [ {
      ""CouponNo"" : """",
      ""TransactionAmount"" : 7000,
      ""DepositType__c"" : ""03"",
      ""PaymentMethod"" : ""01"",
      ""ActivityDate"" : ""20260508"",
      ""DeposiSeqNo__c"" : ""1"",
      ""DepositNo__c"" : ""DEP01V016""
    }, {
      ""CouponNo"" : ""COP2026MY0024;-;TE8MOI89"",
      ""TransactionAmount"" : 63000,
      ""DepositType__c"" : ""03"",
      ""PaymentMethod"" : ""90"",
      ""ActivityDate"" : ""20260508"",
      ""DeposiSeqNo__c"" : ""2"",
      ""DepositNo__c"" : ""DEP01V016""
    } ],
    ""OrderItem"" : [ {
      ""DiscountRate__c"" : 0,
      ""NetSalesUnitPrice__c"" : 70000.0,
      ""isExclude"" : false,
      ""Quantity"" : -1,
      ""ProductCode"" : ""2A2600001"",
      ""SaleSeqNo__c"" : ""1""
    } ],
    ""ActualPaymentAmount__c"" : 70000,
    ""OriginalOrderId"" : ""SAL01V011"",
    ""SaleNo__c"" : ""SAL01V012""
  },
  ""code"" : 200
}"
a12JO000000MfMHYA0,2026-05-10T10:37:01.000+0000,OrderTrigger,,,
a12JO000000MfMIYA0,2026-05-10T10:37:01.000+0000,OrderTriggerHandler,,,
a12JO000000MfMJYA0,2026-05-10T10:37:01.000+0000,OrderTrigger,,,
a12JO000000MfMKYA0,2026-05-10T10:37:01.000+0000,GdSaleApiControllerV1,/gd/v1/sale,"{
    ""AccountId"": ""1000"",
    ""StoreCode__c"": ""99997"",
    ""MemberNo__c"": ""TEST01005"",
    ""SaleNo__c"": ""SAL01V511"",
    ""ActualPaymentAmount__c"": 70000.0,
    ""EndDate"": ""20260508"",
    ""SaleStatus__c"": ""01"",
    ""PromotionNo__c"": ""PRO202604161041"",
    ""OrderItem"": [
        {
            ""SaleSeqNo__c"": ""1"",
            ""OrderNo__c"": ""SOR01V004"",
            ""ProductCode"": ""2A2600001"",
            ""Quantity"": 1,
            ""isExclude"": false,
            ""NetSalesUnitPrice__c"": 70000.0000,
            ""DiscountRate__c"": 0.0000
        }
    ],
    ""TransactionJournal"": [
        {
            ""DepositNo__c"": ""DEP01V514"",
            ""DeposiSeqNo__c"": ""1"",
            ""ActivityDate"": ""20260508"",
            ""PaymentMethod"": ""01"",
            ""DepositType__c"": ""02"",
            ""TransactionAmount"": 7000.0000,
            ""CouponNo"": """",
            ""OrderNo__c"": ""SOR01V004""
        },
        {
            ""DepositNo__c"": ""DEP01V514"",
            ""DeposiSeqNo__c"": ""2"",
            ""ActivityDate"": ""20260508"",
            ""PaymentMethod"": ""90"",
            ""DepositType__c"": ""02"",
            ""TransactionAmount"": 63000.0000,
            ""CouponNo"": ""COP2026MY0024;-;TE8MOI89"",
            ""OrderNo__c"": ""SOR01V004""
        }
    ]
}","{
  ""success"" : true,
  ""message"" : ""판매 등록 완료"",
  ""data"" : {
    ""oiList"" : [ {
      ""attributes"" : {
        ""type"" : ""OrderItem"",
        ""url"" : ""/services/data/v67.0/sobjects/OrderItem/802JO00000547uTYAQ""
      },
      ""OrderId"" : ""801JO00000IBg9fYAD"",
      ""PricebookEntryId"" : ""01uJO000001R0w4YAC"",
      ""Quantity"" : 1,
      ""UnitPrice"" : 500000,
      ""SaleSeqNo__c"" : ""1"",
      ""SaleItemNo__c"" : ""801JO00000IBg9fYAD-1"",
      ""IsExclude__c"" : false,
      ""NetSalesUnitPrice__c"" : 70000.0000,
      ""DiscountRate__c"" : 0.0000,
      ""OrderId__c"" : ""801JO00000IBefmYAD"",
      ""Id"" : ""802JO00000547uTYAQ""
    } ],
    ""storeType"" : ""20"",
    ""storeTypeFour"" : ""NULL"",
    ""orderId"" : ""801JO00000IBg9fYAD"",
    ""TransactionJournal"" : [ {
      ""OrderNo__c"" : ""SOR01V004"",
      ""CouponNo"" : """",
      ""TransactionAmount"" : 7000.0000,
      ""DepositType__c"" : ""02"",
      ""PaymentMethod"" : ""01"",
      ""ActivityDate"" : ""20260508"",
      ""DeposiSeqNo__c"" : ""1"",
      ""DepositNo__c"" : ""DEP01V514""
    }, {
      ""OrderNo__c"" : ""SOR01V004"",
      ""CouponNo"" : ""COP2026MY0024;-;TE8MOI89"",
      ""TransactionAmount"" : 63000.0000,
      ""DepositType__c"" : ""02"",
      ""PaymentMethod"" : ""90"",
      ""ActivityDate"" : ""20260508"",
      ""DeposiSeqNo__c"" : ""2"",
      ""DepositNo__c"" : ""DEP01V514""
    } ],
    ""OrderItem"" : [ {
      ""DiscountRate__c"" : 0.0000,
      ""NetSalesUnitPrice__c"" : 70000.0000,
      ""isExclude"" : false,
      ""Quantity"" : 1,
      ""ProductCode"" : ""2A2600001"",
      ""OrderNo__c"" : ""SOR01V004"",
      ""SaleSeqNo__c"" : ""1""
    } ],
    ""PromotionNo__c"" : ""PRO202604161041"",
    ""SaleStatus__c"" : ""01"",
    ""EndDate"" : ""20260508"",
    ""ActualPaymentAmount__c"" : 70000.0,
    ""SaleNo__c"" : ""SAL01V511"",
    ""MemberNo__c"" : ""TEST01005"",
    ""StoreCode__c"" : ""99997"",
    ""AccountId"" : ""1000""
  },
  ""code"" : 200
}"
a12JO000000MfNtYAK,2026-05-10T10:38:14.000+0000,OrderTrigger,,,
a12JO000000MfNuYAK,2026-05-10T10:38:15.000+0000,OrderTriggerHandler,,,
a12JO000000MfNvYAK,2026-05-10T10:38:15.000+0000,OrderTrigger,,,
a12JO000000MfNwYAK,2026-05-10T10:38:15.000+0000,GdSaleApiControllerV1,/gd/v1/sale,"{
    ""AccountId"": ""1000"",
    ""StoreCode__c"": ""99998"",
    ""MemberNo__c"": ""TEST02007"",
    ""SaleNo__c"": ""SAL02V019"",
    ""ActualPaymentAmount__c"": 1000000.0,
    ""EndDate"": ""20260510"",
    ""SaleStatus__c"": ""01"",
    ""PromotionNo__c"": ""PRO202604161041"",
    ""OrderItem"": [
        {
            ""SaleSeqNo__c"": ""1"",
            ""OrderNo__c"": null,
            ""ProductCode"": ""2A2600001"",
            ""Quantity"": 2,
            ""isExclude"": false,
            ""NetSalesUnitPrice__c"": 500000.0000,
            ""DiscountRate__c"": 0.0000
        }
        
        
        
        
        
        
        
        
        
        
    ],
    ""TransactionJournal"": [
        
        
        
        
        
        
        
        
        
        
        
        {
            ""DepositNo__c"": ""DEP02V019"",
            ""DeposiSeqNo__c"": ""1"",
            ""ActivityDate"": ""20260510"",
            ""PaymentMethod"": ""01"",
            ""DepositType__c"": ""02"",
            ""TransactionAmount"": 920000.0000,
            ""CouponNo"": """",
            ""OrderNo__c"": null
        }
        ,
        {
            ""DepositNo__c"": ""DEP02V019"",
            ""DeposiSeqNo__c"": ""2"",
            ""ActivityDate"": ""20260510"",
            ""PaymentMethod"": ""90"",
            ""DepositType__c"": ""02"",
            ""TransactionAmount"": 30000.0000,
            ""CouponNo"": ""COP2026JA0029;-;169"",
            ""OrderNo__c"": null
        }
        ,
        {
            ""DepositNo__c"": ""DEP02V019"",
            ""DeposiSeqNo__c"": ""3"",
            ""ActivityDate"": ""20260510"",
            ""PaymentMethod"": ""81"",
            ""DepositType__c"": ""02"",
            ""TransactionAmount"": 50000.0000,
            ""CouponNo"": """",
            ""OrderNo__c"": null
        }
    ]
}","{
  ""success"" : true,
  ""message"" : ""판매 등록 완료"",
  ""data"" : {
    ""CreditPointList"" : [ {
      ""TX_REMARK"" : ""구매포인트|11cJO000001BAZlYAO|2.00"",
      ""PT_TARGET"" : 18400.0000,
      ""NO_SAL"" : null,
      ""NO_PROM_MBR"" : ""PRO202604161041"",
      ""NO_MBR"" : ""TEST02007"",
      ""NO_GRADE_ADVAN"" : ""03"",
      ""ID_INSERT"" : null,
      ""DTS_INSERT"" : ""2026-05-10 19:38:15"",
      ""DT_SAVE_PLAN"" : null,
      ""DT_LIMIT_START"" : ""2026-05-10 09:00:00"",
      ""DT_LIMIT_END"" : ""2028-05-10"",
      ""DT_DESTROY_PLAN"" : ""2028-05-11"",
      ""CD_TYPE_SAVE"" : ""Credit"",
      ""CD_TYPE_POINT"" : ""01"",
      ""CD_JOURNAL"" : ""05wJO0000004QwpYAE"",
      ""AM_SAL"" : 1000000.0
    }, {
      ""TX_REMARK"" : ""사은포인트|11cJO000001BAY9YAO|3.00"",
      ""PT_TARGET"" : 27600.0000,
      ""NO_SAL"" : null,
      ""NO_PROM_MBR"" : ""PRO202604161041"",
      ""NO_MBR"" : ""TEST02007"",
      ""NO_GRADE_ADVAN"" : ""03"",
      ""ID_INSERT"" : null,
      ""DTS_INSERT"" : ""2026-05-10 19:38:15"",
      ""DT_SAVE_PLAN"" : null,
      ""DT_LIMIT_START"" : ""2026-05-10 09:00:00"",
      ""DT_LIMIT_END"" : ""2028-05-10"",
      ""DT_DESTROY_PLAN"" : ""2028-05-11"",
      ""CD_TYPE_SAVE"" : ""Credit"",
      ""CD_TYPE_POINT"" : ""01"",
      ""CD_JOURNAL"" : ""05wJO0000004QwqYAE"",
      ""AM_SAL"" : 1000000.0
    } ],
    ""DebitPointList"" : [ {
      ""PT_USE"" : 28622.0000,
      ""NO_SAL_RTN"" : null,
      ""NO_SAL"" : ""SAL02V019"",
      ""NO_MBR"" : ""TEST02007"",
      ""ID_INSERT"" : null,
      ""DTS_INSERT"" : ""2026-05-10 19:38:15"",
      ""CD_TYPE_POINT"" : ""04"",
      ""CD_RESON"" : ""1"",
      ""CD_LEDGER"" : ""05wJO0000004QwnYAE"",
      ""CD_JOURNAL"" : ""05wJO0000004PpYYAU"",
      ""AM_SAL"" : 1000000.0
    }, {
      ""PT_USE"" : 21378.0000,
      ""NO_SAL_RTN"" : null,
      ""NO_SAL"" : ""SAL02V019"",
      ""NO_MBR"" : ""TEST02007"",
      ""ID_INSERT"" : null,
      ""DTS_INSERT"" : ""2026-05-10 19:38:15"",
      ""CD_TYPE_POINT"" : ""06"",
      ""CD_RESON"" : ""1"",
      ""CD_LEDGER"" : ""05wJO0000004QwoYAE"",
      ""CD_JOURNAL"" : ""05wJO0000004QryYAE"",
      ""AM_SAL"" : 1000000.0
    } ],
    ""oiList"" : [ {
      ""attributes"" : {
        ""type"" : ""OrderItem"",
        ""url"" : ""/services/data/v67.0/sobjects/OrderItem/802JO00000547xhYAA""
      },
      ""OrderId"" : ""801JO00000IBfC4YAL"",
      ""PricebookEntryId"" : ""01uJO000001R0w4YAC"",
      ""Quantity"" : 2,
      ""UnitPrice"" : 500000,
      ""SaleSeqNo__c"" : ""1"",
      ""SaleItemNo__c"" : ""801JO00000IBfC4YAL-1"",
      ""IsExclude__c"" : false,
      ""NetSalesUnitPrice__c"" : 500000.0000,
      ""DiscountRate__c"" : 0.0000,
      ""Id"" : ""802JO00000547xhYAA""
    } ],
    ""storeType"" : ""09"",
    ""storeTypeFour"" : ""NULL"",
    ""orderId"" : ""801JO00000IBfC4YAL"",
    ""TransactionJournal"" : [ {
      ""OrderNo__c"" : null,
      ""CouponNo"" : """",
      ""TransactionAmount"" : 920000.0000,
      ""DepositType__c"" : ""02"",
      ""PaymentMethod"" : ""01"",
      ""ActivityDate"" : ""20260510"",
      ""DeposiSeqNo__c"" : ""1"",
      ""DepositNo__c"" : ""DEP02V019""
    }, {
      ""OrderNo__c"" : null,
      ""CouponNo"" : ""COP2026JA0029;-;169"",
      ""TransactionAmount"" : 30000.0000,
      ""DepositType__c"" : ""02"",
      ""PaymentMethod"" : ""90"",
      ""ActivityDate"" : ""20260510"",
      ""DeposiSeqNo__c"" : ""2"",
      ""DepositNo__c"" : ""DEP02V019""
    }, {
      ""OrderNo__c"" : null,
      ""CouponNo"" : """",
      ""TransactionAmount"" : 50000.0000,
      ""DepositType__c"" : ""02"",
      ""PaymentMethod"" : ""81"",
      ""ActivityDate"" : ""20260510"",
      ""DeposiSeqNo__c"" : ""3"",
      ""DepositNo__c"" : ""DEP02V019""
    } ],
    ""OrderItem"" : [ {
      ""DiscountRate__c"" : 0.0000,
      ""NetSalesUnitPrice__c"" : 500000.0000,
      ""isExclude"" : false,
      ""Quantity"" : 2,
      ""ProductCode"" : ""2A2600001"",
      ""OrderNo__c"" : null,
      ""SaleSeqNo__c"" : ""1""
    } ],
    ""PromotionNo__c"" : ""PRO202604161041"",
    ""SaleStatus__c"" : ""01"",
    ""EndDate"" : ""20260510"",
    ""ActualPaymentAmount__c"" : 1000000.0,
    ""SaleNo__c"" : ""SAL02V019"",
    ""MemberNo__c"" : ""TEST02007"",
    ""StoreCode__c"" : ""99998"",
    ""AccountId"" : ""1000""
  },
  ""code"" : 200
}"
a12JO000000MfPVYA0,2026-05-10T10:38:40.000+0000,GdPointCreditApiControllerV1,/gd/v1/point/credit,"{
    ""MemberNo__c"": ""TEST02007"",
    ""PointsList"": [
        {
            ""point"": 6000.0,
            ""cd_type_point"": ""05""
        }
    ],
    ""SaleNo__c"": ""SAL02V019"",
    ""EndDate"": """"
}","{
  ""success"" : true,
  ""message"" : ""포인트 지급 성공"",
  ""data"" : {
    ""PointCreditList"" : [ {
      ""TX_REMARK"" : ""이벤트포인트"",
      ""PT_TARGET"" : 6000.0000,
      ""NO_SAL"" : null,
      ""NO_PROM_MBR"" : null,
      ""NO_MBR"" : ""TEST02007"",
      ""NO_GRADE_ADVAN"" : null,
      ""ID_INSERT"" : null,
      ""DTS_INSERT"" : ""2026-05-10 19:38:40"",
      ""DT_SAVE_PLAN"" : null,
      ""DT_LIMIT_START"" : ""2026-05-10 19:38:40"",
      ""DT_LIMIT_END"" : ""2028-05-10"",
      ""DT_DESTROY_PLAN"" : ""2028-05-11"",
      ""CD_TYPE_SAVE"" : ""Credit"",
      ""CD_TYPE_POINT"" : ""01"",
      ""CD_JOURNAL"" : ""05wJO0000004QyPYAU"",
      ""AM_SAL"" : null
    } ]
  },
  ""code"" : 200
}"
a12JO000000MfR8YAK,2026-05-10T10:39:55.000+0000,GdReturnApiControllerV1,/gd/v1/return,"{
    ""SaleNo__c"": ""SAL01V512"", 
    ""OriginalOrderId"": ""SAL01V511"", 
    ""ActualPaymentAmount__c"": 70000, 
    ""OrderItem"": [ 
        {
            ""SaleSeqNo__c"": ""1"", 
            ""ProductCode"": ""2A2600001"", 
            ""Quantity"": -1, 
            ""isExclude"": false, 
            ""NetSalesUnitPrice__c"": 70000.0, 
            ""DiscountRate__c"": 0 
        }
    ],
    ""TransactionJournal"": [ 
        {
            ""DepositNo__c"": ""DEP01V516"", 
            ""DeposiSeqNo__c"": ""1"", 
            ""ActivityDate"": ""20260508"", 
            ""PaymentMethod"": ""01"", 
            ""DepositType__c"": ""03"", 
            ""TransactionAmount"": 7000, 
            ""CouponNo"": """" 
        },
        {
            ""DepositNo__c"": ""DEP01V016"", 
            ""DeposiSeqNo__c"": ""2"", 
            ""ActivityDate"": ""20260508"", 
            ""PaymentMethod"": ""90"", 
            ""DepositType__c"": ""03"", 
            ""TransactionAmount"": 63000, 
            ""CouponNo"": ""COP2026MY0024;-;TE8MOI89"" 
        }
    ],
    ""InsertId__c"": ""골든듀"" 
}","{
  ""success"" : false,
  ""message"" : ""존재하지 않는 쿠폰입니다. COP2026MY0024;-;TE8MOI89"",
  ""code"" : 400
}"
a12JO000000MfSjYAK,2026-05-10T10:40:05.000+0000,OrderTrigger,,,
a12JO000000MfSkYAK,2026-05-10T10:40:05.000+0000,OrderTriggerHandler,,,
a12JO000000MfSlYAK,2026-05-10T10:40:05.000+0000,OrderTrigger,,,
a12JO000000MfSmYAK,2026-05-10T10:40:05.000+0000,GdReturnApiControllerV1,/gd/v1/return,"{
    ""SaleNo__c"": ""SAL01V512"", 
    ""OriginalOrderId"": ""SAL01V511"", 
    ""ActualPaymentAmount__c"": 70000, 
    ""OrderItem"": [ 
        {
            ""SaleSeqNo__c"": ""1"", 
            ""ProductCode"": ""2A2600001"", 
            ""Quantity"": -1, 
            ""isExclude"": false, 
            ""NetSalesUnitPrice__c"": 70000.0, 
            ""DiscountRate__c"": 0 
        }
    ],
    ""TransactionJournal"": [ 
        {
            ""DepositNo__c"": ""DEP01V516"", 
            ""DeposiSeqNo__c"": ""1"", 
            ""ActivityDate"": ""20260508"", 
            ""PaymentMethod"": ""01"", 
            ""DepositType__c"": ""03"", 
            ""TransactionAmount"": 7000, 
            ""CouponNo"": """" 
        }
    ],
    ""InsertId__c"": ""골든듀"" 
}","{
  ""success"" : true,
  ""message"" : ""반품 등록 완료"",
  ""data"" : {
    ""CancelPointsCreditedList"" : null,
    ""originalOrderId"" : ""801JO00000IBg9fYAD"",
    ""orderId"" : ""801JO00000IBfbpYAD"",
    ""InsertId__c"" : ""골든듀"",
    ""TransactionJournal"" : [ {
      ""CouponNo"" : """",
      ""TransactionAmount"" : 7000,
      ""DepositType__c"" : ""03"",
      ""PaymentMethod"" : ""01"",
      ""ActivityDate"" : ""20260508"",
      ""DeposiSeqNo__c"" : ""1"",
      ""DepositNo__c"" : ""DEP01V516""
    } ],
    ""OrderItem"" : [ {
      ""DiscountRate__c"" : 0,
      ""NetSalesUnitPrice__c"" : 70000.0,
      ""isExclude"" : false,
      ""Quantity"" : -1,
      ""ProductCode"" : ""2A2600001"",
      ""SaleSeqNo__c"" : ""1""
    } ],
    ""ActualPaymentAmount__c"" : 70000,
    ""OriginalOrderId"" : ""SAL01V511"",
    ""SaleNo__c"" : ""SAL01V512""
  },
  ""code"" : 200
}"
a12JO000000MfULYA0,2026-05-10T10:41:47.000+0000,OrderTrigger,,,
a12JO000000MfUMYA0,2026-05-10T10:41:47.000+0000,OrderTriggerHandler,,,
a12JO000000MfUNYA0,2026-05-10T10:41:47.000+0000,OrderTrigger,,,
a12JO000000MfUOYA0,2026-05-10T10:41:47.000+0000,GdSaleApiControllerV1,/gd/v1/sale,"{
    ""AccountId"": ""1000"",
    ""StoreCode__c"": ""99997"",
    ""MemberNo__c"": ""TEST01005"",
    ""SaleNo__c"": ""SAL01V611"",
    ""ActualPaymentAmount__c"": 70000.0,
    ""EndDate"": ""20260508"",
    ""SaleStatus__c"": ""01"",
    ""PromotionNo__c"": ""PRO202604161041"",
    ""OrderItem"": [
        {
            ""SaleSeqNo__c"": ""1"",
            ""OrderNo__c"": ""SOR01V004"",
            ""ProductCode"": ""2A2600001"",
            ""Quantity"": 1,
            ""isExclude"": false,
            ""NetSalesUnitPrice__c"": 70000.0000,
            ""DiscountRate__c"": 0.0000
        }
    ],
    ""TransactionJournal"": [
        {
            ""DepositNo__c"": ""DEP01V014"",
            ""DeposiSeqNo__c"": ""1"",
            ""ActivityDate"": ""20260508"",
            ""PaymentMethod"": ""01"",
            ""DepositType__c"": ""02"",
            ""TransactionAmount"": 7000.0000,
            ""CouponNo"": """",
            ""OrderNo__c"": ""SOR01V004""
        },
        {
            ""DepositNo__c"": ""DEP01V014"",
            ""DeposiSeqNo__c"": ""2"",
            ""ActivityDate"": ""20260508"",
            ""PaymentMethod"": ""90"",
            ""DepositType__c"": ""02"",
            ""TransactionAmount"": 63000.0000,
            ""CouponNo"": ""COP2026MY0024;-;TE8MOI89"",
            ""OrderNo__c"": ""SOR01V004""
        }
    ]
}","{
  ""success"" : true,
  ""message"" : ""판매 등록 완료"",
  ""data"" : {
    ""oiList"" : [ {
      ""attributes"" : {
        ""type"" : ""OrderItem"",
        ""url"" : ""/services/data/v67.0/sobjects/OrderItem/802JO000005485lYAA""
      },
      ""OrderId"" : ""801JO00000IBej1YAD"",
      ""PricebookEntryId"" : ""01uJO000001R0w4YAC"",
      ""Quantity"" : 1,
      ""UnitPrice"" : 500000,
      ""SaleSeqNo__c"" : ""1"",
      ""SaleItemNo__c"" : ""801JO00000IBej1YAD-1"",
      ""IsExclude__c"" : false,
      ""NetSalesUnitPrice__c"" : 70000.0000,
      ""DiscountRate__c"" : 0.0000,
      ""OrderId__c"" : ""801JO00000IBefmYAD"",
      ""Id"" : ""802JO000005485lYAA""
    } ],
    ""storeType"" : ""20"",
    ""storeTypeFour"" : ""NULL"",
    ""orderId"" : ""801JO00000IBej1YAD"",
    ""TransactionJournal"" : [ {
      ""OrderNo__c"" : ""SOR01V004"",
      ""CouponNo"" : """",
      ""TransactionAmount"" : 7000.0000,
      ""DepositType__c"" : ""02"",
      ""PaymentMethod"" : ""01"",
      ""ActivityDate"" : ""20260508"",
      ""DeposiSeqNo__c"" : ""1"",
      ""DepositNo__c"" : ""DEP01V014""
    }, {
      ""OrderNo__c"" : ""SOR01V004"",
      ""CouponNo"" : ""COP2026MY0024;-;TE8MOI89"",
      ""TransactionAmount"" : 63000.0000,
      ""DepositType__c"" : ""02"",
      ""PaymentMethod"" : ""90"",
      ""ActivityDate"" : ""20260508"",
      ""DeposiSeqNo__c"" : ""2"",
      ""DepositNo__c"" : ""DEP01V014""
    } ],
    ""OrderItem"" : [ {
      ""DiscountRate__c"" : 0.0000,
      ""NetSalesUnitPrice__c"" : 70000.0000,
      ""isExclude"" : false,
      ""Quantity"" : 1,
      ""ProductCode"" : ""2A2600001"",
      ""OrderNo__c"" : ""SOR01V004"",
      ""SaleSeqNo__c"" : ""1""
    } ],
    ""PromotionNo__c"" : ""PRO202604161041"",
    ""SaleStatus__c"" : ""01"",
    ""EndDate"" : ""20260508"",
    ""ActualPaymentAmount__c"" : 70000.0,
    ""SaleNo__c"" : ""SAL01V611"",
    ""MemberNo__c"" : ""TEST01005"",
    ""StoreCode__c"" : ""99997"",
    ""AccountId"" : ""1000""
  },
  ""code"" : 200
}"
a12JO000000MfVyYAK,2026-05-10T10:44:17.000+0000,GdReturnApiControllerV1,/gd/v1/return,"{
    ""SaleNo__c"": ""SAL01V612"", 
    ""OriginalOrderId"": ""SAL01V611"", 
    ""ActualPaymentAmount__c"": 70000, 
    ""OrderItem"": [ 
        {
            ""SaleSeqNo__c"": ""1"", 
            ""ProductCode"": ""2A2600001"", 
            ""Quantity"": -1, 
            ""isExclude"": false, 
            ""NetSalesUnitPrice__c"": 70000.0, 
            ""DiscountRate__c"": 0 
        }
    ],
    ""TransactionJournal"": [ 
        {
            ""DepositNo__c"": ""DEP01V616"", 
            ""DeposiSeqNo__c"": ""1"", 
            ""ActivityDate"": ""20260508"", 
            ""PaymentMethod"": ""01"", 
            ""DepositType__c"": ""03"", 
            ""TransactionAmount"": 7000, 
            ""CouponNo"": """" 
        },
        {
            ""DepositNo__c"": ""DEP01V616"", 
            ""DeposiSeqNo__c"": ""2"", 
            ""ActivityDate"": ""20260508"", 
            ""PaymentMethod"": ""90"", 
            ""DepositType__c"": ""03"", 
            ""TransactionAmount"": 63000, 
            ""CouponNo"": ""COP2026MY0024;-;TE8MOI89"" 
        }
    ],
    ""InsertId__c"": ""골든듀"" 
}","{
  ""success"" : false,
  ""message"" : ""존재하지 않는 쿠폰입니다. COP2026MY0024;-;TE8MOI89"",
  ""code"" : 400
}"
a12JO000000MfXaYAK,2026-05-10T10:44:59.000+0000,GdReturnApiControllerV1,/gd/v1/return,"{
    ""SaleNo__c"": ""SAL01V612"", 
    ""OriginalOrderId"": ""SAL01V611"", 
    ""ActualPaymentAmount__c"": 70000, 
    ""OrderItem"": [ 
        {
            ""SaleSeqNo__c"": ""1"", 
            ""ProductCode"": ""2A2600001"", 
            ""Quantity"": -1, 
            ""isExclude"": false, 
            ""NetSalesUnitPrice__c"": 70000.0, 
            ""DiscountRate__c"": 0 
        }
    ],
    ""TransactionJournal"": [ 
        {
            ""DepositNo__c"": ""DEP01V616"", 
            ""DeposiSeqNo__c"": ""1"", 
            ""ActivityDate"": ""20260508"", 
            ""PaymentMethod"": ""01"", 
            ""DepositType__c"": ""03"", 
            ""TransactionAmount"": 7000, 
            ""CouponNo"": """" 
        },
        {
            ""DepositNo__c"": ""DEP01V616"", 
            ""DeposiSeqNo__c"": ""2"", 
            ""ActivityDate"": ""20260508"", 
            ""PaymentMethod"": ""90"", 
            ""DepositType__c"": ""03"", 
            ""TransactionAmount"": 63000, 
            ""CouponNo"": ""COP2026MY0024;-;TE8MOI89"" 
        }
    ],
    ""InsertId__c"": ""골든듀"" 
}","{
  ""success"" : false,
  ""message"" : ""존재하지 않는 쿠폰입니다. COP2026MY0024;-;TE8MOI89"",
  ""code"" : 400
}"
a12JO000000MfZBYA0,2026-05-10T10:47:02.000+0000,OrderTrigger,,,
a12JO000000MfZCYA0,2026-05-10T10:47:03.000+0000,OrderTriggerHandler,,,
a12JO000000MfZDYA0,2026-05-10T10:47:03.000+0000,OrderTrigger,,,
a12JO000000MfZEYA0,2026-05-10T10:47:03.000+0000,GdReturnApiControllerV1,/gd/v1/return,"{
    ""SaleNo__c"": ""SAL02V020"", 
    ""OriginalOrderId"": ""SAL02V019"", 
    ""ActualPaymentAmount__c"": 500000, 
    ""OrderItem"": [ 
        {
            ""SaleSeqNo__c"": ""1"", 
            ""ProductCode"": ""2A2600001"", 
            ""Quantity"": -1, 
            ""isExclude"": false, 
            ""NetSalesUnitPrice__c"": 500000.0, 
            ""DiscountRate__c"": 0 
        }
    ],
    ""TransactionJournal"": [ 
        {
            ""DepositNo__c"": ""DEP02V020"", 
            ""DeposiSeqNo__c"": ""1"", 
            ""ActivityDate"": ""20260510"", 
            ""PaymentMethod"": ""01"", 
            ""DepositType__c"": ""03"", 
            ""TransactionAmount"": 490000, 
            ""CouponNo"": """" 
        }
        
        
        
        
        
        
        
        
        
        
        ,
        {
            ""DepositNo__c"": ""DEP02V020"", 
            ""DeposiSeqNo__c"": ""2"", 
            ""ActivityDate"": ""20260510"", 
            ""PaymentMethod"": ""81"", 
            ""DepositType__c"": ""03"", 
            ""TransactionAmount"": 10000, 
            ""CouponNo"": """" 
        }
    ],
    ""InsertId__c"": ""골든듀"" 
}","{
  ""success"" : true,
  ""message"" : ""반품 등록 완료"",
  ""data"" : {
    ""CancelPointsCreditedList"" : [ {
      ""PT_USE"" : 9800.0000,
      ""NO_SAL_RTN"" : null,
      ""NO_SAL"" : ""SAL02V019"",
      ""NO_MBR"" : ""TEST02007"",
      ""ID_INSERT"" : null,
      ""DTS_INSERT"" : ""2026-05-10 19:47:03"",
      ""CD_TYPE_POINT"" : ""01"",
      ""CD_RESON"" : ""6"",
      ""CD_LEDGER"" : ""05wJO0000004R02YAE"",
      ""CD_JOURNAL"" : ""05wJO0000004QwpYAE"",
      ""AM_SAL"" : null
    }, {
      ""PT_USE"" : 14700.0000,
      ""NO_SAL_RTN"" : null,
      ""NO_SAL"" : ""SAL02V019"",
      ""NO_MBR"" : ""TEST02007"",
      ""ID_INSERT"" : null,
      ""DTS_INSERT"" : ""2026-05-10 19:47:03"",
      ""CD_TYPE_POINT"" : ""06"",
      ""CD_RESON"" : ""6"",
      ""CD_LEDGER"" : ""05wJO0000004R03YAE"",
      ""CD_JOURNAL"" : ""05wJO0000004QwqYAE"",
      ""AM_SAL"" : null
    } ],
    ""CancelPointList"" : {
      ""RecreditPointList"" : [ {
        ""ExpiryDate"" : ""2028-05-10"",
        ""Name"" : ""사은포인트"",
        ""Point"" : 10000
      } ]
    },
    ""originalOrderId"" : ""801JO00000IBfC4YAL"",
    ""orderId"" : ""801JO00000IBfrvYAD"",
    ""InsertId__c"" : ""골든듀"",
    ""TransactionJournal"" : [ {
      ""CouponNo"" : """",
      ""TransactionAmount"" : 490000,
      ""DepositType__c"" : ""03"",
      ""PaymentMethod"" : ""01"",
      ""ActivityDate"" : ""20260510"",
      ""DeposiSeqNo__c"" : ""1"",
      ""DepositNo__c"" : ""DEP02V020""
    }, {
      ""CouponNo"" : """",
      ""TransactionAmount"" : 10000,
      ""DepositType__c"" : ""03"",
      ""PaymentMethod"" : ""81"",
      ""ActivityDate"" : ""20260510"",
      ""DeposiSeqNo__c"" : ""2"",
      ""DepositNo__c"" : ""DEP02V020""
    } ],
    ""OrderItem"" : [ {
      ""DiscountRate__c"" : 0,
      ""NetSalesUnitPrice__c"" : 500000.0,
      ""isExclude"" : false,
      ""Quantity"" : -1,
      ""ProductCode"" : ""2A2600001"",
      ""SaleSeqNo__c"" : ""1""
    } ],
    ""ActualPaymentAmount__c"" : 500000,
    ""OriginalOrderId"" : ""SAL02V019"",
    ""SaleNo__c"" : ""SAL02V020""
  },
  ""code"" : 200
}"
a12JO000000Mey7YAC,2026-05-10T10:48:49.000+0000,GdReturnDepositApiControllerV1,"{""DeposiSeqNo__c"":""1"",""DepositNo__c"":""DEP02V020""}",,"{
  ""success"" : true,
  ""message"" : ""반품 입금 삭제 완료"",
  ""data"" : {
    ""포인트 지급 내역 복구"" : [ {
      ""TX_REMARK"" : null,
      ""PT_TARGET"" : 9800.0000,
      ""NO_SAL"" : null,
      ""NO_PROM_MBR"" : ""PRO202604161041"",
      ""NO_MBR"" : ""TEST02007"",
      ""NO_GRADE_ADVAN"" : null,
      ""ID_INSERT"" : ""골든듀"",
      ""DTS_INSERT"" : ""2026-05-10 19:48:48"",
      ""DT_SAVE_PLAN"" : null,
      ""DT_LIMIT_START"" : ""2026-05-10 19:48:48"",
      ""DT_LIMIT_END"" : ""2028-05-10"",
      ""DT_DESTROY_PLAN"" : ""2028-05-11"",
      ""CD_TYPE_SAVE"" : ""Credit"",
      ""CD_TYPE_POINT"" : ""01"",
      ""CD_JOURNAL"" : ""05wJO0000004R1dYAE"",
      ""AM_SAL"" : 1000000.0000
    }, {
      ""TX_REMARK"" : null,
      ""PT_TARGET"" : 14700.0000,
      ""NO_SAL"" : null,
      ""NO_PROM_MBR"" : ""PRO202604161041"",
      ""NO_MBR"" : ""TEST02007"",
      ""NO_GRADE_ADVAN"" : null,
      ""ID_INSERT"" : ""골든듀"",
      ""DTS_INSERT"" : ""2026-05-10 19:48:48"",
      ""DT_SAVE_PLAN"" : null,
      ""DT_LIMIT_START"" : ""2026-05-10 19:48:48"",
      ""DT_LIMIT_END"" : ""2028-05-10"",
      ""DT_DESTROY_PLAN"" : ""2028-05-11"",
      ""CD_TYPE_SAVE"" : ""Credit"",
      ""CD_TYPE_POINT"" : ""06"",
      ""CD_JOURNAL"" : ""05wJO0000004R1eYAE"",
      ""AM_SAL"" : 1000000.0000
    } ]
  },
  ""code"" : 200
}"
a12JO000000MfanYAC,2026-05-10T10:48:53.000+0000,GdReturnDepositApiControllerV1,"{""DeposiSeqNo__c"":""2"",""DepositNo__c"":""DEP02V020""}",,"{
  ""success"" : true,
  ""message"" : ""반품 입금 삭제 완료"",
  ""data"" : {
    ""포인트 사용 내역 복구"" : [ ]
  },
  ""code"" : 200
}"
a12JO000000MfcPYAS,2026-05-10T10:49:05.000+0000,OrderTrigger,,,
a12JO000000MfcQYAS,2026-05-10T10:49:05.000+0000,OrderTrigger,,,
a12JO000000MfcRYAS,2026-05-10T10:49:05.000+0000,OrderTriggerHandler,,,
a12JO000000MfcSYAS,2026-05-10T10:49:05.000+0000,OrderTrigger,,,
a12JO000000MfcTYAS,2026-05-10T10:49:05.000+0000,GdReturnApiControllerV1,"{""SaleNo__c"":""SAL02V020""}",,"{
  ""success"" : true,
  ""message"" : ""[판매반품, 교환반품] 전체 삭제 완료"",
  ""data"" : {
    ""CancelPointList"" : [ ]
  },
  ""code"" : 200
}"
a12JO000000MdvaYAC,2026-05-10T10:50:37.000+0000,OrderTrigger,,,
a12JO000000MdvbYAC,2026-05-10T10:50:39.000+0000,OrderTriggerHandler,,,
a12JO000000MdvcYAC,2026-05-10T10:50:39.000+0000,OrderTrigger,,,
a12JO000000MdvdYAC,2026-05-10T10:50:39.000+0000,GdReturnApiControllerV1,/gd/v1/return,"{
    ""SaleNo__c"": ""SAL02V021"", 
    ""OriginalOrderId"": ""SAL02V019"", 
    ""ActualPaymentAmount__c"": 500000, 
    ""OrderItem"": [ 
        {
            ""SaleSeqNo__c"": ""1"", 
            ""ProductCode"": ""2A2600001"", 
            ""Quantity"": -1, 
            ""isExclude"": false, 
            ""NetSalesUnitPrice__c"": 500000.0, 
            ""DiscountRate__c"": 0 
        }
    ],
    ""TransactionJournal"": [ 
        {
            ""DepositNo__c"": ""DEP02V021"", 
            ""DeposiSeqNo__c"": ""1"", 
            ""ActivityDate"": ""20260510"", 
            ""PaymentMethod"": ""01"", 
            ""DepositType__c"": ""03"", 
            ""TransactionAmount"": 470000, 
            ""CouponNo"": """" 
        }
        
        
        
        
        
        
        
        
        
        
        ,
        {
            ""DepositNo__c"": ""DEP02V021"", 
            ""DeposiSeqNo__c"": ""2"", 
            ""ActivityDate"": ""20260510"", 
            ""PaymentMethod"": ""81"", 
            ""DepositType__c"": ""03"", 
            ""TransactionAmount"": 30000, 
            ""CouponNo"": """" 
        }
    ],
    ""InsertId__c"": ""골든듀"" 
}","{
  ""success"" : true,
  ""message"" : ""반품 등록 완료"",
  ""data"" : {
    ""CancelPointsCreditedList"" : [ {
      ""PT_USE"" : 5006.5199,
      ""NO_SAL_RTN"" : null,
      ""NO_SAL"" : ""SAL02V019"",
      ""NO_MBR"" : ""TEST02007"",
      ""ID_INSERT"" : null,
      ""DTS_INSERT"" : ""2026-05-10 19:50:38"",
      ""CD_TYPE_POINT"" : ""01"",
      ""CD_RESON"" : ""6"",
      ""CD_LEDGER"" : ""05wJO0000004R4sYAE"",
      ""CD_JOURNAL"" : ""05wJO0000004QwpYAE"",
      ""AM_SAL"" : null
    }, {
      ""PT_USE"" : 7509.7822,
      ""NO_SAL_RTN"" : null,
      ""NO_SAL"" : ""SAL02V019"",
      ""NO_MBR"" : ""TEST02007"",
      ""ID_INSERT"" : null,
      ""DTS_INSERT"" : ""2026-05-10 19:50:38"",
      ""CD_TYPE_POINT"" : ""06"",
      ""CD_RESON"" : ""6"",
      ""CD_LEDGER"" : ""05wJO0000004R4tYAE"",
      ""CD_JOURNAL"" : ""05wJO0000004QwqYAE"",
      ""AM_SAL"" : null
    } ],
    ""CancelPointList"" : {
      ""RecreditPointList"" : [ {
        ""ExpiryDate"" : ""2028-05-10"",
        ""Name"" : ""사은포인트"",
        ""Point"" : 30000
      } ]
    },
    ""originalOrderId"" : ""801JO00000IBfC4YAL"",
    ""orderId"" : ""801JO00000IBeZOYA1"",
    ""InsertId__c"" : ""골든듀"",
    ""TransactionJournal"" : [ {
      ""CouponNo"" : """",
      ""TransactionAmount"" : 470000,
      ""DepositType__c"" : ""03"",
      ""PaymentMethod"" : ""01"",
      ""ActivityDate"" : ""20260510"",
      ""DeposiSeqNo__c"" : ""1"",
      ""DepositNo__c"" : ""DEP02V021""
    }, {
      ""CouponNo"" : """",
      ""TransactionAmount"" : 30000,
      ""DepositType__c"" : ""03"",
      ""PaymentMethod"" : ""81"",
      ""ActivityDate"" : ""20260510"",
      ""DeposiSeqNo__c"" : ""2"",
      ""DepositNo__c"" : ""DEP02V021""
    } ],
    ""OrderItem"" : [ {
      ""DiscountRate__c"" : 0,
      ""NetSalesUnitPrice__c"" : 500000.0,
      ""isExclude"" : false,
      ""Quantity"" : -1,
      ""ProductCode"" : ""2A2600001"",
      ""SaleSeqNo__c"" : ""1""
    } ],
    ""ActualPaymentAmount__c"" : 500000,
    ""OriginalOrderId"" : ""SAL02V019"",
    ""SaleNo__c"" : ""SAL02V021""
  },
  ""code"" : 200
}"
a12JO000000Mfe1YAC,2026-05-10T10:58:46.000+0000,OrderTrigger,,,
a12JO000000Mfe2YAC,2026-05-10T10:58:46.000+0000,OrderTriggerHandler,,,
a12JO000000Mfe3YAC,2026-05-10T10:58:46.000+0000,OrderTrigger,,,
a12JO000000Mfe4YAC,2026-05-10T10:58:46.000+0000,GdOrderApiControllerV1,/gd/v1/order,"{
    ""AccountId"": ""GOLDENDEW"", 
    ""StoreCode__c"": ""99998"", 
    ""MemberNo__c"": ""TEST02009"", 
    ""OrderNo__c"": ""SOR04014"", 
    ""ActualPaymentAmount__c"": 900000, 
    ""OrderStatus__c"": ""01"", 
    ""Type"": ""01"", 
    ""PromotionNo__c"": ""PRO202605041080"", 
    ""OrderItem"": [ 
        {
            ""OrderSeqNo__c"": ""1"", 
            ""Status__c"": ""01"", 
            ""ProductCode"": ""212500046"", 
            ""Quantity"": 1, 
            ""isExclude"": false, 
            ""NetSalesUnitPrice__c"": 400000.0, 
            ""DiscountRate__c"": 0.0 
        }
        ,
        {
            ""OrderSeqNo__c"": ""2"", 
            ""Status__c"": ""01"", 
            ""ProductCode"": ""2A2600001"", 
            ""Quantity"": 1, 
            ""isExclude"": false, 
            ""NetSalesUnitPrice__c"": 500000.0, 
            ""DiscountRate__c"": 0.0 
        }

    ],
    ""TransactionJournal"": [ 
        
        
        
        
        
        
        
        
        
        
        {
            ""DepositNo__c"": ""DEP040002"",
            ""DeposiSeqNo__c"": ""1"",
            ""ActivityDate"": ""20260510"",
            ""PaymentMethod"": ""01"",
            ""DepositType__c"": ""01"",
            ""TransactionAmount"": 450000.0,
            ""CouponNo"": """",
            ""OrderNo__c"": null
        }
        ,
          {
            ""DepositNo__c"": ""DEP040003"",
            ""DeposiSeqNo__c"": ""2"",
            ""ActivityDate"": ""20260510"",
            ""PaymentMethod"": ""03"",
            ""DepositType__c"": ""01"",
            ""TransactionAmount"": 450000.0,
            ""CouponNo"": """",
            ""OrderNo__c"": null
        }
        
        
        
        
        
        
        
        
        
        
        
    ],
    ""InsertId__c"": """" 
}","{
  ""success"" : true,
  ""message"" : ""주문 등록 완료"",
  ""data"" : {
    ""DebitPointList"" : [ ],
    ""isGoldenBar"" : false,
    ""oiList"" : [ {
      ""attributes"" : {
        ""type"" : ""OrderItem"",
        ""url"" : ""/services/data/v67.0/sobjects/OrderItem/802JO00000543J6YAI""
      },
      ""OrderId"" : ""801JO00000IBc32YAD"",
      ""Status__c"" : ""01"",
      ""PricebookEntryId"" : ""01uJO000001RBvIYAW"",
      ""Quantity"" : 1,
      ""UnitPrice"" : 400000,
      ""OrderItemNo__c"" : ""801JO00000IBc32YAD-1"",
      ""IsExclude__c"" : false,
      ""NetSalesUnitPrice__c"" : 400000.0,
      ""DiscountRate__c"" : 0.0,
      ""Id"" : ""802JO00000543J6YAI""
    }, {
      ""attributes"" : {
        ""type"" : ""OrderItem"",
        ""url"" : ""/services/data/v67.0/sobjects/OrderItem/802JO00000543J7YAI""
      },
      ""OrderId"" : ""801JO00000IBc32YAD"",
      ""Status__c"" : ""01"",
      ""PricebookEntryId"" : ""01uJO000001R0w4YAC"",
      ""Quantity"" : 1,
      ""UnitPrice"" : 500000,
      ""OrderItemNo__c"" : ""801JO00000IBc32YAD-2"",
      ""IsExclude__c"" : false,
      ""NetSalesUnitPrice__c"" : 500000.0,
      ""DiscountRate__c"" : 0.0,
      ""Id"" : ""802JO00000543J7YAI""
    } ],
    ""storeType"" : ""09"",
    ""storeTypeFour"" : ""NULL"",
    ""orderId"" : ""801JO00000IBc32YAD"",
    ""InsertId__c"" : """",
    ""TransactionJournal"" : [ {
      ""OrderNo__c"" : null,
      ""CouponNo"" : """",
      ""TransactionAmount"" : 450000.0,
      ""DepositType__c"" : ""01"",
      ""PaymentMethod"" : ""01"",
      ""ActivityDate"" : ""20260510"",
      ""DeposiSeqNo__c"" : ""1"",
      ""DepositNo__c"" : ""DEP040002""
    }, {
      ""OrderNo__c"" : null,
      ""CouponNo"" : """",
      ""TransactionAmount"" : 450000.0,
      ""DepositType__c"" : ""01"",
      ""PaymentMethod"" : ""03"",
      ""ActivityDate"" : ""20260510"",
      ""DeposiSeqNo__c"" : ""2"",
      ""DepositNo__c"" : ""DEP040003""
    } ],
    ""OrderItem"" : [ {
      ""DiscountRate__c"" : 0.0,
      ""NetSalesUnitPrice__c"" : 400000.0,
      ""isExclude"" : false,
      ""Quantity"" : 1,
      ""ProductCode"" : ""212500046"",
      ""Status__c"" : ""01"",
      ""OrderSeqNo__c"" : ""1""
    }, {
      ""DiscountRate__c"" : 0.0,
      ""NetSalesUnitPrice__c"" : 500000.0,
      ""isExclude"" : false,
      ""Quantity"" : 1,
      ""ProductCode"" : ""2A2600001"",
      ""Status__c"" : ""01"",
      ""OrderSeqNo__c"" : ""2""
    } ],
    ""PromotionNo__c"" : ""PRO202605041080"",
    ""Type"" : ""01"",
    ""OrderStatus__c"" : ""01"",
    ""ActualPaymentAmount__c"" : 900000,
    ""OrderNo__c"" : ""SOR04014"",
    ""MemberNo__c"" : ""TEST02009"",
    ""StoreCode__c"" : ""99998"",
    ""AccountId"" : ""GOLDENDEW""
  },
  ""code"" : 200
}"
a12JO000000MeLVYA0,2026-05-10T10:59:31.000+0000,OrderTrigger,,,
a12JO000000MeLWYA0,2026-05-10T10:59:31.000+0000,OrderTriggerHandler,,,
a12JO000000MeLXYA0,2026-05-10T10:59:31.000+0000,OrderTrigger,,,
a12JO000000MeLYYA0,2026-05-10T10:59:31.000+0000,GdReturnApiControllerV1,/gd/v1/return,"{
    ""SaleNo__c"": ""SAL01V612"", 
    ""OriginalOrderId"": ""SAL01V611"", 
    ""ActualPaymentAmount__c"": 70000, 
    ""OrderItem"": [ 
        {
            ""SaleSeqNo__c"": ""1"", 
            ""ProductCode"": ""2A2600001"", 
            ""Quantity"": -1, 
            ""isExclude"": false, 
            ""NetSalesUnitPrice__c"": 70000.0, 
            ""DiscountRate__c"": 0 
        }
    ],
    ""TransactionJournal"": [ 
        {
            ""DepositNo__c"": ""DEP01V616"", 
            ""DeposiSeqNo__c"": ""1"", 
            ""ActivityDate"": ""20260508"", 
            ""PaymentMethod"": ""01"", 
            ""DepositType__c"": ""03"", 
            ""TransactionAmount"": 7000, 
            ""CouponNo"": """" 
        },
        {
            ""DepositNo__c"": ""DEP01V616"", 
            ""DeposiSeqNo__c"": ""2"", 
            ""ActivityDate"": ""20260508"", 
            ""PaymentMethod"": ""90"", 
            ""DepositType__c"": ""03"", 
            ""TransactionAmount"": 63000, 
            ""CouponNo"": ""COP2026MY0024;-;TE8MOI89"" 
        }
    ],
    ""InsertId__c"": ""골든듀"" 
}","{
  ""success"" : true,
  ""message"" : ""반품 등록 완료"",
  ""data"" : {
    ""CancelPointsCreditedList"" : null,
    ""originalOrderId"" : ""801JO00000IBej1YAD"",
    ""orderId"" : ""801JO00000IBewaYAD"",
    ""InsertId__c"" : ""골든듀"",
    ""TransactionJournal"" : [ {
      ""CouponNo"" : """",
      ""TransactionAmount"" : 7000,
      ""DepositType__c"" : ""03"",
      ""PaymentMethod"" : ""01"",
      ""ActivityDate"" : ""20260508"",
      ""DeposiSeqNo__c"" : ""1"",
      ""DepositNo__c"" : ""DEP01V616""
    }, {
      ""CouponNo"" : ""COP2026MY0024;-;TE8MOI89"",
      ""TransactionAmount"" : 63000,
      ""DepositType__c"" : ""03"",
      ""PaymentMethod"" : ""90"",
      ""ActivityDate"" : ""20260508"",
      ""DeposiSeqNo__c"" : ""2"",
      ""DepositNo__c"" : ""DEP01V616""
    } ],
    ""OrderItem"" : [ {
      ""DiscountRate__c"" : 0,
      ""NetSalesUnitPrice__c"" : 70000.0,
      ""isExclude"" : false,
      ""Quantity"" : -1,
      ""ProductCode"" : ""2A2600001"",
      ""SaleSeqNo__c"" : ""1""
    } ],
    ""ActualPaymentAmount__c"" : 70000,
    ""OriginalOrderId"" : ""SAL01V611"",
    ""SaleNo__c"" : ""SAL01V612""
  },
  ""code"" : 200
}"
a12JO000000MffdYAC,2026-05-10T11:01:22.000+0000,OrderTrigger,,,
a12JO000000MffeYAC,2026-05-10T11:01:22.000+0000,OrderTriggerHandler,,,
a12JO000000MfffYAC,2026-05-10T11:01:22.000+0000,OrderTrigger,,,
a12JO000000MffgYAC,2026-05-10T11:01:22.000+0000,GdOrderApiControllerV1,/gd/v1/order,"{
    ""AccountId"": ""1000"",
    ""StoreCode__c"": ""99997"",
    ""MemberNo__c"": ""TEST01005"",
    ""OrderNo__c"": ""SOR01V704"",
    ""ActualPaymentAmount__c"": 70000.0,
    ""OrderStatus__c"": ""01"",
    ""Type"": ""03"",
    ""PromotionNo__c"": ""PRO202604161041"",
    ""OrderItem"": [
        {
            ""OrderSeqNo__c"": ""1"",
            ""Status__c"": ""01"",
            ""ProductCode"": ""2A2600001"",
            ""Quantity"": 1,
            ""isExclude"": false,
            ""NetSalesUnitPrice__c"": 70000.0000,
            ""DiscountRate__c"": 0.0000
        }
    ],
    ""TransactionJournal"": [
        {
            ""DepositNo__c"": ""DEP01V714"",
            ""DeposiSeqNo__c"": ""1"",
            ""ActivityDate"": ""20260508"",
            ""PaymentMethod"": ""01"",
            ""DepositType__c"": ""01"",
            ""TransactionAmount"": 7000.0000,
            ""CouponNo"": """",
            ""OrderNo__c"": null
        },
        {
            ""DepositNo__c"": ""DEP01V714"",
            ""DeposiSeqNo__c"": ""2"",
            ""ActivityDate"": ""20260508"",
            ""PaymentMethod"": ""90"",
            ""DepositType__c"": ""01"",
            ""TransactionAmount"": 63000.0000,
            ""CouponNo"": ""COP2026MY0024;-;TE8MOI89"",
            ""OrderNo__c"": null
        }
    ]
}","{
  ""success"" : true,
  ""message"" : ""주문 등록 완료"",
  ""data"" : {
    ""DebitPointList"" : [ ],
    ""isGoldenBar"" : false,
    ""oiList"" : [ {
      ""attributes"" : {
        ""type"" : ""OrderItem"",
        ""url"" : ""/services/data/v67.0/sobjects/OrderItem/802JO00000548VZYAY""
      },
      ""OrderId"" : ""801JO00000IBgXpYAL"",
      ""Status__c"" : ""01"",
      ""PricebookEntryId"" : ""01uJO000001R0w4YAC"",
      ""Quantity"" : 1,
      ""UnitPrice"" : 500000,
      ""OrderItemNo__c"" : ""801JO00000IBgXpYAL-1"",
      ""IsExclude__c"" : false,
      ""NetSalesUnitPrice__c"" : 70000.0000,
      ""DiscountRate__c"" : 0.0000,
      ""Id"" : ""802JO00000548VZYAY""
    } ],
    ""storeType"" : ""20"",
    ""storeTypeFour"" : ""NULL"",
    ""orderId"" : ""801JO00000IBgXpYAL"",
    ""TransactionJournal"" : [ {
      ""OrderNo__c"" : null,
      ""CouponNo"" : """",
      ""TransactionAmount"" : 7000.0000,
      ""DepositType__c"" : ""01"",
      ""PaymentMethod"" : ""01"",
      ""ActivityDate"" : ""20260508"",
      ""DeposiSeqNo__c"" : ""1"",
      ""DepositNo__c"" : ""DEP01V714""
    }, {
      ""OrderNo__c"" : null,
      ""CouponNo"" : ""COP2026MY0024;-;TE8MOI89"",
      ""TransactionAmount"" : 63000.0000,
      ""DepositType__c"" : ""01"",
      ""PaymentMethod"" : ""90"",
      ""ActivityDate"" : ""20260508"",
      ""DeposiSeqNo__c"" : ""2"",
      ""DepositNo__c"" : ""DEP01V714""
    } ],
    ""OrderItem"" : [ {
      ""DiscountRate__c"" : 0.0000,
      ""NetSalesUnitPrice__c"" : 70000.0000,
      ""isExclude"" : false,
      ""Quantity"" : 1,
      ""ProductCode"" : ""2A2600001"",
      ""Status__c"" : ""01"",
      ""OrderSeqNo__c"" : ""1""
    } ],
    ""PromotionNo__c"" : ""PRO202604161041"",
    ""Type"" : ""03"",
    ""OrderStatus__c"" : ""01"",
    ""ActualPaymentAmount__c"" : 70000.0,
    ""OrderNo__c"" : ""SOR01V704"",
    ""MemberNo__c"" : ""TEST01005"",
    ""StoreCode__c"" : ""99997"",
    ""AccountId"" : ""1000""
  },
  ""code"" : 200
}"
a12JO000000MfhFYAS,2026-05-10T11:02:15.000+0000,OrderTrigger,,,
a12JO000000MfhGYAS,2026-05-10T11:02:15.000+0000,OrderTriggerHandler,,,
a12JO000000MfhHYAS,2026-05-10T11:02:15.000+0000,OrderTrigger,,,
a12JO000000MfhIYAS,2026-05-10T11:02:15.000+0000,GdSaleApiControllerV1,/gd/v1/sale,"{
    ""AccountId"": ""1000"",
    ""StoreCode__c"": ""99997"",
    ""MemberNo__c"": ""TEST01005"",
    ""SaleNo__c"": ""SAL01V711"",
    ""ActualPaymentAmount__c"": 70000.0,
    ""EndDate"": ""20260508"",
    ""SaleStatus__c"": ""01"",
    ""PromotionNo__c"": ""PRO202604161041"",
    ""OrderItem"": [
        {
            ""SaleSeqNo__c"": ""1"",
            ""OrderNo__c"": ""SOR01V704"",
            ""ProductCode"": ""2A2600001"",
            ""Quantity"": 1,
            ""isExclude"": false,
            ""NetSalesUnitPrice__c"": 70000.0000,
            ""DiscountRate__c"": 0.0000
        }
    ],
    ""TransactionJournal"": [
        {
            ""DepositNo__c"": ""DEP01V714"",
            ""DeposiSeqNo__c"": ""1"",
            ""ActivityDate"": ""20260508"",
            ""PaymentMethod"": ""01"",
            ""DepositType__c"": ""02"",
            ""TransactionAmount"": 7000.0000,
            ""CouponNo"": """",
            ""OrderNo__c"": ""SOR01V704""
        },
        {
            ""DepositNo__c"": ""DEP01V714"",
            ""DeposiSeqNo__c"": ""2"",
            ""ActivityDate"": ""20260508"",
            ""PaymentMethod"": ""90"",
            ""DepositType__c"": ""02"",
            ""TransactionAmount"": 63000.0000,
            ""CouponNo"": ""COP2026MY0024;-;TE8MOI89"",
            ""OrderNo__c"": ""SOR01V704""
        }
    ]
}","{
  ""success"" : true,
  ""message"" : ""판매 등록 완료"",
  ""data"" : {
    ""oiList"" : [ {
      ""attributes"" : {
        ""type"" : ""OrderItem"",
        ""url"" : ""/services/data/v67.0/sobjects/OrderItem/802JO00000541h4YAA""
      },
      ""OrderId"" : ""801JO00000IBa67YAD"",
      ""PricebookEntryId"" : ""01uJO000001R0w4YAC"",
      ""Quantity"" : 1,
      ""UnitPrice"" : 500000,
      ""SaleSeqNo__c"" : ""1"",
      ""SaleItemNo__c"" : ""801JO00000IBa67YAD-1"",
      ""IsExclude__c"" : false,
      ""NetSalesUnitPrice__c"" : 70000.0000,
      ""DiscountRate__c"" : 0.0000,
      ""OrderId__c"" : ""801JO00000IBgXpYAL"",
      ""Id"" : ""802JO00000541h4YAA""
    } ],
    ""storeType"" : ""20"",
    ""storeTypeFour"" : ""NULL"",
    ""orderId"" : ""801JO00000IBa67YAD"",
    ""TransactionJournal"" : [ {
      ""OrderNo__c"" : ""SOR01V704"",
      ""CouponNo"" : """",
      ""TransactionAmount"" : 7000.0000,
      ""DepositType__c"" : ""02"",
      ""PaymentMethod"" : ""01"",
      ""ActivityDate"" : ""20260508"",
      ""DeposiSeqNo__c"" : ""1"",
      ""DepositNo__c"" : ""DEP01V714""
    }, {
      ""OrderNo__c"" : ""SOR01V704"",
      ""CouponNo"" : ""COP2026MY0024;-;TE8MOI89"",
      ""TransactionAmount"" : 63000.0000,
      ""DepositType__c"" : ""02"",
      ""PaymentMethod"" : ""90"",
      ""ActivityDate"" : ""20260508"",
      ""DeposiSeqNo__c"" : ""2"",
      ""DepositNo__c"" : ""DEP01V714""
    } ],
    ""OrderItem"" : [ {
      ""DiscountRate__c"" : 0.0000,
      ""NetSalesUnitPrice__c"" : 70000.0000,
      ""isExclude"" : false,
      ""Quantity"" : 1,
      ""ProductCode"" : ""2A2600001"",
      ""OrderNo__c"" : ""SOR01V704"",
      ""SaleSeqNo__c"" : ""1""
    } ],
    ""PromotionNo__c"" : ""PRO202604161041"",
    ""SaleStatus__c"" : ""01"",
    ""EndDate"" : ""20260508"",
    ""ActualPaymentAmount__c"" : 70000.0,
    ""SaleNo__c"" : ""SAL01V711"",
    ""MemberNo__c"" : ""TEST01005"",
    ""StoreCode__c"" : ""99997"",
    ""AccountId"" : ""1000""
  },
  ""code"" : 200
}"
a12JO000000MfirYAC,2026-05-10T11:02:30.000+0000,OrderTrigger,,,
a12JO000000MfisYAC,2026-05-10T11:02:31.000+0000,OrderTriggerHandler,,,
a12JO000000MfitYAC,2026-05-10T11:02:31.000+0000,OrderTrigger,,,
a12JO000000MfiuYAC,2026-05-10T11:02:31.000+0000,GdSaleApiControllerV1,/gd/v1/sale,"{
    ""AccountId"": ""GOLDENDEW"", 
    ""StoreCode__c"": ""99995"", 
    ""MemberNo__c"": ""TEST02009"", 
    ""SaleNo__c"": ""SAL04048"", 
    ""EndDate"": ""20260510"", 
    ""ActualPaymentAmount__c"": 900000.0, 
    ""SaleStatus__c"": ""01"", 
    ""PromotionNo__c"": ""PRO202605041080"", 
    ""OrderItem"": [ 
         {
            ""SaleSeqNo__c"": ""1"", 
            ""Status__c"": ""01"", 
            ""ProductCode"": ""212500046"", 
            ""Quantity"": 1, 
            ""isExclude"": false, 
            ""NetSalesUnitPrice__c"": 400000.0 
            
        }
        ,
        {
            ""SaleSeqNo__c"": ""2"", 
            ""Status__c"": ""01"", 
            ""ProductCode"": ""3A2600005"", 
            ""Quantity"": 1, 
            ""isExclude"": false, 
            ""NetSalesUnitPrice__c"": 500000.0 
            
        }
        
        
        
        
        
        
        
        
        
    ],
    ""TransactionJournal"": [ 
        {
            ""DepositNo__c"": ""DEP040004"",
            ""DeposiSeqNo__c"": ""3"",
            ""ActivityDate"": ""20260510"",
            ""PaymentMethod"": ""01"",
            ""DepositType__c"": ""02"",
            ""TransactionAmount"": 0.0,
            ""CouponNo"": """",
            ""OrderNo__c"": """"
        },
        {
            ""DepositNo__c"": ""DEP040002"",
            ""DeposiSeqNo__c"": ""1"",
            ""ActivityDate"": ""20260510"",
            ""PaymentMethod"": ""01"",
            ""DepositType__c"": ""01"",
            ""TransactionAmount"": 450000.0,
            ""CouponNo"": """",
            ""OrderNo__c"": ""SOR04014""
        }
        ,
          {
            ""DepositNo__c"": ""DEP040003"",
            ""DeposiSeqNo__c"": ""2"",
            ""ActivityDate"": ""20260510"",
            ""PaymentMethod"": ""03"",
            ""DepositType__c"": ""01"",
            ""TransactionAmount"": 450000.0,
            ""CouponNo"": """",
            ""OrderNo__c"": ""SOR04014""
        }
        
        
        
        
        
        
        
        
        
        
        
        
        
        
        
        
        
        
        
        
        
        
        
        
        
        
        
        
        
        
        
        
        
        
        
        
        
        
        
        
        
        
        
        
    ],
    ""InsertId__c"": ""골든듀"" 
}","{
  ""success"" : true,
  ""message"" : ""판매 등록 완료"",
  ""data"" : {
    ""CreditPointList"" : [ {
      ""TX_REMARK"" : ""구매포인트|11cJO000001BAZlYAO|2.00"",
      ""PT_TARGET"" : 18000.0000,
      ""NO_SAL"" : null,
      ""NO_PROM_MBR"" : ""PRO202605041080"",
      ""NO_MBR"" : ""TEST02009"",
      ""NO_GRADE_ADVAN"" : ""03"",
      ""ID_INSERT"" : ""골든듀"",
      ""DTS_INSERT"" : ""2026-05-10 20:02:30"",
      ""DT_SAVE_PLAN"" : null,
      ""DT_LIMIT_START"" : ""2026-05-10 09:00:00"",
      ""DT_LIMIT_END"" : ""2028-05-10"",
      ""DT_DESTROY_PLAN"" : ""2028-05-11"",
      ""CD_TYPE_SAVE"" : ""Credit"",
      ""CD_TYPE_POINT"" : ""01"",
      ""CD_JOURNAL"" : ""05wJO0000004R6TYAU"",
      ""AM_SAL"" : 900000.0
    }, {
      ""TX_REMARK"" : ""사은포인트|11cJO000001BAY9YAO|3.00"",
      ""PT_TARGET"" : 27000.0000,
      ""NO_SAL"" : null,
      ""NO_PROM_MBR"" : ""PRO202605041080"",
      ""NO_MBR"" : ""TEST02009"",
      ""NO_GRADE_ADVAN"" : ""03"",
      ""ID_INSERT"" : ""골든듀"",
      ""DTS_INSERT"" : ""2026-05-10 20:02:30"",
      ""DT_SAVE_PLAN"" : null,
      ""DT_LIMIT_START"" : ""2026-05-10 09:00:00"",
      ""DT_LIMIT_END"" : ""2028-05-10"",
      ""DT_DESTROY_PLAN"" : ""2028-05-11"",
      ""CD_TYPE_SAVE"" : ""Credit"",
      ""CD_TYPE_POINT"" : ""01"",
      ""CD_JOURNAL"" : ""05wJO0000004R6UYAU"",
      ""AM_SAL"" : 900000.0
    }, {
      ""TX_REMARK"" : ""이벤트포인트|11cJO000001nThpYAE|3.00"",
      ""PT_TARGET"" : 27000.0000,
      ""NO_SAL"" : null,
      ""NO_PROM_MBR"" : ""PRO202605041080"",
      ""NO_MBR"" : ""TEST02009"",
      ""NO_GRADE_ADVAN"" : ""03"",
      ""ID_INSERT"" : ""골든듀"",
      ""DTS_INSERT"" : ""2026-05-10 20:02:31"",
      ""DT_SAVE_PLAN"" : null,
      ""DT_LIMIT_START"" : ""2026-05-10 09:00:00"",
      ""DT_LIMIT_END"" : ""2028-05-10"",
      ""DT_DESTROY_PLAN"" : ""2028-05-11"",
      ""CD_TYPE_SAVE"" : ""Credit"",
      ""CD_TYPE_POINT"" : ""07"",
      ""CD_JOURNAL"" : ""05wJO0000004R6VYAU"",
      ""AM_SAL"" : 900000.0
    } ],
    ""oiList"" : [ {
      ""attributes"" : {
        ""type"" : ""OrderItem"",
        ""url"" : ""/services/data/v67.0/sobjects/OrderItem/802JO00000548XBYAY""
      },
      ""OrderId"" : ""801JO00000IBe1WYAT"",
      ""PricebookEntryId"" : ""01uJO000001RBvIYAW"",
      ""Quantity"" : 1,
      ""UnitPrice"" : 400000,
      ""SaleSeqNo__c"" : ""1"",
      ""SaleItemNo__c"" : ""801JO00000IBe1WYAT-1"",
      ""IsExclude__c"" : false,
      ""NetSalesUnitPrice__c"" : 400000.0,
      ""DiscountRate__c"" : null,
      ""Id"" : ""802JO00000548XBYAY""
    }, {
      ""attributes"" : {
        ""type"" : ""OrderItem"",
        ""url"" : ""/services/data/v67.0/sobjects/OrderItem/802JO00000548XCYAY""
      },
      ""OrderId"" : ""801JO00000IBe1WYAT"",
      ""PricebookEntryId"" : ""01uJO000001RG0OYAW"",
      ""Quantity"" : 1,
      ""UnitPrice"" : 500000,
      ""SaleSeqNo__c"" : ""2"",
      ""SaleItemNo__c"" : ""801JO00000IBe1WYAT-2"",
      ""IsExclude__c"" : false,
      ""NetSalesUnitPrice__c"" : 500000.0,
      ""DiscountRate__c"" : null,
      ""Id"" : ""802JO00000548XCYAY""
    } ],
    ""storeType"" : ""08"",
    ""storeTypeFour"" : null,
    ""orderId"" : ""801JO00000IBe1WYAT"",
    ""InsertId__c"" : ""골든듀"",
    ""TransactionJournal"" : [ {
      ""OrderNo__c"" : """",
      ""CouponNo"" : """",
      ""TransactionAmount"" : 0.0,
      ""DepositType__c"" : ""02"",
      ""PaymentMethod"" : ""01"",
      ""ActivityDate"" : ""20260510"",
      ""DeposiSeqNo__c"" : ""3"",
      ""DepositNo__c"" : ""DEP040004""
    }, {
      ""OrderNo__c"" : ""SOR04014"",
      ""CouponNo"" : """",
      ""TransactionAmount"" : 450000.0,
      ""DepositType__c"" : ""01"",
      ""PaymentMethod"" : ""01"",
      ""ActivityDate"" : ""20260510"",
      ""DeposiSeqNo__c"" : ""1"",
      ""DepositNo__c"" : ""DEP040002""
    }, {
      ""OrderNo__c"" : ""SOR04014"",
      ""CouponNo"" : """",
      ""TransactionAmount"" : 450000.0,
      ""DepositType__c"" : ""01"",
      ""PaymentMethod"" : ""03"",
      ""ActivityDate"" : ""20260510"",
      ""DeposiSeqNo__c"" : ""2"",
      ""DepositNo__c"" : ""DEP040003""
    } ],
    ""OrderItem"" : [ {
      ""NetSalesUnitPrice__c"" : 400000.0,
      ""isExclude"" : false,
      ""Quantity"" : 1,
      ""ProductCode"" : ""212500046"",
      ""Status__c"" : ""01"",
      ""SaleSeqNo__c"" : ""1""
    }, {
      ""NetSalesUnitPrice__c"" : 500000.0,
      ""isExclude"" : false,
      ""Quantity"" : 1,
      ""ProductCode"" : ""3A2600005"",
      ""Status__c"" : ""01"",
      ""SaleSeqNo__c"" : ""2""
    } ],
    ""PromotionNo__c"" : ""PRO202605041080"",
    ""SaleStatus__c"" : ""01"",
    ""ActualPaymentAmount__c"" : 900000.0,
    ""EndDate"" : ""20260510"",
    ""SaleNo__c"" : ""SAL04048"",
    ""MemberNo__c"" : ""TEST02009"",
    ""StoreCode__c"" : ""99995"",
    ""AccountId"" : ""GOLDENDEW""
  },
  ""code"" : 200
}"
a12JO000000MfkTYAS,2026-05-10T11:05:19.000+0000,GdSaleDepositApiControllerV1,"{""DeposiSeqNo__c"":""1"",""DepositNo__c"":""DEP040002""}",,"{
  ""success"" : true,
  ""message"" : ""판매 입금 삭제 삭제 완료"",
  ""data"" : {
    ""CancelCoupon"" : null,
    ""CancelPointsCreditedList"" : [ {
      ""PT_USE"" : 9000.0000,
      ""NO_SAL_RTN"" : null,
      ""NO_SAL"" : ""SOR04014"",
      ""NO_MBR"" : ""TEST02009"",
      ""ID_INSERT"" : null,
      ""DTS_INSERT"" : ""2026-05-10 20:05:19"",
      ""CD_TYPE_POINT"" : ""01"",
      ""CD_RESON"" : null,
      ""CD_LEDGER"" : ""05wJO0000004R85YAE"",
      ""CD_JOURNAL"" : ""05wJO0000004R6TYAU"",
      ""AM_SAL"" : null
    }, {
      ""PT_USE"" : 13500.0000,
      ""NO_SAL_RTN"" : null,
      ""NO_SAL"" : ""SOR04014"",
      ""NO_MBR"" : ""TEST02009"",
      ""ID_INSERT"" : null,
      ""DTS_INSERT"" : ""2026-05-10 20:05:19"",
      ""CD_TYPE_POINT"" : ""06"",
      ""CD_RESON"" : null,
      ""CD_LEDGER"" : ""05wJO0000004R86YAE"",
      ""CD_JOURNAL"" : ""05wJO0000004R6UYAU"",
      ""AM_SAL"" : null
    }, {
      ""PT_USE"" : 13500.0000,
      ""NO_SAL_RTN"" : null,
      ""NO_SAL"" : ""SOR04014"",
      ""NO_MBR"" : ""TEST02009"",
      ""ID_INSERT"" : null,
      ""DTS_INSERT"" : ""2026-05-10 20:05:19"",
      ""CD_TYPE_POINT"" : ""07"",
      ""CD_RESON"" : null,
      ""CD_LEDGER"" : ""05wJO0000004R87YAE"",
      ""CD_JOURNAL"" : ""05wJO0000004R6VYAU"",
      ""AM_SAL"" : null
    } ],
    ""CancelPointList"" : null
  },
  ""code"" : 200
}"
a12JO000000Mfm5YAC,2026-05-10T11:05:26.000+0000,GdSaleDepositApiControllerV1,"{""DeposiSeqNo__c"":""2"",""DepositNo__c"":""DEP040003""}",,"{
  ""success"" : true,
  ""message"" : ""판매 입금 삭제 삭제 완료"",
  ""data"" : {
    ""CancelCoupon"" : null,
    ""CancelPointsCreditedList"" : [ {
      ""PT_USE"" : 9000.0000,
      ""NO_SAL_RTN"" : null,
      ""NO_SAL"" : ""SOR04014"",
      ""NO_MBR"" : ""TEST02009"",
      ""ID_INSERT"" : null,
      ""DTS_INSERT"" : ""2026-05-10 20:05:25"",
      ""CD_TYPE_POINT"" : ""01"",
      ""CD_RESON"" : null,
      ""CD_LEDGER"" : ""05wJO0000004R9hYAE"",
      ""CD_JOURNAL"" : ""05wJO0000004R6TYAU"",
      ""AM_SAL"" : null
    }, {
      ""PT_USE"" : 13500.0000,
      ""NO_SAL_RTN"" : null,
      ""NO_SAL"" : ""SOR04014"",
      ""NO_MBR"" : ""TEST02009"",
      ""ID_INSERT"" : null,
      ""DTS_INSERT"" : ""2026-05-10 20:05:25"",
      ""CD_TYPE_POINT"" : ""06"",
      ""CD_RESON"" : null,
      ""CD_LEDGER"" : ""05wJO0000004R9iYAE"",
      ""CD_JOURNAL"" : ""05wJO0000004R6UYAU"",
      ""AM_SAL"" : null
    }, {
      ""PT_USE"" : 13500.0000,
      ""NO_SAL_RTN"" : null,
      ""NO_SAL"" : ""SOR04014"",
      ""NO_MBR"" : ""TEST02009"",
      ""ID_INSERT"" : null,
      ""DTS_INSERT"" : ""2026-05-10 20:05:26"",
      ""CD_TYPE_POINT"" : ""07"",
      ""CD_RESON"" : null,
      ""CD_LEDGER"" : ""05wJO0000004R9jYAE"",
      ""CD_JOURNAL"" : ""05wJO0000004R6VYAU"",
      ""AM_SAL"" : null
    } ],
    ""CancelPointList"" : null
  },
  ""code"" : 200
}"
a12JO000000MfnhYAC,2026-05-10T11:05:31.000+0000,GdSaleDepositApiControllerV1,"{""DeposiSeqNo__c"":""3"",""DepositNo__c"":""DEP040004""}",,"{
  ""success"" : true,
  ""message"" : ""판매 입금 삭제 삭제 완료"",
  ""data"" : {
    ""CancelCoupon"" : null,
    ""CancelPointsCreditedList"" : null,
    ""CancelPointList"" : null
  },
  ""code"" : 200
}"
a12JO000000MfpJYAS,2026-05-10T11:05:45.000+0000,OrderTrigger,,,
a12JO000000MfpKYAS,2026-05-10T11:05:45.000+0000,OrderTriggerHandler,,,
a12JO000000MfpLYAS,2026-05-10T11:05:45.000+0000,OrderTrigger,,,
a12JO000000MfpMYAS,2026-05-10T11:05:45.000+0000,GdSaleApiControllerV1,"{""SaleNo__c"":""SAL04048""}",,"{
  ""success"" : true,
  ""message"" : ""판매 전체 삭제 완료"",
  ""data"" : { },
  ""code"" : 200
}"
a12JO000000MfqvYAC,2026-05-10T11:08:58.000+0000,PromotionTriggerHandler,,"{""yn_use_specific_coupon"":""N"",""yn_use_rate_coupon"":""N"",""yn_use_point"":""Y"",""yn_use_fixed_coupon"":""N"",""yn_use_coupon"":""Y"",""yn_spec_store"":""N"",""yn_spec_item"":""N"",""yn_pur_point"":""N"",""yn_gift_point"":""Y"",""yn_event_point"":""Y"",""yn_all_store"":""N"",""yn_all_item"":""Y"",""yn_all_coupon"":""N"",""no_prom"":""PRO202605041081"",""nm_type_prom"":""할인"",""nm_stat"":""진행"",""nm_prom"":""[TEST] 통합시나리오V5_비활성화"",""nm_brand"":""골든듀"",""id_update"":""milvus"",""id_insert"":""milvus"",""dt_start"":""20260504"",""dt_event_start"":""20260504"",""dt_event_end"":""20260531"",""dt_end"":""20260531"",""cd_type_prom"":""01"",""cd_stat"":""02"",""cd_brand"":""01""}",
a12JO000000MfqwYAC,2026-05-10T11:08:58.000+0000,PromotionTrigger,,,
a12JO000000Md5yYAC,2026-05-10T11:09:02.000+0000,ErpAsyncJob,callout:GoldenDewApiNC/Crm/Promotion,"{""yn_use_specific_coupon"":""N"",""yn_use_rate_coupon"":""N"",""yn_use_point"":""Y"",""yn_use_fixed_coupon"":""N"",""yn_use_coupon"":""Y"",""yn_spec_store"":""N"",""yn_spec_item"":""N"",""yn_pur_point"":""N"",""yn_gift_point"":""Y"",""yn_event_point"":""Y"",""yn_all_store"":""N"",""yn_all_item"":""Y"",""yn_all_coupon"":""N"",""no_prom"":""PRO202605041081"",""nm_type_prom"":""할인"",""nm_stat"":""진행"",""nm_prom"":""[TEST] 통합시나리오V5_비활성화"",""nm_brand"":""골든듀"",""id_update"":""milvus"",""id_insert"":""milvus"",""dt_start"":""20260504"",""dt_event_start"":""20260504"",""dt_event_end"":""20260531"",""dt_end"":""20260531"",""cd_type_prom"":""01"",""cd_stat"":""02"",""cd_brand"":""01""}",
a12JO000000MfsXYAS,2026-05-10T11:09:27.000+0000,PromotionTriggerHandler,,,
a12JO000000MfsYYAS,2026-05-10T11:09:27.000+0000,PromotionTrigger,,,
a12JO000000Mfu9YAC,2026-05-10T11:09:53.000+0000,OrderTrigger,,,
a12JO000000MfuAYAS,2026-05-10T11:09:54.000+0000,OrderTriggerHandler,,,
a12JO000000MfuBYAS,2026-05-10T11:09:54.000+0000,OrderTrigger,,,
a12JO000000MfuCYAS,2026-05-10T11:09:54.000+0000,GdReturnApiControllerV1,/gd/v1/return,"{
    ""SaleNo__c"": ""SAL01V712"", 
    ""OriginalOrderId"": ""SAL01V711"", 
    ""ActualPaymentAmount__c"": 70000, 
    ""OrderItem"": [ 
        {
            ""SaleSeqNo__c"": ""1"", 
            ""ProductCode"": ""2A2600001"", 
            ""Quantity"": -1, 
            ""isExclude"": false, 
            ""NetSalesUnitPrice__c"": 70000.0, 
            ""DiscountRate__c"": 0 
        }
    ],
    ""TransactionJournal"": [ 
        {
            ""DepositNo__c"": ""DEP01V716"", 
            ""DeposiSeqNo__c"": ""1"", 
            ""ActivityDate"": ""20260508"", 
            ""PaymentMethod"": ""01"", 
            ""DepositType__c"": ""03"", 
            ""TransactionAmount"": 7000, 
            ""CouponNo"": """" 
        },
        {
            ""DepositNo__c"": ""DEP01V716"", 
            ""DeposiSeqNo__c"": ""2"", 
            ""ActivityDate"": ""20260508"", 
            ""PaymentMethod"": ""90"", 
            ""DepositType__c"": ""03"", 
            ""TransactionAmount"": 63000, 
            ""CouponNo"": ""COP2026MY0024;-;TE8MOI89"" 
        }
    ],
    ""InsertId__c"": ""골든듀"" 
}","{
  ""success"" : true,
  ""message"" : ""반품 등록 완료"",
  ""data"" : {
    ""CancelPointsCreditedList"" : null,
    ""originalOrderId"" : ""801JO00000IBa67YAD"",
    ""orderId"" : ""801JO00000IBaVwYAL"",
    ""InsertId__c"" : ""골든듀"",
    ""TransactionJournal"" : [ {
      ""CouponNo"" : """",
      ""TransactionAmount"" : 7000,
      ""DepositType__c"" : ""03"",
      ""PaymentMethod"" : ""01"",
      ""ActivityDate"" : ""20260508"",
      ""DeposiSeqNo__c"" : ""1"",
      ""DepositNo__c"" : ""DEP01V716""
    }, {
      ""CouponNo"" : ""COP2026MY0024;-;TE8MOI89"",
      ""TransactionAmount"" : 63000,
      ""DepositType__c"" : ""03"",
      ""PaymentMethod"" : ""90"",
      ""ActivityDate"" : ""20260508"",
      ""DeposiSeqNo__c"" : ""2"",
      ""DepositNo__c"" : ""DEP01V716""
    } ],
    ""OrderItem"" : [ {
      ""DiscountRate__c"" : 0,
      ""NetSalesUnitPrice__c"" : 70000.0,
      ""isExclude"" : false,
      ""Quantity"" : -1,
      ""ProductCode"" : ""2A2600001"",
      ""SaleSeqNo__c"" : ""1""
    } ],
    ""ActualPaymentAmount__c"" : 70000,
    ""OriginalOrderId"" : ""SAL01V711"",
    ""SaleNo__c"" : ""SAL01V712""
  },
  ""code"" : 200
}"
a12JO000000MfvlYAC,2026-05-10T11:11:13.000+0000,OrderTrigger,,,
a12JO000000MfvmYAC,2026-05-10T11:11:13.000+0000,OrderTriggerHandler,,,
a12JO000000MfvnYAC,2026-05-10T11:11:13.000+0000,OrderTrigger,,,
a12JO000000MfvoYAC,2026-05-10T11:11:13.000+0000,GdOrderApiControllerV1,/gd/v1/order,"{
    ""AccountId"": ""GOLDENDEW"", 
    ""StoreCode__c"": ""99998"", 
    ""MemberNo__c"": ""TEST02009"", 
    ""OrderNo__c"": ""SOR04015"", 
    ""ActualPaymentAmount__c"": 400000, 
    ""OrderStatus__c"": ""01"", 
    ""Type"": ""01"", 
    ""PromotionNo__c"": ""PRO202605041081"", 
    ""OrderItem"": [ 
        {
            ""OrderSeqNo__c"": ""1"", 
            ""Status__c"": ""01"", 
            ""ProductCode"": ""212500046"", 
            ""Quantity"": 1, 
            ""isExclude"": false, 
            ""NetSalesUnitPrice__c"": 400000.0, 
            ""DiscountRate__c"": 0.0 
        }
        
        
        
        
        
        
        
        
        
        

    ],
    ""TransactionJournal"": [ 
        
        
        
        
        
        
        
        
        
        
        {
            ""DepositNo__c"": ""DEP040005"",
            ""DeposiSeqNo__c"": ""1"",
            ""ActivityDate"": ""20260510"",
            ""PaymentMethod"": ""03"",
            ""DepositType__c"": ""01"",
            ""TransactionAmount"": 200000.0,
            ""CouponNo"": """",
            ""OrderNo__c"": null
        }
        
        
        
        
        
        
        
        
        
        
        
        
        
        
        
        
        
        
        
        
        
        
    ],
    ""InsertId__c"": """" 
}","{
  ""success"" : true,
  ""message"" : ""주문 등록 완료"",
  ""data"" : {
    ""DebitPointList"" : [ ],
    ""isGoldenBar"" : false,
    ""oiList"" : [ {
      ""attributes"" : {
        ""type"" : ""OrderItem"",
        ""url"" : ""/services/data/v67.0/sobjects/OrderItem/802JO000005474tYAA""
      },
      ""OrderId"" : ""801JO00000IBeRKYA1"",
      ""Status__c"" : ""01"",
      ""PricebookEntryId"" : ""01uJO000001RBvIYAW"",
      ""Quantity"" : 1,
      ""UnitPrice"" : 400000,
      ""OrderItemNo__c"" : ""801JO00000IBeRKYA1-1"",
      ""IsExclude__c"" : false,
      ""NetSalesUnitPrice__c"" : 400000.0,
      ""DiscountRate__c"" : 0.0,
      ""Id"" : ""802JO000005474tYAA""
    } ],
    ""storeType"" : ""09"",
    ""storeTypeFour"" : ""NULL"",
    ""orderId"" : ""801JO00000IBeRKYA1"",
    ""InsertId__c"" : """",
    ""TransactionJournal"" : [ {
      ""OrderNo__c"" : null,
      ""CouponNo"" : """",
      ""TransactionAmount"" : 200000.0,
      ""DepositType__c"" : ""01"",
      ""PaymentMethod"" : ""03"",
      ""ActivityDate"" : ""20260510"",
      ""DeposiSeqNo__c"" : ""1"",
      ""DepositNo__c"" : ""DEP040005""
    } ],
    ""OrderItem"" : [ {
      ""DiscountRate__c"" : 0.0,
      ""NetSalesUnitPrice__c"" : 400000.0,
      ""isExclude"" : false,
      ""Quantity"" : 1,
      ""ProductCode"" : ""212500046"",
      ""Status__c"" : ""01"",
      ""OrderSeqNo__c"" : ""1""
    } ],
    ""PromotionNo__c"" : ""PRO202605041081"",
    ""Type"" : ""01"",
    ""OrderStatus__c"" : ""01"",
    ""ActualPaymentAmount__c"" : 400000,
    ""OrderNo__c"" : ""SOR04015"",
    ""MemberNo__c"" : ""TEST02009"",
    ""StoreCode__c"" : ""99998"",
    ""AccountId"" : ""GOLDENDEW""
  },
  ""code"" : 200
}"
a12JO000000McmdYAC,2026-05-10T11:11:26.000+0000,OrderTrigger,,,
a12JO000000McmeYAC,2026-05-10T11:11:27.000+0000,OrderTriggerHandler,,,
a12JO000000McmfYAC,2026-05-10T11:11:27.000+0000,OrderTrigger,,,
a12JO000000McmgYAC,2026-05-10T11:11:27.000+0000,GdOrderApiControllerV1,/gd/v1/order,"{
    ""AccountId"": ""1000"",
    ""StoreCode__c"": ""99997"",
    ""MemberNo__c"": ""TEST01005"",
    ""OrderNo__c"": ""SOR01V804"",
    ""ActualPaymentAmount__c"": 70000.0,
    ""OrderStatus__c"": ""01"",
    ""Type"": ""03"",
    ""PromotionNo__c"": ""PRO202604161041"",
    ""OrderItem"": [
        {
            ""OrderSeqNo__c"": ""1"",
            ""Status__c"": ""01"",
            ""ProductCode"": ""2A2600001"",
            ""Quantity"": 1,
            ""isExclude"": false,
            ""NetSalesUnitPrice__c"": 70000.0000,
            ""DiscountRate__c"": 0.0000
        }
    ],
    ""TransactionJournal"": [
        {
            ""DepositNo__c"": ""DEP01V814"",
            ""DeposiSeqNo__c"": ""1"",
            ""ActivityDate"": ""20260508"",
            ""PaymentMethod"": ""01"",
            ""DepositType__c"": ""01"",
            ""TransactionAmount"": 7000.0000,
            ""CouponNo"": """",
            ""OrderNo__c"": null
        },
        {
            ""DepositNo__c"": ""DEP01V814"",
            ""DeposiSeqNo__c"": ""2"",
            ""ActivityDate"": ""20260508"",
            ""PaymentMethod"": ""90"",
            ""DepositType__c"": ""01"",
            ""TransactionAmount"": 63000.0000,
            ""CouponNo"": ""COP2026MY0024;-;TE8MOI89"",
            ""OrderNo__c"": null
        }
    ]
}","{
  ""success"" : true,
  ""message"" : ""주문 등록 완료"",
  ""data"" : {
    ""DebitPointList"" : [ ],
    ""isGoldenBar"" : false,
    ""oiList"" : [ {
      ""attributes"" : {
        ""type"" : ""OrderItem"",
        ""url"" : ""/services/data/v67.0/sobjects/OrderItem/802JO0000054167YAA""
      },
      ""OrderId"" : ""801JO00000IBL3sYAH"",
      ""Status__c"" : ""01"",
      ""PricebookEntryId"" : ""01uJO000001R0w4YAC"",
      ""Quantity"" : 1,
      ""UnitPrice"" : 500000,
      ""OrderItemNo__c"" : ""801JO00000IBL3sYAH-1"",
      ""IsExclude__c"" : false,
      ""NetSalesUnitPrice__c"" : 70000.0000,
      ""DiscountRate__c"" : 0.0000,
      ""Id"" : ""802JO0000054167YAA""
    } ],
    ""storeType"" : ""20"",
    ""storeTypeFour"" : ""NULL"",
    ""orderId"" : ""801JO00000IBL3sYAH"",
    ""TransactionJournal"" : [ {
      ""OrderNo__c"" : null,
      ""CouponNo"" : """",
      ""TransactionAmount"" : 7000.0000,
      ""DepositType__c"" : ""01"",
      ""PaymentMethod"" : ""01"",
      ""ActivityDate"" : ""20260508"",
      ""DeposiSeqNo__c"" : ""1"",
      ""DepositNo__c"" : ""DEP01V814""
    }, {
      ""OrderNo__c"" : null,
      ""CouponNo"" : ""COP2026MY0024;-;TE8MOI89"",
      ""TransactionAmount"" : 63000.0000,
      ""DepositType__c"" : ""01"",
      ""PaymentMethod"" : ""90"",
      ""ActivityDate"" : ""20260508"",
      ""DeposiSeqNo__c"" : ""2"",
      ""DepositNo__c"" : ""DEP01V814""
    } ],
    ""OrderItem"" : [ {
      ""DiscountRate__c"" : 0.0000,
      ""NetSalesUnitPrice__c"" : 70000.0000,
      ""isExclude"" : false,
      ""Quantity"" : 1,
      ""ProductCode"" : ""2A2600001"",
      ""Status__c"" : ""01"",
      ""OrderSeqNo__c"" : ""1""
    } ],
    ""PromotionNo__c"" : ""PRO202604161041"",
    ""Type"" : ""03"",
    ""OrderStatus__c"" : ""01"",
    ""ActualPaymentAmount__c"" : 70000.0,
    ""OrderNo__c"" : ""SOR01V804"",
    ""MemberNo__c"" : ""TEST01005"",
    ""StoreCode__c"" : ""99997"",
    ""AccountId"" : ""1000""
  },
  ""code"" : 200
}"
a12JO000000MddqYAC,2026-05-10T11:11:43.000+0000,PromotionTriggerHandler,,,
a12JO000000MddrYAC,2026-05-10T11:11:43.000+0000,PromotionTrigger,,,
a12JO000000MfxNYAS,2026-05-10T11:12:12.000+0000,OrderTrigger,,,
a12JO000000MfxOYAS,2026-05-10T11:12:12.000+0000,OrderTriggerHandler,,,
a12JO000000MfxPYAS,2026-05-10T11:12:12.000+0000,OrderTrigger,,,
a12JO000000MfxQYAS,2026-05-10T11:12:12.000+0000,GdSaleApiControllerV1,/gd/v1/sale,"{
    ""AccountId"": ""1000"",
    ""StoreCode__c"": ""99997"",
    ""MemberNo__c"": ""TEST01005"",
    ""SaleNo__c"": ""SAL01V811"",
    ""ActualPaymentAmount__c"": 70000.0,
    ""EndDate"": ""20260508"",
    ""SaleStatus__c"": ""01"",
    ""PromotionNo__c"": ""PRO202604161041"",
    ""OrderItem"": [
        {
            ""SaleSeqNo__c"": ""1"",
            ""OrderNo__c"": ""SOR01V804"",
            ""ProductCode"": ""2A2600001"",
            ""Quantity"": 1,
            ""isExclude"": false,
            ""NetSalesUnitPrice__c"": 70000.0000,
            ""DiscountRate__c"": 0.0000
        }
    ],
    ""TransactionJournal"": [
        {
            ""DepositNo__c"": ""DEP01V814"",
            ""DeposiSeqNo__c"": ""1"",
            ""ActivityDate"": ""20260508"",
            ""PaymentMethod"": ""01"",
            ""DepositType__c"": ""01"",
            ""TransactionAmount"": 7000.0000,
            ""CouponNo"": """",
            ""OrderNo__c"": ""SOR01V804""
        },
        {
            ""DepositNo__c"": ""DEP01V814"",
            ""DeposiSeqNo__c"": ""2"",
            ""ActivityDate"": ""20260508"",
            ""PaymentMethod"": ""90"",
            ""DepositType__c"": ""01"",
            ""TransactionAmount"": 63000.0000,
            ""CouponNo"": ""COP2026MY0024;-;TE8MOI89"",
            ""OrderNo__c"": ""SOR01V804""
        }
    ]
}","{
  ""success"" : true,
  ""message"" : ""판매 등록 완료"",
  ""data"" : {
    ""oiList"" : [ {
      ""attributes"" : {
        ""type"" : ""OrderItem"",
        ""url"" : ""/services/data/v67.0/sobjects/OrderItem/802JO00000548fFYAQ""
      },
      ""OrderId"" : ""801JO00000IBgb4YAD"",
      ""PricebookEntryId"" : ""01uJO000001R0w4YAC"",
      ""Quantity"" : 1,
      ""UnitPrice"" : 500000,
      ""SaleSeqNo__c"" : ""1"",
      ""SaleItemNo__c"" : ""801JO00000IBgb4YAD-1"",
      ""IsExclude__c"" : false,
      ""NetSalesUnitPrice__c"" : 70000.0000,
      ""DiscountRate__c"" : 0.0000,
      ""OrderId__c"" : ""801JO00000IBL3sYAH"",
      ""Id"" : ""802JO00000548fFYAQ""
    } ],
    ""storeType"" : ""20"",
    ""storeTypeFour"" : ""NULL"",
    ""orderId"" : ""801JO00000IBgb4YAD"",
    ""TransactionJournal"" : [ {
      ""OrderNo__c"" : ""SOR01V804"",
      ""CouponNo"" : """",
      ""TransactionAmount"" : 7000.0000,
      ""DepositType__c"" : ""01"",
      ""PaymentMethod"" : ""01"",
      ""ActivityDate"" : ""20260508"",
      ""DeposiSeqNo__c"" : ""1"",
      ""DepositNo__c"" : ""DEP01V814""
    }, {
      ""OrderNo__c"" : ""SOR01V804"",
      ""CouponNo"" : ""COP2026MY0024;-;TE8MOI89"",
      ""TransactionAmount"" : 63000.0000,
      ""DepositType__c"" : ""01"",
      ""PaymentMethod"" : ""90"",
      ""ActivityDate"" : ""20260508"",
      ""DeposiSeqNo__c"" : ""2"",
      ""DepositNo__c"" : ""DEP01V814""
    } ],
    ""OrderItem"" : [ {
      ""DiscountRate__c"" : 0.0000,
      ""NetSalesUnitPrice__c"" : 70000.0000,
      ""isExclude"" : false,
      ""Quantity"" : 1,
      ""ProductCode"" : ""2A2600001"",
      ""OrderNo__c"" : ""SOR01V804"",
      ""SaleSeqNo__c"" : ""1""
    } ],
    ""PromotionNo__c"" : ""PRO202604161041"",
    ""SaleStatus__c"" : ""01"",
    ""EndDate"" : ""20260508"",
    ""ActualPaymentAmount__c"" : 70000.0,
    ""SaleNo__c"" : ""SAL01V811"",
    ""MemberNo__c"" : ""TEST01005"",
    ""StoreCode__c"" : ""99997"",
    ""AccountId"" : ""1000""
  },
  ""code"" : 200
}"
a12JO000000Mdp8YAC,2026-05-10T11:13:32.000+0000,OrderTrigger,,,
a12JO000000Mdp9YAC,2026-05-10T11:13:33.000+0000,OrderTriggerHandler,,,
a12JO000000MdpAYAS,2026-05-10T11:13:33.000+0000,OrderTrigger,,,
a12JO000000MdpBYAS,2026-05-10T11:13:33.000+0000,GdSaleApiControllerV1,/gd/v1/sale,"{
    ""AccountId"": ""GOLDENDEW"", 
    ""StoreCode__c"": ""99998"", 
    ""MemberNo__c"": ""TEST02009"", 
    ""SaleNo__c"": ""SAL04049"", 
    ""EndDate"": ""20260510"", 
    ""ActualPaymentAmount__c"": 400000.0, 
    ""SaleStatus__c"": ""01"", 
    ""PromotionNo__c"": ""PRO202605041081"", 
    ""OrderItem"": [ 
         {
            ""SaleSeqNo__c"": ""1"", 
            ""Status__c"": ""01"", 
            ""ProductCode"": ""212500046"", 
            ""Quantity"": 1, 
            ""isExclude"": false, 
            ""NetSalesUnitPrice__c"": 400000.0 
            
        }
        
        
        
        
        
        
        
        
        
        
        
        
        
        
        
        
        
        
        
    ],
    ""TransactionJournal"": [ 
           {
            ""DepositNo__c"": ""DEP040005"",
            ""DeposiSeqNo__c"": ""1"",
            ""ActivityDate"": ""20260510"",
            ""PaymentMethod"": ""03"",
            ""DepositType__c"": ""01"",
            ""TransactionAmount"": 200000.0,
            ""CouponNo"": """",
            ""OrderNo__c"": ""SOR04015""
        }
        ,
          {
            ""DepositNo__c"": ""DEP040006"",
            ""DeposiSeqNo__c"": ""2"",
            ""ActivityDate"": ""20260510"",
            ""PaymentMethod"": ""03"",
            ""DepositType__c"": ""02"",
            ""TransactionAmount"": 200000.0,
            ""CouponNo"": """",
            ""OrderNo__c"": """"
        }
        
        
        
        
        
        
        
        
        
        
        
        
        
        
        
        
        
        
        
        
        
        
        
        
        
        
        
        
        
        
        
        
        
        
        
        
        
        
        
        
        
        
        
        
    ],
    ""InsertId__c"": ""골든듀"" 
}","{
  ""success"" : true,
  ""message"" : ""판매 등록 완료"",
  ""data"" : {
    ""CreditPointList"" : [ {
      ""TX_REMARK"" : ""사은포인트|11cJO000001BAY9YAO|3.00"",
      ""PT_TARGET"" : 12000.0000,
      ""NO_SAL"" : null,
      ""NO_PROM_MBR"" : ""PRO202605041081"",
      ""NO_MBR"" : ""TEST02009"",
      ""NO_GRADE_ADVAN"" : ""03"",
      ""ID_INSERT"" : ""골든듀"",
      ""DTS_INSERT"" : ""2026-05-10 20:13:32"",
      ""DT_SAVE_PLAN"" : null,
      ""DT_LIMIT_START"" : ""2026-05-10 09:00:00"",
      ""DT_LIMIT_END"" : ""2028-05-10"",
      ""DT_DESTROY_PLAN"" : ""2028-05-11"",
      ""CD_TYPE_SAVE"" : ""Credit"",
      ""CD_TYPE_POINT"" : ""01"",
      ""CD_JOURNAL"" : ""05wJO0000004RBJYA2"",
      ""AM_SAL"" : 400000.0
    } ],
    ""oiList"" : [ {
      ""attributes"" : {
        ""type"" : ""OrderItem"",
        ""url"" : ""/services/data/v67.0/sobjects/OrderItem/802JO00000548grYAA""
      },
      ""OrderId"" : ""801JO00000IBeb4YAD"",
      ""PricebookEntryId"" : ""01uJO000001RBvIYAW"",
      ""Quantity"" : 1,
      ""UnitPrice"" : 400000,
      ""SaleSeqNo__c"" : ""1"",
      ""SaleItemNo__c"" : ""801JO00000IBeb4YAD-1"",
      ""IsExclude__c"" : false,
      ""NetSalesUnitPrice__c"" : 400000.0,
      ""DiscountRate__c"" : null,
      ""Id"" : ""802JO00000548grYAA""
    } ],
    ""storeType"" : ""09"",
    ""storeTypeFour"" : ""NULL"",
    ""orderId"" : ""801JO00000IBeb4YAD"",
    ""InsertId__c"" : ""골든듀"",
    ""TransactionJournal"" : [ {
      ""OrderNo__c"" : ""SOR04015"",
      ""CouponNo"" : """",
      ""TransactionAmount"" : 200000.0,
      ""DepositType__c"" : ""01"",
      ""PaymentMethod"" : ""03"",
      ""ActivityDate"" : ""20260510"",
      ""DeposiSeqNo__c"" : ""1"",
      ""DepositNo__c"" : ""DEP040005""
    }, {
      ""OrderNo__c"" : """",
      ""CouponNo"" : """",
      ""TransactionAmount"" : 200000.0,
      ""DepositType__c"" : ""02"",
      ""PaymentMethod"" : ""03"",
      ""ActivityDate"" : ""20260510"",
      ""DeposiSeqNo__c"" : ""2"",
      ""DepositNo__c"" : ""DEP040006""
    } ],
    ""OrderItem"" : [ {
      ""NetSalesUnitPrice__c"" : 400000.0,
      ""isExclude"" : false,
      ""Quantity"" : 1,
      ""ProductCode"" : ""212500046"",
      ""Status__c"" : ""01"",
      ""SaleSeqNo__c"" : ""1""
    } ],
    ""PromotionNo__c"" : ""PRO202605041081"",
    ""SaleStatus__c"" : ""01"",
    ""ActualPaymentAmount__c"" : 400000.0,
    ""EndDate"" : ""20260510"",
    ""SaleNo__c"" : ""SAL04049"",
    ""MemberNo__c"" : ""TEST02009"",
    ""StoreCode__c"" : ""99998"",
    ""AccountId"" : ""GOLDENDEW""
  },
  ""code"" : 200
}"
a12JO000000Mei5YAC,2026-05-10T11:15:36.000+0000,OrderTrigger,,,
a12JO000000Mei6YAC,2026-05-10T11:15:37.000+0000,OrderTriggerHandler,,,
a12JO000000Mei7YAC,2026-05-10T11:15:37.000+0000,OrderTrigger,,,
a12JO000000Mei8YAC,2026-05-10T11:15:37.000+0000,GdSaleApiControllerV1,/gd/v1/sale,"{
    ""AccountId"": ""1000"",
    ""StoreCode__c"": ""99998"",
    ""MemberNo__c"": ""TEST02008"",
    ""SaleNo__c"": ""SAL02V022"",
    ""ActualPaymentAmount__c"": 1000000.0,
    ""EndDate"": ""20260429"",
    ""SaleStatus__c"": ""01"",
    ""PromotionNo__c"": ""PRO202604161041"",
    ""OrderItem"": [
        {
            ""SaleSeqNo__c"": ""1"",
            ""OrderNo__c"": null,
            ""ProductCode"": ""2A2600001"",
            ""Quantity"": 2,
            ""isExclude"": false,
            ""NetSalesUnitPrice__c"": 500000.0000,
            ""DiscountRate__c"": 0.0000
        }
        
        
        
        
        
        
        
        
        
        
    ],
    ""TransactionJournal"": [
        
        
        
        
        
        
        
        
        
        
        
        {
            ""DepositNo__c"": ""DEP02V022"",
            ""DeposiSeqNo__c"": ""1"",
            ""ActivityDate"": ""20260429"",
            ""PaymentMethod"": ""01"",
            ""DepositType__c"": ""02"",
            ""TransactionAmount"": 1000000.0000,
            ""CouponNo"": """",
            ""OrderNo__c"": null
        }
        
        
        
        
        
        
        
        
        
        
        
        
        
        
        
        
        
        
        
        
        
        
    ]
}","{
  ""success"" : true,
  ""message"" : ""판매 등록 완료"",
  ""data"" : {
    ""CreditPointList"" : [ {
      ""TX_REMARK"" : ""OPTC_OLD_SALE|origin=구매포인트|originSubtypeId=11cJO000001BAZlYAO|rate=2.00|redirectTo=기타포인트"",
      ""PT_TARGET"" : 20000.0000,
      ""NO_SAL"" : null,
      ""NO_PROM_MBR"" : ""PRO202604161041"",
      ""NO_MBR"" : ""TEST02008"",
      ""NO_GRADE_ADVAN"" : ""03"",
      ""ID_INSERT"" : null,
      ""DTS_INSERT"" : ""2026-05-10 20:15:37"",
      ""DT_SAVE_PLAN"" : null,
      ""DT_LIMIT_START"" : ""2026-04-29 09:00:00"",
      ""DT_LIMIT_END"" : ""2028-04-29"",
      ""DT_DESTROY_PLAN"" : ""2028-04-30"",
      ""CD_TYPE_SAVE"" : ""Credit"",
      ""CD_TYPE_POINT"" : ""04"",
      ""CD_JOURNAL"" : ""05wJO0000004RCvYAM"",
      ""AM_SAL"" : 1000000.0
    } ],
    ""oiList"" : [ {
      ""attributes"" : {
        ""type"" : ""OrderItem"",
        ""url"" : ""/services/data/v67.0/sobjects/OrderItem/802JO000005469KYAQ""
      },
      ""OrderId"" : ""801JO00000IBefrYAD"",
      ""PricebookEntryId"" : ""01uJO000001R0w4YAC"",
      ""Quantity"" : 2,
      ""UnitPrice"" : 500000,
      ""SaleSeqNo__c"" : ""1"",
      ""SaleItemNo__c"" : ""801JO00000IBefrYAD-1"",
      ""IsExclude__c"" : false,
      ""NetSalesUnitPrice__c"" : 500000.0000,
      ""DiscountRate__c"" : 0.0000,
      ""Id"" : ""802JO000005469KYAQ""
    } ],
    ""storeType"" : ""09"",
    ""storeTypeFour"" : ""NULL"",
    ""orderId"" : ""801JO00000IBefrYAD"",
    ""TransactionJournal"" : [ {
      ""OrderNo__c"" : null,
      ""CouponNo"" : """",
      ""TransactionAmount"" : 1000000.0000,
      ""DepositType__c"" : ""02"",
      ""PaymentMethod"" : ""01"",
      ""ActivityDate"" : ""20260429"",
      ""DeposiSeqNo__c"" : ""1"",
      ""DepositNo__c"" : ""DEP02V022""
    } ],
    ""OrderItem"" : [ {
      ""DiscountRate__c"" : 0.0000,
      ""NetSalesUnitPrice__c"" : 500000.0000,
      ""isExclude"" : false,
      ""Quantity"" : 2,
      ""ProductCode"" : ""2A2600001"",
      ""OrderNo__c"" : null,
      ""SaleSeqNo__c"" : ""1""
    } ],
    ""PromotionNo__c"" : ""PRO202604161041"",
    ""SaleStatus__c"" : ""01"",
    ""EndDate"" : ""20260429"",
    ""ActualPaymentAmount__c"" : 1000000.0,
    ""SaleNo__c"" : ""SAL02V022"",
    ""MemberNo__c"" : ""TEST02008"",
    ""StoreCode__c"" : ""99998"",
    ""AccountId"" : ""1000""
  },
  ""code"" : 200
}"
a12JO000000MfXcYAK,2026-05-10T11:19:25.000+0000,GdSaleApiControllerV1,/gd/v1/sale,"{
    ""AccountId"": ""1000"",
    ""StoreCode__c"": ""99998"",
    ""MemberNo__c"": ""TEST02008"",
    ""SaleNo__c"": ""SAL02V023"",
    ""ActualPaymentAmount__c"": 1000000.0,
    ""EndDate"": ""20260504"",
    ""SaleStatus__c"": ""01"",
    ""PromotionNo__c"": ""PRO202604161041"",
    ""OrderItem"": [
        {
            ""SaleSeqNo__c"": ""1"",
            ""OrderNo__c"": null,
            ""ProductCode"": ""2A2600001"",
            ""Quantity"": 2,
            ""isExclude"": false,
            ""NetSalesUnitPrice__c"": 500000.0000,
            ""DiscountRate__c"": 0.0000
        }
        
        
        
        
        
        
        
        
        
        
    ],
    ""TransactionJournal"": [
        
        
        
        
        
        
        
        
        
        
        
        {
            ""DepositNo__c"": ""DEP02V022"",
            ""DeposiSeqNo__c"": ""1"",
            ""ActivityDate"": ""20260504"",
            ""PaymentMethod"": ""01"",
            ""DepositType__c"": ""02"",
            ""TransactionAmount"": 1000000.0000,
            ""CouponNo"": """",
            ""OrderNo__c"": null
        }
        
        
        
        
        
        
        
        
        
        
        
        
        
        
        
        
        
        
        
        
        
        
    ]
}","{
  ""success"" : false,
  ""message"" : ""Insert failed. First exception on row 0; first error: DUPLICATE_VALUE, 중복 값 발견: DepositNo__c이(가) ID가 다음과 같은 레코드의 값과 중복됩니다. 0lVJO000000CHd22AG: []"",
  ""code"" : 500
}"
a12JO000000MfyzYAC,2026-05-10T11:19:38.000+0000,OrderTrigger,,,
a12JO000000Mfz0YAC,2026-05-10T11:19:39.000+0000,OrderTriggerHandler,,,
a12JO000000Mfz1YAC,2026-05-10T11:19:39.000+0000,OrderTrigger,,,
a12JO000000Mfz2YAC,2026-05-10T11:19:39.000+0000,GdSaleApiControllerV1,/gd/v1/sale,"{
    ""AccountId"": ""1000"",
    ""StoreCode__c"": ""99998"",
    ""MemberNo__c"": ""TEST02008"",
    ""SaleNo__c"": ""SAL02V023"",
    ""ActualPaymentAmount__c"": 1000000.0,
    ""EndDate"": ""20260504"",
    ""SaleStatus__c"": ""01"",
    ""PromotionNo__c"": ""PRO202604161041"",
    ""OrderItem"": [
        {
            ""SaleSeqNo__c"": ""1"",
            ""OrderNo__c"": null,
            ""ProductCode"": ""2A2600001"",
            ""Quantity"": 2,
            ""isExclude"": false,
            ""NetSalesUnitPrice__c"": 500000.0000,
            ""DiscountRate__c"": 0.0000
        }
        
        
        
        
        
        
        
        
        
        
    ],
    ""TransactionJournal"": [
        
        
        
        
        
        
        
        
        
        
        
        {
            ""DepositNo__c"": ""DEP02V023"",
            ""DeposiSeqNo__c"": ""1"",
            ""ActivityDate"": ""20260504"",
            ""PaymentMethod"": ""01"",
            ""DepositType__c"": ""02"",
            ""TransactionAmount"": 1000000.0000,
            ""CouponNo"": """",
            ""OrderNo__c"": null
        }
        
        
        
        
        
        
        
        
        
        
        
        
        
        
        
        
        
        
        
        
        
        
    ]
}","{
  ""success"" : true,
  ""message"" : ""판매 등록 완료"",
  ""data"" : {
    ""CreditPointList"" : [ {
      ""TX_REMARK"" : ""구매포인트|11cJO000001BAZlYAO|2.00"",
      ""PT_TARGET"" : 20000.0000,
      ""NO_SAL"" : null,
      ""NO_PROM_MBR"" : ""PRO202604161041"",
      ""NO_MBR"" : ""TEST02008"",
      ""NO_GRADE_ADVAN"" : ""03"",
      ""ID_INSERT"" : null,
      ""DTS_INSERT"" : ""2026-05-10 20:19:39"",
      ""DT_SAVE_PLAN"" : null,
      ""DT_LIMIT_START"" : ""2026-05-04 09:00:00"",
      ""DT_LIMIT_END"" : ""2028-05-04"",
      ""DT_DESTROY_PLAN"" : ""2028-05-05"",
      ""CD_TYPE_SAVE"" : ""Credit"",
      ""CD_TYPE_POINT"" : ""01"",
      ""CD_JOURNAL"" : ""05wJO0000004REXYA2"",
      ""AM_SAL"" : 1000000.0
    }, {
      ""TX_REMARK"" : ""사은포인트|11cJO000001BAY9YAO|3.00"",
      ""PT_TARGET"" : 30000.0000,
      ""NO_SAL"" : null,
      ""NO_PROM_MBR"" : ""PRO202604161041"",
      ""NO_MBR"" : ""TEST02008"",
      ""NO_GRADE_ADVAN"" : ""03"",
      ""ID_INSERT"" : null,
      ""DTS_INSERT"" : ""2026-05-10 20:19:39"",
      ""DT_SAVE_PLAN"" : null,
      ""DT_LIMIT_START"" : ""2026-05-04 09:00:00"",
      ""DT_LIMIT_END"" : ""2028-05-04"",
      ""DT_DESTROY_PLAN"" : ""2028-05-05"",
      ""CD_TYPE_SAVE"" : ""Credit"",
      ""CD_TYPE_POINT"" : ""01"",
      ""CD_JOURNAL"" : ""05wJO0000004REYYA2"",
      ""AM_SAL"" : 1000000.0
    } ],
    ""oiList"" : [ {
      ""attributes"" : {
        ""type"" : ""OrderItem"",
        ""url"" : ""/services/data/v67.0/sobjects/OrderItem/802JO000005422OYAQ""
      },
      ""OrderId"" : ""801JO00000IBaPVYA1"",
      ""PricebookEntryId"" : ""01uJO000001R0w4YAC"",
      ""Quantity"" : 2,
      ""UnitPrice"" : 500000,
      ""SaleSeqNo__c"" : ""1"",
      ""SaleItemNo__c"" : ""801JO00000IBaPVYA1-1"",
      ""IsExclude__c"" : false,
      ""NetSalesUnitPrice__c"" : 500000.0000,
      ""DiscountRate__c"" : 0.0000,
      ""Id"" : ""802JO000005422OYAQ""
    } ],
    ""storeType"" : ""09"",
    ""storeTypeFour"" : ""NULL"",
    ""orderId"" : ""801JO00000IBaPVYA1"",
    ""TransactionJournal"" : [ {
      ""OrderNo__c"" : null,
      ""CouponNo"" : """",
      ""TransactionAmount"" : 1000000.0000,
      ""DepositType__c"" : ""02"",
      ""PaymentMethod"" : ""01"",
      ""ActivityDate"" : ""20260504"",
      ""DeposiSeqNo__c"" : ""1"",
      ""DepositNo__c"" : ""DEP02V023""
    } ],
    ""OrderItem"" : [ {
      ""DiscountRate__c"" : 0.0000,
      ""NetSalesUnitPrice__c"" : 500000.0000,
      ""isExclude"" : false,
      ""Quantity"" : 2,
      ""ProductCode"" : ""2A2600001"",
      ""OrderNo__c"" : null,
      ""SaleSeqNo__c"" : ""1""
    } ],
    ""PromotionNo__c"" : ""PRO202604161041"",
    ""SaleStatus__c"" : ""01"",
    ""EndDate"" : ""20260504"",
    ""ActualPaymentAmount__c"" : 1000000.0,
    ""SaleNo__c"" : ""SAL02V023"",
    ""MemberNo__c"" : ""TEST02008"",
    ""StoreCode__c"" : ""99998"",
    ""AccountId"" : ""1000""
  },
  ""code"" : 200
}"
a12JO000000Mg0bYAC,2026-05-10T11:19:49.000+0000,OrderTrigger,,,
a12JO000000Mg0cYAC,2026-05-10T11:19:49.000+0000,OrderTriggerHandler,,,
a12JO000000Mg0dYAC,2026-05-10T11:19:49.000+0000,OrderTrigger,,,
a12JO000000Mg0eYAC,2026-05-10T11:19:49.000+0000,GdReturnApiControllerV1,/gd/v1/return,"{
    ""SaleNo__c"": ""SAL01V812"", 
    ""OriginalOrderId"": ""SAL01V811"", 
    ""ActualPaymentAmount__c"": 70000, 
    ""OrderItem"": [ 
        {
            ""SaleSeqNo__c"": ""1"", 
            ""ProductCode"": ""2A2600001"", 
            ""Quantity"": -1, 
            ""isExclude"": false, 
            ""NetSalesUnitPrice__c"": 70000.0, 
            ""DiscountRate__c"": 0 
        }
    ],
    ""TransactionJournal"": [ 
        {
            ""DepositNo__c"": ""DEP01V816"", 
            ""DeposiSeqNo__c"": ""1"", 
            ""ActivityDate"": ""20260508"", 
            ""PaymentMethod"": ""01"", 
            ""DepositType__c"": ""03"", 
            ""TransactionAmount"": 7000, 
            ""CouponNo"": """" 
        },
        {
            ""DepositNo__c"": ""DEP01V816"", 
            ""DeposiSeqNo__c"": ""2"", 
            ""ActivityDate"": ""20260508"", 
            ""PaymentMethod"": ""90"", 
            ""DepositType__c"": ""03"", 
            ""TransactionAmount"": 63000, 
            ""CouponNo"": ""COP2026MY0024;-;TE8MOI89"" 
        }
    ],
    ""InsertId__c"": ""골든듀"" 
}","{
  ""success"" : true,
  ""message"" : ""반품 등록 완료"",
  ""data"" : {
    ""CancelPointsCreditedList"" : null,
    ""originalOrderId"" : ""801JO00000IBgb4YAD"",
    ""orderId"" : ""801JO00000IBgsnYAD"",
    ""InsertId__c"" : ""골든듀"",
    ""TransactionJournal"" : [ {
      ""CouponNo"" : """",
      ""TransactionAmount"" : 7000,
      ""DepositType__c"" : ""03"",
      ""PaymentMethod"" : ""01"",
      ""ActivityDate"" : ""20260508"",
      ""DeposiSeqNo__c"" : ""1"",
      ""DepositNo__c"" : ""DEP01V816""
    }, {
      ""CouponNo"" : ""COP2026MY0024;-;TE8MOI89"",
      ""TransactionAmount"" : 63000,
      ""DepositType__c"" : ""03"",
      ""PaymentMethod"" : ""90"",
      ""ActivityDate"" : ""20260508"",
      ""DeposiSeqNo__c"" : ""2"",
      ""DepositNo__c"" : ""DEP01V816""
    } ],
    ""OrderItem"" : [ {
      ""DiscountRate__c"" : 0,
      ""NetSalesUnitPrice__c"" : 70000.0,
      ""isExclude"" : false,
      ""Quantity"" : -1,
      ""ProductCode"" : ""2A2600001"",
      ""SaleSeqNo__c"" : ""1""
    } ],
    ""ActualPaymentAmount__c"" : 70000,
    ""OriginalOrderId"" : ""SAL01V811"",
    ""SaleNo__c"" : ""SAL01V812""
  },
  ""code"" : 200
}"
a12JO000000Mei9YAC,2026-05-10T11:20:03.000+0000,GdSaleDepositApiControllerV1,"{""DeposiSeqNo__c"":""1"",""DepositNo__c"":""DEP040005""}",,"{
  ""success"" : true,
  ""message"" : ""판매 입금 삭제 삭제 완료"",
  ""data"" : {
    ""CancelCoupon"" : null,
    ""CancelPointsCreditedList"" : [ {
      ""PT_USE"" : 6000.0000,
      ""NO_SAL_RTN"" : null,
      ""NO_SAL"" : ""SOR04015"",
      ""NO_MBR"" : ""TEST02009"",
      ""ID_INSERT"" : null,
      ""DTS_INSERT"" : ""2026-05-10 20:20:03"",
      ""CD_TYPE_POINT"" : ""06"",
      ""CD_RESON"" : null,
      ""CD_LEDGER"" : ""05wJO0000004RCwYAM"",
      ""CD_JOURNAL"" : ""05wJO0000004RBJYA2"",
      ""AM_SAL"" : null
    } ],
    ""CancelPointList"" : null
  },
  ""code"" : 200
}"
a12JO000000MfhJYAS,2026-05-10T11:20:11.000+0000,GdSaleDepositApiControllerV1,"{""DeposiSeqNo__c"":""2"",""DepositNo__c"":""DEP040006""}",,"{
  ""success"" : true,
  ""message"" : ""판매 입금 삭제 삭제 완료"",
  ""data"" : {
    ""CancelCoupon"" : null,
    ""CancelPointsCreditedList"" : [ {
      ""PT_USE"" : 6000.0000,
      ""NO_SAL_RTN"" : null,
      ""NO_SAL"" : ""SAL04049"",
      ""NO_MBR"" : ""TEST02009"",
      ""ID_INSERT"" : null,
      ""DTS_INSERT"" : ""2026-05-10 20:20:11"",
      ""CD_TYPE_POINT"" : ""06"",
      ""CD_RESON"" : null,
      ""CD_LEDGER"" : ""05wJO0000004RG9YAM"",
      ""CD_JOURNAL"" : ""05wJO0000004RBJYA2"",
      ""AM_SAL"" : null
    } ],
    ""CancelPointList"" : null
  },
  ""code"" : 200
}"
a12JO000000MeYJYA0,2026-05-10T11:20:26.000+0000,OrderTrigger,,,
a12JO000000MeYKYA0,2026-05-10T11:20:26.000+0000,OrderTriggerHandler,,,
a12JO000000MeYLYA0,2026-05-10T11:20:26.000+0000,OrderTrigger,,,
a12JO000000MeYMYA0,2026-05-10T11:20:26.000+0000,GdSaleApiControllerV1,"{""SaleNo__c"":""SAL04049""}",,"{
  ""success"" : true,
  ""message"" : ""판매 전체 삭제 완료"",
  ""data"" : { },
  ""code"" : 200
}"
a12JO000000Mg2DYAS,2026-05-10T11:21:48.000+0000,GdPointCreditApiControllerV1,/gd/v1/point/credit,"{
    ""MemberNo__c"": ""TEST02008"",
    ""PointsList"": [
        {
            ""point"": 6000.0,
            ""cd_type_point"": ""04""
        }
    ],
    ""SaleNo__c"": """",
    ""EndDate"": """"
}","{
  ""success"" : true,
  ""message"" : ""포인트 지급 성공"",
  ""data"" : {
    ""PointCreditList"" : [ {
      ""TX_REMARK"" : null,
      ""PT_TARGET"" : 6000.0000,
      ""NO_SAL"" : null,
      ""NO_PROM_MBR"" : null,
      ""NO_MBR"" : ""TEST02008"",
      ""NO_GRADE_ADVAN"" : null,
      ""ID_INSERT"" : null,
      ""DTS_INSERT"" : ""2026-05-10 20:21:48"",
      ""DT_SAVE_PLAN"" : null,
      ""DT_LIMIT_START"" : ""2026-05-10 20:21:48"",
      ""DT_LIMIT_END"" : ""2028-05-10"",
      ""DT_DESTROY_PLAN"" : ""2028-05-11"",
      ""CD_TYPE_SAVE"" : ""Credit"",
      ""CD_TYPE_POINT"" : ""01"",
      ""CD_JOURNAL"" : ""05wJO0000004RHlYAM"",
      ""AM_SAL"" : null
    } ]
  },
  ""code"" : 200
}"
a12JO000000MfpNYAS,2026-05-10T11:22:26.000+0000,ErpAsyncJob,callout:GoldenDewApiNC/Crm/PointSave,"{""ym_create"":""197108"",""tx_remark"":"""",""pt_use_sale"":null,""pt_target"":10000,""pt_save_plan"":null,""pt_save"":10000,""no_sal"":null,""no_mbr"":""TEST02008"",""id_insert"":""milvus"",""dt_save_plan"":null,""dt_save"":""20260510"",""dt_limit_start"":""20260510"",""dt_limit_end"":""20280509"",""dt_destroy_plan"":""20280510"",""dt_destroy_del_sale"":null,""dt_create"":""20260510"",""cd_type_save"":""04"",""cd_type_point"":""04"",""cd_save_ledger"":""05wJO0000004RJNYA2"",""cd_company"":""1000"",""am_sal"":null}",
a12JO000000MdCQYA0,2026-05-10T11:22:49.000+0000,ErpAsyncJob,callout:GoldenDewApiNC/Crm/Promotion,"{""yn_use_specific_coupon"":""N"",""yn_use_rate_coupon"":""N"",""yn_use_point"":""Y"",""yn_use_fixed_coupon"":""N"",""yn_use_coupon"":""Y"",""yn_spec_store"":""N"",""yn_spec_item"":""N"",""yn_pur_point"":""N"",""yn_gift_point"":""Y"",""yn_event_point"":""Y"",""yn_all_store"":""N"",""yn_all_item"":""Y"",""yn_all_coupon"":""N"",""no_prom"":""PRO202605041081"",""nm_type_prom"":""할인"",""nm_stat"":""진행"",""nm_prom"":""[TEST] 통합시나리오V5_비활성화"",""nm_brand"":""골든듀"",""id_update"":""milvus"",""id_insert"":""milvus"",""dt_start"":""20260504"",""dt_event_start"":""20260504"",""dt_event_end"":""20260531"",""dt_end"":""20260507"",""cd_type_prom"":""01"",""cd_stat"":""02"",""cd_brand"":""01""}",
a12JO000000Mg3pYAC,2026-05-10T11:22:49.000+0000,PromotionTriggerHandler,,"{""yn_use_specific_coupon"":""N"",""yn_use_rate_coupon"":""N"",""yn_use_point"":""Y"",""yn_use_fixed_coupon"":""N"",""yn_use_coupon"":""Y"",""yn_spec_store"":""N"",""yn_spec_item"":""N"",""yn_pur_point"":""N"",""yn_gift_point"":""Y"",""yn_event_point"":""Y"",""yn_all_store"":""N"",""yn_all_item"":""Y"",""yn_all_coupon"":""N"",""no_prom"":""PRO202605041081"",""nm_type_prom"":""할인"",""nm_stat"":""진행"",""nm_prom"":""[TEST] 통합시나리오V5_비활성화"",""nm_brand"":""골든듀"",""id_update"":""milvus"",""id_insert"":""milvus"",""dt_start"":""20260504"",""dt_event_start"":""20260504"",""dt_event_end"":""20260531"",""dt_end"":""20260507"",""cd_type_prom"":""01"",""cd_stat"":""02"",""cd_brand"":""01""}",
a12JO000000Mg3qYAC,2026-05-10T11:22:49.000+0000,PromotionTrigger,,,
a12JO000000Mg5RYAS,2026-05-10T11:22:54.000+0000,PromotionTriggerHandler,,,
a12JO000000Mg5SYAS,2026-05-10T11:22:54.000+0000,PromotionTrigger,,,
a12JO000000Mg73YAC,2026-05-10T11:23:21.000+0000,OrderTrigger,,,
a12JO000000Mg74YAC,2026-05-10T11:23:22.000+0000,OrderTriggerHandler,,,
a12JO000000Mg75YAC,2026-05-10T11:23:22.000+0000,OrderTrigger,,,
a12JO000000Mg76YAC,2026-05-10T11:23:22.000+0000,GdSaleApiControllerV1,/gd/v1/sale,"{
    ""AccountId"": ""GOLDENDEW"", 
    ""StoreCode__c"": ""99998"", 
    ""MemberNo__c"": ""TEST02009"", 
    ""SaleNo__c"": ""SAL04050"", 
    ""EndDate"": ""20260510"", 
    ""ActualPaymentAmount__c"": 400000.0, 
    ""SaleStatus__c"": ""01"", 
    ""PromotionNo__c"": ""PRO202605041081"", 
    ""OrderItem"": [ 
         {
            ""SaleSeqNo__c"": ""1"", 
            ""Status__c"": ""01"", 
            ""ProductCode"": ""212500046"", 
            ""Quantity"": 1, 
            ""isExclude"": false, 
            ""NetSalesUnitPrice__c"": 400000.0 
            
        }
        
        
        
        
        
        
        
        
        
        
        
        
        
        
        
        
        
        
        
    ],
    ""TransactionJournal"": [ 
           {
            ""DepositNo__c"": ""DEP040005"",
            ""DeposiSeqNo__c"": ""1"",
            ""ActivityDate"": ""20260510"",
            ""PaymentMethod"": ""03"",
            ""DepositType__c"": ""01"",
            ""TransactionAmount"": 200000.0,
            ""CouponNo"": """",
            ""OrderNo__c"": ""SOR04015""
        }
        ,
          {
            ""DepositNo__c"": ""DEP040007"",
            ""DeposiSeqNo__c"": ""2"",
            ""ActivityDate"": ""20260510"",
            ""PaymentMethod"": ""03"",
            ""DepositType__c"": ""02"",
            ""TransactionAmount"": 200000.0,
            ""CouponNo"": """",
            ""OrderNo__c"": """"
        }
        
        
        
        
        
        
        
        
        
        
        
        
        
        
        
        
        
        
        
        
        
        
        
        
        
        
        
        
        
        
        
        
        
        
        
        
        
        
        
        
        
        
        
        
    ],
    ""InsertId__c"": ""골든듀"" 
}","{
  ""success"" : true,
  ""message"" : ""판매 등록 완료"",
  ""data"" : {
    ""CreditPointList"" : [ {
      ""TX_REMARK"" : ""사은포인트|11cJO000001BAY9YAO|3.00"",
      ""PT_TARGET"" : 12000.0000,
      ""NO_SAL"" : null,
      ""NO_PROM_MBR"" : ""PRO202605041081"",
      ""NO_MBR"" : ""TEST02009"",
      ""NO_GRADE_ADVAN"" : ""03"",
      ""ID_INSERT"" : ""골든듀"",
      ""DTS_INSERT"" : ""2026-05-10 20:23:22"",
      ""DT_SAVE_PLAN"" : null,
      ""DT_LIMIT_START"" : ""2026-05-10 09:00:00"",
      ""DT_LIMIT_END"" : ""2028-05-10"",
      ""DT_DESTROY_PLAN"" : ""2028-05-11"",
      ""CD_TYPE_SAVE"" : ""Credit"",
      ""CD_TYPE_POINT"" : ""01"",
      ""CD_JOURNAL"" : ""05wJO0000004RKzYAM"",
      ""AM_SAL"" : 400000.0
    } ],
    ""oiList"" : [ {
      ""attributes"" : {
        ""type"" : ""OrderItem"",
        ""url"" : ""/services/data/v67.0/sobjects/OrderItem/802JO00000548CFYAY""
      },
      ""OrderId"" : ""801JO00000IBgCzYAL"",
      ""PricebookEntryId"" : ""01uJO000001RBvIYAW"",
      ""Quantity"" : 1,
      ""UnitPrice"" : 400000,
      ""SaleSeqNo__c"" : ""1"",
      ""SaleItemNo__c"" : ""801JO00000IBgCzYAL-1"",
      ""IsExclude__c"" : false,
      ""NetSalesUnitPrice__c"" : 400000.0,
      ""DiscountRate__c"" : null,
      ""Id"" : ""802JO00000548CFYAY""
    } ],
    ""storeType"" : ""09"",
    ""storeTypeFour"" : ""NULL"",
    ""orderId"" : ""801JO00000IBgCzYAL"",
    ""InsertId__c"" : ""골든듀"",
    ""TransactionJournal"" : [ {
      ""OrderNo__c"" : ""SOR04015"",
      ""CouponNo"" : """",
      ""TransactionAmount"" : 200000.0,
      ""DepositType__c"" : ""01"",
      ""PaymentMethod"" : ""03"",
      ""ActivityDate"" : ""20260510"",
      ""DeposiSeqNo__c"" : ""1"",
      ""DepositNo__c"" : ""DEP040005""
    }, {
      ""OrderNo__c"" : """",
      ""CouponNo"" : """",
      ""TransactionAmount"" : 200000.0,
      ""DepositType__c"" : ""02"",
      ""PaymentMethod"" : ""03"",
      ""ActivityDate"" : ""20260510"",
      ""DeposiSeqNo__c"" : ""2"",
      ""DepositNo__c"" : ""DEP040007""
    } ],
    ""OrderItem"" : [ {
      ""NetSalesUnitPrice__c"" : 400000.0,
      ""isExclude"" : false,
      ""Quantity"" : 1,
      ""ProductCode"" : ""212500046"",
      ""Status__c"" : ""01"",
      ""SaleSeqNo__c"" : ""1""
    } ],
    ""PromotionNo__c"" : ""PRO202605041081"",
    ""SaleStatus__c"" : ""01"",
    ""ActualPaymentAmount__c"" : 400000.0,
    ""EndDate"" : ""20260510"",
    ""SaleNo__c"" : ""SAL04050"",
    ""MemberNo__c"" : ""TEST02009"",
    ""StoreCode__c"" : ""99998"",
    ""AccountId"" : ""GOLDENDEW""
  },
  ""code"" : 200
}"
a12JO000000McwJYAS,2026-05-10T11:24:14.000+0000,OrderTrigger,,,
a12JO000000McwKYAS,2026-05-10T11:24:15.000+0000,OrderTriggerHandler,,,
a12JO000000McwLYAS,2026-05-10T11:24:15.000+0000,OrderTrigger,,,
a12JO000000McwMYAS,2026-05-10T11:24:15.000+0000,GdSaleApiControllerV1,/gd/v1/sale,"{
    ""AccountId"": ""GOLDENDEW"", 
    ""StoreCode__c"": ""AB005"", 
    ""MemberNo__c"": ""CAR20260507050"", 
    ""SaleNo__c"": ""caSAL_0508_042"", 
    ""EndDate"": ""20260510"", 
    ""ActualPaymentAmount__c"": 1000000.0, 
    ""SaleStatus__c"": ""01"", 
    ""PromotionNo__c"": """", 
    ""OrderItem"": [ 
        {
            ""SaleSeqNo__c"": ""1"", 
            ""ProductCode"": ""TEST-001"", 
            
            ""Quantity"": 2, 
            ""isExclude"": false, 
            ""NetSalesUnitPrice__c"": 500000.0 
            
        }
    ],
    ""TransactionJournal"": [ 
        {
            ""DepositNo__c"": ""csDEP20260509042"",
            ""DeposiSeqNo__c"": ""1"",
            ""ActivityDate"": ""20260510"",
            ""PaymentMethod"": ""81"",
            ""DepositType__c"": ""01"",
            ""TransactionAmount"": 100.0,
            ""CouponNo"": """",
            ""OrderNo__c"": """"
        }
    ],
    ""InsertId__c"": ""골든듀"" 
}","{
  ""success"" : true,
  ""message"" : ""판매 등록 완료"",
  ""data"" : {
    ""DebitPointList"" : [ {
      ""PT_USE"" : 100.0000,
      ""NO_SAL_RTN"" : null,
      ""NO_SAL"" : ""caSAL_0508_042"",
      ""NO_MBR"" : ""CAR20260507050"",
      ""ID_INSERT"" : ""골든듀"",
      ""DTS_INSERT"" : ""2026-05-10 20:24:14"",
      ""CD_TYPE_POINT"" : ""06"",
      ""CD_RESON"" : ""1"",
      ""CD_LEDGER"" : ""05wJO0000004RMbYAM"",
      ""CD_JOURNAL"" : ""05wJO0000004PfmYAE"",
      ""AM_SAL"" : 1000000.0
    } ],
    ""oiList"" : [ {
      ""attributes"" : {
        ""type"" : ""OrderItem"",
        ""url"" : ""/services/data/v67.0/sobjects/OrderItem/802JO00000543uJYAQ""
      },
      ""OrderId"" : ""801JO00000IBaNtYAL"",
      ""PricebookEntryId"" : ""01uJO0000011vRvYAI"",
      ""Quantity"" : 2,
      ""UnitPrice"" : 1000,
      ""SaleSeqNo__c"" : ""1"",
      ""SaleItemNo__c"" : ""801JO00000IBaNtYAL-1"",
      ""IsExclude__c"" : false,
      ""NetSalesUnitPrice__c"" : 500000.0,
      ""DiscountRate__c"" : null,
      ""Id"" : ""802JO00000543uJYAQ""
    } ],
    ""storeType"" : ""02"",
    ""storeTypeFour"" : ""01"",
    ""orderId"" : ""801JO00000IBaNtYAL"",
    ""InsertId__c"" : ""골든듀"",
    ""TransactionJournal"" : [ {
      ""OrderNo__c"" : """",
      ""CouponNo"" : """",
      ""TransactionAmount"" : 100.0,
      ""DepositType__c"" : ""01"",
      ""PaymentMethod"" : ""81"",
      ""ActivityDate"" : ""20260510"",
      ""DeposiSeqNo__c"" : ""1"",
      ""DepositNo__c"" : ""csDEP20260509042""
    } ],
    ""OrderItem"" : [ {
      ""NetSalesUnitPrice__c"" : 500000.0,
      ""isExclude"" : false,
      ""Quantity"" : 2,
      ""ProductCode"" : ""TEST-001"",
      ""SaleSeqNo__c"" : ""1""
    } ],
    ""PromotionNo__c"" : """",
    ""SaleStatus__c"" : ""01"",
    ""ActualPaymentAmount__c"" : 1000000.0,
    ""EndDate"" : ""20260510"",
    ""SaleNo__c"" : ""caSAL_0508_042"",
    ""MemberNo__c"" : ""CAR20260507050"",
    ""StoreCode__c"" : ""AB005"",
    ""AccountId"" : ""GOLDENDEW""
  },
  ""code"" : 200
}"
a12JO000000Mg8fYAC,2026-05-10T11:26:32.000+0000,ErpAsyncJob,callout:GoldenDewApiNC/Crm/PointSave,"{""ym_create"":""197711"",""tx_remark"":"""",""pt_use_sale"":null,""pt_target"":9520,""pt_save_plan"":null,""pt_save"":9520,""no_sal"":null,""no_mbr"":""TEST02009"",""id_insert"":""milvus"",""dt_save_plan"":null,""dt_save"":""20260510"",""dt_limit_start"":""20260510"",""dt_limit_end"":""20280509"",""dt_destroy_plan"":""20280510"",""dt_destroy_del_sale"":null,""dt_create"":""20260510"",""cd_type_save"":""07"",""cd_type_point"":""07"",""cd_save_ledger"":""05wJO0000004RODYA2"",""cd_company"":""1000"",""am_sal"":null}",
a12JO000000MgAHYA0,2026-05-10T11:27:24.000+0000,ErpAsyncJob,callout:GoldenDewApiNC/Crm/CouponDetail,"{""couponDetailModels"":[{""no_mbr"":""TEST01005"",""no_man_coupon_mil"":""00218252"",""no_man_coupon"":""COP2026MY0019"",""id_insert"":""milvus""}]}","{""code"":0,""success"":false,""message"":""SQL - 회원이 존재하지 않습니다."",""data"":null}"
a12JO000000MgBtYAK,2026-05-10T11:28:15.000+0000,OrderTrigger,,,
a12JO000000MgBuYAK,2026-05-10T11:28:15.000+0000,OrderTriggerHandler,,,
a12JO000000MgBvYAK,2026-05-10T11:28:15.000+0000,OrderTrigger,,,
a12JO000000MgBwYAK,2026-05-10T11:28:15.000+0000,GdOrderApiControllerV1,/gd/v1/order,"{
    ""AccountId"": ""1000"",
    ""StoreCode__c"": ""99998"",
    ""MemberNo__c"": ""TEST01005"",
    ""OrderNo__c"": ""SOR01V005"",
    ""ActualPaymentAmount__c"": 1000000.0,
    ""OrderStatus__c"": ""01"",
    ""Type"": ""01"",
    ""PromotionNo__c"": ""PRO202604161041"",
    ""OrderItem"": [
        {
            ""OrderSeqNo__c"": ""1"",
            ""Status__c"": ""01"",
            ""ProductCode"": ""2A2600001"",
            ""Quantity"": 1,
            ""isExclude"": false,
            ""NetSalesUnitPrice__c"": 500000.0000,
            ""DiscountRate__c"": 0.0000
        },
        {
            ""OrderSeqNo__c"": ""2"",
            ""Status__c"": ""01"",
            ""ProductCode"": ""3A2600005"",
            ""Quantity"": 1,
            ""isExclude"": false,
            ""NetSalesUnitPrice__c"": 500000.0000,
            ""DiscountRate__c"": 0.0000
        }
    ],
    ""TransactionJournal"": [
        {
            ""DepositNo__c"": ""DEP01V017"",
            ""DeposiSeqNo__c"": ""1"",
            ""ActivityDate"": ""20260508"",
            ""PaymentMethod"": ""01"",
            ""DepositType__c"": ""01"",
            ""TransactionAmount"": 100000.0000,
            ""CouponNo"": """",
            ""OrderNo__c"": null
        },
        {
            ""DepositNo__c"": ""DEP01V017"",
            ""DeposiSeqNo__c"": ""2"",
            ""ActivityDate"": ""20260508"",
            ""PaymentMethod"": ""90"",
            ""DepositType__c"": ""01"",
            ""TransactionAmount"": 10000.0000,
            ""CouponNo"": ""COP2026MY0019;-;MIZFIF9N"",
            ""OrderNo__c"": null
        }
    ]
}","{
  ""success"" : true,
  ""message"" : ""주문 등록 완료"",
  ""data"" : {
    ""DebitPointList"" : [ ],
    ""isGoldenBar"" : false,
    ""oiList"" : [ {
      ""attributes"" : {
        ""type"" : ""OrderItem"",
        ""url"" : ""/services/data/v67.0/sobjects/OrderItem/802JO00000548wzYAA""
      },
      ""OrderId"" : ""801JO00000IBh5hYAD"",
      ""Status__c"" : ""01"",
      ""PricebookEntryId"" : ""01uJO000001R0w4YAC"",
      ""Quantity"" : 1,
      ""UnitPrice"" : 500000,
      ""OrderItemNo__c"" : ""801JO00000IBh5hYAD-1"",
      ""IsExclude__c"" : false,
      ""NetSalesUnitPrice__c"" : 500000.0000,
      ""DiscountRate__c"" : 0.0000,
      ""Id"" : ""802JO00000548wzYAA""
    }, {
      ""attributes"" : {
        ""type"" : ""OrderItem"",
        ""url"" : ""/services/data/v67.0/sobjects/OrderItem/802JO00000548x0YAA""
      },
      ""OrderId"" : ""801JO00000IBh5hYAD"",
      ""Status__c"" : ""01"",
      ""PricebookEntryId"" : ""01uJO000001RG0OYAW"",
      ""Quantity"" : 1,
      ""UnitPrice"" : 500000,
      ""OrderItemNo__c"" : ""801JO00000IBh5hYAD-2"",
      ""IsExclude__c"" : false,
      ""NetSalesUnitPrice__c"" : 500000.0000,
      ""DiscountRate__c"" : 0.0000,
      ""Id"" : ""802JO00000548x0YAA""
    } ],
    ""storeType"" : ""09"",
    ""storeTypeFour"" : ""NULL"",
    ""orderId"" : ""801JO00000IBh5hYAD"",
    ""TransactionJournal"" : [ {
      ""OrderNo__c"" : null,
      ""CouponNo"" : """",
      ""TransactionAmount"" : 100000.0000,
      ""DepositType__c"" : ""01"",
      ""PaymentMethod"" : ""01"",
      ""ActivityDate"" : ""20260508"",
      ""DeposiSeqNo__c"" : ""1"",
      ""DepositNo__c"" : ""DEP01V017""
    }, {
      ""OrderNo__c"" : null,
      ""CouponNo"" : ""COP2026MY0019;-;MIZFIF9N"",
      ""TransactionAmount"" : 10000.0000,
      ""DepositType__c"" : ""01"",
      ""PaymentMethod"" : ""90"",
      ""ActivityDate"" : ""20260508"",
      ""DeposiSeqNo__c"" : ""2"",
      ""DepositNo__c"" : ""DEP01V017""
    } ],
    ""OrderItem"" : [ {
      ""DiscountRate__c"" : 0.0000,
      ""NetSalesUnitPrice__c"" : 500000.0000,
      ""isExclude"" : false,
      ""Quantity"" : 1,
      ""ProductCode"" : ""2A2600001"",
      ""Status__c"" : ""01"",
      ""OrderSeqNo__c"" : ""1""
    }, {
      ""DiscountRate__c"" : 0.0000,
      ""NetSalesUnitPrice__c"" : 500000.0000,
      ""isExclude"" : false,
      ""Quantity"" : 1,
      ""ProductCode"" : ""3A2600005"",
      ""Status__c"" : ""01"",
      ""OrderSeqNo__c"" : ""2""
    } ],
    ""PromotionNo__c"" : ""PRO202604161041"",
    ""Type"" : ""01"",
    ""OrderStatus__c"" : ""01"",
    ""ActualPaymentAmount__c"" : 1000000.0,
    ""OrderNo__c"" : ""SOR01V005"",
    ""MemberNo__c"" : ""TEST01005"",
    ""StoreCode__c"" : ""99998"",
    ""AccountId"" : ""1000""
  },
  ""code"" : 200
}"
a12JO000000MgDVYA0,2026-05-10T11:29:14.000+0000,OrderTrigger,,,
a12JO000000MgDWYA0,2026-05-10T11:29:15.000+0000,OrderTriggerHandler,,,
a12JO000000MgDXYA0,2026-05-10T11:29:15.000+0000,OrderTrigger,,,
a12JO000000MgDYYA0,2026-05-10T11:29:15.000+0000,GdSaleApiControllerV1,/gd/v1/sale,"{
    ""AccountId"": ""GOLDENDEW"", 
    ""StoreCode__c"": ""99998"", 
    ""MemberNo__c"": ""TEST02009"", 
    ""SaleNo__c"": ""SAL04051"", 
    ""EndDate"": ""20260510"", 
    ""ActualPaymentAmount__c"": 180000.0, 
    ""SaleStatus__c"": ""01"", 
    ""PromotionNo__c"": ""PRO202605091086"", 
    ""OrderItem"": [ 
         {
            ""SaleSeqNo__c"": ""1"", 
            ""Status__c"": ""01"", 
            ""ProductCode"": ""TEST-001"", 
            ""Quantity"": 1, 
            ""isExclude"": false, 
            ""NetSalesUnitPrice__c"": 180000.0 
            
        }
        
        
        
        
        
        
        
        
        
        
        
        
        
        
        
        
        
        
        
    ],
    ""TransactionJournal"": [ 
           {
            ""DepositNo__c"": ""DEP040008"",
            ""DeposiSeqNo__c"": ""1"",
            ""ActivityDate"": ""20260510"",
            ""PaymentMethod"": ""81"",
            ""DepositType__c"": ""02"",
            ""TransactionAmount"": 180000.0,
            ""CouponNo"": """",
            ""OrderNo__c"": """"
        }
        
        
        
        
        
        
        
        
        
        
        
        
        
        
        
        
        
        
        
        
        
        
        
        
        
        
        
        
        
        
        
        
        
        
        
        
        
        
        
        
        
        
        
        
        
        
        
        
        
        
        
        
        
        
        
    ],
    ""InsertId__c"": ""골든듀"" 
}","{
  ""success"" : true,
  ""message"" : ""판매 등록 완료"",
  ""data"" : {
    ""DebitPointList"" : [ {
      ""PT_USE"" : 9520.0000,
      ""NO_SAL_RTN"" : null,
      ""NO_SAL"" : ""SAL04051"",
      ""NO_MBR"" : ""TEST02009"",
      ""ID_INSERT"" : ""골든듀"",
      ""DTS_INSERT"" : ""2026-05-10 20:29:14"",
      ""CD_TYPE_POINT"" : ""07"",
      ""CD_RESON"" : ""1"",
      ""CD_LEDGER"" : ""05wJO0000004RPpYAM"",
      ""CD_JOURNAL"" : ""05wJO0000004RODYA2"",
      ""AM_SAL"" : 180000.0
    }, {
      ""PT_USE"" : 2000.0000,
      ""NO_SAL_RTN"" : null,
      ""NO_SAL"" : ""SAL04051"",
      ""NO_MBR"" : ""TEST02009"",
      ""ID_INSERT"" : ""골든듀"",
      ""DTS_INSERT"" : ""2026-05-10 20:29:14"",
      ""CD_TYPE_POINT"" : ""06"",
      ""CD_RESON"" : ""1"",
      ""CD_LEDGER"" : ""05wJO0000004RPqYAM"",
      ""CD_JOURNAL"" : ""05wJO0000004RKzYAM"",
      ""AM_SAL"" : 180000.0
    }, {
      ""PT_USE"" : 168480.0000,
      ""NO_SAL_RTN"" : null,
      ""NO_SAL"" : ""SAL04051"",
      ""NO_MBR"" : ""TEST02009"",
      ""ID_INSERT"" : ""골든듀"",
      ""DTS_INSERT"" : ""2026-05-10 20:29:14"",
      ""CD_TYPE_POINT"" : ""04"",
      ""CD_RESON"" : ""1"",
      ""CD_LEDGER"" : ""05wJO0000004RPrYAM"",
      ""CD_JOURNAL"" : ""05wJO0000004PpaYAE"",
      ""AM_SAL"" : 180000.0
    } ],
    ""oiList"" : [ {
      ""attributes"" : {
        ""type"" : ""OrderItem"",
        ""url"" : ""/services/data/v67.0/sobjects/OrderItem/802JO00000546kdYAA""
      },
      ""OrderId"" : ""801JO00000IBeeHYAT"",
      ""PricebookEntryId"" : ""01uJO0000011vRvYAI"",
      ""Quantity"" : 1,
      ""UnitPrice"" : 1000,
      ""SaleSeqNo__c"" : ""1"",
      ""SaleItemNo__c"" : ""801JO00000IBeeHYAT-1"",
      ""IsExclude__c"" : false,
      ""NetSalesUnitPrice__c"" : 180000.0,
      ""DiscountRate__c"" : null,
      ""Id"" : ""802JO00000546kdYAA""
    } ],
    ""storeType"" : ""09"",
    ""storeTypeFour"" : ""NULL"",
    ""orderId"" : ""801JO00000IBeeHYAT"",
    ""InsertId__c"" : ""골든듀"",
    ""TransactionJournal"" : [ {
      ""OrderNo__c"" : """",
      ""CouponNo"" : """",
      ""TransactionAmount"" : 180000.0,
      ""DepositType__c"" : ""02"",
      ""PaymentMethod"" : ""81"",
      ""ActivityDate"" : ""20260510"",
      ""DeposiSeqNo__c"" : ""1"",
      ""DepositNo__c"" : ""DEP040008""
    } ],
    ""OrderItem"" : [ {
      ""NetSalesUnitPrice__c"" : 180000.0,
      ""isExclude"" : false,
      ""Quantity"" : 1,
      ""ProductCode"" : ""TEST-001"",
      ""Status__c"" : ""01"",
      ""SaleSeqNo__c"" : ""1""
    } ],
    ""PromotionNo__c"" : ""PRO202605091086"",
    ""SaleStatus__c"" : ""01"",
    ""ActualPaymentAmount__c"" : 180000.0,
    ""EndDate"" : ""20260510"",
    ""SaleNo__c"" : ""SAL04051"",
    ""MemberNo__c"" : ""TEST02009"",
    ""StoreCode__c"" : ""99998"",
    ""AccountId"" : ""GOLDENDEW""
  },
  ""code"" : 200
}"
a12JO000000MgF7YAK,2026-05-10T11:29:27.000+0000,OrderTrigger,,,
a12JO000000MgF8YAK,2026-05-10T11:29:28.000+0000,OrderTriggerHandler,,,
a12JO000000MgF9YAK,2026-05-10T11:29:28.000+0000,OrderTrigger,,,
a12JO000000MgFAYA0,2026-05-10T11:29:28.000+0000,GdSaleApiControllerV1,/gd/v1/sale,"{
    ""AccountId"": ""1000"",
    ""StoreCode__c"": ""99998"",
    ""MemberNo__c"": ""TEST01005"",
    ""SaleNo__c"": ""SAL01V013"",
    ""ActualPaymentAmount__c"": 1000000.0,
    ""EndDate"": ""20260508"",
    ""SaleStatus__c"": ""01"",
    ""PromotionNo__c"": ""PRO202604161041"",
    ""OrderItem"": [
        {
            ""SaleSeqNo__c"": ""1"",
            ""OrderNo__c"": ""SOR01V005"",
            ""ProductCode"": ""2A2600001"",
            ""Quantity"": 1,
            ""isExclude"": false,
            ""NetSalesUnitPrice__c"": 500000.0000,
            ""DiscountRate__c"": 0.0000
        },
        {
            ""SaleSeqNo__c"": ""2"",
            ""OrderNo__c"": ""SOR01V005"",
            ""ProductCode"": ""3A2600005"",
            ""Quantity"": 1,
            ""isExclude"": false,
            ""NetSalesUnitPrice__c"": 500000.0000,
            ""DiscountRate__c"": 0.0000
        }
    ],
    ""TransactionJournal"": [
        {
            ""DepositNo__c"": ""DEP01V017"",
            ""DeposiSeqNo__c"": ""1"",
            ""ActivityDate"": ""20260508"",
            ""PaymentMethod"": ""01"",
            ""DepositType__c"": ""01"",
            ""TransactionAmount"": 100000.0000,
            ""CouponNo"": """",
            ""OrderNo__c"": ""SOR01V005""
        },
        {
            ""DepositNo__c"": ""DEP01V017"",
            ""DeposiSeqNo__c"": ""2"",
            ""ActivityDate"": ""20260508"",
            ""PaymentMethod"": ""90"",
            ""DepositType__c"": ""01"",
            ""TransactionAmount"": 10000.0000,
            ""CouponNo"": ""COP2026MY0019;-;MIZFIF9N"",
            ""OrderNo__c"": ""SOR01V005""
        },
        {
            ""DepositNo__c"": ""DEP01V018"",
            ""DeposiSeqNo__c"": ""1"",
            ""ActivityDate"": ""20260508"",
            ""PaymentMethod"": ""01"",
            ""DepositType__c"": ""02"",
            ""TransactionAmount"": 890000.0000,
            ""CouponNo"": """",
            ""OrderNo__c"": null
        }
    ]
}","{
  ""success"" : true,
  ""message"" : ""판매 등록 완료"",
  ""data"" : {
    ""CreditPointList"" : [ {
      ""TX_REMARK"" : ""구매포인트|11cJO000001BAZlYAO|2.00"",
      ""PT_TARGET"" : 19800.0000,
      ""NO_SAL"" : null,
      ""NO_PROM_MBR"" : ""PRO202604161041"",
      ""NO_MBR"" : ""TEST01005"",
      ""NO_GRADE_ADVAN"" : ""04"",
      ""ID_INSERT"" : null,
      ""DTS_INSERT"" : ""2026-05-10 20:29:28"",
      ""DT_SAVE_PLAN"" : null,
      ""DT_LIMIT_START"" : ""2026-05-08 09:00:00"",
      ""DT_LIMIT_END"" : ""2028-05-08"",
      ""DT_DESTROY_PLAN"" : ""2028-05-09"",
      ""CD_TYPE_SAVE"" : ""Credit"",
      ""CD_TYPE_POINT"" : ""01"",
      ""CD_JOURNAL"" : ""05wJO0000004RRRYA2"",
      ""AM_SAL"" : 1000000.0
    }, {
      ""TX_REMARK"" : ""사은포인트|11cJO000001BAY9YAO|3.00"",
      ""PT_TARGET"" : 29700.0000,
      ""NO_SAL"" : null,
      ""NO_PROM_MBR"" : ""PRO202604161041"",
      ""NO_MBR"" : ""TEST01005"",
      ""NO_GRADE_ADVAN"" : ""04"",
      ""ID_INSERT"" : null,
      ""DTS_INSERT"" : ""2026-05-10 20:29:28"",
      ""DT_SAVE_PLAN"" : null,
      ""DT_LIMIT_START"" : ""2026-05-08 09:00:00"",
      ""DT_LIMIT_END"" : ""2028-05-08"",
      ""DT_DESTROY_PLAN"" : ""2028-05-09"",
      ""CD_TYPE_SAVE"" : ""Credit"",
      ""CD_TYPE_POINT"" : ""01"",
      ""CD_JOURNAL"" : ""05wJO0000004RRSYA2"",
      ""AM_SAL"" : 1000000.0
    } ],
    ""oiList"" : [ {
      ""attributes"" : {
        ""type"" : ""OrderItem"",
        ""url"" : ""/services/data/v67.0/sobjects/OrderItem/802JO000005490DYAQ""
      },
      ""OrderId"" : ""801JO00000IBh7KYAT"",
      ""PricebookEntryId"" : ""01uJO000001R0w4YAC"",
      ""Quantity"" : 1,
      ""UnitPrice"" : 500000,
      ""SaleSeqNo__c"" : ""1"",
      ""SaleItemNo__c"" : ""801JO00000IBh7KYAT-1"",
      ""IsExclude__c"" : false,
      ""NetSalesUnitPrice__c"" : 500000.0000,
      ""DiscountRate__c"" : 0.0000,
      ""OrderId__c"" : ""801JO00000IBh5hYAD"",
      ""Id"" : ""802JO000005490DYAQ""
    }, {
      ""attributes"" : {
        ""type"" : ""OrderItem"",
        ""url"" : ""/services/data/v67.0/sobjects/OrderItem/802JO000005490EYAQ""
      },
      ""OrderId"" : ""801JO00000IBh7KYAT"",
      ""PricebookEntryId"" : ""01uJO000001RG0OYAW"",
      ""Quantity"" : 1,
      ""UnitPrice"" : 500000,
      ""SaleSeqNo__c"" : ""2"",
      ""SaleItemNo__c"" : ""801JO00000IBh7KYAT-2"",
      ""IsExclude__c"" : false,
      ""NetSalesUnitPrice__c"" : 500000.0000,
      ""DiscountRate__c"" : 0.0000,
      ""OrderId__c"" : ""801JO00000IBh5hYAD"",
      ""Id"" : ""802JO000005490EYAQ""
    } ],
    ""storeType"" : ""09"",
    ""storeTypeFour"" : ""NULL"",
    ""orderId"" : ""801JO00000IBh7KYAT"",
    ""TransactionJournal"" : [ {
      ""OrderNo__c"" : ""SOR01V005"",
      ""CouponNo"" : """",
      ""TransactionAmount"" : 100000.0000,
      ""DepositType__c"" : ""01"",
      ""PaymentMethod"" : ""01"",
      ""ActivityDate"" : ""20260508"",
      ""DeposiSeqNo__c"" : ""1"",
      ""DepositNo__c"" : ""DEP01V017""
    }, {
      ""OrderNo__c"" : ""SOR01V005"",
      ""CouponNo"" : ""COP2026MY0019;-;MIZFIF9N"",
      ""TransactionAmount"" : 10000.0000,
      ""DepositType__c"" : ""01"",
      ""PaymentMethod"" : ""90"",
      ""ActivityDate"" : ""20260508"",
      ""DeposiSeqNo__c"" : ""2"",
      ""DepositNo__c"" : ""DEP01V017""
    }, {
      ""OrderNo__c"" : null,
      ""CouponNo"" : """",
      ""TransactionAmount"" : 890000.0000,
      ""DepositType__c"" : ""02"",
      ""PaymentMethod"" : ""01"",
      ""ActivityDate"" : ""20260508"",
      ""DeposiSeqNo__c"" : ""1"",
      ""DepositNo__c"" : ""DEP01V018""
    } ],
    ""OrderItem"" : [ {
      ""DiscountRate__c"" : 0.0000,
      ""NetSalesUnitPrice__c"" : 500000.0000,
      ""isExclude"" : false,
      ""Quantity"" : 1,
      ""ProductCode"" : ""2A2600001"",
      ""OrderNo__c"" : ""SOR01V005"",
      ""SaleSeqNo__c"" : ""1""
    }, {
      ""DiscountRate__c"" : 0.0000,
      ""NetSalesUnitPrice__c"" : 500000.0000,
      ""isExclude"" : false,
      ""Quantity"" : 1,
      ""ProductCode"" : ""3A2600005"",
      ""OrderNo__c"" : ""SOR01V005"",
      ""SaleSeqNo__c"" : ""2""
    } ],
    ""PromotionNo__c"" : ""PRO202604161041"",
    ""SaleStatus__c"" : ""01"",
    ""EndDate"" : ""20260508"",
    ""ActualPaymentAmount__c"" : 1000000.0,
    ""SaleNo__c"" : ""SAL01V013"",
    ""MemberNo__c"" : ""TEST01005"",
    ""StoreCode__c"" : ""99998"",
    ""AccountId"" : ""1000""
  },
  ""code"" : 200
}"
a12JO000000MgGjYAK,2026-05-10T11:32:18.000+0000,OrderTrigger,,,
a12JO000000MgGkYAK,2026-05-10T11:32:20.000+0000,OrderTriggerHandler,,,
a12JO000000MgGlYAK,2026-05-10T11:32:20.000+0000,OrderTrigger,,,
a12JO000000MgGmYAK,2026-05-10T11:32:20.000+0000,GdReturnApiControllerV1,/gd/v1/return,"{
    ""SaleNo__c"": ""SAL01V014"", 
    ""OriginalOrderId"": ""SAL01V013"", 
    ""ActualPaymentAmount__c"": 500000, 
    ""OrderItem"": [ 
        {
            ""SaleSeqNo__c"": ""1"", 
            ""ProductCode"": ""2A2600001"", 
            ""Quantity"": -1, 
            ""isExclude"": false, 
            ""NetSalesUnitPrice__c"": 500000.0, 
            ""DiscountRate__c"": 0 
        }
    ],
    ""TransactionJournal"": [ 
        {
            ""DepositNo__c"": ""DEP01V019"", 
            ""DeposiSeqNo__c"": ""1"", 
            ""ActivityDate"": ""20260508"", 
            ""PaymentMethod"": ""01"", 
            ""DepositType__c"": ""03"", 
            ""TransactionAmount"": 490000, 
            ""CouponNo"": """" 
        },
        {
            ""DepositNo__c"": ""DEP01V019"", 
            ""DeposiSeqNo__c"": ""2"", 
            ""ActivityDate"": ""20260508"", 
            ""PaymentMethod"": ""90"", 
            ""DepositType__c"": ""03"", 
            ""TransactionAmount"": 10000, 
            ""CouponNo"": ""COP2026MY0019;-;MIZFIF9N"" 
        }
    ],
    ""InsertId__c"": ""골든듀"" 
}","{
  ""success"" : true,
  ""message"" : ""반품 등록 완료"",
  ""data"" : {
    ""CancelPointsCreditedList"" : [ {
      ""PT_USE"" : 9800.0000,
      ""NO_SAL_RTN"" : null,
      ""NO_SAL"" : ""SAL01V013"",
      ""NO_MBR"" : ""TEST01005"",
      ""ID_INSERT"" : null,
      ""DTS_INSERT"" : ""2026-05-10 20:32:19"",
      ""CD_TYPE_POINT"" : ""01"",
      ""CD_RESON"" : ""6"",
      ""CD_LEDGER"" : ""05wJO0000004RT3YAM"",
      ""CD_JOURNAL"" : ""05wJO0000004RRRYA2"",
      ""AM_SAL"" : null
    }, {
      ""PT_USE"" : 14700.0000,
      ""NO_SAL_RTN"" : null,
      ""NO_SAL"" : ""SAL01V013"",
      ""NO_MBR"" : ""TEST01005"",
      ""ID_INSERT"" : null,
      ""DTS_INSERT"" : ""2026-05-10 20:32:19"",
      ""CD_TYPE_POINT"" : ""06"",
      ""CD_RESON"" : ""6"",
      ""CD_LEDGER"" : ""05wJO0000004RT4YAM"",
      ""CD_JOURNAL"" : ""05wJO0000004RRSYA2"",
      ""AM_SAL"" : null
    } ],
    ""originalOrderId"" : ""801JO00000IBh7KYAT"",
    ""orderId"" : ""801JO00000IBeKvYAL"",
    ""InsertId__c"" : ""골든듀"",
    ""TransactionJournal"" : [ {
      ""CouponNo"" : """",
      ""TransactionAmount"" : 490000,
      ""DepositType__c"" : ""03"",
      ""PaymentMethod"" : ""01"",
      ""ActivityDate"" : ""20260508"",
      ""DeposiSeqNo__c"" : ""1"",
      ""DepositNo__c"" : ""DEP01V019""
    }, {
      ""CouponNo"" : ""COP2026MY0019;-;MIZFIF9N"",
      ""TransactionAmount"" : 10000,
      ""DepositType__c"" : ""03"",
      ""PaymentMethod"" : ""90"",
      ""ActivityDate"" : ""20260508"",
      ""DeposiSeqNo__c"" : ""2"",
      ""DepositNo__c"" : ""DEP01V019""
    } ],
    ""OrderItem"" : [ {
      ""DiscountRate__c"" : 0,
      ""NetSalesUnitPrice__c"" : 500000.0,
      ""isExclude"" : false,
      ""Quantity"" : -1,
      ""ProductCode"" : ""2A2600001"",
      ""SaleSeqNo__c"" : ""1""
    } ],
    ""ActualPaymentAmount__c"" : 500000,
    ""OriginalOrderId"" : ""SAL01V013"",
    ""SaleNo__c"" : ""SAL01V014""
  },
  ""code"" : 200
}"
a12JO000000MfxRYAS,2026-05-10T11:34:18.000+0000,GdSaleApiControllerV1,/gd/v1/sale,"{
    ""AccountId"": ""GOLDENDEW"", 
    ""StoreCode__c"": ""99998"", 
    ""MemberNo__c"": ""TEST02009"", 
    ""SaleNo__c"": ""SAL04051"", 
    ""EndDate"": ""20260504"", 
    ""ActualPaymentAmount__c"": 2000000.0, 
    ""SaleStatus__c"": ""01"", 
    ""PromotionNo__c"": ""PRO202604161041"", 
    ""OrderItem"": [ 
         {
            ""SaleSeqNo__c"": ""1"", 
            ""Status__c"": ""01"", 
            ""ProductCode"": ""TEST-001"", 
            ""Quantity"": 1, 
            ""isExclude"": false, 
            ""NetSalesUnitPrice__c"": 2000000.0 
            
        }
        
        
        
        
        
        
        
        
        
        
        
        
        
        
        
        
        
        
        
    ],
    ""TransactionJournal"": [ 
           {
            ""DepositNo__c"": ""DEP040009"",
            ""DeposiSeqNo__c"": ""1"",
            ""ActivityDate"": ""20260504"",
            ""PaymentMethod"": ""03"",
            ""DepositType__c"": ""02"",
            ""TransactionAmount"": 2000000.0,
            ""CouponNo"": """",
            ""OrderNo__c"": """"
        }
        
        
        
        
        
        
        
        
        
        
        
        
        
        
        
        
        
        
        
        
        
        
        
        
        
        
        
        
        
        
        
        
        
        
        
        
        
        
        
        
        
        
        
        
        
        
        
        
        
        
        
        
        
        
        
    ],
    ""InsertId__c"": ""골든듀"" 
}","{
  ""success"" : false,
  ""message"" : ""SaleNo__c already exists."",
  ""code"" : 400
}"
a12JO000000MfvpYAC,2026-05-10T11:34:27.000+0000,OrderTrigger,,,
a12JO000000MfvqYAC,2026-05-10T11:34:28.000+0000,OrderTriggerHandler,,,
a12JO000000MfvrYAC,2026-05-10T11:34:28.000+0000,OrderTrigger,,,
a12JO000000MfvsYAC,2026-05-10T11:34:28.000+0000,GdSaleApiControllerV1,/gd/v1/sale,"{
    ""AccountId"": ""GOLDENDEW"", 
    ""StoreCode__c"": ""99998"", 
    ""MemberNo__c"": ""TEST02009"", 
    ""SaleNo__c"": ""SAL04052"", 
    ""EndDate"": ""20260504"", 
    ""ActualPaymentAmount__c"": 2000000.0, 
    ""SaleStatus__c"": ""01"", 
    ""PromotionNo__c"": ""PRO202604161041"", 
    ""OrderItem"": [ 
         {
            ""SaleSeqNo__c"": ""1"", 
            ""Status__c"": ""01"", 
            ""ProductCode"": ""TEST-001"", 
            ""Quantity"": 1, 
            ""isExclude"": false, 
            ""NetSalesUnitPrice__c"": 2000000.0 
            
        }
        
        
        
        
        
        
        
        
        
        
        
        
        
        
        
        
        
        
        
    ],
    ""TransactionJournal"": [ 
           {
            ""DepositNo__c"": ""DEP040009"",
            ""DeposiSeqNo__c"": ""1"",
            ""ActivityDate"": ""20260504"",
            ""PaymentMethod"": ""03"",
            ""DepositType__c"": ""02"",
            ""TransactionAmount"": 2000000.0,
            ""CouponNo"": """",
            ""OrderNo__c"": """"
        }
        
        
        
        
        
        
        
        
        
        
        
        
        
        
        
        
        
        
        
        
        
        
        
        
        
        
        
        
        
        
        
        
        
        
        
        
        
        
        
        
        
        
        
        
        
        
        
        
        
        
        
        
        
        
        
    ],
    ""InsertId__c"": ""골든듀"" 
}","{
  ""success"" : true,
  ""message"" : ""판매 등록 완료"",
  ""data"" : {
    ""CreditPointList"" : [ {
      ""TX_REMARK"" : ""구매포인트|11cJO000001BAZlYAO|2.00"",
      ""PT_TARGET"" : 40000.0000,
      ""NO_SAL"" : null,
      ""NO_PROM_MBR"" : ""PRO202604161041"",
      ""NO_MBR"" : ""TEST02009"",
      ""NO_GRADE_ADVAN"" : ""03"",
      ""ID_INSERT"" : ""골든듀"",
      ""DTS_INSERT"" : ""2026-05-10 20:34:28"",
      ""DT_SAVE_PLAN"" : null,
      ""DT_LIMIT_START"" : ""2026-05-04 09:00:00"",
      ""DT_LIMIT_END"" : ""2028-05-04"",
      ""DT_DESTROY_PLAN"" : ""2028-05-05"",
      ""CD_TYPE_SAVE"" : ""Credit"",
      ""CD_TYPE_POINT"" : ""01"",
      ""CD_JOURNAL"" : ""05wJO0000004RUfYAM"",
      ""AM_SAL"" : 2000000.0
    }, {
      ""TX_REMARK"" : ""사은포인트|11cJO000001BAY9YAO|3.00"",
      ""PT_TARGET"" : 60000.0000,
      ""NO_SAL"" : null,
      ""NO_PROM_MBR"" : ""PRO202604161041"",
      ""NO_MBR"" : ""TEST02009"",
      ""NO_GRADE_ADVAN"" : ""03"",
      ""ID_INSERT"" : ""골든듀"",
      ""DTS_INSERT"" : ""2026-05-10 20:34:28"",
      ""DT_SAVE_PLAN"" : null,
      ""DT_LIMIT_START"" : ""2026-05-04 09:00:00"",
      ""DT_LIMIT_END"" : ""2028-05-04"",
      ""DT_DESTROY_PLAN"" : ""2028-05-05"",
      ""CD_TYPE_SAVE"" : ""Credit"",
      ""CD_TYPE_POINT"" : ""01"",
      ""CD_JOURNAL"" : ""05wJO0000004RUgYAM"",
      ""AM_SAL"" : 2000000.0
    } ],
    ""oiList"" : [ {
      ""attributes"" : {
        ""type"" : ""OrderItem"",
        ""url"" : ""/services/data/v67.0/sobjects/OrderItem/802JO000005474uYAA""
      },
      ""OrderId"" : ""801JO00000IBeRMYA1"",
      ""PricebookEntryId"" : ""01uJO0000011vRvYAI"",
      ""Quantity"" : 1,
      ""UnitPrice"" : 1000,
      ""SaleSeqNo__c"" : ""1"",
      ""SaleItemNo__c"" : ""801JO00000IBeRMYA1-1"",
      ""IsExclude__c"" : false,
      ""NetSalesUnitPrice__c"" : 2000000.0,
      ""DiscountRate__c"" : null,
      ""Id"" : ""802JO000005474uYAA""
    } ],
    ""storeType"" : ""09"",
    ""storeTypeFour"" : ""NULL"",
    ""orderId"" : ""801JO00000IBeRMYA1"",
    ""InsertId__c"" : ""골든듀"",
    ""TransactionJournal"" : [ {
      ""OrderNo__c"" : """",
      ""CouponNo"" : """",
      ""TransactionAmount"" : 2000000.0,
      ""DepositType__c"" : ""02"",
      ""PaymentMethod"" : ""03"",
      ""ActivityDate"" : ""20260504"",
      ""DeposiSeqNo__c"" : ""1"",
      ""DepositNo__c"" : ""DEP040009""
    } ],
    ""OrderItem"" : [ {
      ""NetSalesUnitPrice__c"" : 2000000.0,
      ""isExclude"" : false,
      ""Quantity"" : 1,
      ""ProductCode"" : ""TEST-001"",
      ""Status__c"" : ""01"",
      ""SaleSeqNo__c"" : ""1""
    } ],
    ""PromotionNo__c"" : ""PRO202604161041"",
    ""SaleStatus__c"" : ""01"",
    ""ActualPaymentAmount__c"" : 2000000.0,
    ""EndDate"" : ""20260504"",
    ""SaleNo__c"" : ""SAL04052"",
    ""MemberNo__c"" : ""TEST02009"",
    ""StoreCode__c"" : ""99998"",
    ""AccountId"" : ""GOLDENDEW""
  },
  ""code"" : 200
}"
a12JO000000MfZFYA0,2026-05-10T11:38:40.000+0000,OrderTrigger,,,
a12JO000000MfZGYA0,2026-05-10T11:38:40.000+0000,OrderTriggerHandler,,,
a12JO000000MfZHYA0,2026-05-10T11:38:40.000+0000,OrderTrigger,,,
a12JO000000MfZIYA0,2026-05-10T11:38:40.000+0000,GdSaleApiControllerV1,/gd/v1/sale,"{
    ""AccountId"": ""GOLDENDEW"", 
    ""StoreCode__c"": ""99998"", 
    ""MemberNo__c"": ""TEST02009"", 
    ""SaleNo__c"": ""SAL04053"", 
    ""EndDate"": ""20260510"", 
    ""ActualPaymentAmount__c"": 230000.0, 
    ""SaleStatus__c"": ""01"", 
    ""PromotionNo__c"": ""PRO202604161041"", 
    ""OrderItem"": [ 
         {
            ""SaleSeqNo__c"": ""1"", 
            ""Status__c"": ""01"", 
            ""ProductCode"": ""TEST-002"", 
            ""Quantity"": 1, 
            ""isExclude"": false, 
            ""NetSalesUnitPrice__c"": 230000.0 
            
        }
        
        
        
        
        
        
        
        
        
        
        
        
        
        
        
        
        
        
        
    ],
    ""TransactionJournal"": [ 
           {
            ""DepositNo__c"": ""DEP040010"",
            ""DeposiSeqNo__c"": ""1"",
            ""ActivityDate"": ""20260510"",
            ""PaymentMethod"": ""03"",
            ""DepositType__c"": ""02"",
            ""TransactionAmount"": 200000.0,
            ""CouponNo"": """",
            ""OrderNo__c"": """"
        }
        ,
          {
            ""DepositNo__c"": ""DEP040011"",
            ""DeposiSeqNo__c"": ""2"",
            ""ActivityDate"": ""20260510"",
            ""PaymentMethod"": ""81"",
            ""DepositType__c"": ""02"",
            ""TransactionAmount"": 30000.0,
            ""CouponNo"": """",
            ""OrderNo__c"": """"
        }
        
        
        
        
        
        
        
        
        
        
        
        
        
        
        
        
        
        
        
        
        
        
        
        
        
        
        
        
        
        
        
        
        
        
        
        
        
        
        
        
        
        
        
        
    ],
    ""InsertId__c"": ""골든듀"" 
}","{
  ""success"" : true,
  ""message"" : ""판매 등록 완료"",
  ""data"" : {
    ""CreditPointList"" : [ {
      ""TX_REMARK"" : ""구매포인트|11cJO000001BAZlYAO|2.00"",
      ""PT_TARGET"" : 4000.0000,
      ""NO_SAL"" : null,
      ""NO_PROM_MBR"" : ""PRO202604161041"",
      ""NO_MBR"" : ""TEST02009"",
      ""NO_GRADE_ADVAN"" : ""03"",
      ""ID_INSERT"" : ""골든듀"",
      ""DTS_INSERT"" : ""2026-05-10 20:38:40"",
      ""DT_SAVE_PLAN"" : null,
      ""DT_LIMIT_START"" : ""2026-05-10 09:00:00"",
      ""DT_LIMIT_END"" : ""2028-05-10"",
      ""DT_DESTROY_PLAN"" : ""2028-05-11"",
      ""CD_TYPE_SAVE"" : ""Credit"",
      ""CD_TYPE_POINT"" : ""01"",
      ""CD_JOURNAL"" : ""05wJO0000004R05YAE"",
      ""AM_SAL"" : 230000.0
    }, {
      ""TX_REMARK"" : ""사은포인트|11cJO000001BAY9YAO|3.00"",
      ""PT_TARGET"" : 6000.0000,
      ""NO_SAL"" : null,
      ""NO_PROM_MBR"" : ""PRO202604161041"",
      ""NO_MBR"" : ""TEST02009"",
      ""NO_GRADE_ADVAN"" : ""03"",
      ""ID_INSERT"" : ""골든듀"",
      ""DTS_INSERT"" : ""2026-05-10 20:38:40"",
      ""DT_SAVE_PLAN"" : null,
      ""DT_LIMIT_START"" : ""2026-05-10 09:00:00"",
      ""DT_LIMIT_END"" : ""2028-05-10"",
      ""DT_DESTROY_PLAN"" : ""2028-05-11"",
      ""CD_TYPE_SAVE"" : ""Credit"",
      ""CD_TYPE_POINT"" : ""01"",
      ""CD_JOURNAL"" : ""05wJO0000004R06YAE"",
      ""AM_SAL"" : 230000.0
    } ],
    ""DebitPointList"" : [ {
      ""PT_USE"" : 30000.0000,
      ""NO_SAL_RTN"" : null,
      ""NO_SAL"" : ""SAL04053"",
      ""NO_MBR"" : ""TEST02009"",
      ""ID_INSERT"" : ""골든듀"",
      ""DTS_INSERT"" : ""2026-05-10 20:38:40"",
      ""CD_TYPE_POINT"" : ""06"",
      ""CD_RESON"" : ""1"",
      ""CD_LEDGER"" : ""05wJO0000004R04YAE"",
      ""CD_JOURNAL"" : ""05wJO0000004RUgYAM"",
      ""AM_SAL"" : 230000.0
    } ],
    ""oiList"" : [ {
      ""attributes"" : {
        ""type"" : ""OrderItem"",
        ""url"" : ""/services/data/v67.0/sobjects/OrderItem/802JO00000547XvYAI""
      },
      ""OrderId"" : ""801JO00000IBfs1YAD"",
      ""PricebookEntryId"" : ""01uJO0000012a3dYAA"",
      ""Quantity"" : 1,
      ""UnitPrice"" : 100,
      ""SaleSeqNo__c"" : ""1"",
      ""SaleItemNo__c"" : ""801JO00000IBfs1YAD-1"",
      ""IsExclude__c"" : false,
      ""NetSalesUnitPrice__c"" : 230000.0,
      ""DiscountRate__c"" : null,
      ""Id"" : ""802JO00000547XvYAI""
    } ],
    ""storeType"" : ""09"",
    ""storeTypeFour"" : ""NULL"",
    ""orderId"" : ""801JO00000IBfs1YAD"",
    ""InsertId__c"" : ""골든듀"",
    ""TransactionJournal"" : [ {
      ""OrderNo__c"" : """",
      ""CouponNo"" : """",
      ""TransactionAmount"" : 200000.0,
      ""DepositType__c"" : ""02"",
      ""PaymentMethod"" : ""03"",
      ""ActivityDate"" : ""20260510"",
      ""DeposiSeqNo__c"" : ""1"",
      ""DepositNo__c"" : ""DEP040010""
    }, {
      ""OrderNo__c"" : """",
      ""CouponNo"" : """",
      ""TransactionAmount"" : 30000.0,
      ""DepositType__c"" : ""02"",
      ""PaymentMethod"" : ""81"",
      ""ActivityDate"" : ""20260510"",
      ""DeposiSeqNo__c"" : ""2"",
      ""DepositNo__c"" : ""DEP040011""
    } ],
    ""OrderItem"" : [ {
      ""NetSalesUnitPrice__c"" : 230000.0,
      ""isExclude"" : false,
      ""Quantity"" : 1,
      ""ProductCode"" : ""TEST-002"",
      ""Status__c"" : ""01"",
      ""SaleSeqNo__c"" : ""1""
    } ],
    ""PromotionNo__c"" : ""PRO202604161041"",
    ""SaleStatus__c"" : ""01"",
    ""ActualPaymentAmount__c"" : 230000.0,
    ""EndDate"" : ""20260510"",
    ""SaleNo__c"" : ""SAL04053"",
    ""MemberNo__c"" : ""TEST02009"",
    ""StoreCode__c"" : ""99998"",
    ""AccountId"" : ""GOLDENDEW""
  },
  ""code"" : 200
}"
a12JO000000MgILYA0,2026-05-10T11:40:15.000+0000,OrderTrigger,,,
a12JO000000MgIMYA0,2026-05-10T11:40:16.000+0000,OrderTriggerHandler,,,
a12JO000000MgINYA0,2026-05-10T11:40:16.000+0000,OrderTrigger,,,
a12JO000000MgIOYA0,2026-05-10T11:40:16.000+0000,GdOrderApiControllerV1,/gd/v1/order,"{
    ""AccountId"": ""1000"",
    ""StoreCode__c"": ""99998"",
    ""MemberNo__c"": ""TEST01007"",
    ""OrderNo__c"": ""SOR01V010"",
    ""ActualPaymentAmount__c"": 2500000.0,
    ""OrderStatus__c"": ""01"",
    ""Type"": ""01"",
    ""PromotionNo__c"": ""PRO202605021071"",
    ""OrderItem"": [
        {
            ""OrderSeqNo__c"": ""1"",
            ""Status__c"": ""01"",
            ""ProductCode"": ""212500046"",
            ""Quantity"": 1,
            ""isExclude"": false,
            ""NetSalesUnitPrice__c"": 500000.0000,
            ""DiscountRate__c"": 0.0000
        },
        {
            ""OrderSeqNo__c"": ""2"",
            ""Status__c"": ""01"",
            ""ProductCode"": ""212500047"",
            ""Quantity"": 2,
            ""isExclude"": false,
            ""NetSalesUnitPrice__c"": 500000.0000,
            ""DiscountRate__c"": 0.0000
        },
        {
            ""OrderSeqNo__c"": ""3"",
            ""Status__c"": ""01"",
            ""ProductCode"": ""2A2600001"",
            ""Quantity"": 2,
            ""isExclude"": false,
            ""NetSalesUnitPrice__c"": 500000.0000,
            ""DiscountRate__c"": 0.0000
        }
    ],
    ""TransactionJournal"": [
        {
            ""DepositNo__c"": ""DEP01V028"",
            ""DeposiSeqNo__c"": ""1"",
            ""ActivityDate"": ""20260508"",
            ""PaymentMethod"": ""01"",
            ""DepositType__c"": ""01"",
            ""TransactionAmount"": 250000.0000,
            ""CouponNo"": """",
            ""OrderNo__c"": null
        }
    ]
}","{
  ""success"" : true,
  ""message"" : ""주문 등록 완료"",
  ""data"" : {
    ""DebitPointList"" : [ ],
    ""isGoldenBar"" : false,
    ""oiList"" : [ {
      ""attributes"" : {
        ""type"" : ""OrderItem"",
        ""url"" : ""/services/data/v67.0/sobjects/OrderItem/802JO00000548nLYAQ""
      },
      ""OrderId"" : ""801JO00000IBgODYA1"",
      ""Status__c"" : ""01"",
      ""PricebookEntryId"" : ""01uJO000001RBvIYAW"",
      ""Quantity"" : 1,
      ""UnitPrice"" : 400000,
      ""OrderItemNo__c"" : ""801JO00000IBgODYA1-1"",
      ""IsExclude__c"" : false,
      ""NetSalesUnitPrice__c"" : 500000.0000,
      ""DiscountRate__c"" : 0.0000,
      ""Id"" : ""802JO00000548nLYAQ""
    }, {
      ""attributes"" : {
        ""type"" : ""OrderItem"",
        ""url"" : ""/services/data/v67.0/sobjects/OrderItem/802JO00000548nMYAQ""
      },
      ""OrderId"" : ""801JO00000IBgODYA1"",
      ""Status__c"" : ""01"",
      ""PricebookEntryId"" : ""01uJO000001RBvJYAW"",
      ""Quantity"" : 2,
      ""UnitPrice"" : 500000,
      ""OrderItemNo__c"" : ""801JO00000IBgODYA1-2"",
      ""IsExclude__c"" : false,
      ""NetSalesUnitPrice__c"" : 500000.0000,
      ""DiscountRate__c"" : 0.0000,
      ""Id"" : ""802JO00000548nMYAQ""
    }, {
      ""attributes"" : {
        ""type"" : ""OrderItem"",
        ""url"" : ""/services/data/v67.0/sobjects/OrderItem/802JO00000548nNYAQ""
      },
      ""OrderId"" : ""801JO00000IBgODYA1"",
      ""Status__c"" : ""01"",
      ""PricebookEntryId"" : ""01uJO000001R0w4YAC"",
      ""Quantity"" : 2,
      ""UnitPrice"" : 500000,
      ""OrderItemNo__c"" : ""801JO00000IBgODYA1-3"",
      ""IsExclude__c"" : false,
      ""NetSalesUnitPrice__c"" : 500000.0000,
      ""DiscountRate__c"" : 0.0000,
      ""Id"" : ""802JO00000548nNYAQ""
    } ],
    ""storeType"" : ""09"",
    ""storeTypeFour"" : ""NULL"",
    ""orderId"" : ""801JO00000IBgODYA1"",
    ""TransactionJournal"" : [ {
      ""OrderNo__c"" : null,
      ""CouponNo"" : """",
      ""TransactionAmount"" : 250000.0000,
      ""DepositType__c"" : ""01"",
      ""PaymentMethod"" : ""01"",
      ""ActivityDate"" : ""20260508"",
      ""DeposiSeqNo__c"" : ""1"",
      ""DepositNo__c"" : ""DEP01V028""
    } ],
    ""OrderItem"" : [ {
      ""DiscountRate__c"" : 0.0000,
      ""NetSalesUnitPrice__c"" : 500000.0000,
      ""isExclude"" : false,
      ""Quantity"" : 1,
      ""ProductCode"" : ""212500046"",
      ""Status__c"" : ""01"",
      ""OrderSeqNo__c"" : ""1""
    }, {
      ""DiscountRate__c"" : 0.0000,
      ""NetSalesUnitPrice__c"" : 500000.0000,
      ""isExclude"" : false,
      ""Quantity"" : 2,
      ""ProductCode"" : ""212500047"",
      ""Status__c"" : ""01"",
      ""OrderSeqNo__c"" : ""2""
    }, {
      ""DiscountRate__c"" : 0.0000,
      ""NetSalesUnitPrice__c"" : 500000.0000,
      ""isExclude"" : false,
      ""Quantity"" : 2,
      ""ProductCode"" : ""2A2600001"",
      ""Status__c"" : ""01"",
      ""OrderSeqNo__c"" : ""3""
    } ],
    ""PromotionNo__c"" : ""PRO202605021071"",
    ""Type"" : ""01"",
    ""OrderStatus__c"" : ""01"",
    ""ActualPaymentAmount__c"" : 2500000.0,
    ""OrderNo__c"" : ""SOR01V010"",
    ""MemberNo__c"" : ""TEST01007"",
    ""StoreCode__c"" : ""99998"",
    ""AccountId"" : ""1000""
  },
  ""code"" : 200
}"
a12JO000000MgJxYAK,2026-05-10T11:42:51.000+0000,ErpAsyncJob,callout:GoldenDewApiNC/Crm/CouponDetail,"{""couponDetailModels"":[{""no_mbr"":""TEST01007"",""no_man_coupon_mil"":""00218253"",""no_man_coupon"":""COP2026MY0005"",""id_insert"":""milvus""}]}","{""code"":0,""success"":false,""message"":""SQL - 회원이 존재하지 않습니다."",""data"":null}"
a12JO000000MgLZYA0,2026-05-10T11:45:18.000+0000,OrderTrigger,,,
a12JO000000MgLaYAK,2026-05-10T11:45:20.000+0000,OrderTriggerHandler,,,
a12JO000000MgLbYAK,2026-05-10T11:45:20.000+0000,OrderTrigger,,,
a12JO000000MgLcYAK,2026-05-10T11:45:20.000+0000,GdOrderApiControllerV1,/gd/v1/order,"{
    ""AccountId"": ""1000"",
    ""StoreCode__c"": ""99998"",
    ""MemberNo__c"": ""TEST01007"",
    ""OrderNo__c"": ""SOR01V011"",
    ""ActualPaymentAmount__c"": 3000000.0,
    ""OrderStatus__c"": ""01"",
    ""Type"": ""01"",
    ""PromotionNo__c"": ""PRO202604161041"",
    ""OrderItem"": [
        {
            ""OrderSeqNo__c"": ""1"",
            ""Status__c"": ""01"",
            ""ProductCode"": ""212500047"",
            ""Quantity"": 2,
            ""isExclude"": false,
            ""NetSalesUnitPrice__c"": 500000.0000,
            ""DiscountRate__c"": 0.0000
        },
        {
            ""OrderSeqNo__c"": ""2"",
            ""Status__c"": ""01"",
            ""ProductCode"": ""2A2600001"",
            ""Quantity"": 2,
            ""isExclude"": false,
            ""NetSalesUnitPrice__c"": 500000.0000,
            ""DiscountRate__c"": 0.0000
        },
        {
            ""OrderSeqNo__c"": ""3"",
            ""Status__c"": ""01"",
            ""ProductCode"": ""3A2600005"",
            ""Quantity"": 2,
            ""isExclude"": false,
            ""NetSalesUnitPrice__c"": 500000.0000,
            ""DiscountRate__c"": 0.0000
        }
    ],
    ""TransactionJournal"": [
        {
            ""DepositNo__c"": ""DEP01V029"",
            ""DeposiSeqNo__c"": ""1"",
            ""ActivityDate"": ""20260508"",
            ""PaymentMethod"": ""01"",
            ""DepositType__c"": ""01"",
            ""TransactionAmount"": 850000.0000,
            ""CouponNo"": """",
            ""OrderNo__c"": null
        },
        {
            ""DepositNo__c"": ""DEP01V029"",
            ""DeposiSeqNo__c"": ""2"",
            ""ActivityDate"": ""20260508"",
            ""PaymentMethod"": ""90"",
            ""DepositType__c"": ""01"",
            ""TransactionAmount"": 50000.0000,
            ""CouponNo"": ""COP2026MY0005;-;R4NYDTPA"",
            ""OrderNo__c"": null
        },
        {
            ""DepositNo__c"": ""DEP01V029"",
            ""DeposiSeqNo__c"": ""3"",
            ""ActivityDate"": ""20260508"",
            ""PaymentMethod"": ""81"",
            ""DepositType__c"": ""01"",
            ""TransactionAmount"": 33000.0000,
            ""CouponNo"": """",
            ""OrderNo__c"": null
        }
    ]
}","{
  ""success"" : true,
  ""message"" : ""주문 등록 완료"",
  ""data"" : {
    ""DebitPointList"" : [ {
      ""PT_USE"" : 33000.0000,
      ""NO_SAL_RTN"" : null,
      ""NO_SAL"" : ""SOR01V011"",
      ""NO_MBR"" : ""TEST01007"",
      ""ID_INSERT"" : null,
      ""DTS_INSERT"" : ""2026-05-10 20:45:19"",
      ""CD_TYPE_POINT"" : ""04"",
      ""CD_RESON"" : ""1"",
      ""CD_LEDGER"" : ""05wJO0000004RWHYA2"",
      ""CD_JOURNAL"" : ""05wJO0000004PpUYAU"",
      ""AM_SAL"" : null
    } ],
    ""isGoldenBar"" : false,
    ""oiList"" : [ {
      ""attributes"" : {
        ""type"" : ""OrderItem"",
        ""url"" : ""/services/data/v67.0/sobjects/OrderItem/802JO0000054832YAA""
      },
      ""OrderId"" : ""801JO00000IBgmMYAT"",
      ""Status__c"" : ""01"",
      ""PricebookEntryId"" : ""01uJO000001RBvJYAW"",
      ""Quantity"" : 2,
      ""UnitPrice"" : 500000,
      ""OrderItemNo__c"" : ""801JO00000IBgmMYAT-1"",
      ""IsExclude__c"" : false,
      ""NetSalesUnitPrice__c"" : 500000.0000,
      ""DiscountRate__c"" : 0.0000,
      ""Id"" : ""802JO0000054832YAA""
    }, {
      ""attributes"" : {
        ""type"" : ""OrderItem"",
        ""url"" : ""/services/data/v67.0/sobjects/OrderItem/802JO0000054833YAA""
      },
      ""OrderId"" : ""801JO00000IBgmMYAT"",
      ""Status__c"" : ""01"",
      ""PricebookEntryId"" : ""01uJO000001R0w4YAC"",
      ""Quantity"" : 2,
      ""UnitPrice"" : 500000,
      ""OrderItemNo__c"" : ""801JO00000IBgmMYAT-2"",
      ""IsExclude__c"" : false,
      ""NetSalesUnitPrice__c"" : 500000.0000,
      ""DiscountRate__c"" : 0.0000,
      ""Id"" : ""802JO0000054833YAA""
    }, {
      ""attributes"" : {
        ""type"" : ""OrderItem"",
        ""url"" : ""/services/data/v67.0/sobjects/OrderItem/802JO0000054834YAA""
      },
      ""OrderId"" : ""801JO00000IBgmMYAT"",
      ""Status__c"" : ""01"",
      ""PricebookEntryId"" : ""01uJO000001RG0OYAW"",
      ""Quantity"" : 2,
      ""UnitPrice"" : 500000,
      ""OrderItemNo__c"" : ""801JO00000IBgmMYAT-3"",
      ""IsExclude__c"" : false,
      ""NetSalesUnitPrice__c"" : 500000.0000,
      ""DiscountRate__c"" : 0.0000,
      ""Id"" : ""802JO0000054834YAA""
    } ],
    ""storeType"" : ""09"",
    ""storeTypeFour"" : ""NULL"",
    ""orderId"" : ""801JO00000IBgmMYAT"",
    ""TransactionJournal"" : [ {
      ""OrderNo__c"" : null,
      ""CouponNo"" : """",
      ""TransactionAmount"" : 850000.0000,
      ""DepositType__c"" : ""01"",
      ""PaymentMethod"" : ""01"",
      ""ActivityDate"" : ""20260508"",
      ""DeposiSeqNo__c"" : ""1"",
      ""DepositNo__c"" : ""DEP01V029""
    }, {
      ""OrderNo__c"" : null,
      ""CouponNo"" : ""COP2026MY0005;-;R4NYDTPA"",
      ""TransactionAmount"" : 50000.0000,
      ""DepositType__c"" : ""01"",
      ""PaymentMethod"" : ""90"",
      ""ActivityDate"" : ""20260508"",
      ""DeposiSeqNo__c"" : ""2"",
      ""DepositNo__c"" : ""DEP01V029""
    }, {
      ""OrderNo__c"" : null,
      ""CouponNo"" : """",
      ""TransactionAmount"" : 33000.0000,
      ""DepositType__c"" : ""01"",
      ""PaymentMethod"" : ""81"",
      ""ActivityDate"" : ""20260508"",
      ""DeposiSeqNo__c"" : ""3"",
      ""DepositNo__c"" : ""DEP01V029""
    } ],
    ""OrderItem"" : [ {
      ""DiscountRate__c"" : 0.0000,
      ""NetSalesUnitPrice__c"" : 500000.0000,
      ""isExclude"" : false,
      ""Quantity"" : 2,
      ""ProductCode"" : ""212500047"",
      ""Status__c"" : ""01"",
      ""OrderSeqNo__c"" : ""1""
    }, {
      ""DiscountRate__c"" : 0.0000,
      ""NetSalesUnitPrice__c"" : 500000.0000,
      ""isExclude"" : false,
      ""Quantity"" : 2,
      ""ProductCode"" : ""2A2600001"",
      ""Status__c"" : ""01"",
      ""OrderSeqNo__c"" : ""2""
    }, {
      ""DiscountRate__c"" : 0.0000,
      ""NetSalesUnitPrice__c"" : 500000.0000,
      ""isExclude"" : false,
      ""Quantity"" : 2,
      ""ProductCode"" : ""3A2600005"",
      ""Status__c"" : ""01"",
      ""OrderSeqNo__c"" : ""3""
    } ],
    ""PromotionNo__c"" : ""PRO202604161041"",
    ""Type"" : ""01"",
    ""OrderStatus__c"" : ""01"",
    ""ActualPaymentAmount__c"" : 3000000.0,
    ""OrderNo__c"" : ""SOR01V011"",
    ""MemberNo__c"" : ""TEST01007"",
    ""StoreCode__c"" : ""99998"",
    ""AccountId"" : ""1000""
  },
  ""code"" : 200
}"
a12JO000000Mg77YAC,2026-05-10T11:48:13.000+0000,OrderTrigger,,,
a12JO000000Mg78YAC,2026-05-10T11:48:14.000+0000,GdOrderApiControllerV1,/gd/v1/order,"{
    ""OrderNo__c"": ""SOR01V011"", 
    ""ActualPaymentAmount__c"": 3000000, 
    ""OrderStatus__c"": ""09"", 
    ""OrderItem"": [
        {
            ""OrderSeqNo__c"": ""1"",
            ""Status__c"": ""09"",
            ""ProductCode"": ""212500047"",
            ""Quantity"": 2,
            ""isExclude"": false,
            ""NetSalesUnitPrice__c"": 500000.0000,
            ""DiscountRate__c"": 0.0000
        },
        {
            ""OrderSeqNo__c"": ""2"",
            ""Status__c"": ""09"",
            ""ProductCode"": ""2A2600001"",
            ""Quantity"": 2,
            ""isExclude"": false,
            ""NetSalesUnitPrice__c"": 500000.0000,
            ""DiscountRate__c"": 0.0000
        },
        {
            ""OrderSeqNo__c"": ""3"",
            ""Status__c"": ""09"",
            ""ProductCode"": ""3A2600005"",
            ""Quantity"": 2,
            ""isExclude"": false,
            ""NetSalesUnitPrice__c"": 500000.0000,
            ""DiscountRate__c"": 0.0000
        }
    ],
    ""TransactionJournal"": [
        {
            ""DepositNo__c"": ""DEP01V029"",
            ""DeposiSeqNo__c"": ""1"",
            ""ActivityDate"": ""20260508"",
            ""PaymentMethod"": ""01"",
            ""DepositType__c"": ""01"",
            ""TransactionAmount"": 850000.0000,
            ""CouponNo"": """",
            ""OrderNo__c"": null
        },
        {
            ""DepositNo__c"": ""DEP01V029"",
            ""DeposiSeqNo__c"": ""2"",
            ""ActivityDate"": ""20260508"",
            ""PaymentMethod"": ""90"",
            ""DepositType__c"": ""01"",
            ""TransactionAmount"": 50000.0000,
            ""CouponNo"": ""COP2026MY0005;-;R4NYDTPA"",
            ""OrderNo__c"": null
        },
        {
            ""DepositNo__c"": ""DEP01V029"",
            ""DeposiSeqNo__c"": ""3"",
            ""ActivityDate"": ""20260508"",
            ""PaymentMethod"": ""81"",
            ""DepositType__c"": ""01"",
            ""TransactionAmount"": 33000.0000,
            ""CouponNo"": """",
            ""OrderNo__c"": null
        },
        {
            ""DepositNo__c"": ""DEP01V030"",
            ""DeposiSeqNo__c"": ""1"",
            ""ActivityDate"": ""20260508"",
            ""PaymentMethod"": ""01"",
            ""DepositType__c"": ""03"",
            ""TransactionAmount"": 850000.0000,
            ""CouponNo"": """",
            ""OrderNo__c"": null
        },
        {
            ""DepositNo__c"": ""DEP01V030"",
            ""DeposiSeqNo__c"": ""2"",
            ""ActivityDate"": ""20260508"",
            ""PaymentMethod"": ""90"",
            ""DepositType__c"": ""03"",
            ""TransactionAmount"": 50000.0000,
            ""CouponNo"": ""COP2026MY0005;-;R4NYDTPA"",
            ""OrderNo__c"": null
        },
        {
            ""DepositNo__c"": ""DEP01V030"",
            ""DeposiSeqNo__c"": ""3"",
            ""ActivityDate"": ""20260508"",
            ""PaymentMethod"": ""81"",
            ""DepositType__c"": ""03"",
            ""TransactionAmount"": 33000.0000,
            ""CouponNo"": """",
            ""OrderNo__c"": null
        }
    ]
}","{
  ""success"" : true,
  ""message"" : ""주문 수정 완료"",
  ""data"" : {
    ""CancelPointList"" : {
      ""RecreditPointList"" : [ {
        ""ExpiryDate"" : ""2028-05-01"",
        ""Name"" : ""기타포인트"",
        ""Point"" : 33000.0000
      } ]
    },
    ""orderId"" : ""801JO00000IBgmMYAT"",
    ""TransactionJournal"" : [ {
      ""OrderNo__c"" : null,
      ""CouponNo"" : """",
      ""TransactionAmount"" : 850000.0000,
      ""DepositType__c"" : ""01"",
      ""PaymentMethod"" : ""01"",
      ""ActivityDate"" : ""20260508"",
      ""DeposiSeqNo__c"" : ""1"",
      ""DepositNo__c"" : ""DEP01V029""
    }, {
      ""OrderNo__c"" : null,
      ""CouponNo"" : ""COP2026MY0005;-;R4NYDTPA"",
      ""TransactionAmount"" : 50000.0000,
      ""DepositType__c"" : ""01"",
      ""PaymentMethod"" : ""90"",
      ""ActivityDate"" : ""20260508"",
      ""DeposiSeqNo__c"" : ""2"",
      ""DepositNo__c"" : ""DEP01V029""
    }, {
      ""OrderNo__c"" : null,
      ""CouponNo"" : """",
      ""TransactionAmount"" : 33000.0000,
      ""DepositType__c"" : ""01"",
      ""PaymentMethod"" : ""81"",
      ""ActivityDate"" : ""20260508"",
      ""DeposiSeqNo__c"" : ""3"",
      ""DepositNo__c"" : ""DEP01V029""
    }, {
      ""OrderNo__c"" : null,
      ""CouponNo"" : """",
      ""TransactionAmount"" : 850000.0000,
      ""DepositType__c"" : ""03"",
      ""PaymentMethod"" : ""01"",
      ""ActivityDate"" : ""20260508"",
      ""DeposiSeqNo__c"" : ""1"",
      ""DepositNo__c"" : ""DEP01V030""
    }, {
      ""OrderNo__c"" : null,
      ""CouponNo"" : ""COP2026MY0005;-;R4NYDTPA"",
      ""TransactionAmount"" : 50000.0000,
      ""DepositType__c"" : ""03"",
      ""PaymentMethod"" : ""90"",
      ""ActivityDate"" : ""20260508"",
      ""DeposiSeqNo__c"" : ""2"",
      ""DepositNo__c"" : ""DEP01V030""
    }, {
      ""OrderNo__c"" : null,
      ""CouponNo"" : """",
      ""TransactionAmount"" : 33000.0000,
      ""DepositType__c"" : ""03"",
      ""PaymentMethod"" : ""81"",
      ""ActivityDate"" : ""20260508"",
      ""DeposiSeqNo__c"" : ""3"",
      ""DepositNo__c"" : ""DEP01V030""
    } ],
    ""OrderItem"" : [ {
      ""DiscountRate__c"" : 0.0000,
      ""NetSalesUnitPrice__c"" : 500000.0000,
      ""isExclude"" : false,
      ""Quantity"" : 2,
      ""ProductCode"" : ""212500047"",
      ""Status__c"" : ""09"",
      ""OrderSeqNo__c"" : ""1""
    }, {
      ""DiscountRate__c"" : 0.0000,
      ""NetSalesUnitPrice__c"" : 500000.0000,
      ""isExclude"" : false,
      ""Quantity"" : 2,
      ""ProductCode"" : ""2A2600001"",
      ""Status__c"" : ""09"",
      ""OrderSeqNo__c"" : ""2""
    }, {
      ""DiscountRate__c"" : 0.0000,
      ""NetSalesUnitPrice__c"" : 500000.0000,
      ""isExclude"" : false,
      ""Quantity"" : 2,
      ""ProductCode"" : ""3A2600005"",
      ""Status__c"" : ""09"",
      ""OrderSeqNo__c"" : ""3""
    } ],
    ""OrderStatus__c"" : ""09"",
    ""ActualPaymentAmount__c"" : 3000000,
    ""OrderNo__c"" : ""SOR01V011""
  },
  ""code"" : 200
}"
a12JO000000MgNBYA0,2026-05-10T11:49:37.000+0000,OrderTrigger,,,
a12JO000000MgNCYA0,2026-05-10T11:49:38.000+0000,OrderTriggerHandler,,,
a12JO000000MgNDYA0,2026-05-10T11:49:38.000+0000,OrderTrigger,,,
a12JO000000MgNEYA0,2026-05-10T11:49:38.000+0000,GdSaleApiControllerV1,/gd/v1/sale,"{
    ""AccountId"": ""GOLDENDEW"", 
    ""StoreCode__c"": ""99998"", 
    ""MemberNo__c"": ""TEST02009"", 
    ""SaleNo__c"": ""SAL04054"", 
    ""EndDate"": ""20260510"", 
    ""ActualPaymentAmount__c"": 540000.0, 
    ""SaleStatus__c"": ""01"", 
    ""PromotionNo__c"": ""PRO202604161041"", 
    ""OrderItem"": [ 
         {
            ""SaleSeqNo__c"": ""1"", 
            ""Status__c"": ""01"", 
            ""ProductCode"": ""TEST-001"", 
            ""Quantity"": 2, 
            ""isExclude"": false, 
            ""NetSalesUnitPrice__c"": 270000.0 
            
        }
        
        
        
        
        
        
        
        
        
        
        
        
        
        
        
        
        
        
        
    ],
    ""TransactionJournal"": [ 
           {
            ""DepositNo__c"": ""DEP040012"",
            ""DeposiSeqNo__c"": ""1"",
            ""ActivityDate"": ""20260510"",
            ""PaymentMethod"": ""03"",
            ""DepositType__c"": ""02"",
            ""TransactionAmount"": 500000.0,
            ""CouponNo"": """",
            ""OrderNo__c"": """"
        }
        ,
          {
            ""DepositNo__c"": ""DEP040013"",
            ""DeposiSeqNo__c"": ""2"",
            ""ActivityDate"": ""20260510"",
            ""PaymentMethod"": ""81"",
            ""DepositType__c"": ""02"",
            ""TransactionAmount"": 40000.0,
            ""CouponNo"": """",
            ""OrderNo__c"": """"
        }
        
        
        
        
        
        
        
        
        
        
        
        
        
        
        
        
        
        
        
        
        
        
        
        
        
        
        
        
        
        
        
        
        
        
        
        
        
        
        
        
        
        
        
        
    ],
    ""InsertId__c"": ""골든듀"" 
}","{
  ""success"" : true,
  ""message"" : ""판매 등록 완료"",
  ""data"" : {
    ""CreditPointList"" : [ {
      ""TX_REMARK"" : ""구매포인트|11cJO000001BAZlYAO|2.00"",
      ""PT_TARGET"" : 10000.0000,
      ""NO_SAL"" : null,
      ""NO_PROM_MBR"" : ""PRO202604161041"",
      ""NO_MBR"" : ""TEST02009"",
      ""NO_GRADE_ADVAN"" : ""03"",
      ""ID_INSERT"" : ""골든듀"",
      ""DTS_INSERT"" : ""2026-05-10 20:49:38"",
      ""DT_SAVE_PLAN"" : null,
      ""DT_LIMIT_START"" : ""2026-05-10 09:00:00"",
      ""DT_LIMIT_END"" : ""2028-05-10"",
      ""DT_DESTROY_PLAN"" : ""2028-05-11"",
      ""CD_TYPE_SAVE"" : ""Credit"",
      ""CD_TYPE_POINT"" : ""01"",
      ""CD_JOURNAL"" : ""05wJO0000004RXvYAM"",
      ""AM_SAL"" : 540000.0
    }, {
      ""TX_REMARK"" : ""사은포인트|11cJO000001BAY9YAO|3.00"",
      ""PT_TARGET"" : 15000.0000,
      ""NO_SAL"" : null,
      ""NO_PROM_MBR"" : ""PRO202604161041"",
      ""NO_MBR"" : ""TEST02009"",
      ""NO_GRADE_ADVAN"" : ""03"",
      ""ID_INSERT"" : ""골든듀"",
      ""DTS_INSERT"" : ""2026-05-10 20:49:38"",
      ""DT_SAVE_PLAN"" : null,
      ""DT_LIMIT_START"" : ""2026-05-10 09:00:00"",
      ""DT_LIMIT_END"" : ""2028-05-10"",
      ""DT_DESTROY_PLAN"" : ""2028-05-11"",
      ""CD_TYPE_SAVE"" : ""Credit"",
      ""CD_TYPE_POINT"" : ""01"",
      ""CD_JOURNAL"" : ""05wJO0000004RXwYAM"",
      ""AM_SAL"" : 540000.0
    } ],
    ""DebitPointList"" : [ {
      ""PT_USE"" : 30000.0000,
      ""NO_SAL_RTN"" : null,
      ""NO_SAL"" : ""SAL04054"",
      ""NO_MBR"" : ""TEST02009"",
      ""ID_INSERT"" : ""골든듀"",
      ""DTS_INSERT"" : ""2026-05-10 20:49:37"",
      ""CD_TYPE_POINT"" : ""06"",
      ""CD_RESON"" : ""1"",
      ""CD_LEDGER"" : ""05wJO0000004RXtYAM"",
      ""CD_JOURNAL"" : ""05wJO0000004RUgYAM"",
      ""AM_SAL"" : 540000.0
    }, {
      ""PT_USE"" : 10000.0000,
      ""NO_SAL_RTN"" : null,
      ""NO_SAL"" : ""SAL04054"",
      ""NO_MBR"" : ""TEST02009"",
      ""ID_INSERT"" : ""골든듀"",
      ""DTS_INSERT"" : ""2026-05-10 20:49:37"",
      ""CD_TYPE_POINT"" : ""01"",
      ""CD_RESON"" : ""1"",
      ""CD_LEDGER"" : ""05wJO0000004RXuYAM"",
      ""CD_JOURNAL"" : ""05wJO0000004RUfYAM"",
      ""AM_SAL"" : 540000.0
    } ],
    ""oiList"" : [ {
      ""attributes"" : {
        ""type"" : ""OrderItem"",
        ""url"" : ""/services/data/v67.0/sobjects/OrderItem/802JO0000054787YAA""
      },
      ""OrderId"" : ""801JO00000IBfaIYAT"",
      ""PricebookEntryId"" : ""01uJO0000011vRvYAI"",
      ""Quantity"" : 2,
      ""UnitPrice"" : 1000,
      ""SaleSeqNo__c"" : ""1"",
      ""SaleItemNo__c"" : ""801JO00000IBfaIYAT-1"",
      ""IsExclude__c"" : false,
      ""NetSalesUnitPrice__c"" : 270000.0,
      ""DiscountRate__c"" : null,
      ""Id"" : ""802JO0000054787YAA""
    } ],
    ""storeType"" : ""09"",
    ""storeTypeFour"" : ""NULL"",
    ""orderId"" : ""801JO00000IBfaIYAT"",
    ""InsertId__c"" : ""골든듀"",
    ""TransactionJournal"" : [ {
      ""OrderNo__c"" : """",
      ""CouponNo"" : """",
      ""TransactionAmount"" : 500000.0,
      ""DepositType__c"" : ""02"",
      ""PaymentMethod"" : ""03"",
      ""ActivityDate"" : ""20260510"",
      ""DeposiSeqNo__c"" : ""1"",
      ""DepositNo__c"" : ""DEP040012""
    }, {
      ""OrderNo__c"" : """",
      ""CouponNo"" : """",
      ""TransactionAmount"" : 40000.0,
      ""DepositType__c"" : ""02"",
      ""PaymentMethod"" : ""81"",
      ""ActivityDate"" : ""20260510"",
      ""DeposiSeqNo__c"" : ""2"",
      ""DepositNo__c"" : ""DEP040013""
    } ],
    ""OrderItem"" : [ {
      ""NetSalesUnitPrice__c"" : 270000.0,
      ""isExclude"" : false,
      ""Quantity"" : 2,
      ""ProductCode"" : ""TEST-001"",
      ""Status__c"" : ""01"",
      ""SaleSeqNo__c"" : ""1""
    } ],
    ""PromotionNo__c"" : ""PRO202604161041"",
    ""SaleStatus__c"" : ""01"",
    ""ActualPaymentAmount__c"" : 540000.0,
    ""EndDate"" : ""20260510"",
    ""SaleNo__c"" : ""SAL04054"",
    ""MemberNo__c"" : ""TEST02009"",
    ""StoreCode__c"" : ""99998"",
    ""AccountId"" : ""GOLDENDEW""
  },
  ""code"" : 200
}"
a12JO000000MegMYAS,2026-05-10T11:51:27.000+0000,OrderTrigger,,,
a12JO000000MegNYAS,2026-05-10T11:51:27.000+0000,OrderTriggerHandler,,,
a12JO000000MegOYAS,2026-05-10T11:51:27.000+0000,OrderTrigger,,,
a12JO000000MegPYAS,2026-05-10T11:51:27.000+0000,GdOrderApiControllerV1,/gd/v1/order,"{
    ""AccountId"": ""1000"",
    ""StoreCode__c"": ""99998"",
    ""MemberNo__c"": ""TEST01007"",
    ""OrderNo__c"": ""SOR01V012"",
    ""ActualPaymentAmount__c"": 3000000.0,
    ""OrderStatus__c"": ""01"",
    ""Type"": ""01"",
    ""PromotionNo__c"": ""PRO202604201055"",
    ""OrderItem"": [
        {
            ""OrderSeqNo__c"": ""1"",
            ""Status__c"": ""01"",
            ""ProductCode"": ""212500047"",
            ""Quantity"": 2,
            ""isExclude"": false,
            ""NetSalesUnitPrice__c"": 500000.0000,
            ""DiscountRate__c"": 0.0000
        },
        {
            ""OrderSeqNo__c"": ""2"",
            ""Status__c"": ""01"",
            ""ProductCode"": ""2A2600001"",
            ""Quantity"": 2,
            ""isExclude"": false,
            ""NetSalesUnitPrice__c"": 500000.0000,
            ""DiscountRate__c"": 0.0000
        },
        {
            ""OrderSeqNo__c"": ""3"",
            ""Status__c"": ""02"",
            ""ProductCode"": ""3A2600005"",
            ""Quantity"": 1,
            ""isExclude"": false,
            ""NetSalesUnitPrice__c"": 500000.0000,
            ""DiscountRate__c"": 0.0000
        }
    ],
    ""TransactionJournal"": [
        {
            ""DepositNo__c"": ""DEP01V031"",
            ""DeposiSeqNo__c"": ""1"",
            ""ActivityDate"": ""20260508"",
            ""PaymentMethod"": ""01"",
            ""DepositType__c"": ""01"",
            ""TransactionAmount"": 850000.0000,
            ""CouponNo"": """",
            ""OrderNo__c"": null
        },
        {
            ""DepositNo__c"": ""DEP01V031"",
            ""DeposiSeqNo__c"": ""2"",
            ""ActivityDate"": ""20260508"",
            ""PaymentMethod"": ""90"",
            ""DepositType__c"": ""01"",
            ""TransactionAmount"": 50000.0000,
            ""CouponNo"": ""COP2026MY0005;-;R4NYDTPA"",
            ""OrderNo__c"": null
        },
        {
            ""DepositNo__c"": ""DEP01V031"",
            ""DeposiSeqNo__c"": ""3"",
            ""ActivityDate"": ""20260508"",
            ""PaymentMethod"": ""81"",
            ""DepositType__c"": ""01"",
            ""TransactionAmount"": 33000.0000,
            ""CouponNo"": """",
            ""OrderNo__c"": null
        }
    ]
}","{
  ""success"" : true,
  ""message"" : ""주문 등록 완료"",
  ""data"" : {
    ""DebitPointList"" : [ {
      ""PT_USE"" : 6666.0000,
      ""NO_SAL_RTN"" : null,
      ""NO_SAL"" : ""SOR01V012"",
      ""NO_MBR"" : ""TEST01007"",
      ""ID_INSERT"" : null,
      ""DTS_INSERT"" : ""2026-05-10 20:51:27"",
      ""CD_TYPE_POINT"" : ""04"",
      ""CD_RESON"" : ""1"",
      ""CD_LEDGER"" : ""05wJO0000004QghYAE"",
      ""CD_JOURNAL"" : ""05wJO0000004PpUYAU"",
      ""AM_SAL"" : null
    }, {
      ""PT_USE"" : 26334.0000,
      ""NO_SAL_RTN"" : null,
      ""NO_SAL"" : ""SOR01V012"",
      ""NO_MBR"" : ""TEST01007"",
      ""ID_INSERT"" : null,
      ""DTS_INSERT"" : ""2026-05-10 20:51:27"",
      ""CD_TYPE_POINT"" : ""04"",
      ""CD_RESON"" : ""1"",
      ""CD_LEDGER"" : ""05wJO0000004QghYAE"",
      ""CD_JOURNAL"" : ""05wJO0000004RL0YAM"",
      ""AM_SAL"" : null
    } ],
    ""isGoldenBar"" : false,
    ""oiList"" : [ {
      ""attributes"" : {
        ""type"" : ""OrderItem"",
        ""url"" : ""/services/data/v67.0/sobjects/OrderItem/802JO00000549D7YAI""
      },
      ""OrderId"" : ""801JO00000IBerEYAT"",
      ""Status__c"" : ""01"",
      ""PricebookEntryId"" : ""01uJO000001RBvJYAW"",
      ""Quantity"" : 2,
      ""UnitPrice"" : 500000,
      ""OrderItemNo__c"" : ""801JO00000IBerEYAT-1"",
      ""IsExclude__c"" : false,
      ""NetSalesUnitPrice__c"" : 500000.0000,
      ""DiscountRate__c"" : 0.0000,
      ""Id"" : ""802JO00000549D7YAI""
    }, {
      ""attributes"" : {
        ""type"" : ""OrderItem"",
        ""url"" : ""/services/data/v67.0/sobjects/OrderItem/802JO00000549D8YAI""
      },
      ""OrderId"" : ""801JO00000IBerEYAT"",
      ""Status__c"" : ""01"",
      ""PricebookEntryId"" : ""01uJO000001R0w4YAC"",
      ""Quantity"" : 2,
      ""UnitPrice"" : 500000,
      ""OrderItemNo__c"" : ""801JO00000IBerEYAT-2"",
      ""IsExclude__c"" : false,
      ""NetSalesUnitPrice__c"" : 500000.0000,
      ""DiscountRate__c"" : 0.0000,
      ""Id"" : ""802JO00000549D8YAI""
    }, {
      ""attributes"" : {
        ""type"" : ""OrderItem"",
        ""url"" : ""/services/data/v67.0/sobjects/OrderItem/802JO00000549D9YAI""
      },
      ""OrderId"" : ""801JO00000IBerEYAT"",
      ""Status__c"" : ""02"",
      ""PricebookEntryId"" : ""01uJO000001RG0OYAW"",
      ""Quantity"" : 1,
      ""UnitPrice"" : 500000,
      ""OrderItemNo__c"" : ""801JO00000IBerEYAT-3"",
      ""IsExclude__c"" : false,
      ""NetSalesUnitPrice__c"" : 500000.0000,
      ""DiscountRate__c"" : 0.0000,
      ""Id"" : ""802JO00000549D9YAI""
    } ],
    ""storeType"" : ""09"",
    ""storeTypeFour"" : ""NULL"",
    ""orderId"" : ""801JO00000IBerEYAT"",
    ""TransactionJournal"" : [ {
      ""OrderNo__c"" : null,
      ""CouponNo"" : """",
      ""TransactionAmount"" : 850000.0000,
      ""DepositType__c"" : ""01"",
      ""PaymentMethod"" : ""01"",
      ""ActivityDate"" : ""20260508"",
      ""DeposiSeqNo__c"" : ""1"",
      ""DepositNo__c"" : ""DEP01V031""
    }, {
      ""OrderNo__c"" : null,
      ""CouponNo"" : ""COP2026MY0005;-;R4NYDTPA"",
      ""TransactionAmount"" : 50000.0000,
      ""DepositType__c"" : ""01"",
      ""PaymentMethod"" : ""90"",
      ""ActivityDate"" : ""20260508"",
      ""DeposiSeqNo__c"" : ""2"",
      ""DepositNo__c"" : ""DEP01V031""
    }, {
      ""OrderNo__c"" : null,
      ""CouponNo"" : """",
      ""TransactionAmount"" : 33000.0000,
      ""DepositType__c"" : ""01"",
      ""PaymentMethod"" : ""81"",
      ""ActivityDate"" : ""20260508"",
      ""DeposiSeqNo__c"" : ""3"",
      ""DepositNo__c"" : ""DEP01V031""
    } ],
    ""OrderItem"" : [ {
      ""DiscountRate__c"" : 0.0000,
      ""NetSalesUnitPrice__c"" : 500000.0000,
      ""isExclude"" : false,
      ""Quantity"" : 2,
      ""ProductCode"" : ""212500047"",
      ""Status__c"" : ""01"",
      ""OrderSeqNo__c"" : ""1""
    }, {
      ""DiscountRate__c"" : 0.0000,
      ""NetSalesUnitPrice__c"" : 500000.0000,
      ""isExclude"" : false,
      ""Quantity"" : 2,
      ""ProductCode"" : ""2A2600001"",
      ""Status__c"" : ""01"",
      ""OrderSeqNo__c"" : ""2""
    }, {
      ""DiscountRate__c"" : 0.0000,
      ""NetSalesUnitPrice__c"" : 500000.0000,
      ""isExclude"" : false,
      ""Quantity"" : 1,
      ""ProductCode"" : ""3A2600005"",
      ""Status__c"" : ""02"",
      ""OrderSeqNo__c"" : ""3""
    } ],
    ""PromotionNo__c"" : ""PRO202604201055"",
    ""Type"" : ""01"",
    ""OrderStatus__c"" : ""01"",
    ""ActualPaymentAmount__c"" : 3000000.0,
    ""OrderNo__c"" : ""SOR01V012"",
    ""MemberNo__c"" : ""TEST01007"",
    ""StoreCode__c"" : ""99998"",
    ""AccountId"" : ""1000""
  },
  ""code"" : 200
}"
a12JO000000Mf4YYAS,2026-05-10T11:51:47.000+0000,OrderTrigger,,,
a12JO000000Mf4ZYAS,2026-05-10T11:51:48.000+0000,OrderTriggerHandler,,,
a12JO000000Mf4aYAC,2026-05-10T11:51:48.000+0000,OrderTrigger,,,
a12JO000000Mf4bYAC,2026-05-10T11:51:48.000+0000,GdSaleApiControllerV1,/gd/v1/sale,"{
    ""AccountId"": ""1000"",
    ""StoreCode__c"": ""99998"",
    ""MemberNo__c"": ""TEST02008"",
    ""SaleNo__c"": ""SAL02V025"",
    ""ActualPaymentAmount__c"": 1000000.0,
    ""EndDate"": ""20260510"",
    ""SaleStatus__c"": ""01"",
    ""PromotionNo__c"": ""PRO202604161042"",
    ""OrderItem"": [
        {
            ""SaleSeqNo__c"": ""1"",
            ""OrderNo__c"": null,
            ""ProductCode"": ""2A2600001"",
            ""Quantity"": 2,
            ""isExclude"": false,
            ""NetSalesUnitPrice__c"": 500000.0000,
            ""DiscountRate__c"": 0.0000
        }
        
        
        
        
        
        
        
        
        
        
    ],
    ""TransactionJournal"": [
        
        
        
        
        
        
        
        
        
        
        
        {
            ""DepositNo__c"": ""DEP02V025"",
            ""DeposiSeqNo__c"": ""1"",
            ""ActivityDate"": ""20260510"",
            ""PaymentMethod"": ""01"",
            ""DepositType__c"": ""02"",
            ""TransactionAmount"": 1000000.0000,
            ""CouponNo"": """",
            ""OrderNo__c"": null
        }
        
        
        
        
        
        
        
        
        
        
        
        
        
        
        
        
        
        
        
        
        
        
    ]
}","{
  ""success"" : true,
  ""message"" : ""판매 등록 완료"",
  ""data"" : {
    ""CreditPointList"" : [ {
      ""TX_REMARK"" : ""구매포인트|11cJO000001BAZlYAO|2.00"",
      ""PT_TARGET"" : 20000.0000,
      ""NO_SAL"" : null,
      ""NO_PROM_MBR"" : ""PRO202604161042"",
      ""NO_MBR"" : ""TEST02008"",
      ""NO_GRADE_ADVAN"" : ""03"",
      ""ID_INSERT"" : null,
      ""DTS_INSERT"" : ""2026-05-10 20:51:48"",
      ""DT_SAVE_PLAN"" : null,
      ""DT_LIMIT_START"" : ""2026-05-10 09:00:00"",
      ""DT_LIMIT_END"" : ""2028-05-10"",
      ""DT_DESTROY_PLAN"" : ""2028-05-11"",
      ""CD_TYPE_SAVE"" : ""Credit"",
      ""CD_TYPE_POINT"" : ""01"",
      ""CD_JOURNAL"" : ""05wJO0000004RZVYA2"",
      ""AM_SAL"" : 1000000.0
    } ],
    ""oiList"" : [ {
      ""attributes"" : {
        ""type"" : ""OrderItem"",
        ""url"" : ""/services/data/v67.0/sobjects/OrderItem/802JO00000549EjYAI""
      },
      ""OrderId"" : ""801JO00000IBdroYAD"",
      ""PricebookEntryId"" : ""01uJO000001R0w4YAC"",
      ""Quantity"" : 2,
      ""UnitPrice"" : 500000,
      ""SaleSeqNo__c"" : ""1"",
      ""SaleItemNo__c"" : ""801JO00000IBdroYAD-1"",
      ""IsExclude__c"" : false,
      ""NetSalesUnitPrice__c"" : 500000.0000,
      ""DiscountRate__c"" : 0.0000,
      ""Id"" : ""802JO00000549EjYAI""
    } ],
    ""storeType"" : ""09"",
    ""storeTypeFour"" : ""NULL"",
    ""orderId"" : ""801JO00000IBdroYAD"",
    ""TransactionJournal"" : [ {
      ""OrderNo__c"" : null,
      ""CouponNo"" : """",
      ""TransactionAmount"" : 1000000.0000,
      ""DepositType__c"" : ""02"",
      ""PaymentMethod"" : ""01"",
      ""ActivityDate"" : ""20260510"",
      ""DeposiSeqNo__c"" : ""1"",
      ""DepositNo__c"" : ""DEP02V025""
    } ],
    ""OrderItem"" : [ {
      ""DiscountRate__c"" : 0.0000,
      ""NetSalesUnitPrice__c"" : 500000.0000,
      ""isExclude"" : false,
      ""Quantity"" : 2,
      ""ProductCode"" : ""2A2600001"",
      ""OrderNo__c"" : null,
      ""SaleSeqNo__c"" : ""1""
    } ],
    ""PromotionNo__c"" : ""PRO202604161042"",
    ""SaleStatus__c"" : ""01"",
    ""EndDate"" : ""20260510"",
    ""ActualPaymentAmount__c"" : 1000000.0,
    ""SaleNo__c"" : ""SAL02V025"",
    ""MemberNo__c"" : ""TEST02008"",
    ""StoreCode__c"" : ""99998"",
    ""AccountId"" : ""1000""
  },
  ""code"" : 200
}"
a12JO000000MgAIYA0,2026-05-10T11:53:09.000+0000,OrderTrigger,,,
a12JO000000MgAJYA0,2026-05-10T11:53:10.000+0000,OrderTrigger,,,
a12JO000000MgAKYA0,2026-05-10T11:53:10.000+0000,GdOrderApiControllerV1,/gd/v1/order,"{
    ""AccountId"": ""1000"",
    ""StoreCode__c"": ""99998"",
    ""MemberNo__c"": ""TEST01007"",
    ""OrderNo__c"": ""SOR01V012"",
    ""ActualPaymentAmount__c"": 3000000.0,
    ""OrderStatus__c"": ""01"",
    ""Type"": ""01"",
    ""PromotionNo__c"": ""PRO202604201055"",
    ""OrderItem"": [
        {
            ""OrderSeqNo__c"": ""1"",
            ""Status__c"": ""01"",
            ""ProductCode"": ""212500047"",
            ""Quantity"": 2,
            ""isExclude"": false,
            ""NetSalesUnitPrice__c"": 500000.0000,
            ""DiscountRate__c"": 0.0000
        },
        {
            ""OrderSeqNo__c"": ""2"",
            ""Status__c"": ""01"",
            ""ProductCode"": ""2A2600001"",
            ""Quantity"": 2,
            ""isExclude"": false,
            ""NetSalesUnitPrice__c"": 500000.0000,
            ""DiscountRate__c"": 0.0000
        },
        {
            ""OrderSeqNo__c"": ""3"",
            ""Status__c"": ""02"",
            ""ProductCode"": ""3A2600005"",
            ""Quantity"": 2,
            ""isExclude"": false,
            ""NetSalesUnitPrice__c"": 500000.0000,
            ""DiscountRate__c"": 0.0000
        }
    ],
    ""TransactionJournal"": [
        {
            ""DepositNo__c"": ""DEP01V031"",
            ""DeposiSeqNo__c"": ""1"",
            ""ActivityDate"": ""20260508"",
            ""PaymentMethod"": ""01"",
            ""DepositType__c"": ""01"",
            ""TransactionAmount"": 850000.0000,
            ""CouponNo"": """",
            ""OrderNo__c"": null
        },
        {
            ""DepositNo__c"": ""DEP01V031"",
            ""DeposiSeqNo__c"": ""2"",
            ""ActivityDate"": ""20260508"",
            ""PaymentMethod"": ""90"",
            ""DepositType__c"": ""01"",
            ""TransactionAmount"": 50000.0000,
            ""CouponNo"": ""COP2026MY0005;-;R4NYDTPA"",
            ""OrderNo__c"": null
        },
        {
            ""DepositNo__c"": ""DEP01V031"",
            ""DeposiSeqNo__c"": ""3"",
            ""ActivityDate"": ""20260508"",
            ""PaymentMethod"": ""81"",
            ""DepositType__c"": ""01"",
            ""TransactionAmount"": 33000.0000,
            ""CouponNo"": """",
            ""OrderNo__c"": null
        }
    ]
}","{
  ""success"" : true,
  ""message"" : ""주문 수정 완료"",
  ""data"" : {
    ""orderId"" : ""801JO00000IBerEYAT"",
    ""TransactionJournal"" : [ {
      ""OrderNo__c"" : null,
      ""CouponNo"" : """",
      ""TransactionAmount"" : 850000.0000,
      ""DepositType__c"" : ""01"",
      ""PaymentMethod"" : ""01"",
      ""ActivityDate"" : ""20260508"",
      ""DeposiSeqNo__c"" : ""1"",
      ""DepositNo__c"" : ""DEP01V031""
    }, {
      ""OrderNo__c"" : null,
      ""CouponNo"" : ""COP2026MY0005;-;R4NYDTPA"",
      ""TransactionAmount"" : 50000.0000,
      ""DepositType__c"" : ""01"",
      ""PaymentMethod"" : ""90"",
      ""ActivityDate"" : ""20260508"",
      ""DeposiSeqNo__c"" : ""2"",
      ""DepositNo__c"" : ""DEP01V031""
    }, {
      ""OrderNo__c"" : null,
      ""CouponNo"" : """",
      ""TransactionAmount"" : 33000.0000,
      ""DepositType__c"" : ""01"",
      ""PaymentMethod"" : ""81"",
      ""ActivityDate"" : ""20260508"",
      ""DeposiSeqNo__c"" : ""3"",
      ""DepositNo__c"" : ""DEP01V031""
    } ],
    ""OrderItem"" : [ {
      ""DiscountRate__c"" : 0.0000,
      ""NetSalesUnitPrice__c"" : 500000.0000,
      ""isExclude"" : false,
      ""Quantity"" : 2,
      ""ProductCode"" : ""212500047"",
      ""Status__c"" : ""01"",
      ""OrderSeqNo__c"" : ""1""
    }, {
      ""DiscountRate__c"" : 0.0000,
      ""NetSalesUnitPrice__c"" : 500000.0000,
      ""isExclude"" : false,
      ""Quantity"" : 2,
      ""ProductCode"" : ""2A2600001"",
      ""Status__c"" : ""01"",
      ""OrderSeqNo__c"" : ""2""
    }, {
      ""DiscountRate__c"" : 0.0000,
      ""NetSalesUnitPrice__c"" : 500000.0000,
      ""isExclude"" : false,
      ""Quantity"" : 2,
      ""ProductCode"" : ""3A2600005"",
      ""Status__c"" : ""02"",
      ""OrderSeqNo__c"" : ""3""
    } ],
    ""PromotionNo__c"" : ""PRO202604201055"",
    ""Type"" : ""01"",
    ""OrderStatus__c"" : ""01"",
    ""ActualPaymentAmount__c"" : 3000000.0,
    ""OrderNo__c"" : ""SOR01V012"",
    ""MemberNo__c"" : ""TEST01007"",
    ""StoreCode__c"" : ""99998"",
    ""AccountId"" : ""1000""
  },
  ""code"" : 200
}"
a12JO000000MeQHYA0,2026-05-10T11:54:17.000+0000,GdPointCreditApiControllerV1,/gd/v1/point/credit,"{
    ""MemberNo__c"": ""TEST02008"",
    ""PointsList"": [
        {
            ""point"": 6000.0,
            ""cd_type_point"": ""05""
        }
    ],
    ""SaleNo__c"": ""SAL02V025"",
    ""EndDate"": """"
}","{
  ""success"" : true,
  ""message"" : ""포인트 지급 성공"",
  ""data"" : {
    ""PointCreditList"" : [ {
      ""TX_REMARK"" : ""이벤트포인트"",
      ""PT_TARGET"" : 6000.0000,
      ""NO_SAL"" : null,
      ""NO_PROM_MBR"" : null,
      ""NO_MBR"" : ""TEST02008"",
      ""NO_GRADE_ADVAN"" : null,
      ""ID_INSERT"" : null,
      ""DTS_INSERT"" : ""2026-05-10 20:54:17"",
      ""DT_SAVE_PLAN"" : null,
      ""DT_LIMIT_START"" : ""2026-05-10 20:54:17"",
      ""DT_LIMIT_END"" : ""2028-05-10"",
      ""DT_DESTROY_PLAN"" : ""2028-05-11"",
      ""CD_TYPE_SAVE"" : ""Credit"",
      ""CD_TYPE_POINT"" : ""01"",
      ""CD_JOURNAL"" : ""05wJO0000004QOxYAM"",
      ""AM_SAL"" : null
    } ]
  },
  ""code"" : 200
}"
a12JO000000MgOnYAK,2026-05-10T11:55:17.000+0000,OrderTrigger,,,
a12JO000000MgOoYAK,2026-05-10T11:55:19.000+0000,OrderTriggerHandler,,,
a12JO000000MgOpYAK,2026-05-10T11:55:19.000+0000,OrderTrigger,,,
a12JO000000MgOqYAK,2026-05-10T11:55:19.000+0000,GdSaleApiControllerV1,/gd/v1/sale,"{
    ""AccountId"": ""1000"",
    ""StoreCode__c"": ""99998"",
    ""MemberNo__c"": ""TEST01007"",
    ""SaleNo__c"": ""SAL01V020"",
    ""ActualPaymentAmount__c"": 3000000.0,
    ""EndDate"": ""20260505"",
    ""SaleStatus__c"": ""01"",
    ""PromotionNo__c"": ""PRO202604201055"",
    ""OrderItem"": [
        {
            ""SaleSeqNo__c"": ""1"",
            ""OrderNo__c"": ""SOR01V012"",
            ""ProductCode"": ""212500047"",
            ""Quantity"": 2,
            ""isExclude"": false,
            ""NetSalesUnitPrice__c"": 500000.0000,
            ""DiscountRate__c"": 0.0000
        },
        {
            ""SaleSeqNo__c"": ""2"",
            ""OrderNo__c"": ""SOR01V012"",
            ""ProductCode"": ""2A2600001"",
            ""Quantity"": 2,
            ""isExclude"": false,
            ""NetSalesUnitPrice__c"": 500000.0000,
            ""DiscountRate__c"": 0.0000
        },
        {
            ""SaleSeqNo__c"": ""3"",
            ""OrderNo__c"": ""SOR01V012"",
            ""ProductCode"": ""3A2600005"",
            ""Quantity"": 2,
            ""isExclude"": false,
            ""NetSalesUnitPrice__c"": 500000.0000,
            ""DiscountRate__c"": 0.0000
        }
    ],
    ""TransactionJournal"": [
        {
            ""DepositNo__c"": ""DEP01V031"",
            ""DeposiSeqNo__c"": ""1"",
            ""ActivityDate"": ""20260505"",
            ""PaymentMethod"": ""01"",
            ""DepositType__c"": ""01"",
            ""TransactionAmount"": 850000.0000,
            ""CouponNo"": """",
            ""OrderNo__c"": ""SOR01V012""
        },
        {
            ""DepositNo__c"": ""DEP01V031"",
            ""DeposiSeqNo__c"": ""2"",
            ""ActivityDate"": ""20260505"",
            ""PaymentMethod"": ""90"",
            ""DepositType__c"": ""01"",
            ""TransactionAmount"": 50000.0000,
            ""CouponNo"": ""COP2026MY0005;-;R4NYDTPA"",
            ""OrderNo__c"": ""SOR01V012""
        },
        {
            ""DepositNo__c"": ""DEP01V031"",
            ""DeposiSeqNo__c"": ""3"",
            ""ActivityDate"": ""20260505"",
            ""PaymentMethod"": ""81"",
            ""DepositType__c"": ""01"",
            ""TransactionAmount"": 33000.0000,
            ""CouponNo"": """",
            ""OrderNo__c"": ""SOR01V012""
        },
        {
            ""DepositNo__c"": ""DEP01V032"",
            ""DeposiSeqNo__c"": ""1"",
            ""ActivityDate"": ""20260505"",
            ""PaymentMethod"": ""01"",
            ""DepositType__c"": ""02"",
            ""TransactionAmount"": 2067000.0000,
            ""CouponNo"": """",
            ""OrderNo__c"": null
        }
    ]
}","{
  ""success"" : true,
  ""message"" : ""판매 등록 완료"",
  ""data"" : {
    ""CreditPointList"" : [ {
      ""TX_REMARK"" : ""구매포인트|11cJO000001BAZlYAO|2.00"",
      ""PT_TARGET"" : 58340.0000,
      ""NO_SAL"" : null,
      ""NO_PROM_MBR"" : ""PRO202604201055"",
      ""NO_MBR"" : ""TEST01007"",
      ""NO_GRADE_ADVAN"" : ""04"",
      ""ID_INSERT"" : null,
      ""DTS_INSERT"" : ""2026-05-10 20:55:18"",
      ""DT_SAVE_PLAN"" : null,
      ""DT_LIMIT_START"" : ""2026-05-05 09:00:00"",
      ""DT_LIMIT_END"" : ""2028-05-05"",
      ""DT_DESTROY_PLAN"" : ""2028-05-06"",
      ""CD_TYPE_SAVE"" : ""Credit"",
      ""CD_TYPE_POINT"" : ""01"",
      ""CD_JOURNAL"" : ""05wJO0000004Rb7YAE"",
      ""AM_SAL"" : 3000000.0
    }, {
      ""TX_REMARK"" : ""사은포인트|11cJO000001BAY9YAO|3.00"",
      ""PT_TARGET"" : 87510.0000,
      ""NO_SAL"" : null,
      ""NO_PROM_MBR"" : ""PRO202604201055"",
      ""NO_MBR"" : ""TEST01007"",
      ""NO_GRADE_ADVAN"" : ""04"",
      ""ID_INSERT"" : null,
      ""DTS_INSERT"" : ""2026-05-10 20:55:18"",
      ""DT_SAVE_PLAN"" : null,
      ""DT_LIMIT_START"" : ""2026-05-05 09:00:00"",
      ""DT_LIMIT_END"" : ""2028-05-05"",
      ""DT_DESTROY_PLAN"" : ""2028-05-06"",
      ""CD_TYPE_SAVE"" : ""Credit"",
      ""CD_TYPE_POINT"" : ""01"",
      ""CD_JOURNAL"" : ""05wJO0000004Rb8YAE"",
      ""AM_SAL"" : 3000000.0
    }, {
      ""TX_REMARK"" : ""이벤트포인트|11cJO000001nThpYAE|3.00"",
      ""PT_TARGET"" : 87510.0000,
      ""NO_SAL"" : null,
      ""NO_PROM_MBR"" : ""PRO202604201055"",
      ""NO_MBR"" : ""TEST01007"",
      ""NO_GRADE_ADVAN"" : ""04"",
      ""ID_INSERT"" : null,
      ""DTS_INSERT"" : ""2026-05-10 20:55:18"",
      ""DT_SAVE_PLAN"" : null,
      ""DT_LIMIT_START"" : ""2026-05-05 09:00:00"",
      ""DT_LIMIT_END"" : ""2028-05-05"",
      ""DT_DESTROY_PLAN"" : ""2028-05-06"",
      ""CD_TYPE_SAVE"" : ""Credit"",
      ""CD_TYPE_POINT"" : ""07"",
      ""CD_JOURNAL"" : ""05wJO0000004Rb9YAE"",
      ""AM_SAL"" : 3000000.0
    }, {
      ""TX_REMARK"" : ""이벤트포인트|11cJO000001nThpYAE|3.00"",
      ""PT_TARGET"" : 87510.0000,
      ""NO_SAL"" : null,
      ""NO_PROM_MBR"" : ""PRO202604201055"",
      ""NO_MBR"" : ""TEST01007"",
      ""NO_GRADE_ADVAN"" : ""04"",
      ""ID_INSERT"" : null,
      ""DTS_INSERT"" : ""2026-05-10 20:55:18"",
      ""DT_SAVE_PLAN"" : null,
      ""DT_LIMIT_START"" : ""2026-05-05 09:00:00"",
      ""DT_LIMIT_END"" : ""2028-05-05"",
      ""DT_DESTROY_PLAN"" : ""2028-05-06"",
      ""CD_TYPE_SAVE"" : ""Credit"",
      ""CD_TYPE_POINT"" : ""07"",
      ""CD_JOURNAL"" : ""05wJO0000004RbAYAU"",
      ""AM_SAL"" : 3000000.0
    } ],
    ""oiList"" : [ {
      ""attributes"" : {
        ""type"" : ""OrderItem"",
        ""url"" : ""/services/data/v67.0/sobjects/OrderItem/802JO00000547GAYAY""
      },
      ""OrderId"" : ""801JO00000IBff2YAD"",
      ""PricebookEntryId"" : ""01uJO000001RBvJYAW"",
      ""Quantity"" : 2,
      ""UnitPrice"" : 500000,
      ""SaleSeqNo__c"" : ""1"",
      ""SaleItemNo__c"" : ""801JO00000IBff2YAD-1"",
      ""IsExclude__c"" : false,
      ""NetSalesUnitPrice__c"" : 500000.0000,
      ""DiscountRate__c"" : 0.0000,
      ""OrderId__c"" : ""801JO00000IBerEYAT"",
      ""Id"" : ""802JO00000547GAYAY""
    }, {
      ""attributes"" : {
        ""type"" : ""OrderItem"",
        ""url"" : ""/services/data/v67.0/sobjects/OrderItem/802JO00000547GBYAY""
      },
      ""OrderId"" : ""801JO00000IBff2YAD"",
      ""PricebookEntryId"" : ""01uJO000001R0w4YAC"",
      ""Quantity"" : 2,
      ""UnitPrice"" : 500000,
      ""SaleSeqNo__c"" : ""2"",
      ""SaleItemNo__c"" : ""801JO00000IBff2YAD-2"",
      ""IsExclude__c"" : false,
      ""NetSalesUnitPrice__c"" : 500000.0000,
      ""DiscountRate__c"" : 0.0000,
      ""OrderId__c"" : ""801JO00000IBerEYAT"",
      ""Id"" : ""802JO00000547GBYAY""
    }, {
      ""attributes"" : {
        ""type"" : ""OrderItem"",
        ""url"" : ""/services/data/v67.0/sobjects/OrderItem/802JO00000547GCYAY""
      },
      ""OrderId"" : ""801JO00000IBff2YAD"",
      ""PricebookEntryId"" : ""01uJO000001RG0OYAW"",
      ""Quantity"" : 2,
      ""UnitPrice"" : 500000,
      ""SaleSeqNo__c"" : ""3"",
      ""SaleItemNo__c"" : ""801JO00000IBff2YAD-3"",
      ""IsExclude__c"" : false,
      ""NetSalesUnitPrice__c"" : 500000.0000,
      ""DiscountRate__c"" : 0.0000,
      ""OrderId__c"" : ""801JO00000IBerEYAT"",
      ""Id"" : ""802JO00000547GCYAY""
    } ],
    ""storeType"" : ""09"",
    ""storeTypeFour"" : ""NULL"",
    ""orderId"" : ""801JO00000IBff2YAD"",
    ""TransactionJournal"" : [ {
      ""OrderNo__c"" : ""SOR01V012"",
      ""CouponNo"" : """",
      ""TransactionAmount"" : 850000.0000,
      ""DepositType__c"" : ""01"",
      ""PaymentMethod"" : ""01"",
      ""ActivityDate"" : ""20260505"",
      ""DeposiSeqNo__c"" : ""1"",
      ""DepositNo__c"" : ""DEP01V031""
    }, {
      ""OrderNo__c"" : ""SOR01V012"",
      ""CouponNo"" : ""COP2026MY0005;-;R4NYDTPA"",
      ""TransactionAmount"" : 50000.0000,
      ""DepositType__c"" : ""01"",
      ""PaymentMethod"" : ""90"",
      ""ActivityDate"" : ""20260505"",
      ""DeposiSeqNo__c"" : ""2"",
      ""DepositNo__c"" : ""DEP01V031""
    }, {
      ""OrderNo__c"" : ""SOR01V012"",
      ""CouponNo"" : """",
      ""TransactionAmount"" : 33000.0000,
      ""DepositType__c"" : ""01"",
      ""PaymentMethod"" : ""81"",
      ""ActivityDate"" : ""20260505"",
      ""DeposiSeqNo__c"" : ""3"",
      ""DepositNo__c"" : ""DEP01V031""
    }, {
      ""OrderNo__c"" : null,
      ""CouponNo"" : """",
      ""TransactionAmount"" : 2067000.0000,
      ""DepositType__c"" : ""02"",
      ""PaymentMethod"" : ""01"",
      ""ActivityDate"" : ""20260505"",
      ""DeposiSeqNo__c"" : ""1"",
      ""DepositNo__c"" : ""DEP01V032""
    } ],
    ""OrderItem"" : [ {
      ""DiscountRate__c"" : 0.0000,
      ""NetSalesUnitPrice__c"" : 500000.0000,
      ""isExclude"" : false,
      ""Quantity"" : 2,
      ""ProductCode"" : ""212500047"",
      ""OrderNo__c"" : ""SOR01V012"",
      ""SaleSeqNo__c"" : ""1""
    }, {
      ""DiscountRate__c"" : 0.0000,
      ""NetSalesUnitPrice__c"" : 500000.0000,
      ""isExclude"" : false,
      ""Quantity"" : 2,
      ""ProductCode"" : ""2A2600001"",
      ""OrderNo__c"" : ""SOR01V012"",
      ""SaleSeqNo__c"" : ""2""
    }, {
      ""DiscountRate__c"" : 0.0000,
      ""NetSalesUnitPrice__c"" : 500000.0000,
      ""isExclude"" : false,
      ""Quantity"" : 2,
      ""ProductCode"" : ""3A2600005"",
      ""OrderNo__c"" : ""SOR01V012"",
      ""SaleSeqNo__c"" : ""3""
    } ],
    ""PromotionNo__c"" : ""PRO202604201055"",
    ""SaleStatus__c"" : ""01"",
    ""EndDate"" : ""20260505"",
    ""ActualPaymentAmount__c"" : 3000000.0,
    ""SaleNo__c"" : ""SAL01V020"",
    ""MemberNo__c"" : ""TEST01007"",
    ""StoreCode__c"" : ""99998"",
    ""AccountId"" : ""1000""
  },
  ""code"" : 200
}"
a12JO000000MgQPYA0,2026-05-10T11:55:19.000+0000,OrderTrigger,,,
a12JO000000MgQQYA0,2026-05-10T11:55:21.000+0000,OrderTriggerHandler,,,
a12JO000000MgQRYA0,2026-05-10T11:55:21.000+0000,OrderTrigger,,,
a12JO000000MgQSYA0,2026-05-10T11:55:21.000+0000,GdReturnApiControllerV1,/gd/v1/return,"{
    ""SaleNo__c"": ""SAL02V026"", 
    ""OriginalOrderId"": ""SAL02V025"", 
    ""ActualPaymentAmount__c"": 500000, 
    ""OrderItem"": [ 
        {
            ""SaleSeqNo__c"": ""1"", 
            ""ProductCode"": ""2A2600001"", 
            ""Quantity"": -1, 
            ""isExclude"": false, 
            ""NetSalesUnitPrice__c"": 500000.0, 
            ""DiscountRate__c"": 0 
        }
    ],
    ""TransactionJournal"": [ 
        {
            ""DepositNo__c"": ""DEP02V026"", 
            ""DeposiSeqNo__c"": ""1"", 
            ""ActivityDate"": ""20260510"", 
            ""PaymentMethod"": ""01"", 
            ""DepositType__c"": ""03"", 
            ""TransactionAmount"": 500000, 
            ""CouponNo"": """" 
        }
        
        
        
        
        
        
        
        
        
        
        
        
        
        
        
        
        
        
        
        
    ],
    ""InsertId__c"": ""골든듀"" 
}","{
  ""success"" : true,
  ""message"" : ""반품 등록 완료"",
  ""data"" : {
    ""CancelPointsCreditedList"" : [ {
      ""PT_USE"" : 10000.0000,
      ""NO_SAL_RTN"" : null,
      ""NO_SAL"" : ""SAL02V025"",
      ""NO_MBR"" : ""TEST02008"",
      ""ID_INSERT"" : null,
      ""DTS_INSERT"" : ""2026-05-10 20:55:20"",
      ""CD_TYPE_POINT"" : ""01"",
      ""CD_RESON"" : ""6"",
      ""CD_LEDGER"" : ""05wJO0000004RcjYAE"",
      ""CD_JOURNAL"" : ""05wJO0000004RZVYA2"",
      ""AM_SAL"" : null
    } ],
    ""originalOrderId"" : ""801JO00000IBdroYAD"",
    ""orderId"" : ""801JO00000IBhP4YAL"",
    ""InsertId__c"" : ""골든듀"",
    ""TransactionJournal"" : [ {
      ""CouponNo"" : """",
      ""TransactionAmount"" : 500000,
      ""DepositType__c"" : ""03"",
      ""PaymentMethod"" : ""01"",
      ""ActivityDate"" : ""20260510"",
      ""DeposiSeqNo__c"" : ""1"",
      ""DepositNo__c"" : ""DEP02V026""
    } ],
    ""OrderItem"" : [ {
      ""DiscountRate__c"" : 0,
      ""NetSalesUnitPrice__c"" : 500000.0,
      ""isExclude"" : false,
      ""Quantity"" : -1,
      ""ProductCode"" : ""2A2600001"",
      ""SaleSeqNo__c"" : ""1""
    } ],
    ""ActualPaymentAmount__c"" : 500000,
    ""OriginalOrderId"" : ""SAL02V025"",
    ""SaleNo__c"" : ""SAL02V026""
  },
  ""code"" : 200
}"
a12JO000000MdxEYAS,2026-05-10T11:56:20.000+0000,OrderTrigger,,,
a12JO000000MdxFYAS,2026-05-10T11:56:21.000+0000,OrderTriggerHandler,,,
a12JO000000MdxGYAS,2026-05-10T11:56:21.000+0000,OrderTrigger,,,
a12JO000000MdxHYAS,2026-05-10T11:56:21.000+0000,GdReturnApiControllerV1,/gd/v1/return,"{
    ""SaleNo__c"": ""SAL02V027"", 
    ""OriginalOrderId"": ""SAL02V025"", 
    ""ActualPaymentAmount__c"": 500000, 
    ""OrderItem"": [ 
        {
            ""SaleSeqNo__c"": ""1"", 
            ""ProductCode"": ""2A2600001"", 
            ""Quantity"": -1, 
            ""isExclude"": false, 
            ""NetSalesUnitPrice__c"": 500000.0, 
            ""DiscountRate__c"": 0 
        }
    ],
    ""TransactionJournal"": [ 
        {
            ""DepositNo__c"": ""DEP02V027"", 
            ""DeposiSeqNo__c"": ""1"", 
            ""ActivityDate"": ""20260510"", 
            ""PaymentMethod"": ""01"", 
            ""DepositType__c"": ""03"", 
            ""TransactionAmount"": 500000, 
            ""CouponNo"": """" 
        }
        
        
        
        
        
        
        
        
        
        
        
        
        
        
        
        
        
        
        
        
    ],
    ""InsertId__c"": ""골든듀"" 
}","{
  ""success"" : true,
  ""message"" : ""반품 등록 완료"",
  ""data"" : {
    ""CancelPointsCreditedList"" : [ {
      ""PT_USE"" : 10000.0000,
      ""NO_SAL_RTN"" : null,
      ""NO_SAL"" : ""SAL02V025"",
      ""NO_MBR"" : ""TEST02008"",
      ""ID_INSERT"" : null,
      ""DTS_INSERT"" : ""2026-05-10 20:56:21"",
      ""CD_TYPE_POINT"" : ""01"",
      ""CD_RESON"" : ""6"",
      ""CD_LEDGER"" : ""05wJO0000004Pz8YAE"",
      ""CD_JOURNAL"" : ""05wJO0000004RZVYA2"",
      ""AM_SAL"" : null
    } ],
    ""originalOrderId"" : ""801JO00000IBdroYAD"",
    ""orderId"" : ""801JO00000IBepYYAT"",
    ""InsertId__c"" : ""골든듀"",
    ""TransactionJournal"" : [ {
      ""CouponNo"" : """",
      ""TransactionAmount"" : 500000,
      ""DepositType__c"" : ""03"",
      ""PaymentMethod"" : ""01"",
      ""ActivityDate"" : ""20260510"",
      ""DeposiSeqNo__c"" : ""1"",
      ""DepositNo__c"" : ""DEP02V027""
    } ],
    ""OrderItem"" : [ {
      ""DiscountRate__c"" : 0,
      ""NetSalesUnitPrice__c"" : 500000.0,
      ""isExclude"" : false,
      ""Quantity"" : -1,
      ""ProductCode"" : ""2A2600001"",
      ""SaleSeqNo__c"" : ""1""
    } ],
    ""ActualPaymentAmount__c"" : 500000,
    ""OriginalOrderId"" : ""SAL02V025"",
    ""SaleNo__c"" : ""SAL02V027""
  },
  ""code"" : 200
}"
a12JO000000MgS1YAK,2026-05-10T11:57:09.000+0000,ErpAsyncJob,callout:GoldenDewApiNC/Crm/CouponDetail,"{""couponDetailModels"":[{""no_mbr"":""TEST02008"",""no_man_coupon_mil"":""00218254"",""no_man_coupon"":""COP2026MY0005"",""id_insert"":""milvus""}]}","{""code"":0,""success"":false,""message"":""SQL - 회원이 존재하지 않습니다."",""data"":null}"
a12JO000000MgTdYAK,2026-05-10T11:57:49.000+0000,OrderTrigger,,,
a12JO000000MgTeYAK,2026-05-10T11:57:50.000+0000,OrderTriggerHandler,,,
a12JO000000MgTfYAK,2026-05-10T11:57:50.000+0000,OrderTrigger,,,
a12JO000000MgTgYAK,2026-05-10T11:57:50.000+0000,GdSaleApiControllerV1,/gd/v1/sale,"{
    ""AccountId"": ""GOLDENDEW"", 
    ""StoreCode__c"": ""99998"", 
    ""MemberNo__c"": ""TEST02009"", 
    ""SaleNo__c"": ""SAL04055"", 
    ""EndDate"": ""20260510"", 
    ""ActualPaymentAmount__c"": 330000.0, 
    ""SaleStatus__c"": ""01"", 
    ""PromotionNo__c"": ""PRO202604161041"", 
    ""OrderItem"": [ 
         {
            ""SaleSeqNo__c"": ""1"", 
            ""Status__c"": ""01"", 
            ""ProductCode"": ""TEST-002"", 
            ""Quantity"": 1, 
            ""isExclude"": false, 
            ""NetSalesUnitPrice__c"": 330000.0 
            
        }
        
        
        
        
        
        
        
        
        
        
        
        
        
        
        
        
        
        
        
    ],
    ""TransactionJournal"": [ 
           {
            ""DepositNo__c"": ""DEP040014"",
            ""DeposiSeqNo__c"": ""1"",
            ""ActivityDate"": ""20260510"",
            ""PaymentMethod"": ""03"",
            ""DepositType__c"": ""02"",
            ""TransactionAmount"": 300000.0,
            ""CouponNo"": """",
            ""OrderNo__c"": """"
        }
        ,
          {
            ""DepositNo__c"": ""DEP040015"",
            ""DeposiSeqNo__c"": ""2"",
            ""ActivityDate"": ""20260510"",
            ""PaymentMethod"": ""81"",
            ""DepositType__c"": ""02"",
            ""TransactionAmount"": 30000.0,
            ""CouponNo"": """",
            ""OrderNo__c"": """"
        }
        
        
        
        
        
        
        
        
        
        
        
        
        
        
        
        
        
        
        
        
        
        
        
        
        
        
        
        
        
        
        
        
        
        
        
        
        
        
        
        
        
        
        
        
    ],
    ""InsertId__c"": ""골든듀"" 
}","{
  ""success"" : true,
  ""message"" : ""판매 등록 완료"",
  ""data"" : {
    ""CreditPointList"" : [ {
      ""TX_REMARK"" : ""구매포인트|11cJO000001BAZlYAO|2.00"",
      ""PT_TARGET"" : 6000.0000,
      ""NO_SAL"" : null,
      ""NO_PROM_MBR"" : ""PRO202604161041"",
      ""NO_MBR"" : ""TEST02009"",
      ""NO_GRADE_ADVAN"" : ""03"",
      ""ID_INSERT"" : ""골든듀"",
      ""DTS_INSERT"" : ""2026-05-10 20:57:50"",
      ""DT_SAVE_PLAN"" : null,
      ""DT_LIMIT_START"" : ""2026-05-10 09:00:00"",
      ""DT_LIMIT_END"" : ""2028-05-10"",
      ""DT_DESTROY_PLAN"" : ""2028-05-11"",
      ""CD_TYPE_SAVE"" : ""Credit"",
      ""CD_TYPE_POINT"" : ""01"",
      ""CD_JOURNAL"" : ""05wJO0000004ReMYAU"",
      ""AM_SAL"" : 330000.0
    }, {
      ""TX_REMARK"" : ""사은포인트|11cJO000001BAY9YAO|3.00"",
      ""PT_TARGET"" : 9000.0000,
      ""NO_SAL"" : null,
      ""NO_PROM_MBR"" : ""PRO202604161041"",
      ""NO_MBR"" : ""TEST02009"",
      ""NO_GRADE_ADVAN"" : ""03"",
      ""ID_INSERT"" : ""골든듀"",
      ""DTS_INSERT"" : ""2026-05-10 20:57:50"",
      ""DT_SAVE_PLAN"" : null,
      ""DT_LIMIT_START"" : ""2026-05-10 09:00:00"",
      ""DT_LIMIT_END"" : ""2028-05-10"",
      ""DT_DESTROY_PLAN"" : ""2028-05-11"",
      ""CD_TYPE_SAVE"" : ""Credit"",
      ""CD_TYPE_POINT"" : ""01"",
      ""CD_JOURNAL"" : ""05wJO0000004ReNYAU"",
      ""AM_SAL"" : 330000.0
    } ],
    ""DebitPointList"" : [ {
      ""PT_USE"" : 30000.0000,
      ""NO_SAL_RTN"" : null,
      ""NO_SAL"" : ""SAL04055"",
      ""NO_MBR"" : ""TEST02009"",
      ""ID_INSERT"" : ""골든듀"",
      ""DTS_INSERT"" : ""2026-05-10 20:57:50"",
      ""CD_TYPE_POINT"" : ""01"",
      ""CD_RESON"" : ""1"",
      ""CD_LEDGER"" : ""05wJO0000004ReLYAU"",
      ""CD_JOURNAL"" : ""05wJO0000004RUfYAM"",
      ""AM_SAL"" : 330000.0
    } ],
    ""oiList"" : [ {
      ""attributes"" : {
        ""type"" : ""OrderItem"",
        ""url"" : ""/services/data/v67.0/sobjects/OrderItem/802JO00000549JZYAY""
      },
      ""OrderId"" : ""801JO00000IBhQfYAL"",
      ""PricebookEntryId"" : ""01uJO0000012a3dYAA"",
      ""Quantity"" : 1,
      ""UnitPrice"" : 100,
      ""SaleSeqNo__c"" : ""1"",
      ""SaleItemNo__c"" : ""801JO00000IBhQfYAL-1"",
      ""IsExclude__c"" : false,
      ""NetSalesUnitPrice__c"" : 330000.0,
      ""DiscountRate__c"" : null,
      ""Id"" : ""802JO00000549JZYAY""
    } ],
    ""storeType"" : ""09"",
    ""storeTypeFour"" : ""NULL"",
    ""orderId"" : ""801JO00000IBhQfYAL"",
    ""InsertId__c"" : ""골든듀"",
    ""TransactionJournal"" : [ {
      ""OrderNo__c"" : """",
      ""CouponNo"" : """",
      ""TransactionAmount"" : 300000.0,
      ""DepositType__c"" : ""02"",
      ""PaymentMethod"" : ""03"",
      ""ActivityDate"" : ""20260510"",
      ""DeposiSeqNo__c"" : ""1"",
      ""DepositNo__c"" : ""DEP040014""
    }, {
      ""OrderNo__c"" : """",
      ""CouponNo"" : """",
      ""TransactionAmount"" : 30000.0,
      ""DepositType__c"" : ""02"",
      ""PaymentMethod"" : ""81"",
      ""ActivityDate"" : ""20260510"",
      ""DeposiSeqNo__c"" : ""2"",
      ""DepositNo__c"" : ""DEP040015""
    } ],
    ""OrderItem"" : [ {
      ""NetSalesUnitPrice__c"" : 330000.0,
      ""isExclude"" : false,
      ""Quantity"" : 1,
      ""ProductCode"" : ""TEST-002"",
      ""Status__c"" : ""01"",
      ""SaleSeqNo__c"" : ""1""
    } ],
    ""PromotionNo__c"" : ""PRO202604161041"",
    ""SaleStatus__c"" : ""01"",
    ""ActualPaymentAmount__c"" : 330000.0,
    ""EndDate"" : ""20260510"",
    ""SaleNo__c"" : ""SAL04055"",
    ""MemberNo__c"" : ""TEST02009"",
    ""StoreCode__c"" : ""99998"",
    ""AccountId"" : ""GOLDENDEW""
  },
  ""code"" : 200
}"
a12JO000000MgVFYA0,2026-05-10T11:59:58.000+0000,OrderTrigger,,,
a12JO000000MgVGYA0,2026-05-10T12:00:00.000+0000,OrderTriggerHandler,,,
a12JO000000MgVHYA0,2026-05-10T12:00:00.000+0000,OrderTrigger,,,
a12JO000000MgVIYA0,2026-05-10T12:00:00.000+0000,GdSaleApiControllerV1,/gd/v1/sale,"{
    ""AccountId"": ""1000"",
    ""StoreCode__c"": ""99998"",
    ""MemberNo__c"": ""TEST02008"",
    ""SaleNo__c"": ""SAL02V028"",
    ""ActualPaymentAmount__c"": 1000000.0,
    ""EndDate"": ""20260510"",
    ""SaleStatus__c"": ""01"",
    ""PromotionNo__c"": ""PRO202605021072"",
    ""OrderItem"": [
        {
            ""SaleSeqNo__c"": ""1"",
            ""OrderNo__c"": null,
            ""ProductCode"": ""2A2600001"",
            ""Quantity"": 2,
            ""isExclude"": false,
            ""NetSalesUnitPrice__c"": 500000.0000,
            ""DiscountRate__c"": 0.0000
        }
        
        
        
        
        
        
        
        
        
        
    ],
    ""TransactionJournal"": [
        
        
        
        
        
        
        
        
        
        
        
        {
            ""DepositNo__c"": ""DEP02V028"",
            ""DeposiSeqNo__c"": ""1"",
            ""ActivityDate"": ""20260510"",
            ""PaymentMethod"": ""01"",
            ""DepositType__c"": ""02"",
            ""TransactionAmount"": 900000.0000,
            ""CouponNo"": """",
            ""OrderNo__c"": null
        }
        ,
        {
            ""DepositNo__c"": ""DEP02V028"",
            ""DeposiSeqNo__c"": ""2"",
            ""ActivityDate"": ""20260510"",
            ""PaymentMethod"": ""90"",
            ""DepositType__c"": ""02"",
            ""TransactionAmount"": 50000.0000,
            ""CouponNo"": ""COP2026MY0005;-;WJ64ZE9R"",
            ""OrderNo__c"": null
        }
        ,
        {
            ""DepositNo__c"": ""DEP02V028"",
            ""DeposiSeqNo__c"": ""3"",
            ""ActivityDate"": ""20260510"",
            ""PaymentMethod"": ""81"",
            ""DepositType__c"": ""02"",
            ""TransactionAmount"": 50000.0000,
            ""CouponNo"": """",
            ""OrderNo__c"": null
        }
    ]
}","{
  ""success"" : true,
  ""message"" : ""판매 등록 완료"",
  ""data"" : {
    ""CreditPointList"" : [ {
      ""TX_REMARK"" : ""구매포인트|11cJO000001BAZlYAO|2.00"",
      ""PT_TARGET"" : 18000.0000,
      ""NO_SAL"" : null,
      ""NO_PROM_MBR"" : ""PRO202605021072"",
      ""NO_MBR"" : ""TEST02008"",
      ""NO_GRADE_ADVAN"" : ""03"",
      ""ID_INSERT"" : null,
      ""DTS_INSERT"" : ""2026-05-10 20:59:59"",
      ""DT_SAVE_PLAN"" : null,
      ""DT_LIMIT_START"" : ""2026-05-10 09:00:00"",
      ""DT_LIMIT_END"" : ""2028-05-10"",
      ""DT_DESTROY_PLAN"" : ""2028-05-11"",
      ""CD_TYPE_SAVE"" : ""Credit"",
      ""CD_TYPE_POINT"" : ""01"",
      ""CD_JOURNAL"" : ""05wJO0000004RfyYAE"",
      ""AM_SAL"" : 1000000.0
    }, {
      ""TX_REMARK"" : ""사은포인트|11cJO000001BAY9YAO|3.00"",
      ""PT_TARGET"" : 27000.0000,
      ""NO_SAL"" : null,
      ""NO_PROM_MBR"" : ""PRO202605021072"",
      ""NO_MBR"" : ""TEST02008"",
      ""NO_GRADE_ADVAN"" : ""03"",
      ""ID_INSERT"" : null,
      ""DTS_INSERT"" : ""2026-05-10 20:59:59"",
      ""DT_SAVE_PLAN"" : null,
      ""DT_LIMIT_START"" : ""2026-05-10 09:00:00"",
      ""DT_LIMIT_END"" : ""2028-05-10"",
      ""DT_DESTROY_PLAN"" : ""2028-05-11"",
      ""CD_TYPE_SAVE"" : ""Credit"",
      ""CD_TYPE_POINT"" : ""01"",
      ""CD_JOURNAL"" : ""05wJO0000004RfzYAE"",
      ""AM_SAL"" : 1000000.0
    }, {
      ""TX_REMARK"" : ""이벤트포인트|11cJO000001nThpYAE|2.00"",
      ""PT_TARGET"" : 18000.0000,
      ""NO_SAL"" : null,
      ""NO_PROM_MBR"" : ""PRO202605021072"",
      ""NO_MBR"" : ""TEST02008"",
      ""NO_GRADE_ADVAN"" : ""03"",
      ""ID_INSERT"" : null,
      ""DTS_INSERT"" : ""2026-05-10 21:00:00"",
      ""DT_SAVE_PLAN"" : null,
      ""DT_LIMIT_START"" : ""2026-05-10 09:00:00"",
      ""DT_LIMIT_END"" : ""2028-05-10"",
      ""DT_DESTROY_PLAN"" : ""2028-05-11"",
      ""CD_TYPE_SAVE"" : ""Credit"",
      ""CD_TYPE_POINT"" : ""07"",
      ""CD_JOURNAL"" : ""05wJO0000004Rg0YAE"",
      ""AM_SAL"" : 1000000.0
    } ],
    ""DebitPointList"" : [ {
      ""PT_USE"" : 20000.0000,
      ""NO_SAL_RTN"" : null,
      ""NO_SAL"" : ""SAL02V028"",
      ""NO_MBR"" : ""TEST02008"",
      ""ID_INSERT"" : null,
      ""DTS_INSERT"" : ""2026-05-10 20:59:59"",
      ""CD_TYPE_POINT"" : ""04"",
      ""CD_RESON"" : ""1"",
      ""CD_LEDGER"" : ""05wJO0000004RfxYAE"",
      ""CD_JOURNAL"" : ""05wJO0000004RCvYAM"",
      ""AM_SAL"" : 1000000.0
    }, {
      ""PT_USE"" : 30000.0000,
      ""NO_SAL_RTN"" : null,
      ""NO_SAL"" : ""SAL02V028"",
      ""NO_MBR"" : ""TEST02008"",
      ""ID_INSERT"" : null,
      ""DTS_INSERT"" : ""2026-05-10 20:59:59"",
      ""CD_TYPE_POINT"" : ""04"",
      ""CD_RESON"" : ""1"",
      ""CD_LEDGER"" : ""05wJO0000004RfxYAE"",
      ""CD_JOURNAL"" : ""05wJO0000004PpZYAU"",
      ""AM_SAL"" : 1000000.0
    } ],
    ""oiList"" : [ {
      ""attributes"" : {
        ""type"" : ""OrderItem"",
        ""url"" : ""/services/data/v67.0/sobjects/OrderItem/802JO00000545uLYAQ""
      },
      ""OrderId"" : ""801JO00000IBcuJYAT"",
      ""PricebookEntryId"" : ""01uJO000001R0w4YAC"",
      ""Quantity"" : 2,
      ""UnitPrice"" : 500000,
      ""SaleSeqNo__c"" : ""1"",
      ""SaleItemNo__c"" : ""801JO00000IBcuJYAT-1"",
      ""IsExclude__c"" : false,
      ""NetSalesUnitPrice__c"" : 500000.0000,
      ""DiscountRate__c"" : 0.0000,
      ""Id"" : ""802JO00000545uLYAQ""
    } ],
    ""storeType"" : ""09"",
    ""storeTypeFour"" : ""NULL"",
    ""orderId"" : ""801JO00000IBcuJYAT"",
    ""TransactionJournal"" : [ {
      ""OrderNo__c"" : null,
      ""CouponNo"" : """",
      ""TransactionAmount"" : 900000.0000,
      ""DepositType__c"" : ""02"",
      ""PaymentMethod"" : ""01"",
      ""ActivityDate"" : ""20260510"",
      ""DeposiSeqNo__c"" : ""1"",
      ""DepositNo__c"" : ""DEP02V028""
    }, {
      ""OrderNo__c"" : null,
      ""CouponNo"" : ""COP2026MY0005;-;WJ64ZE9R"",
      ""TransactionAmount"" : 50000.0000,
      ""DepositType__c"" : ""02"",
      ""PaymentMethod"" : ""90"",
      ""ActivityDate"" : ""20260510"",
      ""DeposiSeqNo__c"" : ""2"",
      ""DepositNo__c"" : ""DEP02V028""
    }, {
      ""OrderNo__c"" : null,
      ""CouponNo"" : """",
      ""TransactionAmount"" : 50000.0000,
      ""DepositType__c"" : ""02"",
      ""PaymentMethod"" : ""81"",
      ""ActivityDate"" : ""20260510"",
      ""DeposiSeqNo__c"" : ""3"",
      ""DepositNo__c"" : ""DEP02V028""
    } ],
    ""OrderItem"" : [ {
      ""DiscountRate__c"" : 0.0000,
      ""NetSalesUnitPrice__c"" : 500000.0000,
      ""isExclude"" : false,
      ""Quantity"" : 2,
      ""ProductCode"" : ""2A2600001"",
      ""OrderNo__c"" : null,
      ""SaleSeqNo__c"" : ""1""
    } ],
    ""PromotionNo__c"" : ""PRO202605021072"",
    ""SaleStatus__c"" : ""01"",
    ""EndDate"" : ""20260510"",
    ""ActualPaymentAmount__c"" : 1000000.0,
    ""SaleNo__c"" : ""SAL02V028"",
    ""MemberNo__c"" : ""TEST02008"",
    ""StoreCode__c"" : ""99998"",
    ""AccountId"" : ""1000""
  },
  ""code"" : 200
}"
a12JO000000MgWrYAK,2026-05-10T12:00:46.000+0000,GdPointCreditApiControllerV1,/gd/v1/point/credit,"{
    ""MemberNo__c"": ""TEST02008"",
    ""PointsList"": [
        {
            ""point"": 6000.0,
            ""cd_type_point"": ""05""
        }
    ],
    ""SaleNo__c"": ""SAL02V028"",
    ""EndDate"": """"
}","{
  ""success"" : true,
  ""message"" : ""포인트 지급 성공"",
  ""data"" : {
    ""PointCreditList"" : [ {
      ""TX_REMARK"" : ""이벤트포인트"",
      ""PT_TARGET"" : 6000.0000,
      ""NO_SAL"" : null,
      ""NO_PROM_MBR"" : null,
      ""NO_MBR"" : ""TEST02008"",
      ""NO_GRADE_ADVAN"" : null,
      ""ID_INSERT"" : null,
      ""DTS_INSERT"" : ""2026-05-10 21:00:45"",
      ""DT_SAVE_PLAN"" : null,
      ""DT_LIMIT_START"" : ""2026-05-10 21:00:45"",
      ""DT_LIMIT_END"" : ""2028-05-10"",
      ""DT_DESTROY_PLAN"" : ""2028-05-11"",
      ""CD_TYPE_SAVE"" : ""Credit"",
      ""CD_TYPE_POINT"" : ""01"",
      ""CD_JOURNAL"" : ""05wJO0000004RhZYAU"",
      ""AM_SAL"" : null
    } ]
  },
  ""code"" : 200
}"
a12JO000000MgYTYA0,2026-05-10T12:00:49.000+0000,OrderTrigger,,,
a12JO000000MgYUYA0,2026-05-10T12:00:50.000+0000,OrderTriggerHandler,,,
a12JO000000MgYVYA0,2026-05-10T12:00:50.000+0000,OrderTrigger,,,
a12JO000000MgYWYA0,2026-05-10T12:00:50.000+0000,GdSaleApiControllerV1,/gd/v1/sale,"{
    ""AccountId"": ""GOLDENDEW"", 
    ""StoreCode__c"": ""99998"", 
    ""MemberNo__c"": ""TEST02009"", 
    ""SaleNo__c"": ""SAL04056"", 
    ""EndDate"": ""20260510"", 
    ""ActualPaymentAmount__c"": 210000.0, 
    ""SaleStatus__c"": ""01"", 
    ""PromotionNo__c"": ""PRO202604161041"", 
    ""OrderItem"": [ 
         {
            ""SaleSeqNo__c"": ""1"", 
            ""Status__c"": ""01"", 
            ""ProductCode"": ""TEST-001"", 
            ""Quantity"": 1, 
            ""isExclude"": false, 
            ""NetSalesUnitPrice__c"": 210000.0 
            
        }
        
        
        
        
        
        
        
        
        
        
        
        
        
        
        
        
        
        
        
    ],
    ""TransactionJournal"": [ 
           {
            ""DepositNo__c"": ""DEP040016"",
            ""DeposiSeqNo__c"": ""1"",
            ""ActivityDate"": ""20260510"",
            ""PaymentMethod"": ""03"",
            ""DepositType__c"": ""02"",
            ""TransactionAmount"": 200000.0,
            ""CouponNo"": """",
            ""OrderNo__c"": """"
        }
        ,
          {
            ""DepositNo__c"": ""DEP040017"",
            ""DeposiSeqNo__c"": ""2"",
            ""ActivityDate"": ""20260510"",
            ""PaymentMethod"": ""81"",
            ""DepositType__c"": ""02"",
            ""TransactionAmount"": 10000.0,
            ""CouponNo"": """",
            ""OrderNo__c"": """"
        }
        
        
        
        
        
        
        
        
        
        
        
        
        
        
        
        
        
        
        
        
        
        
        
        
        
        
        
        
        
        
        
        
        
        
        
        
        
        
        
        
        
        
        
        
    ],
    ""InsertId__c"": ""골든듀"" 
}","{
  ""success"" : true,
  ""message"" : ""판매 등록 완료"",
  ""data"" : {
    ""CreditPointList"" : [ {
      ""TX_REMARK"" : ""구매포인트|11cJO000001BAZlYAO|2.00"",
      ""PT_TARGET"" : 4000.0000,
      ""NO_SAL"" : null,
      ""NO_PROM_MBR"" : ""PRO202604161041"",
      ""NO_MBR"" : ""TEST02009"",
      ""NO_GRADE_ADVAN"" : ""03"",
      ""ID_INSERT"" : ""골든듀"",
      ""DTS_INSERT"" : ""2026-05-10 21:00:50"",
      ""DT_SAVE_PLAN"" : null,
      ""DT_LIMIT_START"" : ""2026-05-10 09:00:00"",
      ""DT_LIMIT_END"" : ""2028-05-10"",
      ""DT_DESTROY_PLAN"" : ""2028-05-11"",
      ""CD_TYPE_SAVE"" : ""Credit"",
      ""CD_TYPE_POINT"" : ""01"",
      ""CD_JOURNAL"" : ""05wJO0000004RjCYAU"",
      ""AM_SAL"" : 210000.0
    }, {
      ""TX_REMARK"" : ""사은포인트|11cJO000001BAY9YAO|3.00"",
      ""PT_TARGET"" : 6000.0000,
      ""NO_SAL"" : null,
      ""NO_PROM_MBR"" : ""PRO202604161041"",
      ""NO_MBR"" : ""TEST02009"",
      ""NO_GRADE_ADVAN"" : ""03"",
      ""ID_INSERT"" : ""골든듀"",
      ""DTS_INSERT"" : ""2026-05-10 21:00:50"",
      ""DT_SAVE_PLAN"" : null,
      ""DT_LIMIT_START"" : ""2026-05-10 09:00:00"",
      ""DT_LIMIT_END"" : ""2028-05-10"",
      ""DT_DESTROY_PLAN"" : ""2028-05-11"",
      ""CD_TYPE_SAVE"" : ""Credit"",
      ""CD_TYPE_POINT"" : ""01"",
      ""CD_JOURNAL"" : ""05wJO0000004RjDYAU"",
      ""AM_SAL"" : 210000.0
    } ],
    ""DebitPointList"" : [ {
      ""PT_USE"" : 10000.0000,
      ""NO_SAL_RTN"" : null,
      ""NO_SAL"" : ""SAL04056"",
      ""NO_MBR"" : ""TEST02009"",
      ""ID_INSERT"" : ""골든듀"",
      ""DTS_INSERT"" : ""2026-05-10 21:00:49"",
      ""CD_TYPE_POINT"" : ""06"",
      ""CD_RESON"" : ""1"",
      ""CD_LEDGER"" : ""05wJO0000004RjBYAU"",
      ""CD_JOURNAL"" : ""05wJO0000004RKzYAM"",
      ""AM_SAL"" : 210000.0
    } ],
    ""oiList"" : [ {
      ""attributes"" : {
        ""type"" : ""OrderItem"",
        ""url"" : ""/services/data/v67.0/sobjects/OrderItem/802JO00000549OPYAY""
      },
      ""OrderId"" : ""801JO00000IBehXYAT"",
      ""PricebookEntryId"" : ""01uJO0000011vRvYAI"",
      ""Quantity"" : 1,
      ""UnitPrice"" : 1000,
      ""SaleSeqNo__c"" : ""1"",
      ""SaleItemNo__c"" : ""801JO00000IBehXYAT-1"",
      ""IsExclude__c"" : false,
      ""NetSalesUnitPrice__c"" : 210000.0,
      ""DiscountRate__c"" : null,
      ""Id"" : ""802JO00000549OPYAY""
    } ],
    ""storeType"" : ""09"",
    ""storeTypeFour"" : ""NULL"",
    ""orderId"" : ""801JO00000IBehXYAT"",
    ""InsertId__c"" : ""골든듀"",
    ""TransactionJournal"" : [ {
      ""OrderNo__c"" : """",
      ""CouponNo"" : """",
      ""TransactionAmount"" : 200000.0,
      ""DepositType__c"" : ""02"",
      ""PaymentMethod"" : ""03"",
      ""ActivityDate"" : ""20260510"",
      ""DeposiSeqNo__c"" : ""1"",
      ""DepositNo__c"" : ""DEP040016""
    }, {
      ""OrderNo__c"" : """",
      ""CouponNo"" : """",
      ""TransactionAmount"" : 10000.0,
      ""DepositType__c"" : ""02"",
      ""PaymentMethod"" : ""81"",
      ""ActivityDate"" : ""20260510"",
      ""DeposiSeqNo__c"" : ""2"",
      ""DepositNo__c"" : ""DEP040017""
    } ],
    ""OrderItem"" : [ {
      ""NetSalesUnitPrice__c"" : 210000.0,
      ""isExclude"" : false,
      ""Quantity"" : 1,
      ""ProductCode"" : ""TEST-001"",
      ""Status__c"" : ""01"",
      ""SaleSeqNo__c"" : ""1""
    } ],
    ""PromotionNo__c"" : ""PRO202604161041"",
    ""SaleStatus__c"" : ""01"",
    ""ActualPaymentAmount__c"" : 210000.0,
    ""EndDate"" : ""20260510"",
    ""SaleNo__c"" : ""SAL04056"",
    ""MemberNo__c"" : ""TEST02009"",
    ""StoreCode__c"" : ""99998"",
    ""AccountId"" : ""GOLDENDEW""
  },
  ""code"" : 200
}"
a12JO000000Mga5YAC,2026-05-10T12:03:43.000+0000,OrderTrigger,,,
a12JO000000Mga6YAC,2026-05-10T12:03:45.000+0000,OrderTriggerHandler,,,
a12JO000000Mga7YAC,2026-05-10T12:03:45.000+0000,OrderTrigger,,,
a12JO000000Mga8YAC,2026-05-10T12:03:45.000+0000,GdReturnApiControllerV1,/gd/v1/return,"{
    ""SaleNo__c"": ""SAL02V029"", 
    ""OriginalOrderId"": ""SAL02V028"", 
    ""ActualPaymentAmount__c"": 500000, 
    ""OrderItem"": [ 
        {
            ""SaleSeqNo__c"": ""1"", 
            ""ProductCode"": ""2A2600001"", 
            ""Quantity"": -1, 
            ""isExclude"": false, 
            ""NetSalesUnitPrice__c"": 500000.0, 
            ""DiscountRate__c"": 0 
        }
    ],
    ""TransactionJournal"": [ 
        {
            ""DepositNo__c"": ""DEP02V029"", 
            ""DeposiSeqNo__c"": ""1"", 
            ""ActivityDate"": ""20260510"", 
            ""PaymentMethod"": ""01"", 
            ""DepositType__c"": ""03"", 
            ""TransactionAmount"": 475000, 
            ""CouponNo"": """" 
        }
        
        
        
        
        
        
        
        
        
        
        ,
        {
            ""DepositNo__c"": ""DEP02V029"", 
            ""DeposiSeqNo__c"": ""2"", 
            ""ActivityDate"": ""20260510"", 
            ""PaymentMethod"": ""81"", 
            ""DepositType__c"": ""03"", 
            ""TransactionAmount"": 25000, 
            ""CouponNo"": """" 
        }
    ],
    ""InsertId__c"": ""골든듀"" 
}","{
  ""success"" : true,
  ""message"" : ""반품 등록 완료"",
  ""data"" : {
    ""CancelPointsCreditedList"" : [ {
      ""PT_USE"" : 9500.0000,
      ""NO_SAL_RTN"" : null,
      ""NO_SAL"" : ""SAL02V028"",
      ""NO_MBR"" : ""TEST02008"",
      ""ID_INSERT"" : null,
      ""DTS_INSERT"" : ""2026-05-10 21:03:44"",
      ""CD_TYPE_POINT"" : ""01"",
      ""CD_RESON"" : ""6"",
      ""CD_LEDGER"" : ""05wJO0000004RkoYAE"",
      ""CD_JOURNAL"" : ""05wJO0000004RfyYAE"",
      ""AM_SAL"" : null
    }, {
      ""PT_USE"" : 14250.0000,
      ""NO_SAL_RTN"" : null,
      ""NO_SAL"" : ""SAL02V028"",
      ""NO_MBR"" : ""TEST02008"",
      ""ID_INSERT"" : null,
      ""DTS_INSERT"" : ""2026-05-10 21:03:44"",
      ""CD_TYPE_POINT"" : ""06"",
      ""CD_RESON"" : ""6"",
      ""CD_LEDGER"" : ""05wJO0000004RkpYAE"",
      ""CD_JOURNAL"" : ""05wJO0000004RfzYAE"",
      ""AM_SAL"" : null
    }, {
      ""PT_USE"" : 9500.0000,
      ""NO_SAL_RTN"" : null,
      ""NO_SAL"" : ""SAL02V028"",
      ""NO_MBR"" : ""TEST02008"",
      ""ID_INSERT"" : null,
      ""DTS_INSERT"" : ""2026-05-10 21:03:45"",
      ""CD_TYPE_POINT"" : ""07"",
      ""CD_RESON"" : ""6"",
      ""CD_LEDGER"" : ""05wJO0000004RkqYAE"",
      ""CD_JOURNAL"" : ""05wJO0000004Rg0YAE"",
      ""AM_SAL"" : null
    } ],
    ""CancelPointList"" : {
      ""RecreditPointList"" : [ {
        ""ExpiryDate"" : ""2028-05-01"",
        ""Name"" : ""기타포인트"",
        ""Point"" : 25000
      } ]
    },
    ""originalOrderId"" : ""801JO00000IBcuJYAT"",
    ""orderId"" : ""801JO00000IBhldYAD"",
    ""InsertId__c"" : ""골든듀"",
    ""TransactionJournal"" : [ {
      ""CouponNo"" : """",
      ""TransactionAmount"" : 475000,
      ""DepositType__c"" : ""03"",
      ""PaymentMethod"" : ""01"",
      ""ActivityDate"" : ""20260510"",
      ""DeposiSeqNo__c"" : ""1"",
      ""DepositNo__c"" : ""DEP02V029""
    }, {
      ""CouponNo"" : """",
      ""TransactionAmount"" : 25000,
      ""DepositType__c"" : ""03"",
      ""PaymentMethod"" : ""81"",
      ""ActivityDate"" : ""20260510"",
      ""DeposiSeqNo__c"" : ""2"",
      ""DepositNo__c"" : ""DEP02V029""
    } ],
    ""OrderItem"" : [ {
      ""DiscountRate__c"" : 0,
      ""NetSalesUnitPrice__c"" : 500000.0,
      ""isExclude"" : false,
      ""Quantity"" : -1,
      ""ProductCode"" : ""2A2600001"",
      ""SaleSeqNo__c"" : ""1""
    } ],
    ""ActualPaymentAmount__c"" : 500000,
    ""OriginalOrderId"" : ""SAL02V028"",
    ""SaleNo__c"" : ""SAL02V029""
  },
  ""code"" : 200
}"
a12JO000000MgbhYAC,2026-05-10T12:07:17.000+0000,GdReturnDepositApiControllerV1,"{""DeposiSeqNo__c"":""1"",""DepositNo__c"":""SAL02V029""}",,"{
  ""success"" : false,
  ""message"" : ""해당 입금 이력이 존재하지 않습니다. SAL02V029-1"",
  ""code"" : 400
}"
a12JO000000MgdJYAS,2026-05-10T12:07:31.000+0000,GdReturnDepositApiControllerV1,"{""DeposiSeqNo__c"":""1"",""DepositNo__c"":""SAL02V029""}",,"{
  ""success"" : false,
  ""message"" : ""해당 입금 이력이 존재하지 않습니다. SAL02V029-1"",
  ""code"" : 400
}"
a12JO000000MeA7YAK,2026-05-10T12:08:13.000+0000,GdReturnDepositApiControllerV1,"{""DeposiSeqNo__c"":""1"",""DepositNo__c"":""SAL02V029""}",,"{
  ""success"" : false,
  ""message"" : ""해당 입금 이력이 존재하지 않습니다. SAL02V029-1"",
  ""code"" : 400
}"
a12JO000000MgevYAC,2026-05-10T12:08:18.000+0000,GdReturnDepositApiControllerV1,"{""DeposiSeqNo__c"":""2"",""DepositNo__c"":""SAL02V029""}",,"{
  ""success"" : false,
  ""message"" : ""해당 입금 이력이 존재하지 않습니다. SAL02V029-2"",
  ""code"" : 400
}"
a12JO000000MgOrYAK,2026-05-10T12:08:44.000+0000,OrderTrigger,,,
a12JO000000MgOsYAK,2026-05-10T12:08:44.000+0000,OrderTrigger,,,
a12JO000000MgOtYAK,2026-05-10T12:08:44.000+0000,OrderTriggerHandler,,,
a12JO000000MgOuYAK,2026-05-10T12:08:44.000+0000,OrderTrigger,,,
a12JO000000MgOvYAK,2026-05-10T12:08:45.000+0000,GdReturnApiControllerV1,"{""SaleNo__c"":""SAL02V029""}",,"{
  ""success"" : true,
  ""message"" : ""[판매반품, 교환반품] 전체 삭제 완료"",
  ""data"" : {
    ""CancelPointList"" : [ ]
  },
  ""code"" : 200
}"
a12JO000000MggYYAS,2026-05-10T12:09:23.000+0000,GdReturnApiControllerV1,/gd/v1/return,"{
    ""SaleNo__c"": ""SAL04118"", 
    ""OriginalOrderId"": ""SAL04052"", 
    ""ActualPaymentAmount__c"": 2000000, 
    ""OrderItem"": [ 
        {
            ""SaleSeqNo__c"": ""1"", 
            ""ProductCode"": ""TEST-001"", 
            ""Quantity"": -1, 
            ""isExclude"": false, 
            ""NetSalesUnitPrice__c"": 2000000.0, 
            ""DiscountRate__c"": 0 
        }
    ],
    ""TransactionJournal"": [ 
        {
            ""DepositNo__c"": ""DEP040009"",
            ""DeposiSeqNo__c"": ""1"",
            ""ActivityDate"": ""20260510"",
            ""PaymentMethod"": ""03"",
            ""DepositType__c"": ""03"",
            ""TransactionAmount"": 2000000.0,
            ""CouponNo"": """"
            
        }
        
        
        
        
        
        
        
        
        
        
        
        
        
        
        
        
        
        
        
        
        
        
        
        
        
        
        
        
        
        
    ],
    ""InsertId__c"": ""골든듀"" 
}","{
  ""success"" : false,
  ""message"" : ""Insert failed. First exception on row 0; first error: DUPLICATE_VALUE, 중복 값 발견: DepositNo__c이(가) ID가 다음과 같은 레코드의 값과 중복됩니다. 0lVJO000000CIKY2A4: []"",
  ""code"" : 500
}"
a12JO000000MgiAYAS,2026-05-10T12:09:49.000+0000,GdReturnApiControllerV1,/gd/v1/return,"{
    ""SaleNo__c"": ""SAL04118"", 
    ""OriginalOrderId"": ""SAL04052"", 
    ""ActualPaymentAmount__c"": 2000000, 
    ""OrderItem"": [ 
        {
            ""SaleSeqNo__c"": ""1"", 
            ""ProductCode"": ""TEST-001"", 
            ""Quantity"": -1, 
            ""isExclude"": false, 
            ""NetSalesUnitPrice__c"": 2000000.0, 
            ""DiscountRate__c"": 0 
        }
    ],
    ""TransactionJournal"": [ 
        {
            ""DepositNo__c"": ""DEP040018"",
            ""DeposiSeqNo__c"": ""1"",
            ""ActivityDate"": ""20260510"",
            ""PaymentMethod"": ""03"",
            ""DepositType__c"": ""03"",
            ""TransactionAmount"": 2000000.0,
            ""CouponNo"": """"
            
        }
        
        
        
        
        
        
        
        
        
        
        
        
        
        
        
        
        
        
        
        
        
        
        
        
        
        
        
        
        
        
    ],
    ""InsertId__c"": ""골든듀"" 
}","{
  ""success"" : false,
  ""message"" : ""반품 입금 등록 불가 — 적립된 포인트가 다른 주문/판매에서 이미 사용되었습니다. 판매번호: SAL04053, SAL04054, SAL04055 / 입금번호: DEP040011-2, DEP040013-2, DEP040015-2"",
  ""code"" : 400
}"
a12JO000000MgjlYAC,2026-05-10T12:11:03.000+0000,OrderTrigger,,,
a12JO000000MZ8oYAG,2026-05-10T12:11:39.000+0000,OrderTrigger,,,
a12JO000000Mg0fYAC,2026-05-10T12:12:52.000+0000,GdSaleDepositApiControllerV1,"{""DeposiSeqNo__c"":""1"",""DepositNo__c"":""DEP040010""}",,"{
  ""success"" : true,
  ""message"" : ""판매 입금 삭제 삭제 완료"",
  ""data"" : {
    ""CancelCoupon"" : null,
    ""CancelPointsCreditedList"" : [ {
      ""PT_USE"" : 4000.0000,
      ""NO_SAL_RTN"" : null,
      ""NO_SAL"" : ""SAL04053"",
      ""NO_MBR"" : ""TEST02009"",
      ""ID_INSERT"" : null,
      ""DTS_INSERT"" : ""2026-05-10 21:12:52"",
      ""CD_TYPE_POINT"" : ""01"",
      ""CD_RESON"" : null,
      ""CD_LEDGER"" : ""05wJO0000004RmPYAU"",
      ""CD_JOURNAL"" : ""05wJO0000004R05YAE"",
      ""AM_SAL"" : null
    }, {
      ""PT_USE"" : 6000.0000,
      ""NO_SAL_RTN"" : null,
      ""NO_SAL"" : ""SAL04053"",
      ""NO_MBR"" : ""TEST02009"",
      ""ID_INSERT"" : null,
      ""DTS_INSERT"" : ""2026-05-10 21:12:52"",
      ""CD_TYPE_POINT"" : ""06"",
      ""CD_RESON"" : null,
      ""CD_LEDGER"" : ""05wJO0000004RmQYAU"",
      ""CD_JOURNAL"" : ""05wJO0000004R06YAE"",
      ""AM_SAL"" : null
    } ],
    ""CancelPointList"" : null
  },
  ""code"" : 200
}"
a12JO000000MgNFYA0,2026-05-10T12:12:57.000+0000,GdSaleDepositApiControllerV1,"{""DeposiSeqNo__c"":""2"",""DepositNo__c"":""DEP040011""}",,"{
  ""success"" : true,
  ""message"" : ""판매 입금 삭제 삭제 완료"",
  ""data"" : {
    ""CancelCoupon"" : null,
    ""CancelPointsCreditedList"" : null,
    ""CancelPointList"" : {
      ""RecreditPointList"" : [ {
        ""ExpiryDate"" : ""2028-05-04"",
        ""Name"" : ""사은포인트"",
        ""Point"" : 30000
      } ]
    }
  },
  ""code"" : 200
}"
a12JO000000MfsZYAS,2026-05-10T12:13:04.000+0000,OrderTrigger,,,
a12JO000000MfsaYAC,2026-05-10T12:13:05.000+0000,OrderTriggerHandler,,,
a12JO000000MfsbYAC,2026-05-10T12:13:05.000+0000,OrderTrigger,,,
a12JO000000MfscYAC,2026-05-10T12:13:05.000+0000,GdSaleApiControllerV1,"{""SaleNo__c"":""SAL04053""}",,"{
  ""success"" : true,
  ""message"" : ""판매 전체 삭제 완료"",
  ""data"" : { },
  ""code"" : 200
}"
a12JO000000MglNYAS,2026-05-10T12:25:28.000+0000,OrderTrigger,,,
a12JO000000MglOYAS,2026-05-10T12:25:29.000+0000,OrderTriggerHandler,,,
a12JO000000MglPYAS,2026-05-10T12:25:29.000+0000,OrderTrigger,,,
a12JO000000MglQYAS,2026-05-10T12:25:29.000+0000,GdReturnApiControllerV1,/gd/v1/return,"{
    ""SaleNo__c"": ""SAL04119"", 
    ""OriginalOrderId"": ""SAL04054"", 
    ""ActualPaymentAmount__c"": 540000, 
    ""OrderItem"": [ 
        {
            ""SaleSeqNo__c"": ""1"", 
            ""ProductCode"": ""TEST-001"", 
            ""Quantity"": -2, 
            ""isExclude"": false, 
            ""NetSalesUnitPrice__c"": 540000.0, 
            ""DiscountRate__c"": 0 
        }
    ],
    ""TransactionJournal"": [ 
        {
            ""DepositNo__c"": ""DEP040019"",
            ""DeposiSeqNo__c"": ""1"",
            ""ActivityDate"": ""20260510"",
            ""PaymentMethod"": ""03"",
            ""DepositType__c"": ""03"",
            ""TransactionAmount"": 500000.0,
            ""CouponNo"": """"
            
        }
        ,
        {
            ""DepositNo__c"": ""DEP040020"",
            ""DeposiSeqNo__c"": ""2"",
            ""ActivityDate"": ""20260510"",
            ""PaymentMethod"": ""81"",
            ""DepositType__c"": ""03"",
            ""TransactionAmount"": 40000.0,
            ""CouponNo"": """"
        }
        
        
        
        
        
        
        
        
        
        
        
        
        
        
        
        
        
        
        
        
    ],
    ""InsertId__c"": ""골든듀"" 
}","{
  ""success"" : true,
  ""message"" : ""반품 등록 완료"",
  ""data"" : {
    ""CancelPointsCreditedList"" : [ {
      ""PT_USE"" : 10000.0000,
      ""NO_SAL_RTN"" : null,
      ""NO_SAL"" : ""SAL04054"",
      ""NO_MBR"" : ""TEST02009"",
      ""ID_INSERT"" : null,
      ""DTS_INSERT"" : ""2026-05-10 21:25:29"",
      ""CD_TYPE_POINT"" : ""01"",
      ""CD_RESON"" : ""6"",
      ""CD_LEDGER"" : ""05wJO0000004Ro3YAE"",
      ""CD_JOURNAL"" : ""05wJO0000004RXvYAM"",
      ""AM_SAL"" : null
    }, {
      ""PT_USE"" : 15000.0000,
      ""NO_SAL_RTN"" : null,
      ""NO_SAL"" : ""SAL04054"",
      ""NO_MBR"" : ""TEST02009"",
      ""ID_INSERT"" : null,
      ""DTS_INSERT"" : ""2026-05-10 21:25:29"",
      ""CD_TYPE_POINT"" : ""06"",
      ""CD_RESON"" : ""6"",
      ""CD_LEDGER"" : ""05wJO0000004Ro4YAE"",
      ""CD_JOURNAL"" : ""05wJO0000004RXwYAM"",
      ""AM_SAL"" : null
    } ],
    ""CancelPointList"" : {
      ""RecreditPointList"" : [ {
        ""ExpiryDate"" : ""2028-05-04"",
        ""Name"" : ""구매포인트"",
        ""Point"" : 10000.0000
      }, {
        ""ExpiryDate"" : ""2028-05-04"",
        ""Name"" : ""사은포인트"",
        ""Point"" : 30000.0000
      } ]
    },
    ""originalOrderId"" : ""801JO00000IBfaIYAT"",
    ""orderId"" : ""801JO00000IBiTBYA1"",
    ""InsertId__c"" : ""골든듀"",
    ""TransactionJournal"" : [ {
      ""CouponNo"" : """",
      ""TransactionAmount"" : 500000.0,
      ""DepositType__c"" : ""03"",
      ""PaymentMethod"" : ""03"",
      ""ActivityDate"" : ""20260510"",
      ""DeposiSeqNo__c"" : ""1"",
      ""DepositNo__c"" : ""DEP040019""
    }, {
      ""CouponNo"" : """",
      ""TransactionAmount"" : 40000.0,
      ""DepositType__c"" : ""03"",
      ""PaymentMethod"" : ""81"",
      ""ActivityDate"" : ""20260510"",
      ""DeposiSeqNo__c"" : ""2"",
      ""DepositNo__c"" : ""DEP040020""
    } ],
    ""OrderItem"" : [ {
      ""DiscountRate__c"" : 0,
      ""NetSalesUnitPrice__c"" : 540000.0,
      ""isExclude"" : false,
      ""Quantity"" : -2,
      ""ProductCode"" : ""TEST-001"",
      ""SaleSeqNo__c"" : ""1""
    } ],
    ""ActualPaymentAmount__c"" : 540000,
    ""OriginalOrderId"" : ""SAL04054"",
    ""SaleNo__c"" : ""SAL04119""
  },
  ""code"" : 200
}"
a12JO000000MgmzYAC,2026-05-10T12:27:07.000+0000,GdReturnApiControllerV1,/gd/v1/return,"{
    ""SaleNo__c"": ""SAL04119"", 
    ""OriginalOrderId"": ""SAL04055"", 
    ""ActualPaymentAmount__c"": 330000, 
    ""OrderItem"": [ 
        {
            ""SaleSeqNo__c"": ""1"", 
            ""ProductCode"": ""TEST-002"", 
            ""Quantity"": -1, 
            ""isExclude"": false, 
            ""NetSalesUnitPrice__c"": 330000.0, 
            ""DiscountRate__c"": 0 
        }
    ],
    ""TransactionJournal"": [ 
        {
            ""DepositNo__c"": ""DEP040021"",
            ""DeposiSeqNo__c"": ""1"",
            ""ActivityDate"": ""20260510"",
            ""PaymentMethod"": ""03"",
            ""DepositType__c"": ""03"",
            ""TransactionAmount"": 300000.0,
            ""CouponNo"": """"
            
        }
        ,
        {
            ""DepositNo__c"": ""DEP040022"",
            ""DeposiSeqNo__c"": ""2"",
            ""ActivityDate"": ""20260510"",
            ""PaymentMethod"": ""81"",
            ""DepositType__c"": ""03"",
            ""TransactionAmount"": 30000.0,
            ""CouponNo"": """"
        }
        
        
        
        
        
        
        
        
        
        
        
        
        
        
        
        
        
        
        
        
    ],
    ""InsertId__c"": ""골든듀"" 
}","{
  ""success"" : false,
  ""message"" : ""SaleNo__c already exists."",
  ""code"" : 400
}"
a12JO000000MgobYAC,2026-05-10T12:27:27.000+0000,OrderTrigger,,,
a12JO000000MgocYAC,2026-05-10T12:27:31.000+0000,OrderTriggerHandler,,,
a12JO000000MgodYAC,2026-05-10T12:27:31.000+0000,OrderTrigger,,,
a12JO000000MgoeYAC,2026-05-10T12:27:31.000+0000,GdReturnApiControllerV1,/gd/v1/return,"{
    ""SaleNo__c"": ""SAL04120"", 
    ""OriginalOrderId"": ""SAL04055"", 
    ""ActualPaymentAmount__c"": 330000, 
    ""OrderItem"": [ 
        {
            ""SaleSeqNo__c"": ""1"", 
            ""ProductCode"": ""TEST-002"", 
            ""Quantity"": -1, 
            ""isExclude"": false, 
            ""NetSalesUnitPrice__c"": 330000.0, 
            ""DiscountRate__c"": 0 
        }
    ],
    ""TransactionJournal"": [ 
        {
            ""DepositNo__c"": ""DEP040021"",
            ""DeposiSeqNo__c"": ""1"",
            ""ActivityDate"": ""20260510"",
            ""PaymentMethod"": ""03"",
            ""DepositType__c"": ""03"",
            ""TransactionAmount"": 300000.0,
            ""CouponNo"": """"
            
        }
        ,
        {
            ""DepositNo__c"": ""DEP040022"",
            ""DeposiSeqNo__c"": ""2"",
            ""ActivityDate"": ""20260510"",
            ""PaymentMethod"": ""81"",
            ""DepositType__c"": ""03"",
            ""TransactionAmount"": 30000.0,
            ""CouponNo"": """"
        }
        
        
        
        
        
        
        
        
        
        
        
        
        
        
        
        
        
        
        
        
    ],
    ""InsertId__c"": ""골든듀"" 
}","{
  ""success"" : true,
  ""message"" : ""반품 등록 완료"",
  ""data"" : {
    ""CancelPointsCreditedList"" : [ {
      ""PT_USE"" : 6000.0000,
      ""NO_SAL_RTN"" : null,
      ""NO_SAL"" : ""SAL04055"",
      ""NO_MBR"" : ""TEST02009"",
      ""ID_INSERT"" : null,
      ""DTS_INSERT"" : ""2026-05-10 21:27:30"",
      ""CD_TYPE_POINT"" : ""01"",
      ""CD_RESON"" : ""6"",
      ""CD_LEDGER"" : ""05wJO0000004RpeYAE"",
      ""CD_JOURNAL"" : ""05wJO0000004ReMYAU"",
      ""AM_SAL"" : null
    }, {
      ""PT_USE"" : 9000.0000,
      ""NO_SAL_RTN"" : null,
      ""NO_SAL"" : ""SAL04055"",
      ""NO_MBR"" : ""TEST02009"",
      ""ID_INSERT"" : null,
      ""DTS_INSERT"" : ""2026-05-10 21:27:30"",
      ""CD_TYPE_POINT"" : ""06"",
      ""CD_RESON"" : ""6"",
      ""CD_LEDGER"" : ""05wJO0000004RpfYAE"",
      ""CD_JOURNAL"" : ""05wJO0000004ReNYAU"",
      ""AM_SAL"" : null
    } ],
    ""CancelPointList"" : {
      ""RecreditPointList"" : [ {
        ""ExpiryDate"" : ""2028-05-04"",
        ""Name"" : ""구매포인트"",
        ""Point"" : 30000.0
      } ]
    },
    ""originalOrderId"" : ""801JO00000IBhQfYAL"",
    ""orderId"" : ""801JO00000IBiszYAD"",
    ""InsertId__c"" : ""골든듀"",
    ""TransactionJournal"" : [ {
      ""CouponNo"" : """",
      ""TransactionAmount"" : 300000.0,
      ""DepositType__c"" : ""03"",
      ""PaymentMethod"" : ""03"",
      ""ActivityDate"" : ""20260510"",
      ""DeposiSeqNo__c"" : ""1"",
      ""DepositNo__c"" : ""DEP040021""
    }, {
      ""CouponNo"" : """",
      ""TransactionAmount"" : 30000.0,
      ""DepositType__c"" : ""03"",
      ""PaymentMethod"" : ""81"",
      ""ActivityDate"" : ""20260510"",
      ""DeposiSeqNo__c"" : ""2"",
      ""DepositNo__c"" : ""DEP040022""
    } ],
    ""OrderItem"" : [ {
      ""DiscountRate__c"" : 0,
      ""NetSalesUnitPrice__c"" : 330000.0,
      ""isExclude"" : false,
      ""Quantity"" : -1,
      ""ProductCode"" : ""TEST-002"",
      ""SaleSeqNo__c"" : ""1""
    } ],
    ""ActualPaymentAmount__c"" : 330000,
    ""OriginalOrderId"" : ""SAL04055"",
    ""SaleNo__c"" : ""SAL04120""
  },
  ""code"" : 200
}"
a12JO000000MgqDYAS,2026-05-10T12:29:26.000+0000,OrderTrigger,,,
a12JO000000MgqEYAS,2026-05-10T12:29:27.000+0000,OrderTriggerHandler,,,
a12JO000000MgqFYAS,2026-05-10T12:29:27.000+0000,OrderTrigger,,,
a12JO000000MgqGYAS,2026-05-10T12:29:27.000+0000,GdReturnApiControllerV1,/gd/v1/return,"{
    ""SaleNo__c"": ""SAL04121"", 
    ""OriginalOrderId"": ""SAL04052"", 
    ""ActualPaymentAmount__c"": 2000000, 
    ""OrderItem"": [ 
        {
            ""SaleSeqNo__c"": ""1"", 
            ""ProductCode"": ""TEST-001"", 
            ""Quantity"": -1, 
            ""isExclude"": false, 
            ""NetSalesUnitPrice__c"": 2000000.0, 
            ""DiscountRate__c"": 0 
        }
    ],
    ""TransactionJournal"": [ 
        {
            ""DepositNo__c"": ""DEP040023"",
            ""DeposiSeqNo__c"": ""1"",
            ""ActivityDate"": ""20260510"",
            ""PaymentMethod"": ""03"",
            ""DepositType__c"": ""03"",
            ""TransactionAmount"": 2000000.0,
            ""CouponNo"": """"
            
        }
        
        
        
        
        
        
        
        
        
        
        
        
        
        
        
        
        
        
        
        
        
        
        
        
        
        
        
        
        
        
    ],
    ""InsertId__c"": ""골든듀"" 
}","{
  ""success"" : true,
  ""message"" : ""반품 등록 완료"",
  ""data"" : {
    ""CancelPointsCreditedList"" : [ {
      ""PT_USE"" : 40000.0000,
      ""NO_SAL_RTN"" : null,
      ""NO_SAL"" : ""SAL04052"",
      ""NO_MBR"" : ""TEST02009"",
      ""ID_INSERT"" : null,
      ""DTS_INSERT"" : ""2026-05-10 21:29:27"",
      ""CD_TYPE_POINT"" : ""01"",
      ""CD_RESON"" : ""6"",
      ""CD_LEDGER"" : ""05wJO0000004RrFYAU"",
      ""CD_JOURNAL"" : ""05wJO0000004RUfYAM"",
      ""AM_SAL"" : null
    }, {
      ""PT_USE"" : 60000.0000,
      ""NO_SAL_RTN"" : null,
      ""NO_SAL"" : ""SAL04052"",
      ""NO_MBR"" : ""TEST02009"",
      ""ID_INSERT"" : null,
      ""DTS_INSERT"" : ""2026-05-10 21:29:27"",
      ""CD_TYPE_POINT"" : ""06"",
      ""CD_RESON"" : ""6"",
      ""CD_LEDGER"" : ""05wJO0000004RrGYAU"",
      ""CD_JOURNAL"" : ""05wJO0000004RUgYAM"",
      ""AM_SAL"" : null
    } ],
    ""originalOrderId"" : ""801JO00000IBeRMYA1"",
    ""orderId"" : ""801JO00000IBjPFYA1"",
    ""InsertId__c"" : ""골든듀"",
    ""TransactionJournal"" : [ {
      ""CouponNo"" : """",
      ""TransactionAmount"" : 2000000.0,
      ""DepositType__c"" : ""03"",
      ""PaymentMethod"" : ""03"",
      ""ActivityDate"" : ""20260510"",
      ""DeposiSeqNo__c"" : ""1"",
      ""DepositNo__c"" : ""DEP040023""
    } ],
    ""OrderItem"" : [ {
      ""DiscountRate__c"" : 0,
      ""NetSalesUnitPrice__c"" : 2000000.0,
      ""isExclude"" : false,
      ""Quantity"" : -1,
      ""ProductCode"" : ""TEST-001"",
      ""SaleSeqNo__c"" : ""1""
    } ],
    ""ActualPaymentAmount__c"" : 2000000,
    ""OriginalOrderId"" : ""SAL04052"",
    ""SaleNo__c"" : ""SAL04121""
  },
  ""code"" : 200
}"
a12JO000000Mgv4YAC,2026-05-10T12:33:33.000+0000,GdOrderApiControllerV1,/gd/v1/order,"{
    ""AccountId"": ""1000"",
    ""StoreCode__c"": ""99998"",
    ""MemberNo__c"": ""TEST01007"",
    ""OrderNo__c"": ""SOR01V013"",
    ""ActualPaymentAmount__c"": 1500000.0,
    ""OrderStatus__c"": ""01"",
    ""Type"": ""01"",
    ""PromotionNo__c"": ""PRO202604171053"",
    ""OrderItem"": [
        {
            ""OrderSeqNo__c"": ""1"",
            ""Status__c"": ""01"",
            ""ProductCode"": ""212500047"",
            ""Quantity"": 1,
            ""isExclude"": false,
            ""NetSalesUnitPrice__c"": 500000.0000,
            ""DiscountRate__c"": 0.0000
        },
        {
            ""OrderSeqNo__c"": ""2"",
            ""Status__c"": ""01"",
            ""ProductCode"": ""2A2600001"",
            ""Quantity"": 1,
            ""isExclude"": false,
            ""NetSalesUnitPrice__c"": 500000.0000,
            ""DiscountRate__c"": 0.0000
        },
        {
            ""OrderSeqNo__c"": ""3"",
            ""Status__c"": ""01"",
            ""ProductCode"": ""3A2600005"",
            ""Quantity"": 1,
            ""isExclude"": false,
            ""NetSalesUnitPrice__c"": 500000.0000,
            ""DiscountRate__c"": 0.0000
        }
    ],
    ""TransactionJournal"": [
        {
            ""DepositNo__c"": ""DEP01V033"",
            ""DeposiSeqNo__c"": ""1"",
            ""ActivityDate"": ""20260508"",
            ""PaymentMethod"": ""01"",
            ""DepositType__c"": ""01"",
            ""TransactionAmount"": 150000.0000,
            ""CouponNo"": """",
            ""OrderNo__c"": null
        },
        {
            ""DepositNo__c"": ""DEP01V033"",
            ""DeposiSeqNo__c"": ""2"",
            ""ActivityDate"": ""20260508"",
            ""PaymentMethod"": ""90"",
            ""DepositType__c"": ""01"",
            ""TransactionAmount"": 75000.0000,
            ""CouponNo"": ""COP2026MY0026;-;I62TLA2D"",
            ""OrderNo__c"": null
        },
        {
            ""DepositNo__c"": ""DEP01V033"",
            ""DeposiSeqNo__c"": ""3"",
            ""ActivityDate"": ""20260508"",
            ""PaymentMethod"": ""81"",
            ""DepositType__c"": ""01"",
            ""TransactionAmount"": 280000.0000,
            ""CouponNo"": """",
            ""OrderNo__c"": null
        }
    ]
}","{
  ""success"" : false,
  ""message"" : ""존재하지 않거나 이미 만료된 쿠폰입니다. COP2026MY0026;-;I62TLA2D"",
  ""code"" : 400
}"
a12JO000000MgwfYAC,2026-05-10T12:34:03.000+0000,ErpAsyncJob,callout:GoldenDewApiNC/Crm/CouponDetail,"{""couponDetailModels"":[{""no_mbr"":""TEST01007"",""no_man_coupon_mil"":""00218255"",""no_man_coupon"":""COP2026MY0026"",""id_insert"":""milvus""}]}","{""code"":0,""success"":false,""message"":""SQL - 회원이 존재하지 않습니다."",""data"":null}"
a12JO000000MgyHYAS,2026-05-10T12:34:20.000+0000,OrderTrigger,,,
a12JO000000MgyIYAS,2026-05-10T12:34:21.000+0000,OrderTriggerHandler,,,
a12JO000000MgyJYAS,2026-05-10T12:34:21.000+0000,OrderTrigger,,,
a12JO000000MgyKYAS,2026-05-10T12:34:21.000+0000,GdOrderApiControllerV1,/gd/v1/order,"{
    ""AccountId"": ""1000"",
    ""StoreCode__c"": ""99998"",
    ""MemberNo__c"": ""TEST01007"",
    ""OrderNo__c"": ""SOR01V013"",
    ""ActualPaymentAmount__c"": 1500000.0,
    ""OrderStatus__c"": ""01"",
    ""Type"": ""01"",
    ""PromotionNo__c"": ""PRO202604171053"",
    ""OrderItem"": [
        {
            ""OrderSeqNo__c"": ""1"",
            ""Status__c"": ""01"",
            ""ProductCode"": ""212500047"",
            ""Quantity"": 1,
            ""isExclude"": false,
            ""NetSalesUnitPrice__c"": 500000.0000,
            ""DiscountRate__c"": 0.0000
        },
        {
            ""OrderSeqNo__c"": ""2"",
            ""Status__c"": ""01"",
            ""ProductCode"": ""2A2600001"",
            ""Quantity"": 1,
            ""isExclude"": false,
            ""NetSalesUnitPrice__c"": 500000.0000,
            ""DiscountRate__c"": 0.0000
        },
        {
            ""OrderSeqNo__c"": ""3"",
            ""Status__c"": ""01"",
            ""ProductCode"": ""3A2600005"",
            ""Quantity"": 1,
            ""isExclude"": false,
            ""NetSalesUnitPrice__c"": 500000.0000,
            ""DiscountRate__c"": 0.0000
        }
    ],
    ""TransactionJournal"": [
        {
            ""DepositNo__c"": ""DEP01V033"",
            ""DeposiSeqNo__c"": ""1"",
            ""ActivityDate"": ""20260508"",
            ""PaymentMethod"": ""01"",
            ""DepositType__c"": ""01"",
            ""TransactionAmount"": 150000.0000,
            ""CouponNo"": """",
            ""OrderNo__c"": null
        },
        {
            ""DepositNo__c"": ""DEP01V033"",
            ""DeposiSeqNo__c"": ""2"",
            ""ActivityDate"": ""20260508"",
            ""PaymentMethod"": ""90"",
            ""DepositType__c"": ""01"",
            ""TransactionAmount"": 75000.0000,
            ""CouponNo"": ""COP2026MY0026;-;I62TLA2D"",
            ""OrderNo__c"": null
        },
        {
            ""DepositNo__c"": ""DEP01V033"",
            ""DeposiSeqNo__c"": ""3"",
            ""ActivityDate"": ""20260508"",
            ""PaymentMethod"": ""81"",
            ""DepositType__c"": ""01"",
            ""TransactionAmount"": 280000.0000,
            ""CouponNo"": """",
            ""OrderNo__c"": null
        }
    ]
}","{
  ""success"" : true,
  ""message"" : ""주문 등록 완료"",
  ""data"" : {
    ""DebitPointList"" : [ {
      ""PT_USE"" : 6666.0000,
      ""NO_SAL_RTN"" : null,
      ""NO_SAL"" : ""SOR01V013"",
      ""NO_MBR"" : ""TEST01007"",
      ""ID_INSERT"" : null,
      ""DTS_INSERT"" : ""2026-05-10 21:34:21"",
      ""CD_TYPE_POINT"" : ""04"",
      ""CD_RESON"" : ""1"",
      ""CD_LEDGER"" : ""05wJO0000004RsrYAE"",
      ""CD_JOURNAL"" : ""05wJO0000004RL0YAM"",
      ""AM_SAL"" : null
    }, {
      ""PT_USE"" : 87510.0000,
      ""NO_SAL_RTN"" : null,
      ""NO_SAL"" : ""SOR01V013"",
      ""NO_MBR"" : ""TEST01007"",
      ""ID_INSERT"" : null,
      ""DTS_INSERT"" : ""2026-05-10 21:34:21"",
      ""CD_TYPE_POINT"" : ""07"",
      ""CD_RESON"" : ""1"",
      ""CD_LEDGER"" : ""05wJO0000004RssYAE"",
      ""CD_JOURNAL"" : ""05wJO0000004RbAYAU"",
      ""AM_SAL"" : null
    }, {
      ""PT_USE"" : 87510.0000,
      ""NO_SAL_RTN"" : null,
      ""NO_SAL"" : ""SOR01V013"",
      ""NO_MBR"" : ""TEST01007"",
      ""ID_INSERT"" : null,
      ""DTS_INSERT"" : ""2026-05-10 21:34:21"",
      ""CD_TYPE_POINT"" : ""07"",
      ""CD_RESON"" : ""1"",
      ""CD_LEDGER"" : ""05wJO0000004RssYAE"",
      ""CD_JOURNAL"" : ""05wJO0000004Rb9YAE"",
      ""AM_SAL"" : null
    }, {
      ""PT_USE"" : 87510.0000,
      ""NO_SAL_RTN"" : null,
      ""NO_SAL"" : ""SOR01V013"",
      ""NO_MBR"" : ""TEST01007"",
      ""ID_INSERT"" : null,
      ""DTS_INSERT"" : ""2026-05-10 21:34:21"",
      ""CD_TYPE_POINT"" : ""06"",
      ""CD_RESON"" : ""1"",
      ""CD_LEDGER"" : ""05wJO0000004RstYAE"",
      ""CD_JOURNAL"" : ""05wJO0000004Rb8YAE"",
      ""AM_SAL"" : null
    }, {
      ""PT_USE"" : 10804.0000,
      ""NO_SAL_RTN"" : null,
      ""NO_SAL"" : ""SOR01V013"",
      ""NO_MBR"" : ""TEST01007"",
      ""ID_INSERT"" : null,
      ""DTS_INSERT"" : ""2026-05-10 21:34:21"",
      ""CD_TYPE_POINT"" : ""01"",
      ""CD_RESON"" : ""1"",
      ""CD_LEDGER"" : ""05wJO0000004RsuYAE"",
      ""CD_JOURNAL"" : ""05wJO0000004Rb7YAE"",
      ""AM_SAL"" : null
    } ],
    ""isGoldenBar"" : false,
    ""oiList"" : [ {
      ""attributes"" : {
        ""type"" : ""OrderItem"",
        ""url"" : ""/services/data/v67.0/sobjects/OrderItem/802JO0000054AU9YAM""
      },
      ""OrderId"" : ""801JO00000IBk20YAD"",
      ""Status__c"" : ""01"",
      ""PricebookEntryId"" : ""01uJO000001RBvJYAW"",
      ""Quantity"" : 1,
      ""UnitPrice"" : 500000,
      ""OrderItemNo__c"" : ""801JO00000IBk20YAD-1"",
      ""IsExclude__c"" : false,
      ""NetSalesUnitPrice__c"" : 500000.0000,
      ""DiscountRate__c"" : 0.0000,
      ""Id"" : ""802JO0000054AU9YAM""
    }, {
      ""attributes"" : {
        ""type"" : ""OrderItem"",
        ""url"" : ""/services/data/v67.0/sobjects/OrderItem/802JO0000054AUAYA2""
      },
      ""OrderId"" : ""801JO00000IBk20YAD"",
      ""Status__c"" : ""01"",
      ""PricebookEntryId"" : ""01uJO000001R0w4YAC"",
      ""Quantity"" : 1,
      ""UnitPrice"" : 500000,
      ""OrderItemNo__c"" : ""801JO00000IBk20YAD-2"",
      ""IsExclude__c"" : false,
      ""NetSalesUnitPrice__c"" : 500000.0000,
      ""DiscountRate__c"" : 0.0000,
      ""Id"" : ""802JO0000054AUAYA2""
    }, {
      ""attributes"" : {
        ""type"" : ""OrderItem"",
        ""url"" : ""/services/data/v67.0/sobjects/OrderItem/802JO0000054AUBYA2""
      },
      ""OrderId"" : ""801JO00000IBk20YAD"",
      ""Status__c"" : ""01"",
      ""PricebookEntryId"" : ""01uJO000001RG0OYAW"",
      ""Quantity"" : 1,
      ""UnitPrice"" : 500000,
      ""OrderItemNo__c"" : ""801JO00000IBk20YAD-3"",
      ""IsExclude__c"" : false,
      ""NetSalesUnitPrice__c"" : 500000.0000,
      ""DiscountRate__c"" : 0.0000,
      ""Id"" : ""802JO0000054AUBYA2""
    } ],
    ""storeType"" : ""09"",
    ""storeTypeFour"" : ""NULL"",
    ""orderId"" : ""801JO00000IBk20YAD"",
    ""TransactionJournal"" : [ {
      ""OrderNo__c"" : null,
      ""CouponNo"" : """",
      ""TransactionAmount"" : 150000.0000,
      ""DepositType__c"" : ""01"",
      ""PaymentMethod"" : ""01"",
      ""ActivityDate"" : ""20260508"",
      ""DeposiSeqNo__c"" : ""1"",
      ""DepositNo__c"" : ""DEP01V033""
    }, {
      ""OrderNo__c"" : null,
      ""CouponNo"" : ""COP2026MY0026;-;I62TLA2D"",
      ""TransactionAmount"" : 75000.0000,
      ""DepositType__c"" : ""01"",
      ""PaymentMethod"" : ""90"",
      ""ActivityDate"" : ""20260508"",
      ""DeposiSeqNo__c"" : ""2"",
      ""DepositNo__c"" : ""DEP01V033""
    }, {
      ""OrderNo__c"" : null,
      ""CouponNo"" : """",
      ""TransactionAmount"" : 280000.0000,
      ""DepositType__c"" : ""01"",
      ""PaymentMethod"" : ""81"",
      ""ActivityDate"" : ""20260508"",
      ""DeposiSeqNo__c"" : ""3"",
      ""DepositNo__c"" : ""DEP01V033""
    } ],
    ""OrderItem"" : [ {
      ""DiscountRate__c"" : 0.0000,
      ""NetSalesUnitPrice__c"" : 500000.0000,
      ""isExclude"" : false,
      ""Quantity"" : 1,
      ""ProductCode"" : ""212500047"",
      ""Status__c"" : ""01"",
      ""OrderSeqNo__c"" : ""1""
    }, {
      ""DiscountRate__c"" : 0.0000,
      ""NetSalesUnitPrice__c"" : 500000.0000,
      ""isExclude"" : false,
      ""Quantity"" : 1,
      ""ProductCode"" : ""2A2600001"",
      ""Status__c"" : ""01"",
      ""OrderSeqNo__c"" : ""2""
    }, {
      ""DiscountRate__c"" : 0.0000,
      ""NetSalesUnitPrice__c"" : 500000.0000,
      ""isExclude"" : false,
      ""Quantity"" : 1,
      ""ProductCode"" : ""3A2600005"",
      ""Status__c"" : ""01"",
      ""OrderSeqNo__c"" : ""3""
    } ],
    ""PromotionNo__c"" : ""PRO202604171053"",
    ""Type"" : ""01"",
    ""OrderStatus__c"" : ""01"",
    ""ActualPaymentAmount__c"" : 1500000.0,
    ""OrderNo__c"" : ""SOR01V013"",
    ""MemberNo__c"" : ""TEST01007"",
    ""StoreCode__c"" : ""99998"",
    ""AccountId"" : ""1000""
  },
  ""code"" : 200
}"
a12JO000000MgztYAC,2026-05-10T12:36:14.000+0000,ErpAsyncJob,callout:GoldenDewApiNC/Crm/CouponDetail,"{""couponDetailModels"":[{""no_mbr"":""TEST02009"",""no_man_coupon_mil"":""00218256"",""no_man_coupon"":""COP2026MY0003"",""id_insert"":""milvus""}]}","{""code"":0,""success"":false,""message"":""SQL - 회원이 존재하지 않습니다."",""data"":null}"
a12JO000000Mh1VYAS,2026-05-10T12:37:26.000+0000,OrderTrigger,,,
a12JO000000Mh1WYAS,2026-05-10T12:37:27.000+0000,OrderTriggerHandler,,,
a12JO000000Mh1XYAS,2026-05-10T12:37:27.000+0000,OrderTrigger,,,
a12JO000000Mh1YYAS,2026-05-10T12:37:27.000+0000,GdSaleApiControllerV1,/gd/v1/sale,"{
    ""AccountId"": ""1000"",
    ""StoreCode__c"": ""99998"",
    ""MemberNo__c"": ""TEST01007"",
    ""SaleNo__c"": ""SAL01V021"",
    ""ActualPaymentAmount__c"": 2500000.0,
    ""EndDate"": ""20260507"",
    ""SaleStatus__c"": ""01"",
    ""PromotionNo__c"": ""PRO202605021071"",
    ""OrderItem"": [
        {
            ""SaleSeqNo__c"": ""1"",
            ""OrderNo__c"": ""SOR01V010"",
            ""ProductCode"": ""212500046"",
            ""Quantity"": 1,
            ""isExclude"": false,
            ""NetSalesUnitPrice__c"": 500000.0000,
            ""DiscountRate__c"": 0.0000
        },
        {
            ""SaleSeqNo__c"": ""2"",
            ""OrderNo__c"": ""SOR01V012"",
            ""ProductCode"": ""212500047"",
            ""Quantity"": 2,
            ""isExclude"": false,
            ""NetSalesUnitPrice__c"": 500000.0000,
            ""DiscountRate__c"": 0.0000
        },
        {
            ""SaleSeqNo__c"": ""3"",
            ""OrderNo__c"": ""SOR01V012"",
            ""ProductCode"": ""2A2600001"",
            ""Quantity"": 2,
            ""isExclude"": false,
            ""NetSalesUnitPrice__c"": 500000.0000,
            ""DiscountRate__c"": 0.0000
        }
    ],
    ""TransactionJournal"": [
        {
            ""DepositNo__c"": ""DEP01V028"",
            ""DeposiSeqNo__c"": ""1"",
            ""ActivityDate"": ""20260507"",
            ""PaymentMethod"": ""01"",
            ""DepositType__c"": ""01"",
            ""TransactionAmount"": 250000.0000,
            ""CouponNo"": """",
            ""OrderNo__c"": ""SOR01V012""
        },
        {
            ""DepositNo__c"": ""DEP01V034"",
            ""DeposiSeqNo__c"": ""1"",
            ""ActivityDate"": ""20260507"",
            ""PaymentMethod"": ""01"",
            ""DepositType__c"": ""02"",
            ""TransactionAmount"": 2250000.0000,
            ""CouponNo"": """",
            ""OrderNo__c"": null
        }
    ]
}","{
  ""success"" : true,
  ""message"" : ""판매 등록 완료"",
  ""data"" : {
    ""CreditPointList"" : [ {
      ""TX_REMARK"" : ""구매포인트|11cJO000001BAZlYAO|2.00"",
      ""PT_TARGET"" : 45000.0000,
      ""NO_SAL"" : null,
      ""NO_PROM_MBR"" : ""PRO202605021071"",
      ""NO_MBR"" : ""TEST01007"",
      ""NO_GRADE_ADVAN"" : ""04"",
      ""ID_INSERT"" : null,
      ""DTS_INSERT"" : ""2026-05-10 21:37:26"",
      ""DT_SAVE_PLAN"" : null,
      ""DT_LIMIT_START"" : ""2026-05-07 09:00:00"",
      ""DT_LIMIT_END"" : ""2028-05-07"",
      ""DT_DESTROY_PLAN"" : ""2028-05-08"",
      ""CD_TYPE_SAVE"" : ""Credit"",
      ""CD_TYPE_POINT"" : ""01"",
      ""CD_JOURNAL"" : ""05wJO0000004RuTYAU"",
      ""AM_SAL"" : 2500000.0
    } ],
    ""oiList"" : [ {
      ""attributes"" : {
        ""type"" : ""OrderItem"",
        ""url"" : ""/services/data/v67.0/sobjects/OrderItem/802JO0000054AcDYAU""
      },
      ""OrderId"" : ""801JO00000IBjVjYAL"",
      ""PricebookEntryId"" : ""01uJO000001RBvIYAW"",
      ""Quantity"" : 1,
      ""UnitPrice"" : 400000,
      ""SaleSeqNo__c"" : ""1"",
      ""SaleItemNo__c"" : ""801JO00000IBjVjYAL-1"",
      ""IsExclude__c"" : false,
      ""NetSalesUnitPrice__c"" : 500000.0000,
      ""DiscountRate__c"" : 0.0000,
      ""OrderId__c"" : ""801JO00000IBgODYA1"",
      ""Id"" : ""802JO0000054AcDYAU""
    }, {
      ""attributes"" : {
        ""type"" : ""OrderItem"",
        ""url"" : ""/services/data/v67.0/sobjects/OrderItem/802JO0000054AcEYAU""
      },
      ""OrderId"" : ""801JO00000IBjVjYAL"",
      ""PricebookEntryId"" : ""01uJO000001RBvJYAW"",
      ""Quantity"" : 2,
      ""UnitPrice"" : 500000,
      ""SaleSeqNo__c"" : ""2"",
      ""SaleItemNo__c"" : ""801JO00000IBjVjYAL-2"",
      ""IsExclude__c"" : false,
      ""NetSalesUnitPrice__c"" : 500000.0000,
      ""DiscountRate__c"" : 0.0000,
      ""OrderId__c"" : ""801JO00000IBerEYAT"",
      ""Id"" : ""802JO0000054AcEYAU""
    }, {
      ""attributes"" : {
        ""type"" : ""OrderItem"",
        ""url"" : ""/services/data/v67.0/sobjects/OrderItem/802JO0000054AcFYAU""
      },
      ""OrderId"" : ""801JO00000IBjVjYAL"",
      ""PricebookEntryId"" : ""01uJO000001R0w4YAC"",
      ""Quantity"" : 2,
      ""UnitPrice"" : 500000,
      ""SaleSeqNo__c"" : ""3"",
      ""SaleItemNo__c"" : ""801JO00000IBjVjYAL-3"",
      ""IsExclude__c"" : false,
      ""NetSalesUnitPrice__c"" : 500000.0000,
      ""DiscountRate__c"" : 0.0000,
      ""OrderId__c"" : ""801JO00000IBerEYAT"",
      ""Id"" : ""802JO0000054AcFYAU""
    } ],
    ""storeType"" : ""09"",
    ""storeTypeFour"" : ""NULL"",
    ""orderId"" : ""801JO00000IBjVjYAL"",
    ""TransactionJournal"" : [ {
      ""OrderNo__c"" : ""SOR01V012"",
      ""CouponNo"" : """",
      ""TransactionAmount"" : 250000.0000,
      ""DepositType__c"" : ""01"",
      ""PaymentMethod"" : ""01"",
      ""ActivityDate"" : ""20260507"",
      ""DeposiSeqNo__c"" : ""1"",
      ""DepositNo__c"" : ""DEP01V028""
    }, {
      ""OrderNo__c"" : null,
      ""CouponNo"" : """",
      ""TransactionAmount"" : 2250000.0000,
      ""DepositType__c"" : ""02"",
      ""PaymentMethod"" : ""01"",
      ""ActivityDate"" : ""20260507"",
      ""DeposiSeqNo__c"" : ""1"",
      ""DepositNo__c"" : ""DEP01V034""
    } ],
    ""OrderItem"" : [ {
      ""DiscountRate__c"" : 0.0000,
      ""NetSalesUnitPrice__c"" : 500000.0000,
      ""isExclude"" : false,
      ""Quantity"" : 1,
      ""ProductCode"" : ""212500046"",
      ""OrderNo__c"" : ""SOR01V010"",
      ""SaleSeqNo__c"" : ""1""
    }, {
      ""DiscountRate__c"" : 0.0000,
      ""NetSalesUnitPrice__c"" : 500000.0000,
      ""isExclude"" : false,
      ""Quantity"" : 2,
      ""ProductCode"" : ""212500047"",
      ""OrderNo__c"" : ""SOR01V012"",
      ""SaleSeqNo__c"" : ""2""
    }, {
      ""DiscountRate__c"" : 0.0000,
      ""NetSalesUnitPrice__c"" : 500000.0000,
      ""isExclude"" : false,
      ""Quantity"" : 2,
      ""ProductCode"" : ""2A2600001"",
      ""OrderNo__c"" : ""SOR01V012"",
      ""SaleSeqNo__c"" : ""3""
    } ],
    ""PromotionNo__c"" : ""PRO202605021071"",
    ""SaleStatus__c"" : ""01"",
    ""EndDate"" : ""20260507"",
    ""ActualPaymentAmount__c"" : 2500000.0,
    ""SaleNo__c"" : ""SAL01V021"",
    ""MemberNo__c"" : ""TEST01007"",
    ""StoreCode__c"" : ""99998"",
    ""AccountId"" : ""1000""
  },
  ""code"" : 200
}"
a12JO000000Mh37YAC,2026-05-10T12:40:29.000+0000,OrderTrigger,,,
a12JO000000Mh38YAC,2026-05-10T12:40:30.000+0000,OrderTriggerHandler,,,
a12JO000000Mh39YAC,2026-05-10T12:40:30.000+0000,OrderTrigger,,,
a12JO000000Mh3AYAS,2026-05-10T12:40:30.000+0000,GdOrderApiControllerV1,/gd/v1/order,"{
    ""AccountId"": ""GOLDENDEW"", 
    ""StoreCode__c"": ""99998"", 
    ""MemberNo__c"": ""TEST02009"", 
    ""OrderNo__c"": ""SOR04016"", 
    ""ActualPaymentAmount__c"": 400000, 
    ""OrderStatus__c"": ""01"", 
    ""Type"": ""01"", 
    ""PromotionNo__c"": ""PRO202604161041"", 
    ""OrderItem"": [ 
        {
            ""OrderSeqNo__c"": ""1"", 
            ""Status__c"": ""01"", 
            ""ProductCode"": ""212500046"", 
            ""Quantity"": 1, 
            ""isExclude"": false, 
            ""NetSalesUnitPrice__c"": 400000.0, 
            ""DiscountRate__c"": 0.0 
        }
        
        
        
        
        
        
        
        
        
        

    ],
    ""TransactionJournal"": [ 
        {
            ""DepositNo__c"": ""DEP040024"",
            ""DeposiSeqNo__c"": ""1"",
            ""ActivityDate"": ""20260510"",
            ""PaymentMethod"": ""81"",
            ""DepositType__c"": ""01"",
            ""TransactionAmount"": 10000.0,
            ""CouponNo"": """",
            ""OrderNo__c"": null
        },
        {
            ""DepositNo__c"": ""DEP040025"",
            ""DeposiSeqNo__c"": ""2"",
            ""ActivityDate"": ""20260510"",
            ""PaymentMethod"": ""01"",
            ""DepositType__c"": ""01"",
            ""TransactionAmount"": 35000.0,
            ""CouponNo"": """",
            ""OrderNo__c"": null
        }
        ,
          {
            ""DepositNo__c"": ""DEP040026"",
            ""DeposiSeqNo__c"": ""3"",
            ""ActivityDate"": ""20260510"",
            ""PaymentMethod"": ""90"",
            ""DepositType__c"": ""01"",
            ""TransactionAmount"": 40000.0,
            ""CouponNo"": ""COP2026MY0003;-;ZMEOPW3P"",
            ""OrderNo__c"": null
        }
        
        
        
        
        
        
        
        
        
        
        
    ],
    ""InsertId__c"": """" 
}","{
  ""success"" : true,
  ""message"" : ""주문 등록 완료"",
  ""data"" : {
    ""DebitPointList"" : [ {
      ""PT_USE"" : 6000.0000,
      ""NO_SAL_RTN"" : null,
      ""NO_SAL"" : ""SOR04016"",
      ""NO_MBR"" : ""TEST02009"",
      ""ID_INSERT"" : null,
      ""DTS_INSERT"" : ""2026-05-10 21:40:29"",
      ""CD_TYPE_POINT"" : ""06"",
      ""CD_RESON"" : ""1"",
      ""CD_LEDGER"" : ""05wJO0000004Rw5YAE"",
      ""CD_JOURNAL"" : ""05wJO0000004RXxYAM"",
      ""AM_SAL"" : null
    }, {
      ""PT_USE"" : 4000.0000,
      ""NO_SAL_RTN"" : null,
      ""NO_SAL"" : ""SOR04016"",
      ""NO_MBR"" : ""TEST02009"",
      ""ID_INSERT"" : null,
      ""DTS_INSERT"" : ""2026-05-10 21:40:29"",
      ""CD_TYPE_POINT"" : ""01"",
      ""CD_RESON"" : ""1"",
      ""CD_LEDGER"" : ""05wJO0000004Rw6YAE"",
      ""CD_JOURNAL"" : ""05wJO0000004Ro1YAE"",
      ""AM_SAL"" : null
    } ],
    ""isGoldenBar"" : false,
    ""oiList"" : [ {
      ""attributes"" : {
        ""type"" : ""OrderItem"",
        ""url"" : ""/services/data/v67.0/sobjects/OrderItem/802JO0000054AkHYAU""
      },
      ""OrderId"" : ""801JO00000IBjU6YAL"",
      ""Status__c"" : ""01"",
      ""PricebookEntryId"" : ""01uJO000001RBvIYAW"",
      ""Quantity"" : 1,
      ""UnitPrice"" : 400000,
      ""OrderItemNo__c"" : ""801JO00000IBjU6YAL-1"",
      ""IsExclude__c"" : false,
      ""NetSalesUnitPrice__c"" : 400000.0,
      ""DiscountRate__c"" : 0.0,
      ""Id"" : ""802JO0000054AkHYAU""
    } ],
    ""storeType"" : ""09"",
    ""storeTypeFour"" : ""NULL"",
    ""orderId"" : ""801JO00000IBjU6YAL"",
    ""InsertId__c"" : """",
    ""TransactionJournal"" : [ {
      ""OrderNo__c"" : null,
      ""CouponNo"" : """",
      ""TransactionAmount"" : 10000.0,
      ""DepositType__c"" : ""01"",
      ""PaymentMethod"" : ""81"",
      ""ActivityDate"" : ""20260510"",
      ""DeposiSeqNo__c"" : ""1"",
      ""DepositNo__c"" : ""DEP040024""
    }, {
      ""OrderNo__c"" : null,
      ""CouponNo"" : """",
      ""TransactionAmount"" : 35000.0,
      ""DepositType__c"" : ""01"",
      ""PaymentMethod"" : ""01"",
      ""ActivityDate"" : ""20260510"",
      ""DeposiSeqNo__c"" : ""2"",
      ""DepositNo__c"" : ""DEP040025""
    }, {
      ""OrderNo__c"" : null,
      ""CouponNo"" : ""COP2026MY0003;-;ZMEOPW3P"",
      ""TransactionAmount"" : 40000.0,
      ""DepositType__c"" : ""01"",
      ""PaymentMethod"" : ""90"",
      ""ActivityDate"" : ""20260510"",
      ""DeposiSeqNo__c"" : ""3"",
      ""DepositNo__c"" : ""DEP040026""
    } ],
    ""OrderItem"" : [ {
      ""DiscountRate__c"" : 0.0,
      ""NetSalesUnitPrice__c"" : 400000.0,
      ""isExclude"" : false,
      ""Quantity"" : 1,
      ""ProductCode"" : ""212500046"",
      ""Status__c"" : ""01"",
      ""OrderSeqNo__c"" : ""1""
    } ],
    ""PromotionNo__c"" : ""PRO202604161041"",
    ""Type"" : ""01"",
    ""OrderStatus__c"" : ""01"",
    ""ActualPaymentAmount__c"" : 400000,
    ""OrderNo__c"" : ""SOR04016"",
    ""MemberNo__c"" : ""TEST02009"",
    ""StoreCode__c"" : ""99998"",
    ""AccountId"" : ""GOLDENDEW""
  },
  ""code"" : 200
}"
a12JO000000Mh4jYAC,2026-05-10T12:43:21.000+0000,OrderTrigger,,,
a12JO000000Mh4kYAC,2026-05-10T12:43:22.000+0000,OrderTriggerHandler,,,
a12JO000000Mh4lYAC,2026-05-10T12:43:22.000+0000,OrderTrigger,,,
a12JO000000Mh4mYAC,2026-05-10T12:43:22.000+0000,GdSaleApiControllerV1,/gd/v1/sale,"{
    ""AccountId"": ""GOLDENDEW"", 
    ""StoreCode__c"": ""99998"", 
    ""MemberNo__c"": ""TEST02009"", 
    ""SaleNo__c"": ""SAL04057"", 
    ""EndDate"": ""20260510"", 
    ""ActualPaymentAmount__c"": 400000.0, 
    ""SaleStatus__c"": ""01"", 
    ""PromotionNo__c"": ""PRO202604161041"", 
    ""OrderItem"": [ 
         {
            ""SaleSeqNo__c"": ""1"", 
            ""Status__c"": ""01"", 
            ""ProductCode"": ""212500046"", 
            ""Quantity"": 1, 
            ""isExclude"": false, 
            ""NetSalesUnitPrice__c"": 400000.0 
            
        }
        
        
        
        
        
        
        
        
        
        
        
        
        
        
        
        
        
        
        
    ],
    ""TransactionJournal"": [ 
          {
            ""DepositNo__c"": ""DEP040024"",
            ""DeposiSeqNo__c"": ""1"",
            ""ActivityDate"": ""20260510"",
            ""PaymentMethod"": ""81"",
            ""DepositType__c"": ""01"",
            ""TransactionAmount"": 10000.0,
            ""CouponNo"": """",
            ""OrderNo__c"": ""SOR04016""
        },
        {
            ""DepositNo__c"": ""DEP040025"",
            ""DeposiSeqNo__c"": ""2"",
            ""ActivityDate"": ""20260510"",
            ""PaymentMethod"": ""01"",
            ""DepositType__c"": ""01"",
            ""TransactionAmount"": 35000.0,
            ""CouponNo"": """",
            ""OrderNo__c"": ""SOR04016""
        }
        ,
          {
            ""DepositNo__c"": ""DEP040026"",
            ""DeposiSeqNo__c"": ""3"",
            ""ActivityDate"": ""20260510"",
            ""PaymentMethod"": ""90"",
            ""DepositType__c"": ""01"",
            ""TransactionAmount"": 40000.0,
            ""CouponNo"": ""COP2026MY0003;-;ZMEOPW3P"",
            ""OrderNo__c"": ""SOR04016""
        }
        ,
         {
            ""DepositNo__c"": ""DEP04027"",
            ""DeposiSeqNo__c"": ""1"",
            ""ActivityDate"": ""20260510"",
            ""PaymentMethod"": ""03"",
            ""DepositType__c"": ""02"",
            ""TransactionAmount"": 315000.0,
            ""CouponNo"": """",
            ""OrderNo__c"": """"
        }
        
        
        
        
        
        
        
        
        
        
        
        
        
        
        
        
        
        
        
        
        
        
    ],
    ""InsertId__c"": ""골든듀"" 
}","{
  ""success"" : true,
  ""message"" : ""판매 등록 완료"",
  ""data"" : {
    ""CreditPointList"" : [ {
      ""TX_REMARK"" : ""구매포인트|11cJO000001BAZlYAO|2.00"",
      ""PT_TARGET"" : 7000.0000,
      ""NO_SAL"" : null,
      ""NO_PROM_MBR"" : ""PRO202604161041"",
      ""NO_MBR"" : ""TEST02009"",
      ""NO_GRADE_ADVAN"" : ""03"",
      ""ID_INSERT"" : ""골든듀"",
      ""DTS_INSERT"" : ""2026-05-10 21:43:22"",
      ""DT_SAVE_PLAN"" : null,
      ""DT_LIMIT_START"" : ""2026-05-10 09:00:00"",
      ""DT_LIMIT_END"" : ""2028-05-10"",
      ""DT_DESTROY_PLAN"" : ""2028-05-11"",
      ""CD_TYPE_SAVE"" : ""Credit"",
      ""CD_TYPE_POINT"" : ""01"",
      ""CD_JOURNAL"" : ""05wJO0000004RxhYAE"",
      ""AM_SAL"" : 400000.0
    }, {
      ""TX_REMARK"" : ""사은포인트|11cJO000001BAY9YAO|3.00"",
      ""PT_TARGET"" : 10500.0000,
      ""NO_SAL"" : null,
      ""NO_PROM_MBR"" : ""PRO202604161041"",
      ""NO_MBR"" : ""TEST02009"",
      ""NO_GRADE_ADVAN"" : ""03"",
      ""ID_INSERT"" : ""골든듀"",
      ""DTS_INSERT"" : ""2026-05-10 21:43:22"",
      ""DT_SAVE_PLAN"" : null,
      ""DT_LIMIT_START"" : ""2026-05-10 09:00:00"",
      ""DT_LIMIT_END"" : ""2028-05-10"",
      ""DT_DESTROY_PLAN"" : ""2028-05-11"",
      ""CD_TYPE_SAVE"" : ""Credit"",
      ""CD_TYPE_POINT"" : ""01"",
      ""CD_JOURNAL"" : ""05wJO0000004RxiYAE"",
      ""AM_SAL"" : 400000.0
    } ],
    ""oiList"" : [ {
      ""attributes"" : {
        ""type"" : ""OrderItem"",
        ""url"" : ""/services/data/v67.0/sobjects/OrderItem/802JO0000054Ap7YAE""
      },
      ""OrderId"" : ""801JO00000IBk6oYAD"",
      ""PricebookEntryId"" : ""01uJO000001RBvIYAW"",
      ""Quantity"" : 1,
      ""UnitPrice"" : 400000,
      ""SaleSeqNo__c"" : ""1"",
      ""SaleItemNo__c"" : ""801JO00000IBk6oYAD-1"",
      ""IsExclude__c"" : false,
      ""NetSalesUnitPrice__c"" : 400000.0,
      ""DiscountRate__c"" : null,
      ""Id"" : ""802JO0000054Ap7YAE""
    } ],
    ""storeType"" : ""09"",
    ""storeTypeFour"" : ""NULL"",
    ""orderId"" : ""801JO00000IBk6oYAD"",
    ""InsertId__c"" : ""골든듀"",
    ""TransactionJournal"" : [ {
      ""OrderNo__c"" : ""SOR04016"",
      ""CouponNo"" : """",
      ""TransactionAmount"" : 10000.0,
      ""DepositType__c"" : ""01"",
      ""PaymentMethod"" : ""81"",
      ""ActivityDate"" : ""20260510"",
      ""DeposiSeqNo__c"" : ""1"",
      ""DepositNo__c"" : ""DEP040024""
    }, {
      ""OrderNo__c"" : ""SOR04016"",
      ""CouponNo"" : """",
      ""TransactionAmount"" : 35000.0,
      ""DepositType__c"" : ""01"",
      ""PaymentMethod"" : ""01"",
      ""ActivityDate"" : ""20260510"",
      ""DeposiSeqNo__c"" : ""2"",
      ""DepositNo__c"" : ""DEP040025""
    }, {
      ""OrderNo__c"" : ""SOR04016"",
      ""CouponNo"" : ""COP2026MY0003;-;ZMEOPW3P"",
      ""TransactionAmount"" : 40000.0,
      ""DepositType__c"" : ""01"",
      ""PaymentMethod"" : ""90"",
      ""ActivityDate"" : ""20260510"",
      ""DeposiSeqNo__c"" : ""3"",
      ""DepositNo__c"" : ""DEP040026""
    }, {
      ""OrderNo__c"" : """",
      ""CouponNo"" : """",
      ""TransactionAmount"" : 315000.0,
      ""DepositType__c"" : ""02"",
      ""PaymentMethod"" : ""03"",
      ""ActivityDate"" : ""20260510"",
      ""DeposiSeqNo__c"" : ""1"",
      ""DepositNo__c"" : ""DEP04027""
    } ],
    ""OrderItem"" : [ {
      ""NetSalesUnitPrice__c"" : 400000.0,
      ""isExclude"" : false,
      ""Quantity"" : 1,
      ""ProductCode"" : ""212500046"",
      ""Status__c"" : ""01"",
      ""SaleSeqNo__c"" : ""1""
    } ],
    ""PromotionNo__c"" : ""PRO202604161041"",
    ""SaleStatus__c"" : ""01"",
    ""ActualPaymentAmount__c"" : 400000.0,
    ""EndDate"" : ""20260510"",
    ""SaleNo__c"" : ""SAL04057"",
    ""MemberNo__c"" : ""TEST02009"",
    ""StoreCode__c"" : ""99998"",
    ""AccountId"" : ""GOLDENDEW""
  },
  ""code"" : 200
}"
a12JO000000MgrtYAC,2026-05-10T12:46:51.000+0000,GdReturnApiControllerV1,/gd/v1/return,"{
    ""SaleNo__c"": ""SAL01V022"", 
    ""OriginalOrderId"": ""SAL01V020"", 
    ""ActualPaymentAmount__c"": 1000000, 
    ""OrderItem"": [ 
        {
            ""SaleSeqNo__c"": ""1"", 
            ""ProductCode"": ""212500047"", 
            ""Quantity"": -2, 
            ""isExclude"": false, 
            ""NetSalesUnitPrice__c"": 500000.0, 
            ""DiscountRate__c"": 0 
        }
    ],
    ""TransactionJournal"": [ 
        {
            ""DepositNo__c"": ""DEP01V035"", 
            ""DeposiSeqNo__c"": ""1"", 
            ""ActivityDate"": ""20260508"", 
            ""PaymentMethod"": ""90"", 
            ""DepositType__c"": ""03"", 
            ""TransactionAmount"": 50000, 
            ""CouponNo"": ""COP2026MY0005;-;R4NYDTPA"" 
        },
        {
            ""DepositNo__c"": ""DEP01V035"", 
            ""DeposiSeqNo__c"": ""2"", 
            ""ActivityDate"": ""20260508"", 
            ""PaymentMethod"": ""81"", 
            ""DepositType__c"": ""03"", 
            ""TransactionAmount"": 33000, 
            ""CouponNo"": """" 
        },
        {
            ""DepositNo__c"": ""DEP01V035"", 
            ""DeposiSeqNo__c"": ""3"", 
            ""ActivityDate"": ""20260508"", 
            ""PaymentMethod"": ""01"", 
            ""DepositType__c"": ""03"", 
            ""TransactionAmount"": 917000, 
            ""CouponNo"": """" 
        }
    ],
    ""InsertId__c"": ""골든듀"" 
}","{
  ""success"" : false,
  ""message"" : ""반품 입금 등록 불가 — 적립된 포인트가 다른 주문/판매에서 이미 사용되었습니다. 주문번호: SOR01V013 / 입금번호: DEP01V033-3"",
  ""code"" : 400
}"
a12JO000000Mh7xYAC,2026-05-10T13:37:06.000+0000,ErpAsyncJob,callout:GoldenDewApiNC/Crm/CouponDetail,"{""couponDetailModels"":[{""no_mbr"":""TEST01008"",""no_man_coupon_mil"":""00218257"",""no_man_coupon"":""COP2026MY0005"",""id_insert"":""milvus""}]}","{""code"":0,""success"":false,""message"":""SQL - 회원이 존재하지 않습니다."",""data"":null}"
a12JO000000Mh9ZYAS,2026-05-10T13:39:21.000+0000,ErpAsyncJob,callout:GoldenDewApiNC/Crm/PointSave,"{""ym_create"":""198305"",""tx_remark"":"""",""pt_use_sale"":null,""pt_target"":25000,""pt_save_plan"":null,""pt_save"":25000,""no_sal"":null,""no_mbr"":""TEST01008"",""id_insert"":""milvus"",""dt_save_plan"":null,""dt_save"":""20260510"",""dt_limit_start"":""20260510"",""dt_limit_end"":""20280509"",""dt_destroy_plan"":""20280510"",""dt_destroy_del_sale"":null,""dt_create"":""20260510"",""cd_type_save"":""04"",""cd_type_point"":""04"",""cd_save_ledger"":""05wJO0000004S0vYAE"",""cd_company"":""1000"",""am_sal"":null}",
a12JO000000MhBBYA0,2026-05-10T13:40:45.000+0000,PromotionProductTriggerHandler,,"{""promotionItemList"":[{""no_prom"":""PRO202604161046"",""id_update"":null,""id_insert"":""milvus@goldendew.com.devorg"",""id_delete"":null,""cd_item"":""2A2600001""}]}",
a12JO000000MhCnYAK,2026-05-10T13:40:46.000+0000,ErpAsyncJob,,"{""promotionItemList"":[{""no_prom"":""PRO202604161046"",""id_update"":null,""id_insert"":""milvus@goldendew.com.devorg"",""id_delete"":null,""cd_item"":""2A2600001""}]}",
a12JO000000MhEPYA0,2026-05-10T13:42:43.000+0000,GdSaleApiControllerV1,/gd/v1/sale,"{
    ""AccountId"": ""1000"",
    ""StoreCode__c"": ""99998"",
    ""MemberNo__c"": ""TEST01008"",
    ""SaleNo__c"": ""SAL02V029"",
    ""ActualPaymentAmount__c"": 500000.0,
    ""EndDate"": ""20260510"",
    ""SaleStatus__c"": ""01"",
    ""PromotionNo__c"": ""PRO202604161046"",
    ""OrderItem"": [
        {
            ""SaleSeqNo__c"": ""1"",
            ""OrderNo__c"": null,
            ""ProductCode"": ""3A2600005"",
            ""Quantity"": 1,
            ""isExclude"": false,
            ""NetSalesUnitPrice__c"": 500000.0000,
            ""DiscountRate__c"": 0.0000
        }
        
        
        
        
        
        
        
        
        
        
    ],
    ""TransactionJournal"": [
        
        
        
        
        
        
        
        
        
        
        
        {
            ""DepositNo__c"": ""DEP02V029"",
            ""DeposiSeqNo__c"": ""1"",
            ""ActivityDate"": ""20260510"",
            ""PaymentMethod"": ""01"",
            ""DepositType__c"": ""02"",
            ""TransactionAmount"": 500000.0000,
            ""CouponNo"": """",
            ""OrderNo__c"": null
        }
        
        
        
        
        
        
        
        
        
        
        
        
        
        
        
        
        
        
        
        
        
        
    ]
}","{
  ""success"" : false,
  ""message"" : ""SaleNo__c already exists."",
  ""code"" : 400
}"
a12JO000000MhG1YAK,2026-05-10T13:42:54.000+0000,OrderTrigger,,,
a12JO000000MhG2YAK,2026-05-10T13:42:56.000+0000,OrderTriggerHandler,,,
a12JO000000MhG3YAK,2026-05-10T13:42:56.000+0000,OrderTrigger,,,
a12JO000000MhG4YAK,2026-05-10T13:42:56.000+0000,GdSaleApiControllerV1,/gd/v1/sale,"{
    ""AccountId"": ""1000"",
    ""StoreCode__c"": ""99998"",
    ""MemberNo__c"": ""TEST01008"",
    ""SaleNo__c"": ""SAL02V030"",
    ""ActualPaymentAmount__c"": 500000.0,
    ""EndDate"": ""20260510"",
    ""SaleStatus__c"": ""01"",
    ""PromotionNo__c"": ""PRO202604161046"",
    ""OrderItem"": [
        {
            ""SaleSeqNo__c"": ""1"",
            ""OrderNo__c"": null,
            ""ProductCode"": ""3A2600005"",
            ""Quantity"": 1,
            ""isExclude"": false,
            ""NetSalesUnitPrice__c"": 500000.0000,
            ""DiscountRate__c"": 0.0000
        }
        
        
        
        
        
        
        
        
        
        
    ],
    ""TransactionJournal"": [
        
        
        
        
        
        
        
        
        
        
        
        {
            ""DepositNo__c"": ""DEP02V030"",
            ""DeposiSeqNo__c"": ""1"",
            ""ActivityDate"": ""20260510"",
            ""PaymentMethod"": ""01"",
            ""DepositType__c"": ""02"",
            ""TransactionAmount"": 500000.0000,
            ""CouponNo"": """",
            ""OrderNo__c"": null
        }
        
        
        
        
        
        
        
        
        
        
        
        
        
        
        
        
        
        
        
        
        
        
    ]
}","{
  ""success"" : true,
  ""message"" : ""판매 등록 완료"",
  ""data"" : {
    ""CreditPointList"" : [ {
      ""TX_REMARK"" : ""구매포인트|11cJO000001BAZlYAO|1.00"",
      ""PT_TARGET"" : 5000.0000,
      ""NO_SAL"" : null,
      ""NO_PROM_MBR"" : ""PRO202604161046"",
      ""NO_MBR"" : ""TEST01008"",
      ""NO_GRADE_ADVAN"" : ""01"",
      ""ID_INSERT"" : null,
      ""DTS_INSERT"" : ""2026-05-10 22:42:56"",
      ""DT_SAVE_PLAN"" : null,
      ""DT_LIMIT_START"" : ""2026-05-10 09:00:00"",
      ""DT_LIMIT_END"" : ""2028-05-10"",
      ""DT_DESTROY_PLAN"" : ""2028-05-11"",
      ""CD_TYPE_SAVE"" : ""Credit"",
      ""CD_TYPE_POINT"" : ""01"",
      ""CD_JOURNAL"" : ""05wJO0000004S2XYAU"",
      ""AM_SAL"" : 500000.0
    } ],
    ""oiList"" : [ {
      ""attributes"" : {
        ""type"" : ""OrderItem"",
        ""url"" : ""/services/data/v67.0/sobjects/OrderItem/802JO0000054DrpYAE""
      },
      ""OrderId"" : ""801JO00000IBpkuYAD"",
      ""PricebookEntryId"" : ""01uJO000001RG0OYAW"",
      ""Quantity"" : 1,
      ""UnitPrice"" : 500000,
      ""SaleSeqNo__c"" : ""1"",
      ""SaleItemNo__c"" : ""801JO00000IBpkuYAD-1"",
      ""IsExclude__c"" : false,
      ""NetSalesUnitPrice__c"" : 500000.0000,
      ""DiscountRate__c"" : 0.0000,
      ""Id"" : ""802JO0000054DrpYAE""
    } ],
    ""storeType"" : ""09"",
    ""storeTypeFour"" : ""NULL"",
    ""orderId"" : ""801JO00000IBpkuYAD"",
    ""TransactionJournal"" : [ {
      ""OrderNo__c"" : null,
      ""CouponNo"" : """",
      ""TransactionAmount"" : 500000.0000,
      ""DepositType__c"" : ""02"",
      ""PaymentMethod"" : ""01"",
      ""ActivityDate"" : ""20260510"",
      ""DeposiSeqNo__c"" : ""1"",
      ""DepositNo__c"" : ""DEP02V030""
    } ],
    ""OrderItem"" : [ {
      ""DiscountRate__c"" : 0.0000,
      ""NetSalesUnitPrice__c"" : 500000.0000,
      ""isExclude"" : false,
      ""Quantity"" : 1,
      ""ProductCode"" : ""3A2600005"",
      ""OrderNo__c"" : null,
      ""SaleSeqNo__c"" : ""1""
    } ],
    ""PromotionNo__c"" : ""PRO202604161046"",
    ""SaleStatus__c"" : ""01"",
    ""EndDate"" : ""20260510"",
    ""ActualPaymentAmount__c"" : 500000.0,
    ""SaleNo__c"" : ""SAL02V030"",
    ""MemberNo__c"" : ""TEST01008"",
    ""StoreCode__c"" : ""99998"",
    ""AccountId"" : ""1000""
  },
  ""code"" : 200
}"
a12JO000000MhEQYA0,2026-05-10T13:43:44.000+0000,OrderTrigger,,,
a12JO000000MhERYA0,2026-05-10T13:43:45.000+0000,OrderTriggerHandler,,,
a12JO000000MhESYA0,2026-05-10T13:43:45.000+0000,OrderTrigger,,,
a12JO000000MhETYA0,2026-05-10T13:43:45.000+0000,GdOrderApiControllerV1,/gd/v1/order,"{
    ""AccountId"": ""1000"",
    ""StoreCode__c"": ""99998"",
    ""MemberNo__c"": ""TEST01005"",
    ""OrderNo__c"": ""SOR01V006"",
    ""ActualPaymentAmount__c"": 1920000.0,
    ""OrderStatus__c"": ""01"",
    ""Type"": ""01"",
    ""PromotionNo__c"": ""PRO202604171053"",
    ""OrderItem"": [
        {
            ""OrderSeqNo__c"": ""1"",
            ""Status__c"": ""01"",
            ""ProductCode"": ""212500046"",
            ""Quantity"": 1,
            ""isExclude"": false,
            ""NetSalesUnitPrice__c"": 320000.0000,
            ""DiscountRate__c"": 20.0000
        },
        {
            ""OrderSeqNo__c"": ""2"",
            ""Status__c"": ""01"",
            ""ProductCode"": ""212500047"",
            ""Quantity"": 1,
            ""isExclude"": false,
            ""NetSalesUnitPrice__c"": 400000.0000,
            ""DiscountRate__c"": 20.0000
        },
        {
            ""OrderSeqNo__c"": ""3"",
            ""Status__c"": ""01"",
            ""ProductCode"": ""2A2600001"",
            ""Quantity"": 1,
            ""isExclude"": false,
            ""NetSalesUnitPrice__c"": 400000.0000,
            ""DiscountRate__c"": 20.0000
        },
        {
            ""OrderSeqNo__c"": ""4"",
            ""Status__c"": ""01"",
            ""ProductCode"": ""3A2600005"",
            ""Quantity"": 2,
            ""isExclude"": false,
            ""NetSalesUnitPrice__c"": 400000.0000,
            ""DiscountRate__c"": 20.0000
        }
    ],
    ""TransactionJournal"": [
        {
            ""DepositNo__c"": ""DEP01V020"",
            ""DeposiSeqNo__c"": ""1"",
            ""ActivityDate"": ""20260508"",
            ""PaymentMethod"": ""01"",
            ""DepositType__c"": ""01"",
            ""TransactionAmount"": 200000.0000,
            ""CouponNo"": """",
            ""OrderNo__c"": null
        },
        {
            ""DepositNo__c"": ""DEP01V020"",
            ""DeposiSeqNo__c"": ""2"",
            ""ActivityDate"": ""20260508"",
            ""PaymentMethod"": ""90"",
            ""DepositType__c"": ""01"",
            ""TransactionAmount"": 100000.0000,
            ""CouponNo"": ""COP2026MY0019;-;MIZFIF9N"",
            ""OrderNo__c"": null
        },
                {
            ""DepositNo__c"": ""DEP01V020"",
            ""DeposiSeqNo__c"": ""3"",
            ""ActivityDate"": ""20260508"",
            ""PaymentMethod"": ""81"",
            ""DepositType__c"": ""01"",
            ""TransactionAmount"": 39000.0000,
            ""CouponNo"": """",
            ""OrderNo__c"": null
        }
    ]
}","{
  ""success"" : true,
  ""message"" : ""주문 등록 완료"",
  ""data"" : {
    ""DebitPointList"" : [ {
      ""PT_USE"" : 39000.0000,
      ""NO_SAL_RTN"" : null,
      ""NO_SAL"" : ""SOR01V006"",
      ""NO_MBR"" : ""TEST01005"",
      ""ID_INSERT"" : null,
      ""DTS_INSERT"" : ""2026-05-10 22:43:45"",
      ""CD_TYPE_POINT"" : ""04"",
      ""CD_RESON"" : ""1"",
      ""CD_LEDGER"" : ""05wJO0000004S49YAE"",
      ""CD_JOURNAL"" : ""05wJO0000004PpTYAU"",
      ""AM_SAL"" : null
    } ],
    ""isGoldenBar"" : false,
    ""oiList"" : [ {
      ""attributes"" : {
        ""type"" : ""OrderItem"",
        ""url"" : ""/services/data/v67.0/sobjects/OrderItem/802JO0000054Dv3YAE""
      },
      ""OrderId"" : ""801JO00000IBovCYAT"",
      ""Status__c"" : ""01"",
      ""PricebookEntryId"" : ""01uJO000001RBvIYAW"",
      ""Quantity"" : 1,
      ""UnitPrice"" : 400000,
      ""OrderItemNo__c"" : ""801JO00000IBovCYAT-1"",
      ""IsExclude__c"" : false,
      ""NetSalesUnitPrice__c"" : 320000.0000,
      ""DiscountRate__c"" : 20.0000,
      ""Id"" : ""802JO0000054Dv3YAE""
    }, {
      ""attributes"" : {
        ""type"" : ""OrderItem"",
        ""url"" : ""/services/data/v67.0/sobjects/OrderItem/802JO0000054Dv4YAE""
      },
      ""OrderId"" : ""801JO00000IBovCYAT"",
      ""Status__c"" : ""01"",
      ""PricebookEntryId"" : ""01uJO000001RBvJYAW"",
      ""Quantity"" : 1,
      ""UnitPrice"" : 500000,
      ""OrderItemNo__c"" : ""801JO00000IBovCYAT-2"",
      ""IsExclude__c"" : false,
      ""NetSalesUnitPrice__c"" : 400000.0000,
      ""DiscountRate__c"" : 20.0000,
      ""Id"" : ""802JO0000054Dv4YAE""
    }, {
      ""attributes"" : {
        ""type"" : ""OrderItem"",
        ""url"" : ""/services/data/v67.0/sobjects/OrderItem/802JO0000054Dv5YAE""
      },
      ""OrderId"" : ""801JO00000IBovCYAT"",
      ""Status__c"" : ""01"",
      ""PricebookEntryId"" : ""01uJO000001R0w4YAC"",
      ""Quantity"" : 1,
      ""UnitPrice"" : 500000,
      ""OrderItemNo__c"" : ""801JO00000IBovCYAT-3"",
      ""IsExclude__c"" : false,
      ""NetSalesUnitPrice__c"" : 400000.0000,
      ""DiscountRate__c"" : 20.0000,
      ""Id"" : ""802JO0000054Dv5YAE""
    }, {
      ""attributes"" : {
        ""type"" : ""OrderItem"",
        ""url"" : ""/services/data/v67.0/sobjects/OrderItem/802JO0000054Dv6YAE""
      },
      ""OrderId"" : ""801JO00000IBovCYAT"",
      ""Status__c"" : ""01"",
      ""PricebookEntryId"" : ""01uJO000001RG0OYAW"",
      ""Quantity"" : 2,
      ""UnitPrice"" : 500000,
      ""OrderItemNo__c"" : ""801JO00000IBovCYAT-4"",
      ""IsExclude__c"" : false,
      ""NetSalesUnitPrice__c"" : 400000.0000,
      ""DiscountRate__c"" : 20.0000,
      ""Id"" : ""802JO0000054Dv6YAE""
    } ],
    ""storeType"" : ""09"",
    ""storeTypeFour"" : ""NULL"",
    ""orderId"" : ""801JO00000IBovCYAT"",
    ""TransactionJournal"" : [ {
      ""OrderNo__c"" : null,
      ""CouponNo"" : """",
      ""TransactionAmount"" : 200000.0000,
      ""DepositType__c"" : ""01"",
      ""PaymentMethod"" : ""01"",
      ""ActivityDate"" : ""20260508"",
      ""DeposiSeqNo__c"" : ""1"",
      ""DepositNo__c"" : ""DEP01V020""
    }, {
      ""OrderNo__c"" : null,
      ""CouponNo"" : ""COP2026MY0019;-;MIZFIF9N"",
      ""TransactionAmount"" : 100000.0000,
      ""DepositType__c"" : ""01"",
      ""PaymentMethod"" : ""90"",
      ""ActivityDate"" : ""20260508"",
      ""DeposiSeqNo__c"" : ""2"",
      ""DepositNo__c"" : ""DEP01V020""
    }, {
      ""OrderNo__c"" : null,
      ""CouponNo"" : """",
      ""TransactionAmount"" : 39000.0000,
      ""DepositType__c"" : ""01"",
      ""PaymentMethod"" : ""81"",
      ""ActivityDate"" : ""20260508"",
      ""DeposiSeqNo__c"" : ""3"",
      ""DepositNo__c"" : ""DEP01V020""
    } ],
    ""OrderItem"" : [ {
      ""DiscountRate__c"" : 20.0000,
      ""NetSalesUnitPrice__c"" : 320000.0000,
      ""isExclude"" : false,
      ""Quantity"" : 1,
      ""ProductCode"" : ""212500046"",
      ""Status__c"" : ""01"",
      ""OrderSeqNo__c"" : ""1""
    }, {
      ""DiscountRate__c"" : 20.0000,
      ""NetSalesUnitPrice__c"" : 400000.0000,
      ""isExclude"" : false,
      ""Quantity"" : 1,
      ""ProductCode"" : ""212500047"",
      ""Status__c"" : ""01"",
      ""OrderSeqNo__c"" : ""2""
    }, {
      ""DiscountRate__c"" : 20.0000,
      ""NetSalesUnitPrice__c"" : 400000.0000,
      ""isExclude"" : false,
      ""Quantity"" : 1,
      ""ProductCode"" : ""2A2600001"",
      ""Status__c"" : ""01"",
      ""OrderSeqNo__c"" : ""3""
    }, {
      ""DiscountRate__c"" : 20.0000,
      ""NetSalesUnitPrice__c"" : 400000.0000,
      ""isExclude"" : false,
      ""Quantity"" : 2,
      ""ProductCode"" : ""3A2600005"",
      ""Status__c"" : ""01"",
      ""OrderSeqNo__c"" : ""4""
    } ],
    ""PromotionNo__c"" : ""PRO202604171053"",
    ""Type"" : ""01"",
    ""OrderStatus__c"" : ""01"",
    ""ActualPaymentAmount__c"" : 1920000.0,
    ""OrderNo__c"" : ""SOR01V006"",
    ""MemberNo__c"" : ""TEST01005"",
    ""StoreCode__c"" : ""99998"",
    ""AccountId"" : ""1000""
  },
  ""code"" : 200
}"
a12JO000000MhJFYA0,2026-05-10T13:46:56.000+0000,OrderTrigger,,,
a12JO000000MhJGYA0,2026-05-10T13:46:56.000+0000,OrderTriggerHandler,,,
a12JO000000MhJHYA0,2026-05-10T13:46:56.000+0000,OrderTrigger,,,
a12JO000000MhJIYA0,2026-05-10T13:46:56.000+0000,GdOrderApiControllerV1,/gd/v1/order,"{
    ""AccountId"": ""1000"",
    ""StoreCode__c"": ""99998"",
    ""MemberNo__c"": ""TEST01008"",
    ""OrderNo__c"": ""SOR02V031"",
    ""ActualPaymentAmount__c"": 500000.0,
    ""OrderStatus__c"": ""01"",
    ""Type"": ""01"",
    ""PromotionNo__c"": ""PRO202604161046"",
    ""OrderItem"": [
        {
            ""OrderSeqNo__c"": ""1"",
            ""Status__c"": ""01"",
            ""ProductCode"": ""3A2600005"",
            ""Quantity"": 1,
            ""isExclude"": false,
            ""NetSalesUnitPrice__c"": 500000.0000,
            ""DiscountRate__c"": 0.0000
        }
        
        
        
        
        
        
        
        
        
        
    ],
    ""TransactionJournal"": [
        {
            ""DepositNo__c"": ""DEP02V031"",
            ""DeposiSeqNo__c"": ""1"",
            ""ActivityDate"": ""20260510"",
            ""PaymentMethod"": ""01"",
            ""DepositType__c"": ""01"",
            ""TransactionAmount"": 50000.0000,
            ""CouponNo"": """",
            ""OrderNo__c"": null
        }
    ]
}","{
  ""success"" : true,
  ""message"" : ""주문 등록 완료"",
  ""data"" : {
    ""DebitPointList"" : [ ],
    ""isGoldenBar"" : false,
    ""oiList"" : [ {
      ""attributes"" : {
        ""type"" : ""OrderItem"",
        ""url"" : ""/services/data/v67.0/sobjects/OrderItem/802JO0000054EPiYAM""
      },
      ""OrderId"" : ""801JO00000IBoooYAD"",
      ""Status__c"" : ""01"",
      ""PricebookEntryId"" : ""01uJO000001RG0OYAW"",
      ""Quantity"" : 1,
      ""UnitPrice"" : 500000,
      ""OrderItemNo__c"" : ""801JO00000IBoooYAD-1"",
      ""IsExclude__c"" : false,
      ""NetSalesUnitPrice__c"" : 500000.0000,
      ""DiscountRate__c"" : 0.0000,
      ""Id"" : ""802JO0000054EPiYAM""
    } ],
    ""storeType"" : ""09"",
    ""storeTypeFour"" : ""NULL"",
    ""orderId"" : ""801JO00000IBoooYAD"",
    ""TransactionJournal"" : [ {
      ""OrderNo__c"" : null,
      ""CouponNo"" : """",
      ""TransactionAmount"" : 50000.0000,
      ""DepositType__c"" : ""01"",
      ""PaymentMethod"" : ""01"",
      ""ActivityDate"" : ""20260510"",
      ""DeposiSeqNo__c"" : ""1"",
      ""DepositNo__c"" : ""DEP02V031""
    } ],
    ""OrderItem"" : [ {
      ""DiscountRate__c"" : 0.0000,
      ""NetSalesUnitPrice__c"" : 500000.0000,
      ""isExclude"" : false,
      ""Quantity"" : 1,
      ""ProductCode"" : ""3A2600005"",
      ""Status__c"" : ""01"",
      ""OrderSeqNo__c"" : ""1""
    } ],
    ""PromotionNo__c"" : ""PRO202604161046"",
    ""Type"" : ""01"",
    ""OrderStatus__c"" : ""01"",
    ""ActualPaymentAmount__c"" : 500000.0,
    ""OrderNo__c"" : ""SOR02V031"",
    ""MemberNo__c"" : ""TEST01008"",
    ""StoreCode__c"" : ""99998"",
    ""AccountId"" : ""1000""
  },
  ""code"" : 200
}"
a12JO000000MhKrYAK,2026-05-10T13:47:13.000+0000,PromotionProductTriggerHandler,,"{""promotionItemList"":[{""no_prom"":""PRO202604161046"",""id_update"":null,""id_insert"":null,""id_delete"":""milvus@goldendew.com.devorg"",""cd_item"":""2A2600001""}]}",
a12JO000000MhMTYA0,2026-05-10T13:47:13.000+0000,ErpAsyncJob,callout:GoldenDewApiNC/Crm/PromotionItem,"{""promotionItemList"":[{""no_prom"":""PRO202604161046"",""id_update"":null,""id_insert"":null,""id_delete"":""milvus@goldendew.com.devorg"",""cd_item"":""2A2600001""}]}","{""code"":0,""success"":false,""message"":""SQL - 등록된 프로모션 품목이 존재하지 않습니다."",""data"":null}"
a12JO000000MhO5YAK,2026-05-10T13:48:17.000+0000,OrderTrigger,,,
a12JO000000MhO6YAK,2026-05-10T13:48:18.000+0000,OrderTriggerHandler,,,
a12JO000000MhO7YAK,2026-05-10T13:48:18.000+0000,OrderTrigger,,,
a12JO000000MhO8YAK,2026-05-10T13:48:18.000+0000,GdSaleApiControllerV1,/gd/v1/sale,"{
    ""AccountId"": ""1000"",
    ""StoreCode__c"": ""99998"",
    ""MemberNo__c"": ""TEST01005"",
    ""SaleNo__c"": ""SAL01V015"",
    ""ActualPaymentAmount__c"": 1920000.0,
    ""EndDate"": ""20260508"",
    ""SaleStatus__c"": ""01"",
    ""PromotionNo__c"": ""PRO202604171053"",
    ""OrderItem"": [
        {
            ""SaleSeqNo__c"": ""1"",
            ""OrderNo__c"": ""SOR01V006"",
            ""ProductCode"": ""212500046"",
            ""Quantity"": 1,
            ""isExclude"": false,
            ""NetSalesUnitPrice__c"": 320000.0000,
            ""DiscountRate__c"": 20.0000
        },
        {
            ""SaleSeqNo__c"": ""2"",
            ""OrderNo__c"": ""SOR01V006"",
            ""ProductCode"": ""212500047"",
            ""Quantity"": 1,
            ""isExclude"": false,
            ""NetSalesUnitPrice__c"": 400000.0000,
            ""DiscountRate__c"": 20.0000
        },
        {
            ""SaleSeqNo__c"": ""3"",
            ""OrderNo__c"": ""SOR01V006"",
            ""ProductCode"": ""2A2600001"",
            ""Quantity"": 1,
            ""isExclude"": false,
            ""NetSalesUnitPrice__c"": 400000.0000,
            ""DiscountRate__c"": 20.0000
        },
        {
            ""SaleSeqNo__c"": ""4"",
            ""OrderNo__c"": ""SOR01V006"",
            ""ProductCode"": ""3A2600005"",
            ""Quantity"": 2,
            ""isExclude"": false,
            ""NetSalesUnitPrice__c"": 400000.0000,
            ""DiscountRate__c"": 20.0000
        }
    ],
    ""TransactionJournal"": [
        {
            ""DepositNo__c"": ""DEP01V020"",
            ""DeposiSeqNo__c"": ""1"",
            ""ActivityDate"": ""20260508"",
            ""PaymentMethod"": ""01"",
            ""DepositType__c"": ""01"",
            ""TransactionAmount"": 200000.0000,
            ""CouponNo"": """",
            ""OrderNo__c"": ""SOR01V006""
        },
        {
            ""DepositNo__c"": ""DEP01V020"",
            ""DeposiSeqNo__c"": ""2"",
            ""ActivityDate"": ""20260508"",
            ""PaymentMethod"": ""90"",
            ""DepositType__c"": ""01"",
            ""TransactionAmount"": 100000.0000,
            ""CouponNo"": ""COP2026MY0019;-;MIZFIF9N"",
            ""OrderNo__c"": ""SOR01V006""
        },
        {
            ""DepositNo__c"": ""DEP01V020"",
            ""DeposiSeqNo__c"": ""3"",
            ""ActivityDate"": ""20260508"",
            ""PaymentMethod"": ""81"",
            ""DepositType__c"": ""01"",
            ""TransactionAmount"": 39000.0000,
            ""CouponNo"": """",
            ""OrderNo__c"": ""SOR01V006""
        },
        {
            ""DepositNo__c"": ""DEP01V021"",
            ""DeposiSeqNo__c"": ""1"",
            ""ActivityDate"": ""20260508"",
            ""PaymentMethod"": ""01"",
            ""DepositType__c"": ""02"",
            ""TransactionAmount"": 1581000.0000,
            ""CouponNo"": """",
            ""OrderNo__c"": null
        }
    ]
}","{
  ""success"" : true,
  ""message"" : ""판매 등록 완료"",
  ""data"" : {
    ""CreditPointList"" : [ {
      ""TX_REMARK"" : ""구매포인트|11cJO000001BAZlYAO|2.00"",
      ""PT_TARGET"" : 35620.0000,
      ""NO_SAL"" : null,
      ""NO_PROM_MBR"" : ""PRO202604171053"",
      ""NO_MBR"" : ""TEST01005"",
      ""NO_GRADE_ADVAN"" : ""04"",
      ""ID_INSERT"" : null,
      ""DTS_INSERT"" : ""2026-05-10 22:48:18"",
      ""DT_SAVE_PLAN"" : null,
      ""DT_LIMIT_START"" : ""2026-05-08 09:00:00"",
      ""DT_LIMIT_END"" : ""2028-05-08"",
      ""DT_DESTROY_PLAN"" : ""2028-05-09"",
      ""CD_TYPE_SAVE"" : ""Credit"",
      ""CD_TYPE_POINT"" : ""01"",
      ""CD_JOURNAL"" : ""05wJO0000004S5lYAE"",
      ""AM_SAL"" : 1920000.0
    }, {
      ""TX_REMARK"" : ""사은포인트|11cJO000001BAY9YAO|3.00"",
      ""PT_TARGET"" : 53430.0000,
      ""NO_SAL"" : null,
      ""NO_PROM_MBR"" : ""PRO202604171053"",
      ""NO_MBR"" : ""TEST01005"",
      ""NO_GRADE_ADVAN"" : ""04"",
      ""ID_INSERT"" : null,
      ""DTS_INSERT"" : ""2026-05-10 22:48:18"",
      ""DT_SAVE_PLAN"" : null,
      ""DT_LIMIT_START"" : ""2026-05-08 09:00:00"",
      ""DT_LIMIT_END"" : ""2028-05-08"",
      ""DT_DESTROY_PLAN"" : ""2028-05-09"",
      ""CD_TYPE_SAVE"" : ""Credit"",
      ""CD_TYPE_POINT"" : ""01"",
      ""CD_JOURNAL"" : ""05wJO0000004S5mYAE"",
      ""AM_SAL"" : 1920000.0
    } ],
    ""oiList"" : [ {
      ""attributes"" : {
        ""type"" : ""OrderItem"",
        ""url"" : ""/services/data/v67.0/sobjects/OrderItem/802JO0000054BGkYAM""
      },
      ""OrderId"" : ""801JO00000IBp9rYAD"",
      ""PricebookEntryId"" : ""01uJO000001RBvIYAW"",
      ""Quantity"" : 1,
      ""UnitPrice"" : 400000,
      ""SaleSeqNo__c"" : ""1"",
      ""SaleItemNo__c"" : ""801JO00000IBp9rYAD-1"",
      ""IsExclude__c"" : false,
      ""NetSalesUnitPrice__c"" : 320000.0000,
      ""DiscountRate__c"" : 20.0000,
      ""OrderId__c"" : ""801JO00000IBovCYAT"",
      ""Id"" : ""802JO0000054BGkYAM""
    }, {
      ""attributes"" : {
        ""type"" : ""OrderItem"",
        ""url"" : ""/services/data/v67.0/sobjects/OrderItem/802JO0000054BGlYAM""
      },
      ""OrderId"" : ""801JO00000IBp9rYAD"",
      ""PricebookEntryId"" : ""01uJO000001RBvJYAW"",
      ""Quantity"" : 1,
      ""UnitPrice"" : 500000,
      ""SaleSeqNo__c"" : ""2"",
      ""SaleItemNo__c"" : ""801JO00000IBp9rYAD-2"",
      ""IsExclude__c"" : false,
      ""NetSalesUnitPrice__c"" : 400000.0000,
      ""DiscountRate__c"" : 20.0000,
      ""OrderId__c"" : ""801JO00000IBovCYAT"",
      ""Id"" : ""802JO0000054BGlYAM""
    }, {
      ""attributes"" : {
        ""type"" : ""OrderItem"",
        ""url"" : ""/services/data/v67.0/sobjects/OrderItem/802JO0000054BGmYAM""
      },
      ""OrderId"" : ""801JO00000IBp9rYAD"",
      ""PricebookEntryId"" : ""01uJO000001R0w4YAC"",
      ""Quantity"" : 1,
      ""UnitPrice"" : 500000,
      ""SaleSeqNo__c"" : ""3"",
      ""SaleItemNo__c"" : ""801JO00000IBp9rYAD-3"",
      ""IsExclude__c"" : false,
      ""NetSalesUnitPrice__c"" : 400000.0000,
      ""DiscountRate__c"" : 20.0000,
      ""OrderId__c"" : ""801JO00000IBovCYAT"",
      ""Id"" : ""802JO0000054BGmYAM""
    }, {
      ""attributes"" : {
        ""type"" : ""OrderItem"",
        ""url"" : ""/services/data/v67.0/sobjects/OrderItem/802JO0000054BGnYAM""
      },
      ""OrderId"" : ""801JO00000IBp9rYAD"",
      ""PricebookEntryId"" : ""01uJO000001RG0OYAW"",
      ""Quantity"" : 2,
      ""UnitPrice"" : 500000,
      ""SaleSeqNo__c"" : ""4"",
      ""SaleItemNo__c"" : ""801JO00000IBp9rYAD-4"",
      ""IsExclude__c"" : false,
      ""NetSalesUnitPrice__c"" : 400000.0000,
      ""DiscountRate__c"" : 20.0000,
      ""OrderId__c"" : ""801JO00000IBovCYAT"",
      ""Id"" : ""802JO0000054BGnYAM""
    } ],
    ""storeType"" : ""09"",
    ""storeTypeFour"" : ""NULL"",
    ""orderId"" : ""801JO00000IBp9rYAD"",
    ""TransactionJournal"" : [ {
      ""OrderNo__c"" : ""SOR01V006"",
      ""CouponNo"" : """",
      ""TransactionAmount"" : 200000.0000,
      ""DepositType__c"" : ""01"",
      ""PaymentMethod"" : ""01"",
      ""ActivityDate"" : ""20260508"",
      ""DeposiSeqNo__c"" : ""1"",
      ""DepositNo__c"" : ""DEP01V020""
    }, {
      ""OrderNo__c"" : ""SOR01V006"",
      ""CouponNo"" : ""COP2026MY0019;-;MIZFIF9N"",
      ""TransactionAmount"" : 100000.0000,
      ""DepositType__c"" : ""01"",
      ""PaymentMethod"" : ""90"",
      ""ActivityDate"" : ""20260508"",
      ""DeposiSeqNo__c"" : ""2"",
      ""DepositNo__c"" : ""DEP01V020""
    }, {
      ""OrderNo__c"" : ""SOR01V006"",
      ""CouponNo"" : """",
      ""TransactionAmount"" : 39000.0000,
      ""DepositType__c"" : ""01"",
      ""PaymentMethod"" : ""81"",
      ""ActivityDate"" : ""20260508"",
      ""DeposiSeqNo__c"" : ""3"",
      ""DepositNo__c"" : ""DEP01V020""
    }, {
      ""OrderNo__c"" : null,
      ""CouponNo"" : """",
      ""TransactionAmount"" : 1581000.0000,
      ""DepositType__c"" : ""02"",
      ""PaymentMethod"" : ""01"",
      ""ActivityDate"" : ""20260508"",
      ""DeposiSeqNo__c"" : ""1"",
      ""DepositNo__c"" : ""DEP01V021""
    } ],
    ""OrderItem"" : [ {
      ""DiscountRate__c"" : 20.0000,
      ""NetSalesUnitPrice__c"" : 320000.0000,
      ""isExclude"" : false,
      ""Quantity"" : 1,
      ""ProductCode"" : ""212500046"",
      ""OrderNo__c"" : ""SOR01V006"",
      ""SaleSeqNo__c"" : ""1""
    }, {
      ""DiscountRate__c"" : 20.0000,
      ""NetSalesUnitPrice__c"" : 400000.0000,
      ""isExclude"" : false,
      ""Quantity"" : 1,
      ""ProductCode"" : ""212500047"",
      ""OrderNo__c"" : ""SOR01V006"",
      ""SaleSeqNo__c"" : ""2""
    }, {
      ""DiscountRate__c"" : 20.0000,
      ""NetSalesUnitPrice__c"" : 400000.0000,
      ""isExclude"" : false,
      ""Quantity"" : 1,
      ""ProductCode"" : ""2A2600001"",
      ""OrderNo__c"" : ""SOR01V006"",
      ""SaleSeqNo__c"" : ""3""
    }, {
      ""DiscountRate__c"" : 20.0000,
      ""NetSalesUnitPrice__c"" : 400000.0000,
      ""isExclude"" : false,
      ""Quantity"" : 2,
      ""ProductCode"" : ""3A2600005"",
      ""OrderNo__c"" : ""SOR01V006"",
      ""SaleSeqNo__c"" : ""4""
    } ],
    ""PromotionNo__c"" : ""PRO202604171053"",
    ""SaleStatus__c"" : ""01"",
    ""EndDate"" : ""20260508"",
    ""ActualPaymentAmount__c"" : 1920000.0,
    ""SaleNo__c"" : ""SAL01V015"",
    ""MemberNo__c"" : ""TEST01005"",
    ""StoreCode__c"" : ""99998"",
    ""AccountId"" : ""1000""
  },
  ""code"" : 200
}"
a12JO000000MhPhYAK,2026-05-10T13:49:54.000+0000,GdPointCreditApiControllerV1,/gd/v1/point/credit,"{
    ""MemberNo__c"": ""TEST01005"", 
    ""PointsList"": [ 
        {
            ""point"": 9000, 
            ""cd_type_point"": ""05"" 
        }
    ],
    ""SaleNo__c"": ""SAL01V015"",
    ""EndDate"": ""20260508""
}","{
  ""success"" : true,
  ""message"" : ""포인트 지급 성공"",
  ""data"" : {
    ""PointCreditList"" : [ {
      ""TX_REMARK"" : ""이벤트포인트"",
      ""PT_TARGET"" : 9000.0000,
      ""NO_SAL"" : null,
      ""NO_PROM_MBR"" : null,
      ""NO_MBR"" : ""TEST01005"",
      ""NO_GRADE_ADVAN"" : null,
      ""ID_INSERT"" : null,
      ""DTS_INSERT"" : ""2026-05-10 22:49:54"",
      ""DT_SAVE_PLAN"" : null,
      ""DT_LIMIT_START"" : ""2026-05-08 09:00:00"",
      ""DT_LIMIT_END"" : ""2028-05-08"",
      ""DT_DESTROY_PLAN"" : ""2028-05-09"",
      ""CD_TYPE_SAVE"" : ""Credit"",
      ""CD_TYPE_POINT"" : ""01"",
      ""CD_JOURNAL"" : ""05wJO0000004S7NYAU"",
      ""AM_SAL"" : null
    } ]
  },
  ""code"" : 200
}"
a12JO000000MhRJYA0,2026-05-10T13:50:01.000+0000,OrderTrigger,,,
a12JO000000MhRKYA0,2026-05-10T13:50:02.000+0000,OrderTriggerHandler,,,
a12JO000000MhRLYA0,2026-05-10T13:50:02.000+0000,OrderTrigger,,,
a12JO000000MhRMYA0,2026-05-10T13:50:02.000+0000,GdSaleApiControllerV1,/gd/v1/sale,"{
    ""AccountId"": ""1000"",
    ""StoreCode__c"": ""99998"",
    ""MemberNo__c"": ""TEST01008"",
    ""SaleNo__c"": ""SAL02V031"",
    ""ActualPaymentAmount__c"": 1000000.0,
    ""EndDate"": ""20260510"",
    ""SaleStatus__c"": ""01"",
    ""PromotionNo__c"": ""PRO202604161046"",
    ""OrderItem"": [
        {
            ""SaleSeqNo__c"": ""1"",
            ""OrderNo__c"": ""SOR02V031"",
            ""ProductCode"": ""3A2600005"",
            ""Quantity"": 1,
            ""isExclude"": false,
            ""NetSalesUnitPrice__c"": 500000.0000,
            ""DiscountRate__c"": 0.0000
        }
        ,
        {
            ""SaleSeqNo__c"": ""2"",
            ""OrderNo__c"": null,
            ""ProductCode"": ""2A2600001"",
            ""Quantity"": 1,
            ""isExclude"": false,
            ""NetSalesUnitPrice__c"": 500000.0000,
            ""DiscountRate__c"": 0.0000
        }
    ],
    ""TransactionJournal"": [
        {
            ""DepositNo__c"": ""DEP02V031"",
            ""DeposiSeqNo__c"": ""1"",
            ""ActivityDate"": ""20260510"",
            ""PaymentMethod"": ""01"",
            ""DepositType__c"": ""01"",
            ""TransactionAmount"": 50000.0000,
            ""CouponNo"": """",
            ""OrderNo__c"": ""SOR02V031""
        }
        ,
        {
            ""DepositNo__c"": ""DEP02V032"",
            ""DeposiSeqNo__c"": ""1"",
            ""ActivityDate"": ""20260510"",
            ""PaymentMethod"": ""01"",
            ""DepositType__c"": ""02"",
            ""TransactionAmount"": 950000.0000,
            ""CouponNo"": """",
            ""OrderNo__c"": null
        }
        
        
        
        
        
        
        
        
        
        
        
        
        
        
        
        
        
        
        
        
        
        
    ]
}","{
  ""success"" : true,
  ""message"" : ""판매 등록 완료"",
  ""data"" : {
    ""CreditPointList"" : [ {
      ""TX_REMARK"" : ""구매포인트|11cJO000001BAZlYAO|1.00"",
      ""PT_TARGET"" : 10000.0000,
      ""NO_SAL"" : null,
      ""NO_PROM_MBR"" : ""PRO202604161046"",
      ""NO_MBR"" : ""TEST01008"",
      ""NO_GRADE_ADVAN"" : ""01"",
      ""ID_INSERT"" : null,
      ""DTS_INSERT"" : ""2026-05-10 22:50:01"",
      ""DT_SAVE_PLAN"" : null,
      ""DT_LIMIT_START"" : ""2026-05-10 09:00:00"",
      ""DT_LIMIT_END"" : ""2028-05-10"",
      ""DT_DESTROY_PLAN"" : ""2028-05-11"",
      ""CD_TYPE_SAVE"" : ""Credit"",
      ""CD_TYPE_POINT"" : ""01"",
      ""CD_JOURNAL"" : ""05wJO0000004S8zYAE"",
      ""AM_SAL"" : 1000000.0
    } ],
    ""oiList"" : [ {
      ""attributes"" : {
        ""type"" : ""OrderItem"",
        ""url"" : ""/services/data/v67.0/sobjects/OrderItem/802JO0000054Cz2YAE""
      },
      ""OrderId"" : ""801JO00000IBmvDYAT"",
      ""PricebookEntryId"" : ""01uJO000001RG0OYAW"",
      ""Quantity"" : 1,
      ""UnitPrice"" : 500000,
      ""SaleSeqNo__c"" : ""1"",
      ""SaleItemNo__c"" : ""801JO00000IBmvDYAT-1"",
      ""IsExclude__c"" : false,
      ""NetSalesUnitPrice__c"" : 500000.0000,
      ""DiscountRate__c"" : 0.0000,
      ""OrderId__c"" : ""801JO00000IBoooYAD"",
      ""Id"" : ""802JO0000054Cz2YAE""
    }, {
      ""attributes"" : {
        ""type"" : ""OrderItem"",
        ""url"" : ""/services/data/v67.0/sobjects/OrderItem/802JO0000054Cz3YAE""
      },
      ""OrderId"" : ""801JO00000IBmvDYAT"",
      ""PricebookEntryId"" : ""01uJO000001R0w4YAC"",
      ""Quantity"" : 1,
      ""UnitPrice"" : 500000,
      ""SaleSeqNo__c"" : ""2"",
      ""SaleItemNo__c"" : ""801JO00000IBmvDYAT-2"",
      ""IsExclude__c"" : false,
      ""NetSalesUnitPrice__c"" : 500000.0000,
      ""DiscountRate__c"" : 0.0000,
      ""Id"" : ""802JO0000054Cz3YAE""
    } ],
    ""storeType"" : ""09"",
    ""storeTypeFour"" : ""NULL"",
    ""orderId"" : ""801JO00000IBmvDYAT"",
    ""TransactionJournal"" : [ {
      ""OrderNo__c"" : ""SOR02V031"",
      ""CouponNo"" : """",
      ""TransactionAmount"" : 50000.0000,
      ""DepositType__c"" : ""01"",
      ""PaymentMethod"" : ""01"",
      ""ActivityDate"" : ""20260510"",
      ""DeposiSeqNo__c"" : ""1"",
      ""DepositNo__c"" : ""DEP02V031""
    }, {
      ""OrderNo__c"" : null,
      ""CouponNo"" : """",
      ""TransactionAmount"" : 950000.0000,
      ""DepositType__c"" : ""02"",
      ""PaymentMethod"" : ""01"",
      ""ActivityDate"" : ""20260510"",
      ""DeposiSeqNo__c"" : ""1"",
      ""DepositNo__c"" : ""DEP02V032""
    } ],
    ""OrderItem"" : [ {
      ""DiscountRate__c"" : 0.0000,
      ""NetSalesUnitPrice__c"" : 500000.0000,
      ""isExclude"" : false,
      ""Quantity"" : 1,
      ""ProductCode"" : ""3A2600005"",
      ""OrderNo__c"" : ""SOR02V031"",
      ""SaleSeqNo__c"" : ""1""
    }, {
      ""DiscountRate__c"" : 0.0000,
      ""NetSalesUnitPrice__c"" : 500000.0000,
      ""isExclude"" : false,
      ""Quantity"" : 1,
      ""ProductCode"" : ""2A2600001"",
      ""OrderNo__c"" : null,
      ""SaleSeqNo__c"" : ""2""
    } ],
    ""PromotionNo__c"" : ""PRO202604161046"",
    ""SaleStatus__c"" : ""01"",
    ""EndDate"" : ""20260510"",
    ""ActualPaymentAmount__c"" : 1000000.0,
    ""SaleNo__c"" : ""SAL02V031"",
    ""MemberNo__c"" : ""TEST01008"",
    ""StoreCode__c"" : ""99998"",
    ""AccountId"" : ""1000""
  },
  ""code"" : 200
}"
a12JO000000MhSvYAK,2026-05-10T13:50:43.000+0000,OrderTrigger,,,
a12JO000000MhSwYAK,2026-05-10T13:50:44.000+0000,OrderTriggerHandler,,,
a12JO000000MhSxYAK,2026-05-10T13:50:44.000+0000,OrderTrigger,,,
a12JO000000MhSyYAK,2026-05-10T13:50:44.000+0000,GdReturnApiControllerV1,/gd/v1/return,"{
    ""SaleNo__c"": ""SAL01V016"", 
    ""OriginalOrderId"": ""SAL01V015"", 
    ""ActualPaymentAmount__c"": 800000, 
    ""OrderItem"": [ 
        {
            ""SaleSeqNo__c"": ""2"", 
            ""ProductCode"": ""212500047"", 
            ""Quantity"": -1, 
            ""isExclude"": false, 
            ""NetSalesUnitPrice__c"": 400000.0, 
            ""DiscountRate__c"": 20 
        },
        {
            ""SaleSeqNo__c"": ""3"", 
            ""ProductCode"": ""2A2600001"", 
            ""Quantity"": -1, 
            ""isExclude"": false, 
            ""NetSalesUnitPrice__c"": 400000.0, 
            ""DiscountRate__c"": 20 
        }
    ],
    ""TransactionJournal"": [ 
        {
            ""DepositNo__c"": ""DEP01V022"", 
            ""DeposiSeqNo__c"": ""1"", 
            ""ActivityDate"": ""20260508"", 
            ""PaymentMethod"": ""01"", 
            ""DepositType__c"": ""03"", 
            ""TransactionAmount"": 800000, 
            ""CouponNo"": """" 
        }
    ],
    ""InsertId__c"": ""골든듀"" 
}","{
  ""success"" : true,
  ""message"" : ""반품 등록 완료"",
  ""data"" : {
    ""CancelPointsCreditedList"" : [ {
      ""PT_USE"" : 16000.0000,
      ""NO_SAL_RTN"" : null,
      ""NO_SAL"" : ""SAL01V015"",
      ""NO_MBR"" : ""TEST01005"",
      ""ID_INSERT"" : null,
      ""DTS_INSERT"" : ""2026-05-10 22:50:44"",
      ""CD_TYPE_POINT"" : ""01"",
      ""CD_RESON"" : ""6"",
      ""CD_LEDGER"" : ""05wJO0000004SAbYAM"",
      ""CD_JOURNAL"" : ""05wJO0000004S5lYAE"",
      ""AM_SAL"" : null
    }, {
      ""PT_USE"" : 24000.0000,
      ""NO_SAL_RTN"" : null,
      ""NO_SAL"" : ""SAL01V015"",
      ""NO_MBR"" : ""TEST01005"",
      ""ID_INSERT"" : null,
      ""DTS_INSERT"" : ""2026-05-10 22:50:44"",
      ""CD_TYPE_POINT"" : ""06"",
      ""CD_RESON"" : ""6"",
      ""CD_LEDGER"" : ""05wJO0000004SAcYAM"",
      ""CD_JOURNAL"" : ""05wJO0000004S5mYAE"",
      ""AM_SAL"" : null
    } ],
    ""originalOrderId"" : ""801JO00000IBp9rYAD"",
    ""orderId"" : ""801JO00000IBnnvYAD"",
    ""InsertId__c"" : ""골든듀"",
    ""TransactionJournal"" : [ {
      ""CouponNo"" : """",
      ""TransactionAmount"" : 800000,
      ""DepositType__c"" : ""03"",
      ""PaymentMethod"" : ""01"",
      ""ActivityDate"" : ""20260508"",
      ""DeposiSeqNo__c"" : ""1"",
      ""DepositNo__c"" : ""DEP01V022""
    } ],
    ""OrderItem"" : [ {
      ""DiscountRate__c"" : 20,
      ""NetSalesUnitPrice__c"" : 400000.0,
      ""isExclude"" : false,
      ""Quantity"" : -1,
      ""ProductCode"" : ""212500047"",
      ""SaleSeqNo__c"" : ""2""
    }, {
      ""DiscountRate__c"" : 20,
      ""NetSalesUnitPrice__c"" : 400000.0,
      ""isExclude"" : false,
      ""Quantity"" : -1,
      ""ProductCode"" : ""2A2600001"",
      ""SaleSeqNo__c"" : ""3""
    } ],
    ""ActualPaymentAmount__c"" : 800000,
    ""OriginalOrderId"" : ""SAL01V015"",
    ""SaleNo__c"" : ""SAL01V016""
  },
  ""code"" : 200
}"
a12JO000000MhUXYA0,2026-05-10T13:53:58.000+0000,OrderTrigger,,,
a12JO000000MhUYYA0,2026-05-10T13:53:59.000+0000,OrderTriggerHandler,,,
a12JO000000MhUZYA0,2026-05-10T13:53:59.000+0000,OrderTrigger,,,
a12JO000000MhUaYAK,2026-05-10T13:53:59.000+0000,GdSaleApiControllerV1,/gd/v1/sale,"{
    ""AccountId"": ""1000"",
    ""StoreCode__c"": ""99998"",
    ""MemberNo__c"": ""TEST01008"",
    ""SaleNo__c"": ""SAL02V033"",
    ""ActualPaymentAmount__c"": 1000000.0,
    ""EndDate"": ""20260510"",
    ""SaleStatus__c"": ""01"",
    ""PromotionNo__c"": ""PRO202605031078"",
    ""OrderItem"": [
        {
            ""SaleSeqNo__c"": ""1"",
            ""OrderNo__c"": null,
            ""ProductCode"": ""3A2600005"",
            ""Quantity"": 1,
            ""isExclude"": false,
            ""NetSalesUnitPrice__c"": 500000.0000,
            ""DiscountRate__c"": 0.0000
        }
        ,
        {
            ""SaleSeqNo__c"": ""2"",
            ""OrderNo__c"": null,
            ""ProductCode"": ""2A2600001"",
            ""Quantity"": 1,
            ""isExclude"": false,
            ""NetSalesUnitPrice__c"": 500000.0000,
            ""DiscountRate__c"": 0.0000
        }
    ],
    ""TransactionJournal"": [
        
        
        
        
        
        
        
        
        
        
        
        {
            ""DepositNo__c"": ""DEP02V033"",
            ""DeposiSeqNo__c"": ""1"",
            ""ActivityDate"": ""20260510"",
            ""PaymentMethod"": ""01"",
            ""DepositType__c"": ""02"",
            ""TransactionAmount"": 1000000.0000,
            ""CouponNo"": """",
            ""OrderNo__c"": null
        }
        
        
        
        
        
        
        
        
        
        
        
        
        
        
        
        
        
        
        
        
        
        
    ]
}","{
  ""success"" : true,
  ""message"" : ""판매 등록 완료"",
  ""data"" : {
    ""CreditPointList"" : [ {
      ""TX_REMARK"" : ""구매포인트|11cJO000001BAZlYAO|1.00"",
      ""PT_TARGET"" : 10000.0000,
      ""NO_SAL"" : null,
      ""NO_PROM_MBR"" : ""PRO202605031078"",
      ""NO_MBR"" : ""TEST01008"",
      ""NO_GRADE_ADVAN"" : ""01"",
      ""ID_INSERT"" : null,
      ""DTS_INSERT"" : ""2026-05-10 22:53:58"",
      ""DT_SAVE_PLAN"" : null,
      ""DT_LIMIT_START"" : ""2026-05-10 09:00:00"",
      ""DT_LIMIT_END"" : ""2028-05-10"",
      ""DT_DESTROY_PLAN"" : ""2028-05-11"",
      ""CD_TYPE_SAVE"" : ""Credit"",
      ""CD_TYPE_POINT"" : ""01"",
      ""CD_JOURNAL"" : ""05wJO0000004SCDYA2"",
      ""AM_SAL"" : 1000000.0
    } ],
    ""oiList"" : [ {
      ""attributes"" : {
        ""type"" : ""OrderItem"",
        ""url"" : ""/services/data/v67.0/sobjects/OrderItem/802JO0000054EuLYAU""
      },
      ""OrderId"" : ""801JO00000IBp1fYAD"",
      ""PricebookEntryId"" : ""01uJO000001RG0OYAW"",
      ""Quantity"" : 1,
      ""UnitPrice"" : 500000,
      ""SaleSeqNo__c"" : ""1"",
      ""SaleItemNo__c"" : ""801JO00000IBp1fYAD-1"",
      ""IsExclude__c"" : false,
      ""NetSalesUnitPrice__c"" : 500000.0000,
      ""DiscountRate__c"" : 0.0000,
      ""Id"" : ""802JO0000054EuLYAU""
    }, {
      ""attributes"" : {
        ""type"" : ""OrderItem"",
        ""url"" : ""/services/data/v67.0/sobjects/OrderItem/802JO0000054EuMYAU""
      },
      ""OrderId"" : ""801JO00000IBp1fYAD"",
      ""PricebookEntryId"" : ""01uJO000001R0w4YAC"",
      ""Quantity"" : 1,
      ""UnitPrice"" : 500000,
      ""SaleSeqNo__c"" : ""2"",
      ""SaleItemNo__c"" : ""801JO00000IBp1fYAD-2"",
      ""IsExclude__c"" : false,
      ""NetSalesUnitPrice__c"" : 500000.0000,
      ""DiscountRate__c"" : 0.0000,
      ""Id"" : ""802JO0000054EuMYAU""
    } ],
    ""storeType"" : ""09"",
    ""storeTypeFour"" : ""NULL"",
    ""orderId"" : ""801JO00000IBp1fYAD"",
    ""TransactionJournal"" : [ {
      ""OrderNo__c"" : null,
      ""CouponNo"" : """",
      ""TransactionAmount"" : 1000000.0000,
      ""DepositType__c"" : ""02"",
      ""PaymentMethod"" : ""01"",
      ""ActivityDate"" : ""20260510"",
      ""DeposiSeqNo__c"" : ""1"",
      ""DepositNo__c"" : ""DEP02V033""
    } ],
    ""OrderItem"" : [ {
      ""DiscountRate__c"" : 0.0000,
      ""NetSalesUnitPrice__c"" : 500000.0000,
      ""isExclude"" : false,
      ""Quantity"" : 1,
      ""ProductCode"" : ""3A2600005"",
      ""OrderNo__c"" : null,
      ""SaleSeqNo__c"" : ""1""
    }, {
      ""DiscountRate__c"" : 0.0000,
      ""NetSalesUnitPrice__c"" : 500000.0000,
      ""isExclude"" : false,
      ""Quantity"" : 1,
      ""ProductCode"" : ""2A2600001"",
      ""OrderNo__c"" : null,
      ""SaleSeqNo__c"" : ""2""
    } ],
    ""PromotionNo__c"" : ""PRO202605031078"",
    ""SaleStatus__c"" : ""01"",
    ""EndDate"" : ""20260510"",
    ""ActualPaymentAmount__c"" : 1000000.0,
    ""SaleNo__c"" : ""SAL02V033"",
    ""MemberNo__c"" : ""TEST01008"",
    ""StoreCode__c"" : ""99998"",
    ""AccountId"" : ""1000""
  },
  ""code"" : 200
}"
a12JO000000MhW9YAK,2026-05-10T13:55:39.000+0000,OrderTrigger,,,
a12JO000000MhWAYA0,2026-05-10T13:55:40.000+0000,OrderTriggerHandler,,,
a12JO000000MhWBYA0,2026-05-10T13:55:40.000+0000,OrderTrigger,,,
a12JO000000MhWCYA0,2026-05-10T13:55:40.000+0000,GdReturnApiControllerV1,/gd/v1/return,"{
    ""SaleNo__c"": ""SAL02V034"", 
    ""OriginalOrderId"": ""SAL02V033"", 
    ""ActualPaymentAmount__c"": 500000, 
    ""OrderItem"": [ 
        {
            ""SaleSeqNo__c"": ""1"", 
            ""ProductCode"": ""2A2600001"", 
            ""Quantity"": -1, 
            ""isExclude"": false, 
            ""NetSalesUnitPrice__c"": 500000.0, 
            ""DiscountRate__c"": 0 
        }
    ],
    ""TransactionJournal"": [ 
        {
            ""DepositNo__c"": ""DEP02V034"", 
            ""DeposiSeqNo__c"": ""1"", 
            ""ActivityDate"": ""20260510"", 
            ""PaymentMethod"": ""01"", 
            ""DepositType__c"": ""03"", 
            ""TransactionAmount"": 500000, 
            ""CouponNo"": """" 
        }
        
        
        
        
        
        
        
        
        
        
        
        
        
        
        
        
        
        
        
        
    ],
    ""InsertId__c"": ""골든듀"" 
}","{
  ""success"" : true,
  ""message"" : ""반품 등록 완료"",
  ""data"" : {
    ""CancelPointsCreditedList"" : [ {
      ""PT_USE"" : 5000.0000,
      ""NO_SAL_RTN"" : null,
      ""NO_SAL"" : ""SAL02V033"",
      ""NO_MBR"" : ""TEST01008"",
      ""ID_INSERT"" : null,
      ""DTS_INSERT"" : ""2026-05-10 22:55:40"",
      ""CD_TYPE_POINT"" : ""01"",
      ""CD_RESON"" : ""6"",
      ""CD_LEDGER"" : ""05wJO0000004SDpYAM"",
      ""CD_JOURNAL"" : ""05wJO0000004SCDYA2"",
      ""AM_SAL"" : null
    } ],
    ""originalOrderId"" : ""801JO00000IBp1fYAD"",
    ""orderId"" : ""801JO00000IBnJPYA1"",
    ""InsertId__c"" : ""골든듀"",
    ""TransactionJournal"" : [ {
      ""CouponNo"" : """",
      ""TransactionAmount"" : 500000,
      ""DepositType__c"" : ""03"",
      ""PaymentMethod"" : ""01"",
      ""ActivityDate"" : ""20260510"",
      ""DeposiSeqNo__c"" : ""1"",
      ""DepositNo__c"" : ""DEP02V034""
    } ],
    ""OrderItem"" : [ {
      ""DiscountRate__c"" : 0,
      ""NetSalesUnitPrice__c"" : 500000.0,
      ""isExclude"" : false,
      ""Quantity"" : -1,
      ""ProductCode"" : ""2A2600001"",
      ""SaleSeqNo__c"" : ""1""
    } ],
    ""ActualPaymentAmount__c"" : 500000,
    ""OriginalOrderId"" : ""SAL02V033"",
    ""SaleNo__c"" : ""SAL02V034""
  },
  ""code"" : 200
}"
a12JO000000MhXmYAK,2026-05-10T13:58:36.000+0000,GdSaleApiControllerV1,/gd/v1/sale,"{
    ""AccountId"": ""1000"",
    ""StoreCode__c"": ""99998"",
    ""MemberNo__c"": ""TEST01008"",
    ""SaleNo__c"": ""SAL02V035"",
    ""ActualPaymentAmount__c"": 1000000.0,
    ""EndDate"": ""20260510"",
    ""SaleStatus__c"": ""01"",
    ""PromotionNo__c"": ""PRO202604161047"",
    ""OrderItem"": [
        {
            ""SaleSeqNo__c"": ""1"",
            ""OrderNo__c"": null,
            ""ProductCode"": ""3A2600005"",
            ""Quantity"": 2,
            ""isExclude"": false,
            ""NetSalesUnitPrice__c"": 500000.0000,
            ""DiscountRate__c"": 0.0000
        }
        
        
        
        
        
        
        
        
        
        
    ],
    ""TransactionJournal"": [
        
        
        
        
        
        
        
        
        
        
        
        {
            ""DepositNo__c"": ""DEP02V035"",
            ""DeposiSeqNo__c"": ""1"",
            ""ActivityDate"": ""20260510"",
            ""PaymentMethod"": ""01"",
            ""DepositType__c"": ""02"",
            ""TransactionAmount"": 900000.0000,
            ""CouponNo"": """",
            ""OrderNo__c"": null
        }
        ,
        {
            ""DepositNo__c"": ""DEP02V035"",
            ""DeposiSeqNo__c"": ""2"",
            ""ActivityDate"": ""20260510"",
            ""PaymentMethod"": ""90"",
            ""DepositType__c"": ""02"",
            ""TransactionAmount"": 50000.0000,
            ""CouponNo"": ""COP2026MY0005;-;6LR4E1XA"",
            ""OrderNo__c"": null
        }
        ,
        {
            ""DepositNo__c"": ""DEP02V035"",
            ""DeposiSeqNo__c"": ""3"",
            ""ActivityDate"": ""20260510"",
            ""PaymentMethod"": ""81"",
            ""DepositType__c"": ""02"",
            ""TransactionAmount"": 50000.0000,
            ""CouponNo"": """",
            ""OrderNo__c"": null
        }
    ]
}","{
  ""success"" : false,
  ""message"" : ""포인트 잔액이 부족합니다. 사용 가능 금액: 45000P (요청: 50000P)"",
  ""code"" : 400
}"
a12JO000000MhZNYA0,2026-05-10T13:58:56.000+0000,OrderTrigger,,,
a12JO000000MhZOYA0,2026-05-10T13:58:58.000+0000,OrderTriggerHandler,,,
a12JO000000MhZPYA0,2026-05-10T13:58:58.000+0000,OrderTrigger,,,
a12JO000000MhZQYA0,2026-05-10T13:58:58.000+0000,GdSaleApiControllerV1,/gd/v1/sale,"{
    ""AccountId"": ""1000"",
    ""StoreCode__c"": ""99998"",
    ""MemberNo__c"": ""TEST01008"",
    ""SaleNo__c"": ""SAL02V035"",
    ""ActualPaymentAmount__c"": 1000000.0,
    ""EndDate"": ""20260510"",
    ""SaleStatus__c"": ""01"",
    ""PromotionNo__c"": ""PRO202604161047"",
    ""OrderItem"": [
        {
            ""SaleSeqNo__c"": ""1"",
            ""OrderNo__c"": null,
            ""ProductCode"": ""3A2600005"",
            ""Quantity"": 2,
            ""isExclude"": false,
            ""NetSalesUnitPrice__c"": 500000.0000,
            ""DiscountRate__c"": 0.0000
        }
        
        
        
        
        
        
        
        
        
        
    ],
    ""TransactionJournal"": [
        
        
        
        
        
        
        
        
        
        
        
        {
            ""DepositNo__c"": ""DEP02V035"",
            ""DeposiSeqNo__c"": ""1"",
            ""ActivityDate"": ""20260510"",
            ""PaymentMethod"": ""01"",
            ""DepositType__c"": ""02"",
            ""TransactionAmount"": 910000.0000,
            ""CouponNo"": """",
            ""OrderNo__c"": null
        }
        ,
        {
            ""DepositNo__c"": ""DEP02V035"",
            ""DeposiSeqNo__c"": ""2"",
            ""ActivityDate"": ""20260510"",
            ""PaymentMethod"": ""90"",
            ""DepositType__c"": ""02"",
            ""TransactionAmount"": 50000.0000,
            ""CouponNo"": ""COP2026MY0005;-;6LR4E1XA"",
            ""OrderNo__c"": null
        }
        ,
        {
            ""DepositNo__c"": ""DEP02V035"",
            ""DeposiSeqNo__c"": ""3"",
            ""ActivityDate"": ""20260510"",
            ""PaymentMethod"": ""81"",
            ""DepositType__c"": ""02"",
            ""TransactionAmount"": 40000.0000,
            ""CouponNo"": """",
            ""OrderNo__c"": null
        }
    ]
}","{
  ""success"" : true,
  ""message"" : ""판매 등록 완료"",
  ""data"" : {
    ""CreditPointList"" : [ {
      ""TX_REMARK"" : ""구매포인트|11cJO000001BAZlYAO|1.00"",
      ""PT_TARGET"" : 9100.0000,
      ""NO_SAL"" : null,
      ""NO_PROM_MBR"" : ""PRO202604161047"",
      ""NO_MBR"" : ""TEST01008"",
      ""NO_GRADE_ADVAN"" : ""01"",
      ""ID_INSERT"" : null,
      ""DTS_INSERT"" : ""2026-05-10 22:58:57"",
      ""DT_SAVE_PLAN"" : null,
      ""DT_LIMIT_START"" : ""2026-05-10 09:00:00"",
      ""DT_LIMIT_END"" : ""2028-05-10"",
      ""DT_DESTROY_PLAN"" : ""2028-05-11"",
      ""CD_TYPE_SAVE"" : ""Credit"",
      ""CD_TYPE_POINT"" : ""01"",
      ""CD_JOURNAL"" : ""05wJO0000004SFTYA2"",
      ""AM_SAL"" : 1000000.0
    }, {
      ""TX_REMARK"" : ""사은포인트|11cJO000001BAY9YAO|3.00"",
      ""PT_TARGET"" : 27300.0000,
      ""NO_SAL"" : null,
      ""NO_PROM_MBR"" : ""PRO202604161047"",
      ""NO_MBR"" : ""TEST01008"",
      ""NO_GRADE_ADVAN"" : ""01"",
      ""ID_INSERT"" : null,
      ""DTS_INSERT"" : ""2026-05-10 22:58:57"",
      ""DT_SAVE_PLAN"" : null,
      ""DT_LIMIT_START"" : ""2026-05-10 09:00:00"",
      ""DT_LIMIT_END"" : ""2028-05-10"",
      ""DT_DESTROY_PLAN"" : ""2028-05-11"",
      ""CD_TYPE_SAVE"" : ""Credit"",
      ""CD_TYPE_POINT"" : ""01"",
      ""CD_JOURNAL"" : ""05wJO0000004SFUYA2"",
      ""AM_SAL"" : 1000000.0
    }, {
      ""TX_REMARK"" : ""이벤트포인트|11cJO000001nThpYAE|1.00"",
      ""PT_TARGET"" : 9100.0000,
      ""NO_SAL"" : null,
      ""NO_PROM_MBR"" : ""PRO202604161047"",
      ""NO_MBR"" : ""TEST01008"",
      ""NO_GRADE_ADVAN"" : ""01"",
      ""ID_INSERT"" : null,
      ""DTS_INSERT"" : ""2026-05-10 22:58:58"",
      ""DT_SAVE_PLAN"" : null,
      ""DT_LIMIT_START"" : ""2026-05-10 09:00:00"",
      ""DT_LIMIT_END"" : ""2028-05-10"",
      ""DT_DESTROY_PLAN"" : ""2028-05-11"",
      ""CD_TYPE_SAVE"" : ""Credit"",
      ""CD_TYPE_POINT"" : ""07"",
      ""CD_JOURNAL"" : ""05wJO0000004SFVYA2"",
      ""AM_SAL"" : 1000000.0
    }, {
      ""TX_REMARK"" : ""이벤트포인트|11cJO000001nThpYAE|3.00"",
      ""PT_TARGET"" : 27300.0000,
      ""NO_SAL"" : null,
      ""NO_PROM_MBR"" : ""PRO202604161047"",
      ""NO_MBR"" : ""TEST01008"",
      ""NO_GRADE_ADVAN"" : ""01"",
      ""ID_INSERT"" : null,
      ""DTS_INSERT"" : ""2026-05-10 22:58:58"",
      ""DT_SAVE_PLAN"" : null,
      ""DT_LIMIT_START"" : ""2026-05-10 09:00:00"",
      ""DT_LIMIT_END"" : ""2028-05-10"",
      ""DT_DESTROY_PLAN"" : ""2028-05-11"",
      ""CD_TYPE_SAVE"" : ""Credit"",
      ""CD_TYPE_POINT"" : ""07"",
      ""CD_JOURNAL"" : ""05wJO0000004SFWYA2"",
      ""AM_SAL"" : 1000000.0
    } ],
    ""DebitPointList"" : [ {
      ""PT_USE"" : 25000.0000,
      ""NO_SAL_RTN"" : null,
      ""NO_SAL"" : ""SAL02V035"",
      ""NO_MBR"" : ""TEST01008"",
      ""ID_INSERT"" : null,
      ""DTS_INSERT"" : ""2026-05-10 22:58:57"",
      ""CD_TYPE_POINT"" : ""04"",
      ""CD_RESON"" : ""1"",
      ""CD_LEDGER"" : ""05wJO0000004SFRYA2"",
      ""CD_JOURNAL"" : ""05wJO0000004S0vYAE"",
      ""AM_SAL"" : 1000000.0
    }, {
      ""PT_USE"" : 5000.0000,
      ""NO_SAL_RTN"" : null,
      ""NO_SAL"" : ""SAL02V035"",
      ""NO_MBR"" : ""TEST01008"",
      ""ID_INSERT"" : null,
      ""DTS_INSERT"" : ""2026-05-10 22:58:57"",
      ""CD_TYPE_POINT"" : ""01"",
      ""CD_RESON"" : ""1"",
      ""CD_LEDGER"" : ""05wJO0000004SFSYA2"",
      ""CD_JOURNAL"" : ""05wJO0000004S2XYAU"",
      ""AM_SAL"" : 1000000.0
    }, {
      ""PT_USE"" : 10000.0000,
      ""NO_SAL_RTN"" : null,
      ""NO_SAL"" : ""SAL02V035"",
      ""NO_MBR"" : ""TEST01008"",
      ""ID_INSERT"" : null,
      ""DTS_INSERT"" : ""2026-05-10 22:58:57"",
      ""CD_TYPE_POINT"" : ""01"",
      ""CD_RESON"" : ""1"",
      ""CD_LEDGER"" : ""05wJO0000004SFSYA2"",
      ""CD_JOURNAL"" : ""05wJO0000004S8zYAE"",
      ""AM_SAL"" : 1000000.0
    } ],
    ""oiList"" : [ {
      ""attributes"" : {
        ""type"" : ""OrderItem"",
        ""url"" : ""/services/data/v67.0/sobjects/OrderItem/802JO0000054CEGYA2""
      },
      ""OrderId"" : ""801JO00000IBnXoYAL"",
      ""PricebookEntryId"" : ""01uJO000001RG0OYAW"",
      ""Quantity"" : 2,
      ""UnitPrice"" : 500000,
      ""SaleSeqNo__c"" : ""1"",
      ""SaleItemNo__c"" : ""801JO00000IBnXoYAL-1"",
      ""IsExclude__c"" : false,
      ""NetSalesUnitPrice__c"" : 500000.0000,
      ""DiscountRate__c"" : 0.0000,
      ""Id"" : ""802JO0000054CEGYA2""
    } ],
    ""storeType"" : ""09"",
    ""storeTypeFour"" : ""NULL"",
    ""orderId"" : ""801JO00000IBnXoYAL"",
    ""TransactionJournal"" : [ {
      ""OrderNo__c"" : null,
      ""CouponNo"" : """",
      ""TransactionAmount"" : 910000.0000,
      ""DepositType__c"" : ""02"",
      ""PaymentMethod"" : ""01"",
      ""ActivityDate"" : ""20260510"",
      ""DeposiSeqNo__c"" : ""1"",
      ""DepositNo__c"" : ""DEP02V035""
    }, {
      ""OrderNo__c"" : null,
      ""CouponNo"" : ""COP2026MY0005;-;6LR4E1XA"",
      ""TransactionAmount"" : 50000.0000,
      ""DepositType__c"" : ""02"",
      ""PaymentMethod"" : ""90"",
      ""ActivityDate"" : ""20260510"",
      ""DeposiSeqNo__c"" : ""2"",
      ""DepositNo__c"" : ""DEP02V035""
    }, {
      ""OrderNo__c"" : null,
      ""CouponNo"" : """",
      ""TransactionAmount"" : 40000.0000,
      ""DepositType__c"" : ""02"",
      ""PaymentMethod"" : ""81"",
      ""ActivityDate"" : ""20260510"",
      ""DeposiSeqNo__c"" : ""3"",
      ""DepositNo__c"" : ""DEP02V035""
    } ],
    ""OrderItem"" : [ {
      ""DiscountRate__c"" : 0.0000,
      ""NetSalesUnitPrice__c"" : 500000.0000,
      ""isExclude"" : false,
      ""Quantity"" : 2,
      ""ProductCode"" : ""3A2600005"",
      ""OrderNo__c"" : null,
      ""SaleSeqNo__c"" : ""1""
    } ],
    ""PromotionNo__c"" : ""PRO202604161047"",
    ""SaleStatus__c"" : ""01"",
    ""EndDate"" : ""20260510"",
    ""ActualPaymentAmount__c"" : 1000000.0,
    ""SaleNo__c"" : ""SAL02V035"",
    ""MemberNo__c"" : ""TEST01008"",
    ""StoreCode__c"" : ""99998"",
    ""AccountId"" : ""1000""
  },
  ""code"" : 200
}"
