Id,CreatedDate,ApexClass__c,RequestUrl__c,RequestBody__c,ResponseBody__c
a12JO000000MiaIYAS,2026-05-10T21:00:00.000+0000,MceDailyMagazineSyncScheduler,,,
a12JO000000Ml3VYAS,2026-05-10T21:00:00.000+0000,MceDailyCampaignTargetSyncScheduler,,,
a12JO000000Ml57YAC,2026-05-10T21:00:03.000+0000,MceRowsetApiClient,callout:MarketingCloudApiNC/data/v1/customobjectdata/key/25AC0C5A-C1A7-42C1-8373-F8944E4CC947/rowset?page=1&pagesize=200&$filter=pk%20like%20%27%2520260510%25%27,,"{""links"":{""self"":""/v1/customobjectdata/token/e3e59047-9c97-4aff-98e9-b334168c9e32/rowset?$page=1""},""requestToken"":""e3e59047-9c97-4aff-98e9-b334168c9e32"",""tokenExpireDateUtc"":""2026-05-11T21:00:03.103"",""customObjectId"":""ce59dc2f-73fb-f011-ba77-f40343d03df8"",""customObjectKey"":""25AC0C5A-C1A7-42C1-8373-F8944E4CC947"",""pageSize"":2500,""page"":1,""count"":0,""top"":0}"
a12JO000000Ml58YAC,2026-05-10T21:00:03.000+0000,MceCampaignTargetSendHistoryFetchJob,,,
a12JO000000Ml6jYAC,2026-05-10T21:00:07.000+0000,MceRowsetApiClient,callout:MarketingCloudApiNC/data/v1/customobjectdata/key/36F3065F-5E08-4879-947B-D5E339611C4B/rowset?page=1&pagesize=200&$filter=pk%20like%20%27%2520260510%25%27,,"{""links"":{""self"":""/v1/customobjectdata/token/0b6bc7e3-4397-41ae-8504-e861653a7ca0/rowset?$page=1""},""requestToken"":""0b6bc7e3-4397-41ae-8504-e861653a7ca0"",""tokenExpireDateUtc"":""2026-05-11T21:00:07.06"",""customObjectId"":""8bedc28b-66fb-f011-ba77-f40343d03df8"",""customObjectKey"":""36F3065F-5E08-4879-947B-D5E339611C4B"",""pageSize"":2500,""page"":1,""count"":0,""top"":0}"
a12JO000000Ml6kYAC,2026-05-10T21:00:07.000+0000,MceMagazineSubscriptionFetchJob,,,
a12JO000000MlDBYA0,2026-05-11T00:11:43.000+0000,GdMemberHelpInfoApiControllerV1,"{""MemberNo__c"":""269999800214""}",,"{
  ""success"" : true,
  ""message"" : ""회원 포인트 총합 조회 성공"",
  ""data"" : {
    ""TotalPointsBalance"" : 248000.0
  },
  ""code"" : 200
}"
a12JO000000MlEnYAK,2026-05-11T00:11:44.000+0000,GdMemberHelpInfoApiControllerV1,"{""MemberNo__c"":""269999800214""}",,"{
  ""success"" : true,
  ""message"" : ""회원 포인트 총합 조회 성공"",
  ""data"" : {
    ""TotalPointsBalance"" : 248000.0
  },
  ""code"" : 200
}"
a12JO000000MlGPYA0,2026-05-11T00:11:49.000+0000,GdMemberHelpInfoApiControllerV1,"{""MemberNo__c"":""269999800214""}",,"{
  ""success"" : true,
  ""message"" : ""회원 포인트 총합 조회 성공"",
  ""data"" : {
    ""TotalPointsBalance"" : 248000.0
  },
  ""code"" : 200
}"
a12JO000000MlI1YAK,2026-05-11T00:11:50.000+0000,GdMemberHelpInfoApiControllerV1,"{""MemberNo__c"":""269999800214""}",,"{
  ""success"" : true,
  ""message"" : ""회원 포인트 총합 조회 성공"",
  ""data"" : {
    ""TotalPointsBalance"" : 248000.0
  },
  ""code"" : 200
}"
a12JO000000MlJdYAK,2026-05-11T00:11:51.000+0000,GdMemberHelpInfoApiControllerV1,"{""MemberNo__c"":""269999800210""}",,"{
  ""success"" : true,
  ""message"" : ""회원 포인트 총합 조회 성공"",
  ""data"" : {
    ""TotalPointsBalance"" : 98900.0
  },
  ""code"" : 200
}"
a12JO000000MlLFYA0,2026-05-11T00:12:05.000+0000,GdPromotionApiControllerV1,"{""Name"":"""",""EndDate"":""20260511"",""StoreCode__c"":""99998"",""PromotionNo__c"":"""",""StartDate"":""20260511""}",,"{
  ""success"" : true,
  ""message"" : ""프로모션 조회 성공"",
  ""data"" : {
    ""promotionList"" : [ {
      ""YN_USE_SPECIFIC_COUPON"" : ""N"",
      ""YN_USE_RATE_COUPON"" : ""N"",
      ""YN_USE_POINT"" : ""Y"",
      ""YN_USE_FIXED_COUPON"" : ""N"",
      ""YN_USE_COUPON"" : ""Y"",
      ""YN_SPEC_STORE"" : ""N"",
      ""YN_SPEC_ITEM"" : ""N"",
      ""YN_PROM_DC"" : ""N"",
      ""YN_ALL_STORE"" : ""N"",
      ""YN_ALL_ITEM"" : ""Y"",
      ""YN_ALL_COUPON"" : ""Y"",
      ""YN_ACTIVE"" : true,
      ""NO_PROM"" : ""PRO202605091086"",
      ""NM_TYPE_PROM"" : ""할인"",
      ""NM_STAT"" : ""진행"",
      ""NM_PROM"" : ""[TEST] 포인트적립불가"",
      ""NM_BRAND"" : ""골든듀"",
      ""DT_START"" : ""20260509"",
      ""DT_PUBLISH_START"" : ""20260509"",
      ""DT_PUBLISH_END"" : ""20260531"",
      ""DT_EVENT_START"" : ""20260509"",
      ""DT_EVENT_END"" : ""20260531"",
      ""DT_END"" : ""20260531""
    }, {
      ""YN_USE_SPECIFIC_COUPON"" : ""N"",
      ""YN_USE_RATE_COUPON"" : ""N"",
      ""YN_USE_POINT"" : ""Y"",
      ""YN_USE_FIXED_COUPON"" : ""N"",
      ""YN_USE_COUPON"" : ""Y"",
      ""YN_SPEC_STORE"" : ""N"",
      ""YN_SPEC_ITEM"" : ""N"",
      ""YN_PROM_DC"" : ""N"",
      ""YN_ALL_STORE"" : ""N"",
      ""YN_ALL_ITEM"" : ""Y"",
      ""YN_ALL_COUPON"" : ""Y"",
      ""YN_ACTIVE"" : true,
      ""NO_PROM"" : ""PRO202605041081"",
      ""NM_TYPE_PROM"" : ""할인"",
      ""NM_STAT"" : ""진행"",
      ""NM_PROM"" : ""[TEST] 통합시나리오V5_비활성화"",
      ""NM_BRAND"" : ""골든듀"",
      ""DT_START"" : ""20260504"",
      ""DT_PUBLISH_START"" : ""20260504"",
      ""DT_PUBLISH_END"" : ""20260531"",
      ""DT_EVENT_START"" : ""20260504"",
      ""DT_EVENT_END"" : ""20260531"",
      ""DT_END"" : ""20260507""
    }, {
      ""YN_USE_SPECIFIC_COUPON"" : ""N"",
      ""YN_USE_RATE_COUPON"" : ""N"",
      ""YN_USE_POINT"" : ""N"",
      ""YN_USE_FIXED_COUPON"" : ""N"",
      ""YN_USE_COUPON"" : ""Y"",
      ""YN_SPEC_STORE"" : ""N"",
      ""YN_SPEC_ITEM"" : ""Y"",
      ""YN_PROM_DC"" : ""N"",
      ""YN_ALL_STORE"" : ""N"",
      ""YN_ALL_ITEM"" : ""N"",
      ""YN_ALL_COUPON"" : ""Y"",
      ""YN_ACTIVE"" : true,
      ""NO_PROM"" : ""PRO202605041080"",
      ""NM_TYPE_PROM"" : ""할인"",
      ""NM_STAT"" : ""진행"",
      ""NM_PROM"" : ""[TEST] 통합시나리오V5_사은2배"",
      ""NM_BRAND"" : ""골든듀"",
      ""DT_START"" : ""20260504"",
      ""DT_PUBLISH_START"" : ""20260504"",
      ""DT_PUBLISH_END"" : ""20260531"",
      ""DT_EVENT_START"" : ""20260504"",
      ""DT_EVENT_END"" : ""20260531"",
      ""DT_END"" : ""20260531""
    }, {
      ""YN_USE_SPECIFIC_COUPON"" : ""N"",
      ""YN_USE_RATE_COUPON"" : ""N"",
      ""YN_USE_POINT"" : ""Y"",
      ""YN_USE_FIXED_COUPON"" : ""N"",
      ""YN_USE_COUPON"" : ""Y"",
      ""YN_SPEC_STORE"" : ""N"",
      ""YN_SPEC_ITEM"" : ""N"",
      ""YN_PROM_DC"" : ""N"",
      ""YN_ALL_STORE"" : ""N"",
      ""YN_ALL_ITEM"" : ""Y"",
      ""YN_ALL_COUPON"" : ""Y"",
      ""YN_ACTIVE"" : true,
      ""NO_PROM"" : ""PRO202605041079"",
      ""NM_TYPE_PROM"" : ""할인"",
      ""NM_STAT"" : ""진행"",
      ""NM_PROM"" : ""[TEST] 통합시나리오V5_구매2배"",
      ""NM_BRAND"" : ""골든듀"",
      ""DT_START"" : ""20260504"",
      ""DT_PUBLISH_START"" : ""20260504"",
      ""DT_PUBLISH_END"" : ""20260531"",
      ""DT_EVENT_START"" : ""20260504"",
      ""DT_EVENT_END"" : ""20260531"",
      ""DT_END"" : ""20260531""
    }, {
      ""YN_USE_SPECIFIC_COUPON"" : ""N"",
      ""YN_USE_RATE_COUPON"" : ""N"",
      ""YN_USE_POINT"" : ""Y"",
      ""YN_USE_FIXED_COUPON"" : ""N"",
      ""YN_USE_COUPON"" : ""Y"",
      ""YN_SPEC_STORE"" : ""N"",
      ""YN_SPEC_ITEM"" : ""N"",
      ""YN_PROM_DC"" : ""N"",
      ""YN_ALL_STORE"" : ""N"",
      ""YN_ALL_ITEM"" : ""Y"",
      ""YN_ALL_COUPON"" : ""Y"",
      ""YN_ACTIVE"" : true,
      ""NO_PROM"" : ""PRO202605031078"",
      ""NM_TYPE_PROM"" : ""할인"",
      ""NM_STAT"" : ""진행"",
      ""NM_PROM"" : ""[TEST] 통합시나리오V2_구매적립"",
      ""NM_BRAND"" : ""골든듀"",
      ""DT_START"" : ""20260504"",
      ""DT_PUBLISH_START"" : ""20260504"",
      ""DT_PUBLISH_END"" : ""20260531"",
      ""DT_EVENT_START"" : ""20260504"",
      ""DT_EVENT_END"" : ""20260531"",
      ""DT_END"" : ""20260531""
    }, {
      ""YN_USE_SPECIFIC_COUPON"" : ""N"",
      ""YN_USE_RATE_COUPON"" : ""N"",
      ""YN_USE_POINT"" : ""N"",
      ""YN_USE_FIXED_COUPON"" : ""N"",
      ""YN_USE_COUPON"" : ""N"",
      ""YN_SPEC_STORE"" : ""N"",
      ""YN_SPEC_ITEM"" : ""N"",
      ""YN_PROM_DC"" : ""N"",
      ""YN_ALL_STORE"" : ""N"",
      ""YN_ALL_ITEM"" : ""N"",
      ""YN_ALL_COUPON"" : ""N"",
      ""YN_ACTIVE"" : true,
      ""NO_PROM"" : ""PRO202605021075"",
      ""NM_TYPE_PROM"" : ""할인"",
      ""NM_STAT"" : ""진행"",
      ""NM_PROM"" : ""[TEST] 통합시나리오V2_품목변경"",
      ""NM_BRAND"" : ""골든듀"",
      ""DT_START"" : ""20260502"",
      ""DT_PUBLISH_START"" : ""20260502"",
      ""DT_PUBLISH_END"" : ""20260531"",
      ""DT_EVENT_START"" : ""20260502"",
      ""DT_EVENT_END"" : ""20260531"",
      ""DT_END"" : ""20260531""
    }, {
      ""YN_USE_SPECIFIC_COUPON"" : ""N"",
      ""YN_USE_RATE_COUPON"" : ""N"",
      ""YN_USE_POINT"" : ""Y"",
      ""YN_USE_FIXED_COUPON"" : ""N"",
      ""YN_USE_COUPON"" : ""Y"",
      ""YN_SPEC_STORE"" : ""N"",
      ""YN_SPEC_ITEM"" : ""N"",
      ""YN_PROM_DC"" : ""N"",
      ""YN_ALL_STORE"" : ""N"",
      ""YN_ALL_ITEM"" : ""N"",
      ""YN_ALL_COUPON"" : ""Y"",
      ""YN_ACTIVE"" : true,
      ""NO_PROM"" : ""PRO202605021073"",
      ""NM_TYPE_PROM"" : ""할인"",
      ""NM_STAT"" : ""진행"",
      ""NM_PROM"" : ""[TEST] 통합시나리오V2_마스터변경"",
      ""NM_BRAND"" : ""골든듀"",
      ""DT_START"" : ""20260502"",
      ""DT_PUBLISH_START"" : ""20260502"",
      ""DT_PUBLISH_END"" : ""20260531"",
      ""DT_EVENT_START"" : ""20260502"",
      ""DT_EVENT_END"" : ""20260531"",
      ""DT_END"" : ""20260531""
    }, {
      ""YN_USE_SPECIFIC_COUPON"" : ""N"",
      ""YN_USE_RATE_COUPON"" : ""N"",
      ""YN_USE_POINT"" : ""Y"",
      ""YN_USE_FIXED_COUPON"" : ""N"",
      ""YN_USE_COUPON"" : ""Y"",
      ""YN_SPEC_STORE"" : ""N"",
      ""YN_SPEC_ITEM"" : ""N"",
      ""YN_PROM_DC"" : ""N"",
      ""YN_ALL_STORE"" : ""N"",
      ""YN_ALL_ITEM"" : ""Y"",
      ""YN_ALL_COUPON"" : ""Y"",
      ""YN_ACTIVE"" : true,
      ""NO_PROM"" : ""PRO202605021072"",
      ""NM_TYPE_PROM"" : ""할인"",
      ""NM_STAT"" : ""진행"",
      ""NM_PROM"" : ""[TEST] 통합시나리오V2_더블적립"",
      ""NM_BRAND"" : ""골든듀"",
      ""DT_START"" : ""20260502"",
      ""DT_PUBLISH_START"" : ""20260502"",
      ""DT_PUBLISH_END"" : ""20260531"",
      ""DT_EVENT_START"" : ""20260502"",
      ""DT_EVENT_END"" : ""20260531"",
      ""DT_END"" : ""20260531""
    }, {
      ""YN_USE_SPECIFIC_COUPON"" : ""N"",
      ""YN_USE_RATE_COUPON"" : ""N"",
      ""YN_USE_POINT"" : ""Y"",
      ""YN_USE_FIXED_COUPON"" : ""N"",
      ""YN_USE_COUPON"" : ""Y"",
      ""YN_SPEC_STORE"" : ""N"",
      ""YN_SPEC_ITEM"" : ""Y"",
      ""YN_PROM_DC"" : ""N"",
      ""YN_ALL_STORE"" : ""N"",
      ""YN_ALL_ITEM"" : ""N"",
      ""YN_ALL_COUPON"" : ""Y"",
      ""YN_ACTIVE"" : true,
      ""NO_PROM"" : ""PRO202605021070"",
      ""NM_TYPE_PROM"" : ""할인"",
      ""NM_STAT"" : ""진행"",
      ""NM_PROM"" : ""[TEST] 통합V1_11_마스터변경"",
      ""NM_BRAND"" : ""골든듀"",
      ""DT_START"" : ""20260502"",
      ""DT_PUBLISH_START"" : ""20260502"",
      ""DT_PUBLISH_END"" : ""20260531"",
      ""DT_EVENT_START"" : ""20260502"",
      ""DT_EVENT_END"" : ""20260531"",
      ""DT_END"" : ""20260531""
    }, {
      ""YN_USE_SPECIFIC_COUPON"" : ""N"",
      ""YN_USE_RATE_COUPON"" : ""N"",
      ""YN_USE_POINT"" : ""Y"",
      ""YN_USE_FIXED_COUPON"" : ""N"",
      ""YN_USE_COUPON"" : ""Y"",
      ""YN_SPEC_STORE"" : ""N"",
      ""YN_SPEC_ITEM"" : ""N"",
      ""YN_PROM_DC"" : ""N"",
      ""YN_ALL_STORE"" : ""N"",
      ""YN_ALL_ITEM"" : ""N"",
      ""YN_ALL_COUPON"" : ""Y"",
      ""YN_ACTIVE"" : true,
      ""NO_PROM"" : ""PRO202605021069"",
      ""NM_TYPE_PROM"" : ""할인"",
      ""NM_STAT"" : ""진행"",
      ""NM_PROM"" : ""[TEST] 통합시나리오V1_사은더블"",
      ""NM_BRAND"" : ""골든듀"",
      ""DT_START"" : ""20260502"",
      ""DT_PUBLISH_START"" : ""20260502"",
      ""DT_PUBLISH_END"" : ""20260531"",
      ""DT_EVENT_START"" : ""20260502"",
      ""DT_EVENT_END"" : ""20260531"",
      ""DT_END"" : ""20260531""
    }, {
      ""YN_USE_SPECIFIC_COUPON"" : ""N"",
      ""YN_USE_RATE_COUPON"" : ""N"",
      ""YN_USE_POINT"" : ""Y"",
      ""YN_USE_FIXED_COUPON"" : ""N"",
      ""YN_USE_COUPON"" : ""Y"",
      ""YN_SPEC_STORE"" : ""N"",
      ""YN_SPEC_ITEM"" : ""N"",
      ""YN_PROM_DC"" : ""N"",
      ""YN_ALL_STORE"" : ""N"",
      ""YN_ALL_ITEM"" : ""Y"",
      ""YN_ALL_COUPON"" : ""Y"",
      ""YN_ACTIVE"" : true,
      ""NO_PROM"" : ""PRO202605041082"",
      ""NM_TYPE_PROM"" : ""할인"",
      ""NM_STAT"" : ""진행"",
      ""NM_PROM"" : ""[TEST]_V5_4_프로모션비활성화"",
      ""NM_BRAND"" : ""골든듀"",
      ""DT_START"" : ""20260501"",
      ""DT_PUBLISH_START"" : ""20260501"",
      ""DT_PUBLISH_END"" : ""20260531"",
      ""DT_EVENT_START"" : ""20260501"",
      ""DT_EVENT_END"" : ""20260531"",
      ""DT_END"" : ""20260503""
    }, {
      ""YN_USE_SPECIFIC_COUPON"" : ""N"",
      ""YN_USE_RATE_COUPON"" : ""N"",
      ""YN_USE_POINT"" : ""Y"",
      ""YN_USE_FIXED_COUPON"" : ""N"",
      ""YN_USE_COUPON"" : ""N"",
      ""YN_SPEC_STORE"" : ""N"",
      ""YN_SPEC_ITEM"" : ""N"",
      ""YN_PROM_DC"" : ""N"",
      ""YN_ALL_STORE"" : ""N"",
      ""YN_ALL_ITEM"" : ""Y"",
      ""YN_ALL_COUPON"" : ""N"",
      ""YN_ACTIVE"" : true,
      ""NO_PROM"" : ""PRO202605051084"",
      ""NM_TYPE_PROM"" : ""사은품"",
      ""NM_STAT"" : ""진행"",
      ""NM_PROM"" : ""[TEST]V1-3번프로모션테스트"",
      ""NM_BRAND"" : ""골든듀"",
      ""DT_START"" : ""20260501"",
      ""DT_PUBLISH_START"" : ""20260401"",
      ""DT_PUBLISH_END"" : ""20260630"",
      ""DT_EVENT_START"" : ""20260401"",
      ""DT_EVENT_END"" : ""20260630"",
      ""DT_END"" : ""20260531""
    }, {
      ""YN_USE_SPECIFIC_COUPON"" : ""Y"",
      ""YN_USE_RATE_COUPON"" : ""N"",
      ""YN_USE_POINT"" : ""N"",
      ""YN_USE_FIXED_COUPON"" : ""N"",
      ""YN_USE_COUPON"" : ""Y"",
      ""YN_SPEC_STORE"" : ""N"",
      ""YN_SPEC_ITEM"" : ""Y"",
      ""YN_PROM_DC"" : ""Y"",
      ""YN_ALL_STORE"" : ""N"",
      ""YN_ALL_ITEM"" : ""N"",
      ""YN_ALL_COUPON"" : ""N"",
      ""YN_ACTIVE"" : true,
      ""NO_PROM"" : ""PRO202605021071"",
      ""NM_TYPE_PROM"" : ""할인"",
      ""NM_STAT"" : ""진행"",
      ""NM_PROM"" : ""[TEST]_V4_R군행사"",
      ""NM_BRAND"" : ""골든듀"",
      ""DT_START"" : ""20260501"",
      ""DT_PUBLISH_START"" : ""20260401"",
      ""DT_PUBLISH_END"" : ""20260630"",
      ""DT_EVENT_START"" : ""20260401"",
      ""DT_EVENT_END"" : ""20260630"",
      ""DT_END"" : ""20260531""
    }, {
      ""YN_USE_SPECIFIC_COUPON"" : ""N"",
      ""YN_USE_RATE_COUPON"" : ""N"",
      ""YN_USE_POINT"" : ""Y"",
      ""YN_USE_FIXED_COUPON"" : ""Y"",
      ""YN_USE_COUPON"" : ""Y"",
      ""YN_SPEC_STORE"" : ""N"",
      ""YN_SPEC_ITEM"" : ""N"",
      ""YN_PROM_DC"" : ""N"",
      ""YN_ALL_STORE"" : ""N"",
      ""YN_ALL_ITEM"" : ""Y"",
      ""YN_ALL_COUPON"" : ""N"",
      ""YN_ACTIVE"" : true,
      ""NO_PROM"" : ""PRO202605021074"",
      ""NM_TYPE_PROM"" : ""할인"",
      ""NM_STAT"" : ""진행"",
      ""NM_PROM"" : ""[TEST]_V4_3배적립이벤트"",
      ""NM_BRAND"" : ""골든듀"",
      ""DT_START"" : ""20260501"",
      ""DT_PUBLISH_START"" : ""20260401"",
      ""DT_PUBLISH_END"" : ""20260630"",
      ""DT_EVENT_START"" : ""20260401"",
      ""DT_EVENT_END"" : ""20260630"",
      ""DT_END"" : ""20260531""
    }, {
      ""YN_USE_SPECIFIC_COUPON"" : ""N"",
      ""YN_USE_RATE_COUPON"" : ""N"",
      ""YN_USE_POINT"" : ""Y"",
      ""YN_USE_FIXED_COUPON"" : ""Y"",
      ""YN_USE_COUPON"" : ""Y"",
      ""YN_SPEC_STORE"" : ""N"",
      ""YN_SPEC_ITEM"" : ""Y"",
      ""YN_PROM_DC"" : ""N"",
      ""YN_ALL_STORE"" : ""N"",
      ""YN_ALL_ITEM"" : ""N"",
      ""YN_ALL_COUPON"" : ""N"",
      ""YN_ACTIVE"" : true,
      ""NO_PROM"" : ""PRO202605031076"",
      ""NM_TYPE_PROM"" : ""할인"",
      ""NM_STAT"" : ""진행"",
      ""NM_PROM"" : ""[TEST] 혼합테스트_N배적립프로모션_V2"",
      ""NM_BRAND"" : ""골든듀"",
      ""DT_START"" : ""20260501"",
      ""DT_PUBLISH_START"" : ""20260501"",
      ""DT_PUBLISH_END"" : ""20260531"",
      ""DT_EVENT_START"" : ""20260501"",
      ""DT_EVENT_END"" : ""20260531"",
      ""DT_END"" : ""20260531""
    }, {
      ""YN_USE_SPECIFIC_COUPON"" : ""N"",
      ""YN_USE_RATE_COUPON"" : ""N"",
      ""YN_USE_POINT"" : ""Y"",
      ""YN_USE_FIXED_COUPON"" : ""N"",
      ""YN_USE_COUPON"" : ""Y"",
      ""YN_SPEC_STORE"" : ""N"",
      ""YN_SPEC_ITEM"" : ""N"",
      ""YN_PROM_DC"" : ""N"",
      ""YN_ALL_STORE"" : ""N"",
      ""YN_ALL_ITEM"" : ""Y"",
      ""YN_ALL_COUPON"" : ""Y"",
      ""YN_ACTIVE"" : true,
      ""NO_PROM"" : ""PRO202605031077"",
      ""NM_TYPE_PROM"" : ""할인"",
      ""NM_STAT"" : ""진행"",
      ""NM_PROM"" : ""[TEST]_V1_3_무제한프로모션"",
      ""NM_BRAND"" : ""골든듀"",
      ""DT_START"" : ""20260501"",
      ""DT_PUBLISH_START"" : ""20260501"",
      ""DT_PUBLISH_END"" : ""20260531"",
      ""DT_EVENT_START"" : ""20260501"",
      ""DT_EVENT_END"" : ""20260531"",
      ""DT_END"" : ""20260531""
    }, {
      ""YN_USE_SPECIFIC_COUPON"" : ""Y"",
      ""YN_USE_RATE_COUPON"" : ""N"",
      ""YN_USE_POINT"" : ""Y"",
      ""YN_USE_FIXED_COUPON"" : ""N"",
      ""YN_USE_COUPON"" : ""Y"",
      ""YN_SPEC_STORE"" : ""N"",
      ""YN_SPEC_ITEM"" : ""N"",
      ""YN_PROM_DC"" : ""Y"",
      ""YN_ALL_STORE"" : ""N"",
      ""YN_ALL_ITEM"" : ""N"",
      ""YN_ALL_COUPON"" : ""N"",
      ""YN_ACTIVE"" : true,
      ""NO_PROM"" : ""PRO202604271058"",
      ""NM_TYPE_PROM"" : ""할인"",
      ""NM_STAT"" : ""진행"",
      ""NM_PROM"" : ""[TEST] 단위테스트_R군행사"",
      ""NM_BRAND"" : ""골든듀"",
      ""DT_START"" : ""20260427"",
      ""DT_PUBLISH_START"" : ""20260427"",
      ""DT_PUBLISH_END"" : ""20260531"",
      ""DT_EVENT_START"" : ""20260427"",
      ""DT_EVENT_END"" : ""20260531"",
      ""DT_END"" : ""20260531""
    }, {
      ""YN_USE_SPECIFIC_COUPON"" : ""Y"",
      ""YN_USE_RATE_COUPON"" : ""N"",
      ""YN_USE_POINT"" : ""Y"",
      ""YN_USE_FIXED_COUPON"" : ""N"",
      ""YN_USE_COUPON"" : ""Y"",
      ""YN_SPEC_STORE"" : ""N"",
      ""YN_SPEC_ITEM"" : ""N"",
      ""YN_PROM_DC"" : ""N"",
      ""YN_ALL_STORE"" : ""N"",
      ""YN_ALL_ITEM"" : ""N"",
      ""YN_ALL_COUPON"" : ""N"",
      ""YN_ACTIVE"" : true,
      ""NO_PROM"" : ""PRO202604201056"",
      ""NM_TYPE_PROM"" : ""할인"",
      ""NM_STAT"" : ""진행"",
      ""NM_PROM"" : ""[TEST] 통합시나리오V4_R군행사"",
      ""NM_BRAND"" : ""골든듀"",
      ""DT_START"" : ""20260420"",
      ""DT_PUBLISH_START"" : ""20260420"",
      ""DT_PUBLISH_END"" : ""20260531"",
      ""DT_EVENT_START"" : ""20260420"",
      ""DT_EVENT_END"" : ""20260531"",
      ""DT_END"" : ""20260531""
    }, {
      ""YN_USE_SPECIFIC_COUPON"" : ""N"",
      ""YN_USE_RATE_COUPON"" : ""N"",
      ""YN_USE_POINT"" : ""Y"",
      ""YN_USE_FIXED_COUPON"" : ""Y"",
      ""YN_USE_COUPON"" : ""Y"",
      ""YN_SPEC_STORE"" : ""N"",
      ""YN_SPEC_ITEM"" : ""N"",
      ""YN_PROM_DC"" : ""Y"",
      ""YN_ALL_STORE"" : ""N"",
      ""YN_ALL_ITEM"" : ""Y"",
      ""YN_ALL_COUPON"" : ""N"",
      ""YN_ACTIVE"" : true,
      ""NO_PROM"" : ""PRO202604201055"",
      ""NM_TYPE_PROM"" : ""할인"",
      ""NM_STAT"" : ""진행"",
      ""NM_PROM"" : ""[TEST] 통합시나리오V4_사은포인트3배"",
      ""NM_BRAND"" : ""골든듀"",
      ""DT_START"" : ""20260420"",
      ""DT_PUBLISH_START"" : ""20260420"",
      ""DT_PUBLISH_END"" : ""20260531"",
      ""DT_EVENT_START"" : ""20260420"",
      ""DT_EVENT_END"" : ""20260531"",
      ""DT_END"" : ""20260531""
    }, {
      ""YN_USE_SPECIFIC_COUPON"" : ""N"",
      ""YN_USE_RATE_COUPON"" : ""N"",
      ""YN_USE_POINT"" : ""N"",
      ""YN_USE_FIXED_COUPON"" : ""N"",
      ""YN_USE_COUPON"" : ""N"",
      ""YN_SPEC_STORE"" : ""N"",
      ""YN_SPEC_ITEM"" : ""Y"",
      ""YN_PROM_DC"" : ""Y"",
      ""YN_ALL_STORE"" : ""N"",
      ""YN_ALL_ITEM"" : ""N"",
      ""YN_ALL_COUPON"" : ""N"",
      ""YN_ACTIVE"" : true,
      ""NO_PROM"" : ""PRO202604171052"",
      ""NM_TYPE_PROM"" : ""할인"",
      ""NM_STAT"" : ""진행"",
      ""NM_PROM"" : ""[TEST] 통합시나리오V4_골드바_행사"",
      ""NM_BRAND"" : ""골든듀"",
      ""DT_START"" : ""20260417"",
      ""DT_PUBLISH_START"" : ""20260417"",
      ""DT_PUBLISH_END"" : ""20260531"",
      ""DT_EVENT_START"" : ""20260417"",
      ""DT_EVENT_END"" : ""20260531"",
      ""DT_END"" : ""20260531""
    }, {
      ""YN_USE_SPECIFIC_COUPON"" : ""N"",
      ""YN_USE_RATE_COUPON"" : ""N"",
      ""YN_USE_POINT"" : ""Y"",
      ""YN_USE_FIXED_COUPON"" : ""N"",
      ""YN_USE_COUPON"" : ""Y"",
      ""YN_SPEC_STORE"" : ""N"",
      ""YN_SPEC_ITEM"" : ""N"",
      ""YN_PROM_DC"" : ""N"",
      ""YN_ALL_STORE"" : ""N"",
      ""YN_ALL_ITEM"" : ""Y"",
      ""YN_ALL_COUPON"" : ""Y"",
      ""YN_ACTIVE"" : true,
      ""NO_PROM"" : ""PRO202604171051"",
      ""NM_TYPE_PROM"" : null,
      ""NM_STAT"" : null,
      ""NM_PROM"" : ""[TEST] 통합시나리오V4_프로모션없음_V1"",
      ""NM_BRAND"" : ""골든듀"",
      ""DT_START"" : ""20260417"",
      ""DT_PUBLISH_START"" : ""20260417"",
      ""DT_PUBLISH_END"" : ""20260531"",
      ""DT_EVENT_START"" : ""20260417"",
      ""DT_EVENT_END"" : ""20260531"",
      ""DT_END"" : ""20260531""
    }, {
      ""YN_USE_SPECIFIC_COUPON"" : ""N"",
      ""YN_USE_RATE_COUPON"" : ""N"",
      ""YN_USE_POINT"" : ""N"",
      ""YN_USE_FIXED_COUPON"" : ""N"",
      ""YN_USE_COUPON"" : ""Y"",
      ""YN_SPEC_STORE"" : ""N"",
      ""YN_SPEC_ITEM"" : ""N"",
      ""YN_PROM_DC"" : ""N"",
      ""YN_ALL_STORE"" : ""N"",
      ""YN_ALL_ITEM"" : ""Y"",
      ""YN_ALL_COUPON"" : ""Y"",
      ""YN_ACTIVE"" : true,
      ""NO_PROM"" : ""PRO202604171050"",
      ""NM_TYPE_PROM"" : ""할인"",
      ""NM_STAT"" : ""진행"",
      ""NM_PROM"" : ""[TEST] 통합시나리오V4_9번"",
      ""NM_BRAND"" : ""골든듀"",
      ""DT_START"" : ""20260417"",
      ""DT_PUBLISH_START"" : ""20260417"",
      ""DT_PUBLISH_END"" : ""20260531"",
      ""DT_EVENT_START"" : ""20260417"",
      ""DT_EVENT_END"" : ""20260531"",
      ""DT_END"" : ""20260531""
    }, {
      ""YN_USE_SPECIFIC_COUPON"" : ""N"",
      ""YN_USE_RATE_COUPON"" : ""Y"",
      ""YN_USE_POINT"" : ""Y"",
      ""YN_USE_FIXED_COUPON"" : ""N"",
      ""YN_USE_COUPON"" : ""Y"",
      ""YN_SPEC_STORE"" : ""N"",
      ""YN_SPEC_ITEM"" : ""Y"",
      ""YN_PROM_DC"" : ""Y"",
      ""YN_ALL_STORE"" : ""N"",
      ""YN_ALL_ITEM"" : ""N"",
      ""YN_ALL_COUPON"" : ""N"",
      ""YN_ACTIVE"" : true,
      ""NO_PROM"" : ""PRO202604171053"",
      ""NM_TYPE_PROM"" : ""할인"",
      ""NM_STAT"" : ""진행"",
      ""NM_PROM"" : ""[TEST] 통합시나리오V4_계열별_특별_행사"",
      ""NM_BRAND"" : ""골든듀"",
      ""DT_START"" : ""20260417"",
      ""DT_PUBLISH_START"" : ""20260417"",
      ""DT_PUBLISH_END"" : ""20260531"",
      ""DT_EVENT_START"" : ""20260417"",
      ""DT_EVENT_END"" : ""20260531"",
      ""DT_END"" : ""20260531""
    }, {
      ""YN_USE_SPECIFIC_COUPON"" : ""N"",
      ""YN_USE_RATE_COUPON"" : ""N"",
      ""YN_USE_POINT"" : ""Y"",
      ""YN_USE_FIXED_COUPON"" : ""N"",
      ""YN_USE_COUPON"" : ""Y"",
      ""YN_SPEC_STORE"" : ""N"",
      ""YN_SPEC_ITEM"" : ""N"",
      ""YN_PROM_DC"" : ""N"",
      ""YN_ALL_STORE"" : ""N"",
      ""YN_ALL_ITEM"" : ""Y"",
      ""YN_ALL_COUPON"" : ""Y"",
      ""YN_ACTIVE"" : true,
      ""NO_PROM"" : ""PRO202604171054"",
      ""NM_TYPE_PROM"" : ""할인"",
      ""NM_STAT"" : ""등록"",
      ""NM_PROM"" : ""[TEST] 통합시나리오V1_1번"",
      ""NM_BRAND"" : ""골든듀"",
      ""DT_START"" : ""20260417"",
      ""DT_PUBLISH_START"" : ""20260417"",
      ""DT_PUBLISH_END"" : ""20260531"",
      ""DT_EVENT_START"" : ""20260417"",
      ""DT_EVENT_END"" : ""20260531"",
      ""DT_END"" : ""20260531""
    }, {
      ""YN_USE_SPECIFIC_COUPON"" : ""N"",
      ""YN_USE_RATE_COUPON"" : ""N"",
      ""YN_USE_POINT"" : ""Y"",
      ""YN_USE_FIXED_COUPON"" : ""N"",
      ""YN_USE_COUPON"" : ""Y"",
      ""YN_SPEC_STORE"" : ""N"",
      ""YN_SPEC_ITEM"" : ""N"",
      ""YN_PROM_DC"" : ""N"",
      ""YN_ALL_STORE"" : ""N"",
      ""YN_ALL_ITEM"" : ""Y"",
      ""YN_ALL_COUPON"" : ""Y"",
      ""YN_ACTIVE"" : true,
      ""NO_PROM"" : ""PRO202604161047"",
      ""NM_TYPE_PROM"" : ""할인"",
      ""NM_STAT"" : ""진행"",
      ""NM_PROM"" : ""[TEST] 더블적립_프로모션_V2"",
      ""NM_BRAND"" : ""골든듀"",
      ""DT_START"" : ""20260416"",
      ""DT_PUBLISH_START"" : ""20260416"",
      ""DT_PUBLISH_END"" : ""20260531"",
      ""DT_EVENT_START"" : ""20260416"",
      ""DT_EVENT_END"" : ""20260531"",
      ""DT_END"" : ""20260531""
    }, {
      ""YN_USE_SPECIFIC_COUPON"" : ""N"",
      ""YN_USE_RATE_COUPON"" : ""N"",
      ""YN_USE_POINT"" : ""Y"",
      ""YN_USE_FIXED_COUPON"" : ""N"",
      ""YN_USE_COUPON"" : ""Y"",
      ""YN_SPEC_STORE"" : ""N"",
      ""YN_SPEC_ITEM"" : ""N"",
      ""YN_PROM_DC"" : ""N"",
      ""YN_ALL_STORE"" : ""N"",
      ""YN_ALL_ITEM"" : ""Y"",
      ""YN_ALL_COUPON"" : ""Y"",
      ""YN_ACTIVE"" : true,
      ""NO_PROM"" : ""PRO202604161043"",
      ""NM_TYPE_PROM"" : ""할인"",
      ""NM_STAT"" : ""진행"",
      ""NM_PROM"" : ""[TEST] 더블적립_프로모션"",
      ""NM_BRAND"" : ""골든듀"",
      ""DT_START"" : ""20260416"",
      ""DT_PUBLISH_START"" : ""20260416"",
      ""DT_PUBLISH_END"" : ""20260531"",
      ""DT_EVENT_START"" : ""20260416"",
      ""DT_EVENT_END"" : ""20260531"",
      ""DT_END"" : ""20260531""
    }, {
      ""YN_USE_SPECIFIC_COUPON"" : ""N"",
      ""YN_USE_RATE_COUPON"" : ""N"",
      ""YN_USE_POINT"" : ""Y"",
      ""YN_USE_FIXED_COUPON"" : ""N"",
      ""YN_USE_COUPON"" : ""Y"",
      ""YN_SPEC_STORE"" : ""N"",
      ""YN_SPEC_ITEM"" : ""Y"",
      ""YN_PROM_DC"" : ""N"",
      ""YN_ALL_STORE"" : ""N"",
      ""YN_ALL_ITEM"" : ""N"",
      ""YN_ALL_COUPON"" : ""Y"",
      ""YN_ACTIVE"" : true,
      ""NO_PROM"" : ""PRO202604161046"",
      ""NM_TYPE_PROM"" : ""할인"",
      ""NM_STAT"" : ""진행"",
      ""NM_PROM"" : ""[TEST] 기획행사_프로모션"",
      ""NM_BRAND"" : ""골든듀"",
      ""DT_START"" : ""20260416"",
      ""DT_PUBLISH_START"" : ""20260416"",
      ""DT_PUBLISH_END"" : ""20260531"",
      ""DT_EVENT_START"" : ""20260416"",
      ""DT_EVENT_END"" : ""20260531"",
      ""DT_END"" : ""20260531""
    }, {
      ""YN_USE_SPECIFIC_COUPON"" : ""N"",
      ""YN_USE_RATE_COUPON"" : ""N"",
      ""YN_USE_POINT"" : ""Y"",
      ""YN_USE_FIXED_COUPON"" : ""N"",
      ""YN_USE_COUPON"" : ""Y"",
      ""YN_SPEC_STORE"" : ""N"",
      ""YN_SPEC_ITEM"" : ""N"",
      ""YN_PROM_DC"" : ""N"",
      ""YN_ALL_STORE"" : ""N"",
      ""YN_ALL_ITEM"" : ""Y"",
      ""YN_ALL_COUPON"" : ""Y"",
      ""YN_ACTIVE"" : true,
      ""NO_PROM"" : ""PRO202604161042"",
      ""NM_TYPE_PROM"" : ""할인"",
      ""NM_STAT"" : ""진행"",
      ""NM_PROM"" : ""[TEST] 사은불가_프로모션"",
      ""NM_BRAND"" : ""골든듀"",
      ""DT_START"" : ""20260416"",
      ""DT_PUBLISH_START"" : ""20260416"",
      ""DT_PUBLISH_END"" : ""20260531"",
      ""DT_EVENT_START"" : ""20260416"",
      ""DT_EVENT_END"" : ""20260531"",
      ""DT_END"" : ""20260531""
    }, {
      ""YN_USE_SPECIFIC_COUPON"" : ""Y"",
      ""YN_USE_RATE_COUPON"" : ""N"",
      ""YN_USE_POINT"" : ""N"",
      ""YN_USE_FIXED_COUPON"" : ""N"",
      ""YN_USE_COUPON"" : ""Y"",
      ""YN_SPEC_STORE"" : ""N"",
      ""YN_SPEC_ITEM"" : ""Y"",
      ""YN_PROM_DC"" : ""N"",
      ""YN_ALL_STORE"" : ""N"",
      ""YN_ALL_ITEM"" : ""N"",
      ""YN_ALL_COUPON"" : ""N"",
      ""YN_ACTIVE"" : true,
      ""NO_PROM"" : ""PRO202604161049"",
      ""NM_TYPE_PROM"" : ""할인"",
      ""NM_STAT"" : ""진행"",
      ""NM_PROM"" : ""[TEST] 혼합테스트_V2"",
      ""NM_BRAND"" : ""골든듀"",
      ""DT_START"" : ""20260416"",
      ""DT_PUBLISH_START"" : ""20260416"",
      ""DT_PUBLISH_END"" : ""20260531"",
      ""DT_EVENT_START"" : ""20260416"",
      ""DT_EVENT_END"" : ""20260531"",
      ""DT_END"" : ""20260531""
    }, {
      ""YN_USE_SPECIFIC_COUPON"" : ""N"",
      ""YN_USE_RATE_COUPON"" : ""N"",
      ""YN_USE_POINT"" : ""Y"",
      ""YN_USE_FIXED_COUPON"" : ""Y"",
      ""YN_USE_COUPON"" : ""Y"",
      ""YN_SPEC_STORE"" : ""N"",
      ""YN_SPEC_ITEM"" : ""N"",
      ""YN_PROM_DC"" : ""N"",
      ""YN_ALL_STORE"" : ""N"",
      ""YN_ALL_ITEM"" : ""N"",
      ""YN_ALL_COUPON"" : ""N"",
      ""YN_ACTIVE"" : true,
      ""NO_PROM"" : ""PRO202604161048"",
      ""NM_TYPE_PROM"" : ""할인"",
      ""NM_STAT"" : ""진행"",
      ""NM_PROM"" : ""[TEST] 혼합테스트_V1"",
      ""NM_BRAND"" : ""골든듀"",
      ""DT_START"" : ""20260416"",
      ""DT_PUBLISH_START"" : ""20260416"",
      ""DT_PUBLISH_END"" : ""20260531"",
      ""DT_EVENT_START"" : ""20260416"",
      ""DT_EVENT_END"" : ""20260531"",
      ""DT_END"" : ""20260531""
    }, {
      ""YN_USE_SPECIFIC_COUPON"" : ""N"",
      ""YN_USE_RATE_COUPON"" : ""N"",
      ""YN_USE_POINT"" : ""Y"",
      ""YN_USE_FIXED_COUPON"" : ""N"",
      ""YN_USE_COUPON"" : ""Y"",
      ""YN_SPEC_STORE"" : ""N"",
      ""YN_SPEC_ITEM"" : ""N"",
      ""YN_PROM_DC"" : ""N"",
      ""YN_ALL_STORE"" : ""N"",
      ""YN_ALL_ITEM"" : ""Y"",
      ""YN_ALL_COUPON"" : ""Y"",
      ""YN_ACTIVE"" : true,
      ""NO_PROM"" : ""PRO202604161045"",
      ""NM_TYPE_PROM"" : ""할인"",
      ""NM_STAT"" : ""진행"",
      ""NM_PROM"" : ""[TEST] 프로모션_마스터_변경"",
      ""NM_BRAND"" : ""골든듀"",
      ""DT_START"" : ""20260416"",
      ""DT_PUBLISH_START"" : ""20260416"",
      ""DT_PUBLISH_END"" : ""20260531"",
      ""DT_EVENT_START"" : ""20260416"",
      ""DT_EVENT_END"" : ""20260531"",
      ""DT_END"" : ""20260531""
    }, {
      ""YN_USE_SPECIFIC_COUPON"" : ""Y"",
      ""YN_USE_RATE_COUPON"" : ""N"",
      ""YN_USE_POINT"" : ""N"",
      ""YN_USE_FIXED_COUPON"" : ""N"",
      ""YN_USE_COUPON"" : ""Y"",
      ""YN_SPEC_STORE"" : ""N"",
      ""YN_SPEC_ITEM"" : ""N"",
      ""YN_PROM_DC"" : ""N"",
      ""YN_ALL_STORE"" : ""N"",
      ""YN_ALL_ITEM"" : ""N"",
      ""YN_ALL_COUPON"" : ""N"",
      ""YN_ACTIVE"" : true,
      ""NO_PROM"" : ""PRO202604291066"",
      ""NM_TYPE_PROM"" : ""할인"",
      ""NM_STAT"" : ""진행"",
      ""NM_PROM"" : ""[TEST] 프로모션 쿠폰 테스트"",
      ""NM_BRAND"" : ""골든듀"",
      ""DT_START"" : ""20260402"",
      ""DT_PUBLISH_START"" : ""20260401"",
      ""DT_PUBLISH_END"" : ""20260531"",
      ""DT_EVENT_START"" : ""20260401"",
      ""DT_EVENT_END"" : ""20260531"",
      ""DT_END"" : ""20260502""
    }, {
      ""YN_USE_SPECIFIC_COUPON"" : ""N"",
      ""YN_USE_RATE_COUPON"" : ""N"",
      ""YN_USE_POINT"" : ""Y"",
      ""YN_USE_FIXED_COUPON"" : ""N"",
      ""YN_USE_COUPON"" : ""Y"",
      ""YN_SPEC_STORE"" : ""N"",
      ""YN_SPEC_ITEM"" : ""N"",
      ""YN_PROM_DC"" : ""N"",
      ""YN_ALL_STORE"" : ""N"",
      ""YN_ALL_ITEM"" : ""Y"",
      ""YN_ALL_COUPON"" : ""Y"",
      ""YN_ACTIVE"" : true,
      ""NO_PROM"" : ""PRO202604161041"",
      ""NM_TYPE_PROM"" : ""할인"",
      ""NM_STAT"" : ""진행"",
      ""NM_PROM"" : ""[TEST]_프로모션없음"",
      ""NM_BRAND"" : ""골든듀"",
      ""DT_START"" : ""20260401"",
      ""DT_PUBLISH_START"" : ""20260401"",
      ""DT_PUBLISH_END"" : ""20260531"",
      ""DT_EVENT_START"" : ""20260401"",
      ""DT_EVENT_END"" : ""20260531"",
      ""DT_END"" : ""20260524""
    }, {
      ""YN_USE_SPECIFIC_COUPON"" : ""N"",
      ""YN_USE_RATE_COUPON"" : ""N"",
      ""YN_USE_POINT"" : ""N"",
      ""YN_USE_FIXED_COUPON"" : ""N"",
      ""YN_USE_COUPON"" : ""N"",
      ""YN_SPEC_STORE"" : ""N"",
      ""YN_SPEC_ITEM"" : ""N"",
      ""YN_PROM_DC"" : ""N"",
      ""YN_ALL_STORE"" : ""Y"",
      ""YN_ALL_ITEM"" : ""N"",
      ""YN_ALL_COUPON"" : ""N"",
      ""YN_ACTIVE"" : true,
      ""NO_PROM"" : ""PRO202604281062"",
      ""NM_TYPE_PROM"" : ""할인"",
      ""NM_STAT"" : ""등록"",
      ""NM_PROM"" : ""[TEST] 프로모션 게시기간 테스트"",
      ""NM_BRAND"" : ""골든듀"",
      ""DT_START"" : ""20260401"",
      ""DT_PUBLISH_START"" : ""20260401"",
      ""DT_PUBLISH_END"" : ""20260531"",
      ""DT_EVENT_START"" : ""20260401"",
      ""DT_EVENT_END"" : ""20260531"",
      ""DT_END"" : ""20260531""
    }, {
      ""YN_USE_SPECIFIC_COUPON"" : ""N"",
      ""YN_USE_RATE_COUPON"" : ""N"",
      ""YN_USE_POINT"" : ""Y"",
      ""YN_USE_FIXED_COUPON"" : ""N"",
      ""YN_USE_COUPON"" : ""Y"",
      ""YN_SPEC_STORE"" : ""N"",
      ""YN_SPEC_ITEM"" : ""N"",
      ""YN_PROM_DC"" : ""N"",
      ""YN_ALL_STORE"" : ""N"",
      ""YN_ALL_ITEM"" : ""Y"",
      ""YN_ALL_COUPON"" : ""Y"",
      ""YN_ACTIVE"" : true,
      ""NO_PROM"" : ""PRO202605051083"",
      ""NM_TYPE_PROM"" : ""할인"",
      ""NM_STAT"" : ""진행"",
      ""NM_PROM"" : ""[TEST]_V5_6사은적립불가"",
      ""NM_BRAND"" : ""골든듀"",
      ""DT_START"" : ""20260101"",
      ""DT_PUBLISH_START"" : ""20260101"",
      ""DT_PUBLISH_END"" : ""20260531"",
      ""DT_EVENT_START"" : ""20260101"",
      ""DT_EVENT_END"" : ""20260531"",
      ""DT_END"" : ""20260531""
    } ]
  },
  ""code"" : 200
}"
a12JO000000MlMrYAK,2026-05-11T00:12:06.000+0000,GdPromotionDetailApiControllerV1,"{""PromotionNo__c"":""PRO202605091086""}",,"{
  ""success"" : true,
  ""message"" : ""프로모션 상세 조회 성공"",
  ""data"" : {
    ""PromotionDetail"" : {
      ""YN_PROM_DC"" : ""N"",
      ""YN_ALL_ITEM"" : ""Y"",
      ""YN_ACTIVE"" : true,
      ""STORES"" : [ ],
      ""POINTS"" : [ ],
      ""NO_PROM"" : ""PRO202605091086"",
      ""NM_PROM"" : ""[TEST] 포인트적립불가"",
      ""ITEMS"" : [ ],
      ""DT_PUBLISH_START"" : ""20260509"",
      ""DT_PUBLISH_END"" : ""20260531"",
      ""COUPONS"" : [ {
        ""RT_DISC"" : 0,
        ""NM_TYPE_COUPON"" : ""정액"",
        ""NM_MAN_COUPON"" : ""재발행(8월_일반생일)_2025"",
        ""DT_STR_EXP"" : ""20250801"",
        ""DT_END_EXP"" : ""20260731"",
        ""AM_DISC"" : 30000
      }, {
        ""RT_DISC"" : 0,
        ""NM_TYPE_COUPON"" : ""정액"",
        ""NM_MAN_COUPON"" : ""202509_일반회원_생일쿠폰"",
        ""DT_STR_EXP"" : ""20250901"",
        ""DT_END_EXP"" : ""20260831"",
        ""AM_DISC"" : 30000
      }, {
        ""RT_DISC"" : 0,
        ""NM_TYPE_COUPON"" : ""정액"",
        ""NM_MAN_COUPON"" : ""202509_VIP회원_생일쿠폰"",
        ""DT_STR_EXP"" : ""20250901"",
        ""DT_END_EXP"" : ""20260831"",
        ""AM_DISC"" : 50000
      }, {
        ""RT_DISC"" : 0,
        ""NM_TYPE_COUPON"" : ""정액"",
        ""NM_MAN_COUPON"" : ""202509_VVIP회원_생일쿠폰"",
        ""DT_STR_EXP"" : ""20250901"",
        ""DT_END_EXP"" : ""20260831"",
        ""AM_DISC"" : 100000
      }, {
        ""RT_DISC"" : 0,
        ""NM_TYPE_COUPON"" : ""정액"",
        ""NM_MAN_COUPON"" : ""202509_SVIP회원_생일쿠폰"",
        ""DT_STR_EXP"" : ""20250901"",
        ""DT_END_EXP"" : ""20260831"",
        ""AM_DISC"" : 100000
      }, {
        ""RT_DISC"" : 0,
        ""NM_TYPE_COUPON"" : ""정액"",
        ""NM_MAN_COUPON"" : ""재발행(12월_일반생일)_2025"",
        ""DT_STR_EXP"" : ""20251201"",
        ""DT_END_EXP"" : ""20261130"",
        ""AM_DISC"" : 30000
      }, {
        ""RT_DISC"" : 0,
        ""NM_TYPE_COUPON"" : ""정액"",
        ""NM_MAN_COUPON"" : ""재발행(10월_VVIP생일)_2025"",
        ""DT_STR_EXP"" : ""20251001"",
        ""DT_END_EXP"" : ""20260930"",
        ""AM_DISC"" : 100000
      }, {
        ""RT_DISC"" : 0,
        ""NM_TYPE_COUPON"" : ""정액"",
        ""NM_MAN_COUPON"" : ""202601_SVIP회원_생일쿠폰"",
        ""DT_STR_EXP"" : ""20260101"",
        ""DT_END_EXP"" : ""20261231"",
        ""AM_DISC"" : 100000
      }, {
        ""RT_DISC"" : 0,
        ""NM_TYPE_COUPON"" : ""정액"",
        ""NM_MAN_COUPON"" : ""202601_VVIP회원_생일쿠폰"",
        ""DT_STR_EXP"" : ""20260101"",
        ""DT_END_EXP"" : ""20261231"",
        ""AM_DISC"" : 100000
      }, {
        ""RT_DISC"" : 0,
        ""NM_TYPE_COUPON"" : ""정액"",
        ""NM_MAN_COUPON"" : ""202601_VIP회원_생일쿠폰"",
        ""DT_STR_EXP"" : ""20260101"",
        ""DT_END_EXP"" : ""20261231"",
        ""AM_DISC"" : 50000
      }, {
        ""RT_DISC"" : 0,
        ""NM_TYPE_COUPON"" : ""정액"",
        ""NM_MAN_COUPON"" : ""202601_일반회원_생일쿠폰"",
        ""DT_STR_EXP"" : ""20260101"",
        ""DT_END_EXP"" : ""20261231"",
        ""AM_DISC"" : 30000
      }, {
        ""RT_DISC"" : 0,
        ""NM_TYPE_COUPON"" : ""정액"",
        ""NM_MAN_COUPON"" : ""202601_신규1만원"",
        ""DT_STR_EXP"" : ""20260101"",
        ""DT_END_EXP"" : ""20260630"",
        ""AM_DISC"" : 10000
      }, {
        ""RT_DISC"" : 0,
        ""NM_TYPE_COUPON"" : ""정액"",
        ""NM_MAN_COUPON"" : ""재발행(202601_신규1만원)"",
        ""DT_STR_EXP"" : ""20260101"",
        ""DT_END_EXP"" : ""20260630"",
        ""AM_DISC"" : 10000
      }, {
        ""RT_DISC"" : 0,
        ""NM_TYPE_COUPON"" : ""정액"",
        ""NM_MAN_COUPON"" : ""202508_일반회원_생일쿠폰"",
        ""DT_STR_EXP"" : ""20250801"",
        ""DT_END_EXP"" : ""20260731"",
        ""AM_DISC"" : 30000
      }, {
        ""RT_DISC"" : 0,
        ""NM_TYPE_COUPON"" : ""정액"",
        ""NM_MAN_COUPON"" : ""202508_VIP회원_생일쿠폰"",
        ""DT_STR_EXP"" : ""20250801"",
        ""DT_END_EXP"" : ""20260731"",
        ""AM_DISC"" : 50000
      }, {
        ""RT_DISC"" : 0,
        ""NM_TYPE_COUPON"" : ""정액"",
        ""NM_MAN_COUPON"" : ""202508_VVIP회원_생일쿠폰"",
        ""DT_STR_EXP"" : ""20250801"",
        ""DT_END_EXP"" : ""20260731"",
        ""AM_DISC"" : 100000
      }, {
        ""RT_DISC"" : 0,
        ""NM_TYPE_COUPON"" : ""정액"",
        ""NM_MAN_COUPON"" : ""202508_SVIP회원_생일쿠폰"",
        ""DT_STR_EXP"" : ""20250801"",
        ""DT_END_EXP"" : ""20260731"",
        ""AM_DISC"" : 100000
      }, {
        ""RT_DISC"" : 0,
        ""NM_TYPE_COUPON"" : ""정액"",
        ""NM_MAN_COUPON"" : ""202507_일반회원_생일쿠폰"",
        ""DT_STR_EXP"" : ""20250701"",
        ""DT_END_EXP"" : ""20260630"",
        ""AM_DISC"" : 30000
      }, {
        ""RT_DISC"" : 0,
        ""NM_TYPE_COUPON"" : ""정액"",
        ""NM_MAN_COUPON"" : ""202507_SVIP회원_생일쿠폰"",
        ""DT_STR_EXP"" : ""20250701"",
        ""DT_END_EXP"" : ""20260630"",
        ""AM_DISC"" : 100000
      }, {
        ""RT_DISC"" : 0,
        ""NM_TYPE_COUPON"" : ""정액"",
        ""NM_MAN_COUPON"" : ""202507_VIP회원_생일쿠폰"",
        ""DT_STR_EXP"" : ""20250701"",
        ""DT_END_EXP"" : ""20260630"",
        ""AM_DISC"" : 50000
      }, {
        ""RT_DISC"" : 0,
        ""NM_TYPE_COUPON"" : ""정액"",
        ""NM_MAN_COUPON"" : ""202507_VVIP회원_생일쿠폰"",
        ""DT_STR_EXP"" : ""20250701"",
        ""DT_END_EXP"" : ""20260630"",
        ""AM_DISC"" : 100000
      }, {
        ""RT_DISC"" : 0,
        ""NM_TYPE_COUPON"" : ""정액"",
        ""NM_MAN_COUPON"" : ""재발행(7월_일반생일)_2025"",
        ""DT_STR_EXP"" : ""20250701"",
        ""DT_END_EXP"" : ""20260630"",
        ""AM_DISC"" : 30000
      }, {
        ""RT_DISC"" : 0,
        ""NM_TYPE_COUPON"" : ""정액"",
        ""NM_MAN_COUPON"" : ""202506_SVIP회원_생일쿠폰"",
        ""DT_STR_EXP"" : ""20250601"",
        ""DT_END_EXP"" : ""20260531"",
        ""AM_DISC"" : 100000
      }, {
        ""RT_DISC"" : 0,
        ""NM_TYPE_COUPON"" : ""정액"",
        ""NM_MAN_COUPON"" : ""202506_VVIP회원_생일쿠폰"",
        ""DT_STR_EXP"" : ""20250601"",
        ""DT_END_EXP"" : ""20260531"",
        ""AM_DISC"" : 100000
      }, {
        ""RT_DISC"" : 0,
        ""NM_TYPE_COUPON"" : ""정액"",
        ""NM_MAN_COUPON"" : ""202506_VIP회원_생일쿠폰"",
        ""DT_STR_EXP"" : ""20250601"",
        ""DT_END_EXP"" : ""20260531"",
        ""AM_DISC"" : 50000
      }, {
        ""RT_DISC"" : 0,
        ""NM_TYPE_COUPON"" : ""정액"",
        ""NM_MAN_COUPON"" : ""재발행(6월_일반생일)_2025"",
        ""DT_STR_EXP"" : ""20250601"",
        ""DT_END_EXP"" : ""20260531"",
        ""AM_DISC"" : 30000
      }, {
        ""RT_DISC"" : 0,
        ""NM_TYPE_COUPON"" : ""정액"",
        ""NM_MAN_COUPON"" : ""202506_일반회원_생일쿠폰"",
        ""DT_STR_EXP"" : ""20250601"",
        ""DT_END_EXP"" : ""20260531"",
        ""AM_DISC"" : 30000
      }, {
        ""RT_DISC"" : 0,
        ""NM_TYPE_COUPON"" : ""정액"",
        ""NM_MAN_COUPON"" : ""재발행(11월_일반생일)_2025"",
        ""DT_STR_EXP"" : ""20251101"",
        ""DT_END_EXP"" : ""20261031"",
        ""AM_DISC"" : 30000
      }, {
        ""RT_DISC"" : 0,
        ""NM_TYPE_COUPON"" : ""정액"",
        ""NM_MAN_COUPON"" : ""재발행(11월_VVIP생일)_2025"",
        ""DT_STR_EXP"" : ""20251101"",
        ""DT_END_EXP"" : ""20261031"",
        ""AM_DISC"" : 100000
      }, {
        ""RT_DISC"" : 0,
        ""NM_TYPE_COUPON"" : ""정액"",
        ""NM_MAN_COUPON"" : ""재발행(6월_VVIP생일)_2025"",
        ""DT_STR_EXP"" : ""20250601"",
        ""DT_END_EXP"" : ""20260531"",
        ""AM_DISC"" : 100000
      }, {
        ""RT_DISC"" : 0,
        ""NM_TYPE_COUPON"" : ""정액"",
        ""NM_MAN_COUPON"" : ""202512_일반회원_생일쿠폰"",
        ""DT_STR_EXP"" : ""20251201"",
        ""DT_END_EXP"" : ""20261130"",
        ""AM_DISC"" : 30000
      }, {
        ""RT_DISC"" : 0,
        ""NM_TYPE_COUPON"" : ""정액"",
        ""NM_MAN_COUPON"" : ""202512_SVIP회원_생일쿠폰"",
        ""DT_STR_EXP"" : ""20251201"",
        ""DT_END_EXP"" : ""20261130"",
        ""AM_DISC"" : 100000
      }, {
        ""RT_DISC"" : 0,
        ""NM_TYPE_COUPON"" : ""정액"",
        ""NM_MAN_COUPON"" : ""202512_VVIP회원_생일쿠폰"",
        ""DT_STR_EXP"" : ""20251201"",
        ""DT_END_EXP"" : ""20261130"",
        ""AM_DISC"" : 100000
      }, {
        ""RT_DISC"" : 0,
        ""NM_TYPE_COUPON"" : ""정액"",
        ""NM_MAN_COUPON"" : ""202512_VIP회원_생일쿠폰"",
        ""DT_STR_EXP"" : ""20251201"",
        ""DT_END_EXP"" : ""20261130"",
        ""AM_DISC"" : 50000
      }, {
        ""RT_DISC"" : 0,
        ""NM_TYPE_COUPON"" : ""정액"",
        ""NM_MAN_COUPON"" : ""202512_신규1만원"",
        ""DT_STR_EXP"" : ""20251201"",
        ""DT_END_EXP"" : ""20260531"",
        ""AM_DISC"" : 10000
      }, {
        ""RT_DISC"" : 0,
        ""NM_TYPE_COUPON"" : ""정액"",
        ""NM_MAN_COUPON"" : ""재발행(202512_신규1만원)"",
        ""DT_STR_EXP"" : ""20251201"",
        ""DT_END_EXP"" : ""20260531"",
        ""AM_DISC"" : 10000
      }, {
        ""RT_DISC"" : 0,
        ""NM_TYPE_COUPON"" : ""정액"",
        ""NM_MAN_COUPON"" : ""202511_일반회원_생일쿠폰"",
        ""DT_STR_EXP"" : ""20251101"",
        ""DT_END_EXP"" : ""20261031"",
        ""AM_DISC"" : 30000
      }, {
        ""RT_DISC"" : 0,
        ""NM_TYPE_COUPON"" : ""정액"",
        ""NM_MAN_COUPON"" : ""202511_VIP회원_생일쿠폰"",
        ""DT_STR_EXP"" : ""20251101"",
        ""DT_END_EXP"" : ""20261031"",
        ""AM_DISC"" : 50000
      }, {
        ""RT_DISC"" : 0,
        ""NM_TYPE_COUPON"" : ""정액"",
        ""NM_MAN_COUPON"" : ""202511_VVIP회원_생일쿠폰"",
        ""DT_STR_EXP"" : ""20251101"",
        ""DT_END_EXP"" : ""20261031"",
        ""AM_DISC"" : 100000
      }, {
        ""RT_DISC"" : 0,
        ""NM_TYPE_COUPON"" : ""정액"",
        ""NM_MAN_COUPON"" : ""202511_SVIP회원_생일쿠폰"",
        ""DT_STR_EXP"" : ""20251101"",
        ""DT_END_EXP"" : ""20261031"",
        ""AM_DISC"" : 100000
      }, {
        ""RT_DISC"" : 0,
        ""NM_TYPE_COUPON"" : ""정액"",
        ""NM_MAN_COUPON"" : ""재발행(7월_VIP생일)_2025"",
        ""DT_STR_EXP"" : ""20250701"",
        ""DT_END_EXP"" : ""20260630"",
        ""AM_DISC"" : 50000
      }, {
        ""RT_DISC"" : 0,
        ""NM_TYPE_COUPON"" : ""정액"",
        ""NM_MAN_COUPON"" : ""재발행(9월_일반생일)_2025"",
        ""DT_STR_EXP"" : ""20250901"",
        ""DT_END_EXP"" : ""20260831"",
        ""AM_DISC"" : 30000
      }, {
        ""RT_DISC"" : 0,
        ""NM_TYPE_COUPON"" : ""정액"",
        ""NM_MAN_COUPON"" : ""202510_일반회원_생일쿠폰"",
        ""DT_STR_EXP"" : ""20251001"",
        ""DT_END_EXP"" : ""20260930"",
        ""AM_DISC"" : 30000
      }, {
        ""RT_DISC"" : 0,
        ""NM_TYPE_COUPON"" : ""정액"",
        ""NM_MAN_COUPON"" : ""202510_VIP회원_생일쿠폰"",
        ""DT_STR_EXP"" : ""20251001"",
        ""DT_END_EXP"" : ""20260930"",
        ""AM_DISC"" : 50000
      }, {
        ""RT_DISC"" : 0,
        ""NM_TYPE_COUPON"" : ""정액"",
        ""NM_MAN_COUPON"" : ""202510_VVIP회원_생일쿠폰"",
        ""DT_STR_EXP"" : ""20251001"",
        ""DT_END_EXP"" : ""20260930"",
        ""AM_DISC"" : 100000
      }, {
        ""RT_DISC"" : 0,
        ""NM_TYPE_COUPON"" : ""정액"",
        ""NM_MAN_COUPON"" : ""202510_SVIP회원_생일쿠폰"",
        ""DT_STR_EXP"" : ""20251001"",
        ""DT_END_EXP"" : ""20260930"",
        ""AM_DISC"" : 100000
      }, {
        ""RT_DISC"" : 0,
        ""NM_TYPE_COUPON"" : ""정액"",
        ""NM_MAN_COUPON"" : ""재발행(10월_일반생일)_2025"",
        ""DT_STR_EXP"" : ""20251001"",
        ""DT_END_EXP"" : ""20260930"",
        ""AM_DISC"" : 30000
      }, {
        ""RT_DISC"" : 5,
        ""NM_TYPE_COUPON"" : ""정률"",
        ""NM_MAN_COUPON"" : ""5%할인_VVIP특별바우처5"",
        ""DT_STR_EXP"" : ""20260201"",
        ""DT_END_EXP"" : ""20270131"",
        ""AM_DISC"" : 0
      }, {
        ""RT_DISC"" : 0,
        ""NM_TYPE_COUPON"" : ""정액"",
        ""NM_MAN_COUPON"" : ""202605_SVIP회원_생일쿠폰"",
        ""DT_STR_EXP"" : ""20260501"",
        ""DT_END_EXP"" : ""20270430"",
        ""AM_DISC"" : 100000
      }, {
        ""RT_DISC"" : 0,
        ""NM_TYPE_COUPON"" : ""정액"",
        ""NM_MAN_COUPON"" : ""202605_VVIP회원_생일쿠폰"",
        ""DT_STR_EXP"" : ""20260501"",
        ""DT_END_EXP"" : ""20270430"",
        ""AM_DISC"" : 100000
      }, {
        ""RT_DISC"" : 0,
        ""NM_TYPE_COUPON"" : ""정액"",
        ""NM_MAN_COUPON"" : ""202605_VIP회원_생일쿠폰"",
        ""DT_STR_EXP"" : ""20260501"",
        ""DT_END_EXP"" : ""20270430"",
        ""AM_DISC"" : 50000
      }, {
        ""RT_DISC"" : 0,
        ""NM_TYPE_COUPON"" : ""정액"",
        ""NM_MAN_COUPON"" : ""202605_일반회원_생일쿠폰"",
        ""DT_STR_EXP"" : ""20260501"",
        ""DT_END_EXP"" : ""20270430"",
        ""AM_DISC"" : 30000
      }, {
        ""RT_DISC"" : 0,
        ""NM_TYPE_COUPON"" : ""정액"",
        ""NM_MAN_COUPON"" : ""202605_SVIP회원_수선15만원쿠폰"",
        ""DT_STR_EXP"" : ""20260501"",
        ""DT_END_EXP"" : ""20260531"",
        ""AM_DISC"" : 150000
      }, {
        ""RT_DISC"" : 0,
        ""NM_TYPE_COUPON"" : ""정액"",
        ""NM_MAN_COUPON"" : ""202605_VVIP회원_수선15만원쿠폰"",
        ""DT_STR_EXP"" : ""20260501"",
        ""DT_END_EXP"" : ""20260531"",
        ""AM_DISC"" : 150000
      }, {
        ""RT_DISC"" : 0,
        ""NM_TYPE_COUPON"" : ""정액"",
        ""NM_MAN_COUPON"" : ""202605_VIP회원_수선10만원쿠폰"",
        ""DT_STR_EXP"" : ""20260501"",
        ""DT_END_EXP"" : ""20260531"",
        ""AM_DISC"" : 100000
      }, {
        ""RT_DISC"" : 0,
        ""NM_TYPE_COUPON"" : ""정액"",
        ""NM_MAN_COUPON"" : ""202605_수선3만원쿠폰"",
        ""DT_STR_EXP"" : ""20260501"",
        ""DT_END_EXP"" : ""20260731"",
        ""AM_DISC"" : 30000
      }, {
        ""RT_DISC"" : 0,
        ""NM_TYPE_COUPON"" : ""정액"",
        ""NM_MAN_COUPON"" : ""202605_신규1만원"",
        ""DT_STR_EXP"" : ""20260501"",
        ""DT_END_EXP"" : ""20261031"",
        ""AM_DISC"" : 10000
      }, {
        ""RT_DISC"" : 0,
        ""NM_TYPE_COUPON"" : ""정액"",
        ""NM_MAN_COUPON"" : ""재발행(202605_신규1만원)"",
        ""DT_STR_EXP"" : ""20260501"",
        ""DT_END_EXP"" : ""20261031"",
        ""AM_DISC"" : 10000
      }, {
        ""RT_DISC"" : 0,
        ""NM_TYPE_COUPON"" : ""정액"",
        ""NM_MAN_COUPON"" : ""2026수선3만원쿠폰1_GIP"",
        ""DT_STR_EXP"" : ""20260201"",
        ""DT_END_EXP"" : ""20260731"",
        ""AM_DISC"" : 30000
      }, {
        ""RT_DISC"" : 0,
        ""NM_TYPE_COUPON"" : ""정액"",
        ""NM_MAN_COUPON"" : ""3%할인_VIP특별바우처_특수_송은경님"",
        ""DT_STR_EXP"" : ""20260201"",
        ""DT_END_EXP"" : ""20270131"",
        ""AM_DISC"" : 80400
      }, {
        ""RT_DISC"" : 0,
        ""NM_TYPE_COUPON"" : ""정액"",
        ""NM_MAN_COUPON"" : ""5만원우대권2_하나카드VIP_2026"",
        ""DT_STR_EXP"" : ""20260101"",
        ""DT_END_EXP"" : ""20261231"",
        ""AM_DISC"" : 50000
      }, {
        ""RT_DISC"" : 0,
        ""NM_TYPE_COUPON"" : ""정액"",
        ""NM_MAN_COUPON"" : ""상반기재발행_일반생일_2026"",
        ""DT_STR_EXP"" : ""20260101"",
        ""DT_END_EXP"" : ""20260630"",
        ""AM_DISC"" : 30000
      }, {
        ""RT_DISC"" : 0,
        ""NM_TYPE_COUPON"" : ""정액"",
        ""NM_MAN_COUPON"" : ""재발행(2월_일반생일)_2026"",
        ""DT_STR_EXP"" : ""20260201"",
        ""DT_END_EXP"" : ""20270131"",
        ""AM_DISC"" : 30000
      }, {
        ""RT_DISC"" : 0,
        ""NM_TYPE_COUPON"" : ""정액"",
        ""NM_MAN_COUPON"" : ""2026수선3만원쿠폰1_직원"",
        ""DT_STR_EXP"" : ""20260201"",
        ""DT_END_EXP"" : ""20260731"",
        ""AM_DISC"" : 30000
      }, {
        ""RT_DISC"" : 0,
        ""NM_TYPE_COUPON"" : ""정액"",
        ""NM_MAN_COUPON"" : ""202603_SVIP회원_생일쿠폰"",
        ""DT_STR_EXP"" : ""20260301"",
        ""DT_END_EXP"" : ""20270228"",
        ""AM_DISC"" : 100000
      }, {
        ""RT_DISC"" : 0,
        ""NM_TYPE_COUPON"" : ""정액"",
        ""NM_MAN_COUPON"" : ""202603_VVIP회원_생일쿠폰"",
        ""DT_STR_EXP"" : ""20260301"",
        ""DT_END_EXP"" : ""20270228"",
        ""AM_DISC"" : 100000
      }, {
        ""RT_DISC"" : 0,
        ""NM_TYPE_COUPON"" : ""정액"",
        ""NM_MAN_COUPON"" : ""202603_VIP회원_생일쿠폰"",
        ""DT_STR_EXP"" : ""20260301"",
        ""DT_END_EXP"" : ""20270228"",
        ""AM_DISC"" : 50000
      }, {
        ""RT_DISC"" : 0,
        ""NM_TYPE_COUPON"" : ""정액"",
        ""NM_MAN_COUPON"" : ""202603_신규1만원"",
        ""DT_STR_EXP"" : ""20260301"",
        ""DT_END_EXP"" : ""20260831"",
        ""AM_DISC"" : 10000
      }, {
        ""RT_DISC"" : 0,
        ""NM_TYPE_COUPON"" : ""정액"",
        ""NM_MAN_COUPON"" : ""재발행(202603_신규1만원)"",
        ""DT_STR_EXP"" : ""20260301"",
        ""DT_END_EXP"" : ""20260831"",
        ""AM_DISC"" : 10000
      }, {
        ""RT_DISC"" : 0,
        ""NM_TYPE_COUPON"" : ""정액"",
        ""NM_MAN_COUPON"" : ""202603_일반회원_생일쿠폰"",
        ""DT_STR_EXP"" : ""20260301"",
        ""DT_END_EXP"" : ""20270228"",
        ""AM_DISC"" : 30000
      }, {
        ""RT_DISC"" : 0,
        ""NM_TYPE_COUPON"" : ""정액"",
        ""NM_MAN_COUPON"" : ""재발행(1월_일반생일)_2026"",
        ""DT_STR_EXP"" : ""20260101"",
        ""DT_END_EXP"" : ""20261231"",
        ""AM_DISC"" : 30000
      }, {
        ""RT_DISC"" : 0,
        ""NM_TYPE_COUPON"" : ""정액"",
        ""NM_MAN_COUPON"" : ""2만원우대권_하나카드VIP_2026"",
        ""DT_STR_EXP"" : ""20260101"",
        ""DT_END_EXP"" : ""20261231"",
        ""AM_DISC"" : 20000
      }, {
        ""RT_DISC"" : 0,
        ""NM_TYPE_COUPON"" : ""정액"",
        ""NM_MAN_COUPON"" : ""5만원우대권_하나카드VIP_2026"",
        ""DT_STR_EXP"" : ""20260101"",
        ""DT_END_EXP"" : ""20261231"",
        ""AM_DISC"" : 50000
      }, {
        ""RT_DISC"" : 10,
        ""NM_TYPE_COUPON"" : ""정률"",
        ""NM_MAN_COUPON"" : ""10%할인_SVIP특별바우처1 (2)"",
        ""DT_STR_EXP"" : ""20260201"",
        ""DT_END_EXP"" : ""20270131"",
        ""AM_DISC"" : 0
      }, {
        ""RT_DISC"" : 10,
        ""NM_TYPE_COUPON"" : ""정률"",
        ""NM_MAN_COUPON"" : ""10%할인_SVIP특별바우처2 (2)"",
        ""DT_STR_EXP"" : ""20260201"",
        ""DT_END_EXP"" : ""20270131"",
        ""AM_DISC"" : 0
      }, {
        ""RT_DISC"" : 10,
        ""NM_TYPE_COUPON"" : ""정률"",
        ""NM_MAN_COUPON"" : ""10%할인_SVIP특별바우처3 (2)"",
        ""DT_STR_EXP"" : ""20260201"",
        ""DT_END_EXP"" : ""20270131"",
        ""AM_DISC"" : 0
      }, {
        ""RT_DISC"" : 5,
        ""NM_TYPE_COUPON"" : ""정률"",
        ""NM_MAN_COUPON"" : ""5%할인_VVIP특별바우처1"",
        ""DT_STR_EXP"" : ""20260201"",
        ""DT_END_EXP"" : ""20270131"",
        ""AM_DISC"" : 0
      }, {
        ""RT_DISC"" : 5,
        ""NM_TYPE_COUPON"" : ""정률"",
        ""NM_MAN_COUPON"" : ""5%할인_VVIP특별바우처2"",
        ""DT_STR_EXP"" : ""20260201"",
        ""DT_END_EXP"" : ""20270131"",
        ""AM_DISC"" : 0
      }, {
        ""RT_DISC"" : 5,
        ""NM_TYPE_COUPON"" : ""정률"",
        ""NM_MAN_COUPON"" : ""5%할인_VVIP특별바우처3"",
        ""DT_STR_EXP"" : ""20260201"",
        ""DT_END_EXP"" : ""20270131"",
        ""AM_DISC"" : 0
      }, {
        ""RT_DISC"" : 3,
        ""NM_TYPE_COUPON"" : ""정률"",
        ""NM_MAN_COUPON"" : ""3%할인_VIP특별바우처1"",
        ""DT_STR_EXP"" : ""20260201"",
        ""DT_END_EXP"" : ""20270131"",
        ""AM_DISC"" : 0
      }, {
        ""RT_DISC"" : 3,
        ""NM_TYPE_COUPON"" : ""정률"",
        ""NM_MAN_COUPON"" : ""3%할인_VIP특별바우처2"",
        ""DT_STR_EXP"" : ""20260201"",
        ""DT_END_EXP"" : ""20270131"",
        ""AM_DISC"" : 0
      }, {
        ""RT_DISC"" : 3,
        ""NM_TYPE_COUPON"" : ""정률"",
        ""NM_MAN_COUPON"" : ""3%할인_VIP특별바우처3"",
        ""DT_STR_EXP"" : ""20260201"",
        ""DT_END_EXP"" : ""20270131"",
        ""AM_DISC"" : 0
      }, {
        ""RT_DISC"" : 0,
        ""NM_TYPE_COUPON"" : ""정액"",
        ""NM_MAN_COUPON"" : ""202602_신규1만원"",
        ""DT_STR_EXP"" : ""20260201"",
        ""DT_END_EXP"" : ""20260731"",
        ""AM_DISC"" : 10000
      }, {
        ""RT_DISC"" : 0,
        ""NM_TYPE_COUPON"" : ""정액"",
        ""NM_MAN_COUPON"" : ""재발행(202602_신규1만원)"",
        ""DT_STR_EXP"" : ""20260201"",
        ""DT_END_EXP"" : ""20260731"",
        ""AM_DISC"" : 10000
      }, {
        ""RT_DISC"" : 0,
        ""NM_TYPE_COUPON"" : ""정액"",
        ""NM_MAN_COUPON"" : ""2026_SVIP_승격축하쿠폰"",
        ""DT_STR_EXP"" : ""20260201"",
        ""DT_END_EXP"" : ""20270131"",
        ""AM_DISC"" : 100000
      }, {
        ""RT_DISC"" : 0,
        ""NM_TYPE_COUPON"" : ""정액"",
        ""NM_MAN_COUPON"" : ""2026_VVIP_승격축하쿠폰"",
        ""DT_STR_EXP"" : ""20260201"",
        ""DT_END_EXP"" : ""20270131"",
        ""AM_DISC"" : 50000
      }, {
        ""RT_DISC"" : 0,
        ""NM_TYPE_COUPON"" : ""정액"",
        ""NM_MAN_COUPON"" : ""2026_VIP_승격축하쿠폰"",
        ""DT_STR_EXP"" : ""20260201"",
        ""DT_END_EXP"" : ""20270131"",
        ""AM_DISC"" : 50000
      }, {
        ""RT_DISC"" : 0,
        ""NM_TYPE_COUPON"" : ""정액"",
        ""NM_MAN_COUPON"" : ""202602_수선3만원쿠폰"",
        ""DT_STR_EXP"" : ""20260201"",
        ""DT_END_EXP"" : ""20260731"",
        ""AM_DISC"" : 30000
      }, {
        ""RT_DISC"" : 0,
        ""NM_TYPE_COUPON"" : ""정액"",
        ""NM_MAN_COUPON"" : ""2026수선3만원쿠폰1_직원 (2)"",
        ""DT_STR_EXP"" : ""20260201"",
        ""DT_END_EXP"" : ""20260731"",
        ""AM_DISC"" : 30000
      }, {
        ""RT_DISC"" : 0,
        ""NM_TYPE_COUPON"" : ""정액"",
        ""NM_MAN_COUPON"" : ""202602_SVIP회원_생일쿠폰"",
        ""DT_STR_EXP"" : ""20260201"",
        ""DT_END_EXP"" : ""20270131"",
        ""AM_DISC"" : 100000
      }, {
        ""RT_DISC"" : 0,
        ""NM_TYPE_COUPON"" : ""정액"",
        ""NM_MAN_COUPON"" : ""202602_VVIP회원_생일쿠폰"",
        ""DT_STR_EXP"" : ""20260201"",
        ""DT_END_EXP"" : ""20270131"",
        ""AM_DISC"" : 100000
      }, {
        ""RT_DISC"" : 0,
        ""NM_TYPE_COUPON"" : ""정액"",
        ""NM_MAN_COUPON"" : ""202602_VIP회원_생일쿠폰"",
        ""DT_STR_EXP"" : ""20260201"",
        ""DT_END_EXP"" : ""20270131"",
        ""AM_DISC"" : 50000
      }, {
        ""RT_DISC"" : 0,
        ""NM_TYPE_COUPON"" : ""정액"",
        ""NM_MAN_COUPON"" : ""202602_일반회원_생일쿠폰"",
        ""DT_STR_EXP"" : ""20260201"",
        ""DT_END_EXP"" : ""20270131"",
        ""AM_DISC"" : 30000
      }, {
        ""RT_DISC"" : 0,
        ""NM_TYPE_COUPON"" : ""정액"",
        ""NM_MAN_COUPON"" : ""재발행(2026_VIP_승격축하쿠폰)"",
        ""DT_STR_EXP"" : ""20260201"",
        ""DT_END_EXP"" : ""20270131"",
        ""AM_DISC"" : 50000
      }, {
        ""RT_DISC"" : 0,
        ""NM_TYPE_COUPON"" : ""정액"",
        ""NM_MAN_COUPON"" : ""202603_수선3만원쿠폰"",
        ""DT_STR_EXP"" : ""20260301"",
        ""DT_END_EXP"" : ""20260731"",
        ""AM_DISC"" : 30000
      }, {
        ""RT_DISC"" : 3,
        ""NM_TYPE_COUPON"" : ""정률"",
        ""NM_MAN_COUPON"" : ""3%할인_VIP특별바우처4"",
        ""DT_STR_EXP"" : ""20260201"",
        ""DT_END_EXP"" : ""20270131"",
        ""AM_DISC"" : 0
      }, {
        ""RT_DISC"" : 10,
        ""NM_TYPE_COUPON"" : ""정률"",
        ""NM_MAN_COUPON"" : ""10%할인_SVIP특별바우처4 (2)"",
        ""DT_STR_EXP"" : ""20260201"",
        ""DT_END_EXP"" : ""20270131"",
        ""AM_DISC"" : 0
      }, {
        ""RT_DISC"" : 0,
        ""NM_TYPE_COUPON"" : ""정액"",
        ""NM_MAN_COUPON"" : ""상반기재발행_VVIP생일쿠폰_2026"",
        ""DT_STR_EXP"" : ""20260101"",
        ""DT_END_EXP"" : ""20260630"",
        ""AM_DISC"" : 100000
      }, {
        ""RT_DISC"" : 0,
        ""NM_TYPE_COUPON"" : ""정액"",
        ""NM_MAN_COUPON"" : ""재발행(8월_VIP생일)_2025"",
        ""DT_STR_EXP"" : ""20250801"",
        ""DT_END_EXP"" : ""20260731"",
        ""AM_DISC"" : 50000
      }, {
        ""RT_DISC"" : 10,
        ""NM_TYPE_COUPON"" : ""정률"",
        ""NM_MAN_COUPON"" : ""10%할인_SVIP특별바우처5 (2)"",
        ""DT_STR_EXP"" : ""20260201"",
        ""DT_END_EXP"" : ""20270131"",
        ""AM_DISC"" : 0
      }, {
        ""RT_DISC"" : 10,
        ""NM_TYPE_COUPON"" : ""정률"",
        ""NM_MAN_COUPON"" : ""10%할인_SVIP특별바우처6 (2)"",
        ""DT_STR_EXP"" : ""20260201"",
        ""DT_END_EXP"" : ""20270131"",
        ""AM_DISC"" : 0
      }, {
        ""RT_DISC"" : 10,
        ""NM_TYPE_COUPON"" : ""정률"",
        ""NM_MAN_COUPON"" : ""10%할인_SVIP특별바우처7 (2)"",
        ""DT_STR_EXP"" : ""20260201"",
        ""DT_END_EXP"" : ""20270131"",
        ""AM_DISC"" : 0
      }, {
        ""RT_DISC"" : 10,
        ""NM_TYPE_COUPON"" : ""정률"",
        ""NM_MAN_COUPON"" : ""10%할인_SVIP특별바우처8 (3)"",
        ""DT_STR_EXP"" : ""20260201"",
        ""DT_END_EXP"" : ""20270131"",
        ""AM_DISC"" : 0
      }, {
        ""RT_DISC"" : 3,
        ""NM_TYPE_COUPON"" : ""정률"",
        ""NM_MAN_COUPON"" : ""3%할인_VIP특별바우처5"",
        ""DT_STR_EXP"" : ""20260201"",
        ""DT_END_EXP"" : ""20270131"",
        ""AM_DISC"" : 0
      }, {
        ""RT_DISC"" : 3,
        ""NM_TYPE_COUPON"" : ""정률"",
        ""NM_MAN_COUPON"" : ""3%할인_VIP특별바우처6"",
        ""DT_STR_EXP"" : ""20260201"",
        ""DT_END_EXP"" : ""20270131"",
        ""AM_DISC"" : 0
      }, {
        ""RT_DISC"" : 5,
        ""NM_TYPE_COUPON"" : ""정률"",
        ""NM_MAN_COUPON"" : ""5%할인_VVIP특별바우처4"",
        ""DT_STR_EXP"" : ""20260201"",
        ""DT_END_EXP"" : ""20270131"",
        ""AM_DISC"" : 0
      }, {
        ""RT_DISC"" : 0,
        ""NM_TYPE_COUPON"" : ""정액"",
        ""NM_MAN_COUPON"" : ""재발행(3월_일반생일)_2026"",
        ""DT_STR_EXP"" : ""20260301"",
        ""DT_END_EXP"" : ""20270228"",
        ""AM_DISC"" : 30000
      }, {
        ""RT_DISC"" : 0,
        ""NM_TYPE_COUPON"" : ""정액"",
        ""NM_MAN_COUPON"" : ""202604_일반회원_생일쿠폰"",
        ""DT_STR_EXP"" : ""20260401"",
        ""DT_END_EXP"" : ""20270331"",
        ""AM_DISC"" : 30000
      }, {
        ""RT_DISC"" : 0,
        ""NM_TYPE_COUPON"" : ""정액"",
        ""NM_MAN_COUPON"" : ""202604_SVIP회원_생일쿠폰"",
        ""DT_STR_EXP"" : ""20260401"",
        ""DT_END_EXP"" : ""20270331"",
        ""AM_DISC"" : 100000
      }, {
        ""RT_DISC"" : 0,
        ""NM_TYPE_COUPON"" : ""정액"",
        ""NM_MAN_COUPON"" : ""202604_VVIP회원_생일쿠폰"",
        ""DT_STR_EXP"" : ""20260401"",
        ""DT_END_EXP"" : ""20270331"",
        ""AM_DISC"" : 100000
      }, {
        ""RT_DISC"" : 0,
        ""NM_TYPE_COUPON"" : ""정액"",
        ""NM_MAN_COUPON"" : ""202604_VIP회원_생일쿠폰"",
        ""DT_STR_EXP"" : ""20260401"",
        ""DT_END_EXP"" : ""20270331"",
        ""AM_DISC"" : 50000
      }, {
        ""RT_DISC"" : 0,
        ""NM_TYPE_COUPON"" : ""정액"",
        ""NM_MAN_COUPON"" : ""202604_신규1만원"",
        ""DT_STR_EXP"" : ""20260401"",
        ""DT_END_EXP"" : ""20260930"",
        ""AM_DISC"" : 10000
      }, {
        ""RT_DISC"" : 0,
        ""NM_TYPE_COUPON"" : ""정액"",
        ""NM_MAN_COUPON"" : ""202604_수선3만원쿠폰"",
        ""DT_STR_EXP"" : ""20260401"",
        ""DT_END_EXP"" : ""20260731"",
        ""AM_DISC"" : 30000
      }, {
        ""RT_DISC"" : 0,
        ""NM_TYPE_COUPON"" : ""정액"",
        ""NM_MAN_COUPON"" : ""재발행(202604_신규1만원)"",
        ""DT_STR_EXP"" : ""20260401"",
        ""DT_END_EXP"" : ""20260930"",
        ""AM_DISC"" : 10000
      }, {
        ""RT_DISC"" : 0,
        ""NM_TYPE_COUPON"" : ""정액"",
        ""NM_MAN_COUPON"" : ""재발행(4월_일반생일)_2026"",
        ""DT_STR_EXP"" : ""20260401"",
        ""DT_END_EXP"" : ""20270331"",
        ""AM_DISC"" : 30000
      }, {
        ""RT_DISC"" : 0,
        ""NM_TYPE_COUPON"" : ""정액"",
        ""NM_MAN_COUPON"" : ""[TEST] 쿠폰_정액_5만원"",
        ""DT_STR_EXP"" : ""20260430"",
        ""DT_END_EXP"" : ""20260531"",
        ""AM_DISC"" : 30000
      }, {
        ""RT_DISC"" : 0,
        ""NM_TYPE_COUPON"" : ""정액"",
        ""NM_MAN_COUPON"" : ""[TEST] VIP_수선쿠폰"",
        ""DT_STR_EXP"" : ""20260501"",
        ""DT_END_EXP"" : ""20260531"",
        ""AM_DISC"" : 30000
      }, {
        ""RT_DISC"" : 10,
        ""NM_TYPE_COUPON"" : ""정률"",
        ""NM_MAN_COUPON"" : ""[TEST] 정률_10%"",
        ""DT_STR_EXP"" : ""20260501"",
        ""DT_END_EXP"" : ""20260531"",
        ""AM_DISC"" : 0
      }, {
        ""RT_DISC"" : 0,
        ""NM_TYPE_COUPON"" : ""정액"",
        ""NM_MAN_COUPON"" : ""[TEST] 정액_3만원"",
        ""DT_STR_EXP"" : ""20260501"",
        ""DT_END_EXP"" : ""20260531"",
        ""AM_DISC"" : 30000
      }, {
        ""RT_DISC"" : 0,
        ""NM_TYPE_COUPON"" : ""정액"",
        ""NM_MAN_COUPON"" : ""[TEST] 정액_5만원"",
        ""DT_STR_EXP"" : ""20260501"",
        ""DT_END_EXP"" : ""20260531"",
        ""AM_DISC"" : 50000
      }, {
        ""RT_DISC"" : 0,
        ""NM_TYPE_COUPON"" : ""정액"",
        ""NM_MAN_COUPON"" : ""[TEST] 신규_1만원"",
        ""DT_STR_EXP"" : ""20260501"",
        ""DT_END_EXP"" : ""20260531"",
        ""AM_DISC"" : 10000
      }, {
        ""RT_DISC"" : 0,
        ""NM_TYPE_COUPON"" : ""정액"",
        ""NM_MAN_COUPON"" : ""[TEST] 조회용_쿠폰_UPDATED"",
        ""DT_STR_EXP"" : ""20260502"",
        ""DT_END_EXP"" : ""20260630"",
        ""AM_DISC"" : 20000
      }, {
        ""RT_DISC"" : 0,
        ""NM_TYPE_COUPON"" : ""정액"",
        ""NM_MAN_COUPON"" : ""[TEST] 테스트 쿠폰 수정하지마세용"",
        ""DT_STR_EXP"" : ""20260501"",
        ""DT_END_EXP"" : ""20260530"",
        ""AM_DISC"" : 20000
      }, {
        ""RT_DISC"" : 10,
        ""NM_TYPE_COUPON"" : ""정률"",
        ""NM_MAN_COUPON"" : ""[TEST] VVIP_무제한정률"",
        ""DT_STR_EXP"" : ""20260502"",
        ""DT_END_EXP"" : ""20260531"",
        ""AM_DISC"" : 0
      }, {
        ""RT_DISC"" : 0,
        ""NM_TYPE_COUPON"" : ""정액"",
        ""NM_MAN_COUPON"" : ""[TEST] VVIP 생일쿠폰"",
        ""DT_STR_EXP"" : ""20260201"",
        ""DT_END_EXP"" : ""20260531"",
        ""AM_DISC"" : 100000
      }, {
        ""RT_DISC"" : 0,
        ""NM_TYPE_COUPON"" : ""정액"",
        ""NM_MAN_COUPON"" : ""[TEST] 신규가입쿠폰_아울렛"",
        ""DT_STR_EXP"" : ""20260501"",
        ""DT_END_EXP"" : ""20280501"",
        ""AM_DISC"" : 10000
      }, {
        ""RT_DISC"" : 3,
        ""NM_TYPE_COUPON"" : ""정률"",
        ""NM_MAN_COUPON"" : ""[TEST]_정률3%쿠폰"",
        ""DT_STR_EXP"" : ""20260503"",
        ""DT_END_EXP"" : """",
        ""AM_DISC"" : 0
      }, {
        ""RT_DISC"" : 0,
        ""NM_TYPE_COUPON"" : ""정액"",
        ""NM_MAN_COUPON"" : ""[TEST]_GIP 생일쿠폰"",
        ""DT_STR_EXP"" : ""20260503"",
        ""DT_END_EXP"" : """",
        ""AM_DISC"" : 30000
      }, {
        ""RT_DISC"" : 3,
        ""NM_TYPE_COUPON"" : ""정률"",
        ""NM_MAN_COUPON"" : ""[TEST] 신규가입쿠폰_백화점"",
        ""DT_STR_EXP"" : ""20260501"",
        ""DT_END_EXP"" : ""20280531"",
        ""AM_DISC"" : 0
      }, {
        ""RT_DISC"" : 5,
        ""NM_TYPE_COUPON"" : ""정률"",
        ""NM_MAN_COUPON"" : ""[TEST] VVIP_5%"",
        ""DT_STR_EXP"" : ""20260504"",
        ""DT_END_EXP"" : ""20260531"",
        ""AM_DISC"" : 0
      }, {
        ""RT_DISC"" : 0,
        ""NM_TYPE_COUPON"" : ""정액"",
        ""NM_MAN_COUPON"" : ""[TEST] SVIP_생일쿠폰"",
        ""DT_STR_EXP"" : ""20260504"",
        ""DT_END_EXP"" : ""20260531"",
        ""AM_DISC"" : 100000
      }, {
        ""RT_DISC"" : 0,
        ""NM_TYPE_COUPON"" : ""정액"",
        ""NM_MAN_COUPON"" : ""밀버스테스트_3만원"",
        ""DT_STR_EXP"" : ""20260201"",
        ""DT_END_EXP"" : ""20261231"",
        ""AM_DISC"" : 30000
      }, {
        ""RT_DISC"" : 0,
        ""NM_TYPE_COUPON"" : ""정액"",
        ""NM_MAN_COUPON"" : ""[TEST]_VVIP 수선쿠폰"",
        ""DT_STR_EXP"" : ""20260508"",
        ""DT_END_EXP"" : ""20260531"",
        ""AM_DISC"" : 100000
      }, {
        ""RT_DISC"" : 3,
        ""NM_TYPE_COUPON"" : ""정률"",
        ""NM_MAN_COUPON"" : ""142000000679_정률테스트"",
        ""DT_STR_EXP"" : ""20260501"",
        ""DT_END_EXP"" : ""20260531"",
        ""AM_DISC"" : 0
      }, {
        ""RT_DISC"" : 0,
        ""NM_TYPE_COUPON"" : ""정액"",
        ""NM_MAN_COUPON"" : ""[TEST]_SVIP수선쿠폰"",
        ""DT_STR_EXP"" : ""20260509"",
        ""DT_END_EXP"" : ""20260531"",
        ""AM_DISC"" : 150000
      }, {
        ""RT_DISC"" : 0,
        ""NM_TYPE_COUPON"" : ""정액"",
        ""NM_MAN_COUPON"" : ""[TEST] 10만원"",
        ""DT_STR_EXP"" : ""20260509"",
        ""DT_END_EXP"" : ""20260531"",
        ""AM_DISC"" : 100000
      }, {
        ""RT_DISC"" : 5,
        ""NM_TYPE_COUPON"" : ""정률"",
        ""NM_MAN_COUPON"" : ""[TEST]_5%할인쿠폰"",
        ""DT_STR_EXP"" : ""20260509"",
        ""DT_END_EXP"" : ""20260531"",
        ""AM_DISC"" : 0
      } ]
    }
  },
  ""code"" : 200
}"
a12JO000000MlOTYA0,2026-05-11T00:12:08.000+0000,GdPromotionDetailApiControllerV1,"{""PromotionNo__c"":""PRO202605021075""}",,"{
  ""success"" : true,
  ""message"" : ""프로모션 상세 조회 성공"",
  ""data"" : {
    ""PromotionDetail"" : {
      ""YN_PROM_DC"" : ""N"",
      ""YN_ALL_ITEM"" : ""N"",
      ""YN_ACTIVE"" : true,
      ""STORES"" : [ ],
      ""POINTS"" : [ ],
      ""NO_PROM"" : ""PRO202605021075"",
      ""NM_PROM"" : ""[TEST] 통합시나리오V2_품목변경"",
      ""ITEMS"" : [ ],
      ""DT_PUBLISH_START"" : ""20260502"",
      ""DT_PUBLISH_END"" : ""20260531"",
      ""COUPONS"" : [ ]
    }
  },
  ""code"" : 200
}"
a12JO000000MlQ5YAK,2026-05-11T00:12:21.000+0000,GdPromotionDetailApiControllerV1,"{""PromotionNo__c"":""PRO202605041080""}",,"{
  ""success"" : true,
  ""message"" : ""프로모션 상세 조회 성공"",
  ""data"" : {
    ""PromotionDetail"" : {
      ""YN_PROM_DC"" : ""N"",
      ""YN_ALL_ITEM"" : ""N"",
      ""YN_ACTIVE"" : true,
      ""STORES"" : [ ],
      ""POINTS"" : [ {
        ""PT_SAVE"" : null,
        ""NM_TYPE_PROM_POINT"" : ""기본"",
        ""NM_TYPE_POINT"" : ""사은포인트"",
        ""NM_PROM_POINT"" : ""[TEST] 통합시나리오V5_사은2배_사은1""
      } ],
      ""NO_PROM"" : ""PRO202605041080"",
      ""NM_PROM"" : ""[TEST] 통합시나리오V5_사은2배"",
      ""ITEMS"" : [ {
        ""TX_SIZE"" : ""5"",
        ""NM_ITEM"" : ""밀버스_품목_1_update"",
        ""NM_CUT"" : ""VERY GOOD"",
        ""NM_COLOR"" : ""I"",
        ""NM_CLAS_SMAL_ITEM"" : ""팔찌"",
        ""NM_CLAS_MEDI_ITEM"" : ""팔찌"",
        ""NM_CLAS_LARG_ITEM"" : ""다이아몬드"",
        ""NM_CLAS_GROP_ITEM"" : ""O"",
        ""NM_CLAS_ACCT_ITEM"" : ""제품"",
        ""NM_CLARITY"" : ""VS1"",
        ""CD_ITEM"" : ""212500046"",
        ""AM_RETAIL_CURR"" : 400000
      }, {
        ""TX_SIZE"" : """",
        ""NM_ITEM"" : ""밀버스_제품_적립가능"",
        ""NM_CUT"" : """",
        ""NM_COLOR"" : """",
        ""NM_CLAS_SMAL_ITEM"" : ""기타"",
        ""NM_CLAS_MEDI_ITEM"" : ""기타"",
        ""NM_CLAS_LARG_ITEM"" : ""기타"",
        ""NM_CLAS_GROP_ITEM"" : ""T"",
        ""NM_CLAS_ACCT_ITEM"" : ""제품"",
        ""NM_CLARITY"" : """",
        ""CD_ITEM"" : ""2A2600001"",
        ""AM_RETAIL_CURR"" : 500000
      } ],
      ""DT_PUBLISH_START"" : ""20260504"",
      ""DT_PUBLISH_END"" : ""20260531"",
      ""COUPONS"" : [ {
        ""RT_DISC"" : 0,
        ""NM_TYPE_COUPON"" : ""정액"",
        ""NM_MAN_COUPON"" : ""재발행(8월_일반생일)_2025"",
        ""DT_STR_EXP"" : ""20250801"",
        ""DT_END_EXP"" : ""20260731"",
        ""AM_DISC"" : 30000
      }, {
        ""RT_DISC"" : 0,
        ""NM_TYPE_COUPON"" : ""정액"",
        ""NM_MAN_COUPON"" : ""202509_일반회원_생일쿠폰"",
        ""DT_STR_EXP"" : ""20250901"",
        ""DT_END_EXP"" : ""20260831"",
        ""AM_DISC"" : 30000
      }, {
        ""RT_DISC"" : 0,
        ""NM_TYPE_COUPON"" : ""정액"",
        ""NM_MAN_COUPON"" : ""202509_VIP회원_생일쿠폰"",
        ""DT_STR_EXP"" : ""20250901"",
        ""DT_END_EXP"" : ""20260831"",
        ""AM_DISC"" : 50000
      }, {
        ""RT_DISC"" : 0,
        ""NM_TYPE_COUPON"" : ""정액"",
        ""NM_MAN_COUPON"" : ""202509_VVIP회원_생일쿠폰"",
        ""DT_STR_EXP"" : ""20250901"",
        ""DT_END_EXP"" : ""20260831"",
        ""AM_DISC"" : 100000
      }, {
        ""RT_DISC"" : 0,
        ""NM_TYPE_COUPON"" : ""정액"",
        ""NM_MAN_COUPON"" : ""202509_SVIP회원_생일쿠폰"",
        ""DT_STR_EXP"" : ""20250901"",
        ""DT_END_EXP"" : ""20260831"",
        ""AM_DISC"" : 100000
      }, {
        ""RT_DISC"" : 0,
        ""NM_TYPE_COUPON"" : ""정액"",
        ""NM_MAN_COUPON"" : ""재발행(12월_일반생일)_2025"",
        ""DT_STR_EXP"" : ""20251201"",
        ""DT_END_EXP"" : ""20261130"",
        ""AM_DISC"" : 30000
      }, {
        ""RT_DISC"" : 0,
        ""NM_TYPE_COUPON"" : ""정액"",
        ""NM_MAN_COUPON"" : ""재발행(10월_VVIP생일)_2025"",
        ""DT_STR_EXP"" : ""20251001"",
        ""DT_END_EXP"" : ""20260930"",
        ""AM_DISC"" : 100000
      }, {
        ""RT_DISC"" : 0,
        ""NM_TYPE_COUPON"" : ""정액"",
        ""NM_MAN_COUPON"" : ""202601_SVIP회원_생일쿠폰"",
        ""DT_STR_EXP"" : ""20260101"",
        ""DT_END_EXP"" : ""20261231"",
        ""AM_DISC"" : 100000
      }, {
        ""RT_DISC"" : 0,
        ""NM_TYPE_COUPON"" : ""정액"",
        ""NM_MAN_COUPON"" : ""202601_VVIP회원_생일쿠폰"",
        ""DT_STR_EXP"" : ""20260101"",
        ""DT_END_EXP"" : ""20261231"",
        ""AM_DISC"" : 100000
      }, {
        ""RT_DISC"" : 0,
        ""NM_TYPE_COUPON"" : ""정액"",
        ""NM_MAN_COUPON"" : ""202601_VIP회원_생일쿠폰"",
        ""DT_STR_EXP"" : ""20260101"",
        ""DT_END_EXP"" : ""20261231"",
        ""AM_DISC"" : 50000
      }, {
        ""RT_DISC"" : 0,
        ""NM_TYPE_COUPON"" : ""정액"",
        ""NM_MAN_COUPON"" : ""202601_일반회원_생일쿠폰"",
        ""DT_STR_EXP"" : ""20260101"",
        ""DT_END_EXP"" : ""20261231"",
        ""AM_DISC"" : 30000
      }, {
        ""RT_DISC"" : 0,
        ""NM_TYPE_COUPON"" : ""정액"",
        ""NM_MAN_COUPON"" : ""202601_신규1만원"",
        ""DT_STR_EXP"" : ""20260101"",
        ""DT_END_EXP"" : ""20260630"",
        ""AM_DISC"" : 10000
      }, {
        ""RT_DISC"" : 0,
        ""NM_TYPE_COUPON"" : ""정액"",
        ""NM_MAN_COUPON"" : ""재발행(202601_신규1만원)"",
        ""DT_STR_EXP"" : ""20260101"",
        ""DT_END_EXP"" : ""20260630"",
        ""AM_DISC"" : 10000
      }, {
        ""RT_DISC"" : 0,
        ""NM_TYPE_COUPON"" : ""정액"",
        ""NM_MAN_COUPON"" : ""202508_일반회원_생일쿠폰"",
        ""DT_STR_EXP"" : ""20250801"",
        ""DT_END_EXP"" : ""20260731"",
        ""AM_DISC"" : 30000
      }, {
        ""RT_DISC"" : 0,
        ""NM_TYPE_COUPON"" : ""정액"",
        ""NM_MAN_COUPON"" : ""202508_VIP회원_생일쿠폰"",
        ""DT_STR_EXP"" : ""20250801"",
        ""DT_END_EXP"" : ""20260731"",
        ""AM_DISC"" : 50000
      }, {
        ""RT_DISC"" : 0,
        ""NM_TYPE_COUPON"" : ""정액"",
        ""NM_MAN_COUPON"" : ""202508_VVIP회원_생일쿠폰"",
        ""DT_STR_EXP"" : ""20250801"",
        ""DT_END_EXP"" : ""20260731"",
        ""AM_DISC"" : 100000
      }, {
        ""RT_DISC"" : 0,
        ""NM_TYPE_COUPON"" : ""정액"",
        ""NM_MAN_COUPON"" : ""202508_SVIP회원_생일쿠폰"",
        ""DT_STR_EXP"" : ""20250801"",
        ""DT_END_EXP"" : ""20260731"",
        ""AM_DISC"" : 100000
      }, {
        ""RT_DISC"" : 0,
        ""NM_TYPE_COUPON"" : ""정액"",
        ""NM_MAN_COUPON"" : ""202507_일반회원_생일쿠폰"",
        ""DT_STR_EXP"" : ""20250701"",
        ""DT_END_EXP"" : ""20260630"",
        ""AM_DISC"" : 30000
      }, {
        ""RT_DISC"" : 0,
        ""NM_TYPE_COUPON"" : ""정액"",
        ""NM_MAN_COUPON"" : ""202507_SVIP회원_생일쿠폰"",
        ""DT_STR_EXP"" : ""20250701"",
        ""DT_END_EXP"" : ""20260630"",
        ""AM_DISC"" : 100000
      }, {
        ""RT_DISC"" : 0,
        ""NM_TYPE_COUPON"" : ""정액"",
        ""NM_MAN_COUPON"" : ""202507_VIP회원_생일쿠폰"",
        ""DT_STR_EXP"" : ""20250701"",
        ""DT_END_EXP"" : ""20260630"",
        ""AM_DISC"" : 50000
      }, {
        ""RT_DISC"" : 0,
        ""NM_TYPE_COUPON"" : ""정액"",
        ""NM_MAN_COUPON"" : ""202507_VVIP회원_생일쿠폰"",
        ""DT_STR_EXP"" : ""20250701"",
        ""DT_END_EXP"" : ""20260630"",
        ""AM_DISC"" : 100000
      }, {
        ""RT_DISC"" : 0,
        ""NM_TYPE_COUPON"" : ""정액"",
        ""NM_MAN_COUPON"" : ""재발행(7월_일반생일)_2025"",
        ""DT_STR_EXP"" : ""20250701"",
        ""DT_END_EXP"" : ""20260630"",
        ""AM_DISC"" : 30000
      }, {
        ""RT_DISC"" : 0,
        ""NM_TYPE_COUPON"" : ""정액"",
        ""NM_MAN_COUPON"" : ""202506_SVIP회원_생일쿠폰"",
        ""DT_STR_EXP"" : ""20250601"",
        ""DT_END_EXP"" : ""20260531"",
        ""AM_DISC"" : 100000
      }, {
        ""RT_DISC"" : 0,
        ""NM_TYPE_COUPON"" : ""정액"",
        ""NM_MAN_COUPON"" : ""202506_VVIP회원_생일쿠폰"",
        ""DT_STR_EXP"" : ""20250601"",
        ""DT_END_EXP"" : ""20260531"",
        ""AM_DISC"" : 100000
      }, {
        ""RT_DISC"" : 0,
        ""NM_TYPE_COUPON"" : ""정액"",
        ""NM_MAN_COUPON"" : ""202506_VIP회원_생일쿠폰"",
        ""DT_STR_EXP"" : ""20250601"",
        ""DT_END_EXP"" : ""20260531"",
        ""AM_DISC"" : 50000
      }, {
        ""RT_DISC"" : 0,
        ""NM_TYPE_COUPON"" : ""정액"",
        ""NM_MAN_COUPON"" : ""재발행(6월_일반생일)_2025"",
        ""DT_STR_EXP"" : ""20250601"",
        ""DT_END_EXP"" : ""20260531"",
        ""AM_DISC"" : 30000
      }, {
        ""RT_DISC"" : 0,
        ""NM_TYPE_COUPON"" : ""정액"",
        ""NM_MAN_COUPON"" : ""202506_일반회원_생일쿠폰"",
        ""DT_STR_EXP"" : ""20250601"",
        ""DT_END_EXP"" : ""20260531"",
        ""AM_DISC"" : 30000
      }, {
        ""RT_DISC"" : 0,
        ""NM_TYPE_COUPON"" : ""정액"",
        ""NM_MAN_COUPON"" : ""재발행(11월_일반생일)_2025"",
        ""DT_STR_EXP"" : ""20251101"",
        ""DT_END_EXP"" : ""20261031"",
        ""AM_DISC"" : 30000
      }, {
        ""RT_DISC"" : 0,
        ""NM_TYPE_COUPON"" : ""정액"",
        ""NM_MAN_COUPON"" : ""재발행(11월_VVIP생일)_2025"",
        ""DT_STR_EXP"" : ""20251101"",
        ""DT_END_EXP"" : ""20261031"",
        ""AM_DISC"" : 100000
      }, {
        ""RT_DISC"" : 0,
        ""NM_TYPE_COUPON"" : ""정액"",
        ""NM_MAN_COUPON"" : ""재발행(6월_VVIP생일)_2025"",
        ""DT_STR_EXP"" : ""20250601"",
        ""DT_END_EXP"" : ""20260531"",
        ""AM_DISC"" : 100000
      }, {
        ""RT_DISC"" : 0,
        ""NM_TYPE_COUPON"" : ""정액"",
        ""NM_MAN_COUPON"" : ""202512_일반회원_생일쿠폰"",
        ""DT_STR_EXP"" : ""20251201"",
        ""DT_END_EXP"" : ""20261130"",
        ""AM_DISC"" : 30000
      }, {
        ""RT_DISC"" : 0,
        ""NM_TYPE_COUPON"" : ""정액"",
        ""NM_MAN_COUPON"" : ""202512_SVIP회원_생일쿠폰"",
        ""DT_STR_EXP"" : ""20251201"",
        ""DT_END_EXP"" : ""20261130"",
        ""AM_DISC"" : 100000
      }, {
        ""RT_DISC"" : 0,
        ""NM_TYPE_COUPON"" : ""정액"",
        ""NM_MAN_COUPON"" : ""202512_VVIP회원_생일쿠폰"",
        ""DT_STR_EXP"" : ""20251201"",
        ""DT_END_EXP"" : ""20261130"",
        ""AM_DISC"" : 100000
      }, {
        ""RT_DISC"" : 0,
        ""NM_TYPE_COUPON"" : ""정액"",
        ""NM_MAN_COUPON"" : ""202512_VIP회원_생일쿠폰"",
        ""DT_STR_EXP"" : ""20251201"",
        ""DT_END_EXP"" : ""20261130"",
        ""AM_DISC"" : 50000
      }, {
        ""RT_DISC"" : 0,
        ""NM_TYPE_COUPON"" : ""정액"",
        ""NM_MAN_COUPON"" : ""202512_신규1만원"",
        ""DT_STR_EXP"" : ""20251201"",
        ""DT_END_EXP"" : ""20260531"",
        ""AM_DISC"" : 10000
      }, {
        ""RT_DISC"" : 0,
        ""NM_TYPE_COUPON"" : ""정액"",
        ""NM_MAN_COUPON"" : ""재발행(202512_신규1만원)"",
        ""DT_STR_EXP"" : ""20251201"",
        ""DT_END_EXP"" : ""20260531"",
        ""AM_DISC"" : 10000
      }, {
        ""RT_DISC"" : 0,
        ""NM_TYPE_COUPON"" : ""정액"",
        ""NM_MAN_COUPON"" : ""202511_일반회원_생일쿠폰"",
        ""DT_STR_EXP"" : ""20251101"",
        ""DT_END_EXP"" : ""20261031"",
        ""AM_DISC"" : 30000
      }, {
        ""RT_DISC"" : 0,
        ""NM_TYPE_COUPON"" : ""정액"",
        ""NM_MAN_COUPON"" : ""202511_VIP회원_생일쿠폰"",
        ""DT_STR_EXP"" : ""20251101"",
        ""DT_END_EXP"" : ""20261031"",
        ""AM_DISC"" : 50000
      }, {
        ""RT_DISC"" : 0,
        ""NM_TYPE_COUPON"" : ""정액"",
        ""NM_MAN_COUPON"" : ""202511_VVIP회원_생일쿠폰"",
        ""DT_STR_EXP"" : ""20251101"",
        ""DT_END_EXP"" : ""20261031"",
        ""AM_DISC"" : 100000
      }, {
        ""RT_DISC"" : 0,
        ""NM_TYPE_COUPON"" : ""정액"",
        ""NM_MAN_COUPON"" : ""202511_SVIP회원_생일쿠폰"",
        ""DT_STR_EXP"" : ""20251101"",
        ""DT_END_EXP"" : ""20261031"",
        ""AM_DISC"" : 100000
      }, {
        ""RT_DISC"" : 0,
        ""NM_TYPE_COUPON"" : ""정액"",
        ""NM_MAN_COUPON"" : ""재발행(7월_VIP생일)_2025"",
        ""DT_STR_EXP"" : ""20250701"",
        ""DT_END_EXP"" : ""20260630"",
        ""AM_DISC"" : 50000
      }, {
        ""RT_DISC"" : 0,
        ""NM_TYPE_COUPON"" : ""정액"",
        ""NM_MAN_COUPON"" : ""재발행(9월_일반생일)_2025"",
        ""DT_STR_EXP"" : ""20250901"",
        ""DT_END_EXP"" : ""20260831"",
        ""AM_DISC"" : 30000
      }, {
        ""RT_DISC"" : 0,
        ""NM_TYPE_COUPON"" : ""정액"",
        ""NM_MAN_COUPON"" : ""202510_일반회원_생일쿠폰"",
        ""DT_STR_EXP"" : ""20251001"",
        ""DT_END_EXP"" : ""20260930"",
        ""AM_DISC"" : 30000
      }, {
        ""RT_DISC"" : 0,
        ""NM_TYPE_COUPON"" : ""정액"",
        ""NM_MAN_COUPON"" : ""202510_VIP회원_생일쿠폰"",
        ""DT_STR_EXP"" : ""20251001"",
        ""DT_END_EXP"" : ""20260930"",
        ""AM_DISC"" : 50000
      }, {
        ""RT_DISC"" : 0,
        ""NM_TYPE_COUPON"" : ""정액"",
        ""NM_MAN_COUPON"" : ""202510_VVIP회원_생일쿠폰"",
        ""DT_STR_EXP"" : ""20251001"",
        ""DT_END_EXP"" : ""20260930"",
        ""AM_DISC"" : 100000
      }, {
        ""RT_DISC"" : 0,
        ""NM_TYPE_COUPON"" : ""정액"",
        ""NM_MAN_COUPON"" : ""202510_SVIP회원_생일쿠폰"",
        ""DT_STR_EXP"" : ""20251001"",
        ""DT_END_EXP"" : ""20260930"",
        ""AM_DISC"" : 100000
      }, {
        ""RT_DISC"" : 0,
        ""NM_TYPE_COUPON"" : ""정액"",
        ""NM_MAN_COUPON"" : ""재발행(10월_일반생일)_2025"",
        ""DT_STR_EXP"" : ""20251001"",
        ""DT_END_EXP"" : ""20260930"",
        ""AM_DISC"" : 30000
      }, {
        ""RT_DISC"" : 5,
        ""NM_TYPE_COUPON"" : ""정률"",
        ""NM_MAN_COUPON"" : ""5%할인_VVIP특별바우처5"",
        ""DT_STR_EXP"" : ""20260201"",
        ""DT_END_EXP"" : ""20270131"",
        ""AM_DISC"" : 0
      }, {
        ""RT_DISC"" : 0,
        ""NM_TYPE_COUPON"" : ""정액"",
        ""NM_MAN_COUPON"" : ""202605_SVIP회원_생일쿠폰"",
        ""DT_STR_EXP"" : ""20260501"",
        ""DT_END_EXP"" : ""20270430"",
        ""AM_DISC"" : 100000
      }, {
        ""RT_DISC"" : 0,
        ""NM_TYPE_COUPON"" : ""정액"",
        ""NM_MAN_COUPON"" : ""202605_VVIP회원_생일쿠폰"",
        ""DT_STR_EXP"" : ""20260501"",
        ""DT_END_EXP"" : ""20270430"",
        ""AM_DISC"" : 100000
      }, {
        ""RT_DISC"" : 0,
        ""NM_TYPE_COUPON"" : ""정액"",
        ""NM_MAN_COUPON"" : ""202605_VIP회원_생일쿠폰"",
        ""DT_STR_EXP"" : ""20260501"",
        ""DT_END_EXP"" : ""20270430"",
        ""AM_DISC"" : 50000
      }, {
        ""RT_DISC"" : 0,
        ""NM_TYPE_COUPON"" : ""정액"",
        ""NM_MAN_COUPON"" : ""202605_일반회원_생일쿠폰"",
        ""DT_STR_EXP"" : ""20260501"",
        ""DT_END_EXP"" : ""20270430"",
        ""AM_DISC"" : 30000
      }, {
        ""RT_DISC"" : 0,
        ""NM_TYPE_COUPON"" : ""정액"",
        ""NM_MAN_COUPON"" : ""202605_SVIP회원_수선15만원쿠폰"",
        ""DT_STR_EXP"" : ""20260501"",
        ""DT_END_EXP"" : ""20260531"",
        ""AM_DISC"" : 150000
      }, {
        ""RT_DISC"" : 0,
        ""NM_TYPE_COUPON"" : ""정액"",
        ""NM_MAN_COUPON"" : ""202605_VVIP회원_수선15만원쿠폰"",
        ""DT_STR_EXP"" : ""20260501"",
        ""DT_END_EXP"" : ""20260531"",
        ""AM_DISC"" : 150000
      }, {
        ""RT_DISC"" : 0,
        ""NM_TYPE_COUPON"" : ""정액"",
        ""NM_MAN_COUPON"" : ""202605_VIP회원_수선10만원쿠폰"",
        ""DT_STR_EXP"" : ""20260501"",
        ""DT_END_EXP"" : ""20260531"",
        ""AM_DISC"" : 100000
      }, {
        ""RT_DISC"" : 0,
        ""NM_TYPE_COUPON"" : ""정액"",
        ""NM_MAN_COUPON"" : ""202605_수선3만원쿠폰"",
        ""DT_STR_EXP"" : ""20260501"",
        ""DT_END_EXP"" : ""20260731"",
        ""AM_DISC"" : 30000
      }, {
        ""RT_DISC"" : 0,
        ""NM_TYPE_COUPON"" : ""정액"",
        ""NM_MAN_COUPON"" : ""202605_신규1만원"",
        ""DT_STR_EXP"" : ""20260501"",
        ""DT_END_EXP"" : ""20261031"",
        ""AM_DISC"" : 10000
      }, {
        ""RT_DISC"" : 0,
        ""NM_TYPE_COUPON"" : ""정액"",
        ""NM_MAN_COUPON"" : ""재발행(202605_신규1만원)"",
        ""DT_STR_EXP"" : ""20260501"",
        ""DT_END_EXP"" : ""20261031"",
        ""AM_DISC"" : 10000
      }, {
        ""RT_DISC"" : 0,
        ""NM_TYPE_COUPON"" : ""정액"",
        ""NM_MAN_COUPON"" : ""2026수선3만원쿠폰1_GIP"",
        ""DT_STR_EXP"" : ""20260201"",
        ""DT_END_EXP"" : ""20260731"",
        ""AM_DISC"" : 30000
      }, {
        ""RT_DISC"" : 0,
        ""NM_TYPE_COUPON"" : ""정액"",
        ""NM_MAN_COUPON"" : ""3%할인_VIP특별바우처_특수_송은경님"",
        ""DT_STR_EXP"" : ""20260201"",
        ""DT_END_EXP"" : ""20270131"",
        ""AM_DISC"" : 80400
      }, {
        ""RT_DISC"" : 0,
        ""NM_TYPE_COUPON"" : ""정액"",
        ""NM_MAN_COUPON"" : ""5만원우대권2_하나카드VIP_2026"",
        ""DT_STR_EXP"" : ""20260101"",
        ""DT_END_EXP"" : ""20261231"",
        ""AM_DISC"" : 50000
      }, {
        ""RT_DISC"" : 0,
        ""NM_TYPE_COUPON"" : ""정액"",
        ""NM_MAN_COUPON"" : ""상반기재발행_일반생일_2026"",
        ""DT_STR_EXP"" : ""20260101"",
        ""DT_END_EXP"" : ""20260630"",
        ""AM_DISC"" : 30000
      }, {
        ""RT_DISC"" : 0,
        ""NM_TYPE_COUPON"" : ""정액"",
        ""NM_MAN_COUPON"" : ""재발행(2월_일반생일)_2026"",
        ""DT_STR_EXP"" : ""20260201"",
        ""DT_END_EXP"" : ""20270131"",
        ""AM_DISC"" : 30000
      }, {
        ""RT_DISC"" : 0,
        ""NM_TYPE_COUPON"" : ""정액"",
        ""NM_MAN_COUPON"" : ""2026수선3만원쿠폰1_직원"",
        ""DT_STR_EXP"" : ""20260201"",
        ""DT_END_EXP"" : ""20260731"",
        ""AM_DISC"" : 30000
      }, {
        ""RT_DISC"" : 0,
        ""NM_TYPE_COUPON"" : ""정액"",
        ""NM_MAN_COUPON"" : ""202603_SVIP회원_생일쿠폰"",
        ""DT_STR_EXP"" : ""20260301"",
        ""DT_END_EXP"" : ""20270228"",
        ""AM_DISC"" : 100000
      }, {
        ""RT_DISC"" : 0,
        ""NM_TYPE_COUPON"" : ""정액"",
        ""NM_MAN_COUPON"" : ""202603_VVIP회원_생일쿠폰"",
        ""DT_STR_EXP"" : ""20260301"",
        ""DT_END_EXP"" : ""20270228"",
        ""AM_DISC"" : 100000
      }, {
        ""RT_DISC"" : 0,
        ""NM_TYPE_COUPON"" : ""정액"",
        ""NM_MAN_COUPON"" : ""202603_VIP회원_생일쿠폰"",
        ""DT_STR_EXP"" : ""20260301"",
        ""DT_END_EXP"" : ""20270228"",
        ""AM_DISC"" : 50000
      }, {
        ""RT_DISC"" : 0,
        ""NM_TYPE_COUPON"" : ""정액"",
        ""NM_MAN_COUPON"" : ""202603_신규1만원"",
        ""DT_STR_EXP"" : ""20260301"",
        ""DT_END_EXP"" : ""20260831"",
        ""AM_DISC"" : 10000
      }, {
        ""RT_DISC"" : 0,
        ""NM_TYPE_COUPON"" : ""정액"",
        ""NM_MAN_COUPON"" : ""재발행(202603_신규1만원)"",
        ""DT_STR_EXP"" : ""20260301"",
        ""DT_END_EXP"" : ""20260831"",
        ""AM_DISC"" : 10000
      }, {
        ""RT_DISC"" : 0,
        ""NM_TYPE_COUPON"" : ""정액"",
        ""NM_MAN_COUPON"" : ""202603_일반회원_생일쿠폰"",
        ""DT_STR_EXP"" : ""20260301"",
        ""DT_END_EXP"" : ""20270228"",
        ""AM_DISC"" : 30000
      }, {
        ""RT_DISC"" : 0,
        ""NM_TYPE_COUPON"" : ""정액"",
        ""NM_MAN_COUPON"" : ""재발행(1월_일반생일)_2026"",
        ""DT_STR_EXP"" : ""20260101"",
        ""DT_END_EXP"" : ""20261231"",
        ""AM_DISC"" : 30000
      }, {
        ""RT_DISC"" : 0,
        ""NM_TYPE_COUPON"" : ""정액"",
        ""NM_MAN_COUPON"" : ""2만원우대권_하나카드VIP_2026"",
        ""DT_STR_EXP"" : ""20260101"",
        ""DT_END_EXP"" : ""20261231"",
        ""AM_DISC"" : 20000
      }, {
        ""RT_DISC"" : 0,
        ""NM_TYPE_COUPON"" : ""정액"",
        ""NM_MAN_COUPON"" : ""5만원우대권_하나카드VIP_2026"",
        ""DT_STR_EXP"" : ""20260101"",
        ""DT_END_EXP"" : ""20261231"",
        ""AM_DISC"" : 50000
      }, {
        ""RT_DISC"" : 10,
        ""NM_TYPE_COUPON"" : ""정률"",
        ""NM_MAN_COUPON"" : ""10%할인_SVIP특별바우처1 (2)"",
        ""DT_STR_EXP"" : ""20260201"",
        ""DT_END_EXP"" : ""20270131"",
        ""AM_DISC"" : 0
      }, {
        ""RT_DISC"" : 10,
        ""NM_TYPE_COUPON"" : ""정률"",
        ""NM_MAN_COUPON"" : ""10%할인_SVIP특별바우처2 (2)"",
        ""DT_STR_EXP"" : ""20260201"",
        ""DT_END_EXP"" : ""20270131"",
        ""AM_DISC"" : 0
      }, {
        ""RT_DISC"" : 10,
        ""NM_TYPE_COUPON"" : ""정률"",
        ""NM_MAN_COUPON"" : ""10%할인_SVIP특별바우처3 (2)"",
        ""DT_STR_EXP"" : ""20260201"",
        ""DT_END_EXP"" : ""20270131"",
        ""AM_DISC"" : 0
      }, {
        ""RT_DISC"" : 5,
        ""NM_TYPE_COUPON"" : ""정률"",
        ""NM_MAN_COUPON"" : ""5%할인_VVIP특별바우처1"",
        ""DT_STR_EXP"" : ""20260201"",
        ""DT_END_EXP"" : ""20270131"",
        ""AM_DISC"" : 0
      }, {
        ""RT_DISC"" : 5,
        ""NM_TYPE_COUPON"" : ""정률"",
        ""NM_MAN_COUPON"" : ""5%할인_VVIP특별바우처2"",
        ""DT_STR_EXP"" : ""20260201"",
        ""DT_END_EXP"" : ""20270131"",
        ""AM_DISC"" : 0
      }, {
        ""RT_DISC"" : 5,
        ""NM_TYPE_COUPON"" : ""정률"",
        ""NM_MAN_COUPON"" : ""5%할인_VVIP특별바우처3"",
        ""DT_STR_EXP"" : ""20260201"",
        ""DT_END_EXP"" : ""20270131"",
        ""AM_DISC"" : 0
      }, {
        ""RT_DISC"" : 3,
        ""NM_TYPE_COUPON"" : ""정률"",
        ""NM_MAN_COUPON"" : ""3%할인_VIP특별바우처1"",
        ""DT_STR_EXP"" : ""20260201"",
        ""DT_END_EXP"" : ""20270131"",
        ""AM_DISC"" : 0
      }, {
        ""RT_DISC"" : 3,
        ""NM_TYPE_COUPON"" : ""정률"",
        ""NM_MAN_COUPON"" : ""3%할인_VIP특별바우처2"",
        ""DT_STR_EXP"" : ""20260201"",
        ""DT_END_EXP"" : ""20270131"",
        ""AM_DISC"" : 0
      }, {
        ""RT_DISC"" : 3,
        ""NM_TYPE_COUPON"" : ""정률"",
        ""NM_MAN_COUPON"" : ""3%할인_VIP특별바우처3"",
        ""DT_STR_EXP"" : ""20260201"",
        ""DT_END_EXP"" : ""20270131"",
        ""AM_DISC"" : 0
      }, {
        ""RT_DISC"" : 0,
        ""NM_TYPE_COUPON"" : ""정액"",
        ""NM_MAN_COUPON"" : ""202602_신규1만원"",
        ""DT_STR_EXP"" : ""20260201"",
        ""DT_END_EXP"" : ""20260731"",
        ""AM_DISC"" : 10000
      }, {
        ""RT_DISC"" : 0,
        ""NM_TYPE_COUPON"" : ""정액"",
        ""NM_MAN_COUPON"" : ""재발행(202602_신규1만원)"",
        ""DT_STR_EXP"" : ""20260201"",
        ""DT_END_EXP"" : ""20260731"",
        ""AM_DISC"" : 10000
      }, {
        ""RT_DISC"" : 0,
        ""NM_TYPE_COUPON"" : ""정액"",
        ""NM_MAN_COUPON"" : ""2026_SVIP_승격축하쿠폰"",
        ""DT_STR_EXP"" : ""20260201"",
        ""DT_END_EXP"" : ""20270131"",
        ""AM_DISC"" : 100000
      }, {
        ""RT_DISC"" : 0,
        ""NM_TYPE_COUPON"" : ""정액"",
        ""NM_MAN_COUPON"" : ""2026_VVIP_승격축하쿠폰"",
        ""DT_STR_EXP"" : ""20260201"",
        ""DT_END_EXP"" : ""20270131"",
        ""AM_DISC"" : 50000
      }, {
        ""RT_DISC"" : 0,
        ""NM_TYPE_COUPON"" : ""정액"",
        ""NM_MAN_COUPON"" : ""2026_VIP_승격축하쿠폰"",
        ""DT_STR_EXP"" : ""20260201"",
        ""DT_END_EXP"" : ""20270131"",
        ""AM_DISC"" : 50000
      }, {
        ""RT_DISC"" : 0,
        ""NM_TYPE_COUPON"" : ""정액"",
        ""NM_MAN_COUPON"" : ""202602_수선3만원쿠폰"",
        ""DT_STR_EXP"" : ""20260201"",
        ""DT_END_EXP"" : ""20260731"",
        ""AM_DISC"" : 30000
      }, {
        ""RT_DISC"" : 0,
        ""NM_TYPE_COUPON"" : ""정액"",
        ""NM_MAN_COUPON"" : ""2026수선3만원쿠폰1_직원 (2)"",
        ""DT_STR_EXP"" : ""20260201"",
        ""DT_END_EXP"" : ""20260731"",
        ""AM_DISC"" : 30000
      }, {
        ""RT_DISC"" : 0,
        ""NM_TYPE_COUPON"" : ""정액"",
        ""NM_MAN_COUPON"" : ""202602_SVIP회원_생일쿠폰"",
        ""DT_STR_EXP"" : ""20260201"",
        ""DT_END_EXP"" : ""20270131"",
        ""AM_DISC"" : 100000
      }, {
        ""RT_DISC"" : 0,
        ""NM_TYPE_COUPON"" : ""정액"",
        ""NM_MAN_COUPON"" : ""202602_VVIP회원_생일쿠폰"",
        ""DT_STR_EXP"" : ""20260201"",
        ""DT_END_EXP"" : ""20270131"",
        ""AM_DISC"" : 100000
      }, {
        ""RT_DISC"" : 0,
        ""NM_TYPE_COUPON"" : ""정액"",
        ""NM_MAN_COUPON"" : ""202602_VIP회원_생일쿠폰"",
        ""DT_STR_EXP"" : ""20260201"",
        ""DT_END_EXP"" : ""20270131"",
        ""AM_DISC"" : 50000
      }, {
        ""RT_DISC"" : 0,
        ""NM_TYPE_COUPON"" : ""정액"",
        ""NM_MAN_COUPON"" : ""202602_일반회원_생일쿠폰"",
        ""DT_STR_EXP"" : ""20260201"",
        ""DT_END_EXP"" : ""20270131"",
        ""AM_DISC"" : 30000
      }, {
        ""RT_DISC"" : 0,
        ""NM_TYPE_COUPON"" : ""정액"",
        ""NM_MAN_COUPON"" : ""재발행(2026_VIP_승격축하쿠폰)"",
        ""DT_STR_EXP"" : ""20260201"",
        ""DT_END_EXP"" : ""20270131"",
        ""AM_DISC"" : 50000
      }, {
        ""RT_DISC"" : 0,
        ""NM_TYPE_COUPON"" : ""정액"",
        ""NM_MAN_COUPON"" : ""202603_수선3만원쿠폰"",
        ""DT_STR_EXP"" : ""20260301"",
        ""DT_END_EXP"" : ""20260731"",
        ""AM_DISC"" : 30000
      }, {
        ""RT_DISC"" : 3,
        ""NM_TYPE_COUPON"" : ""정률"",
        ""NM_MAN_COUPON"" : ""3%할인_VIP특별바우처4"",
        ""DT_STR_EXP"" : ""20260201"",
        ""DT_END_EXP"" : ""20270131"",
        ""AM_DISC"" : 0
      }, {
        ""RT_DISC"" : 10,
        ""NM_TYPE_COUPON"" : ""정률"",
        ""NM_MAN_COUPON"" : ""10%할인_SVIP특별바우처4 (2)"",
        ""DT_STR_EXP"" : ""20260201"",
        ""DT_END_EXP"" : ""20270131"",
        ""AM_DISC"" : 0
      }, {
        ""RT_DISC"" : 0,
        ""NM_TYPE_COUPON"" : ""정액"",
        ""NM_MAN_COUPON"" : ""상반기재발행_VVIP생일쿠폰_2026"",
        ""DT_STR_EXP"" : ""20260101"",
        ""DT_END_EXP"" : ""20260630"",
        ""AM_DISC"" : 100000
      }, {
        ""RT_DISC"" : 0,
        ""NM_TYPE_COUPON"" : ""정액"",
        ""NM_MAN_COUPON"" : ""재발행(8월_VIP생일)_2025"",
        ""DT_STR_EXP"" : ""20250801"",
        ""DT_END_EXP"" : ""20260731"",
        ""AM_DISC"" : 50000
      }, {
        ""RT_DISC"" : 10,
        ""NM_TYPE_COUPON"" : ""정률"",
        ""NM_MAN_COUPON"" : ""10%할인_SVIP특별바우처5 (2)"",
        ""DT_STR_EXP"" : ""20260201"",
        ""DT_END_EXP"" : ""20270131"",
        ""AM_DISC"" : 0
      }, {
        ""RT_DISC"" : 10,
        ""NM_TYPE_COUPON"" : ""정률"",
        ""NM_MAN_COUPON"" : ""10%할인_SVIP특별바우처6 (2)"",
        ""DT_STR_EXP"" : ""20260201"",
        ""DT_END_EXP"" : ""20270131"",
        ""AM_DISC"" : 0
      }, {
        ""RT_DISC"" : 10,
        ""NM_TYPE_COUPON"" : ""정률"",
        ""NM_MAN_COUPON"" : ""10%할인_SVIP특별바우처7 (2)"",
        ""DT_STR_EXP"" : ""20260201"",
        ""DT_END_EXP"" : ""20270131"",
        ""AM_DISC"" : 0
      }, {
        ""RT_DISC"" : 10,
        ""NM_TYPE_COUPON"" : ""정률"",
        ""NM_MAN_COUPON"" : ""10%할인_SVIP특별바우처8 (3)"",
        ""DT_STR_EXP"" : ""20260201"",
        ""DT_END_EXP"" : ""20270131"",
        ""AM_DISC"" : 0
      }, {
        ""RT_DISC"" : 3,
        ""NM_TYPE_COUPON"" : ""정률"",
        ""NM_MAN_COUPON"" : ""3%할인_VIP특별바우처5"",
        ""DT_STR_EXP"" : ""20260201"",
        ""DT_END_EXP"" : ""20270131"",
        ""AM_DISC"" : 0
      }, {
        ""RT_DISC"" : 3,
        ""NM_TYPE_COUPON"" : ""정률"",
        ""NM_MAN_COUPON"" : ""3%할인_VIP특별바우처6"",
        ""DT_STR_EXP"" : ""20260201"",
        ""DT_END_EXP"" : ""20270131"",
        ""AM_DISC"" : 0
      }, {
        ""RT_DISC"" : 5,
        ""NM_TYPE_COUPON"" : ""정률"",
        ""NM_MAN_COUPON"" : ""5%할인_VVIP특별바우처4"",
        ""DT_STR_EXP"" : ""20260201"",
        ""DT_END_EXP"" : ""20270131"",
        ""AM_DISC"" : 0
      }, {
        ""RT_DISC"" : 0,
        ""NM_TYPE_COUPON"" : ""정액"",
        ""NM_MAN_COUPON"" : ""재발행(3월_일반생일)_2026"",
        ""DT_STR_EXP"" : ""20260301"",
        ""DT_END_EXP"" : ""20270228"",
        ""AM_DISC"" : 30000
      }, {
        ""RT_DISC"" : 0,
        ""NM_TYPE_COUPON"" : ""정액"",
        ""NM_MAN_COUPON"" : ""202604_일반회원_생일쿠폰"",
        ""DT_STR_EXP"" : ""20260401"",
        ""DT_END_EXP"" : ""20270331"",
        ""AM_DISC"" : 30000
      }, {
        ""RT_DISC"" : 0,
        ""NM_TYPE_COUPON"" : ""정액"",
        ""NM_MAN_COUPON"" : ""202604_SVIP회원_생일쿠폰"",
        ""DT_STR_EXP"" : ""20260401"",
        ""DT_END_EXP"" : ""20270331"",
        ""AM_DISC"" : 100000
      }, {
        ""RT_DISC"" : 0,
        ""NM_TYPE_COUPON"" : ""정액"",
        ""NM_MAN_COUPON"" : ""202604_VVIP회원_생일쿠폰"",
        ""DT_STR_EXP"" : ""20260401"",
        ""DT_END_EXP"" : ""20270331"",
        ""AM_DISC"" : 100000
      }, {
        ""RT_DISC"" : 0,
        ""NM_TYPE_COUPON"" : ""정액"",
        ""NM_MAN_COUPON"" : ""202604_VIP회원_생일쿠폰"",
        ""DT_STR_EXP"" : ""20260401"",
        ""DT_END_EXP"" : ""20270331"",
        ""AM_DISC"" : 50000
      }, {
        ""RT_DISC"" : 0,
        ""NM_TYPE_COUPON"" : ""정액"",
        ""NM_MAN_COUPON"" : ""202604_신규1만원"",
        ""DT_STR_EXP"" : ""20260401"",
        ""DT_END_EXP"" : ""20260930"",
        ""AM_DISC"" : 10000
      }, {
        ""RT_DISC"" : 0,
        ""NM_TYPE_COUPON"" : ""정액"",
        ""NM_MAN_COUPON"" : ""202604_수선3만원쿠폰"",
        ""DT_STR_EXP"" : ""20260401"",
        ""DT_END_EXP"" : ""20260731"",
        ""AM_DISC"" : 30000
      }, {
        ""RT_DISC"" : 0,
        ""NM_TYPE_COUPON"" : ""정액"",
        ""NM_MAN_COUPON"" : ""재발행(202604_신규1만원)"",
        ""DT_STR_EXP"" : ""20260401"",
        ""DT_END_EXP"" : ""20260930"",
        ""AM_DISC"" : 10000
      }, {
        ""RT_DISC"" : 0,
        ""NM_TYPE_COUPON"" : ""정액"",
        ""NM_MAN_COUPON"" : ""재발행(4월_일반생일)_2026"",
        ""DT_STR_EXP"" : ""20260401"",
        ""DT_END_EXP"" : ""20270331"",
        ""AM_DISC"" : 30000
      }, {
        ""RT_DISC"" : 0,
        ""NM_TYPE_COUPON"" : ""정액"",
        ""NM_MAN_COUPON"" : ""[TEST] 쿠폰_정액_5만원"",
        ""DT_STR_EXP"" : ""20260430"",
        ""DT_END_EXP"" : ""20260531"",
        ""AM_DISC"" : 30000
      }, {
        ""RT_DISC"" : 0,
        ""NM_TYPE_COUPON"" : ""정액"",
        ""NM_MAN_COUPON"" : ""[TEST] VIP_수선쿠폰"",
        ""DT_STR_EXP"" : ""20260501"",
        ""DT_END_EXP"" : ""20260531"",
        ""AM_DISC"" : 30000
      }, {
        ""RT_DISC"" : 10,
        ""NM_TYPE_COUPON"" : ""정률"",
        ""NM_MAN_COUPON"" : ""[TEST] 정률_10%"",
        ""DT_STR_EXP"" : ""20260501"",
        ""DT_END_EXP"" : ""20260531"",
        ""AM_DISC"" : 0
      }, {
        ""RT_DISC"" : 0,
        ""NM_TYPE_COUPON"" : ""정액"",
        ""NM_MAN_COUPON"" : ""[TEST] 정액_3만원"",
        ""DT_STR_EXP"" : ""20260501"",
        ""DT_END_EXP"" : ""20260531"",
        ""AM_DISC"" : 30000
      }, {
        ""RT_DISC"" : 0,
        ""NM_TYPE_COUPON"" : ""정액"",
        ""NM_MAN_COUPON"" : ""[TEST] 정액_5만원"",
        ""DT_STR_EXP"" : ""20260501"",
        ""DT_END_EXP"" : ""20260531"",
        ""AM_DISC"" : 50000
      }, {
        ""RT_DISC"" : 0,
        ""NM_TYPE_COUPON"" : ""정액"",
        ""NM_MAN_COUPON"" : ""[TEST] 신규_1만원"",
        ""DT_STR_EXP"" : ""20260501"",
        ""DT_END_EXP"" : ""20260531"",
        ""AM_DISC"" : 10000
      }, {
        ""RT_DISC"" : 0,
        ""NM_TYPE_COUPON"" : ""정액"",
        ""NM_MAN_COUPON"" : ""[TEST] 조회용_쿠폰_UPDATED"",
        ""DT_STR_EXP"" : ""20260502"",
        ""DT_END_EXP"" : ""20260630"",
        ""AM_DISC"" : 20000
      }, {
        ""RT_DISC"" : 0,
        ""NM_TYPE_COUPON"" : ""정액"",
        ""NM_MAN_COUPON"" : ""[TEST] 테스트 쿠폰 수정하지마세용"",
        ""DT_STR_EXP"" : ""20260501"",
        ""DT_END_EXP"" : ""20260530"",
        ""AM_DISC"" : 20000
      }, {
        ""RT_DISC"" : 10,
        ""NM_TYPE_COUPON"" : ""정률"",
        ""NM_MAN_COUPON"" : ""[TEST] VVIP_무제한정률"",
        ""DT_STR_EXP"" : ""20260502"",
        ""DT_END_EXP"" : ""20260531"",
        ""AM_DISC"" : 0
      }, {
        ""RT_DISC"" : 0,
        ""NM_TYPE_COUPON"" : ""정액"",
        ""NM_MAN_COUPON"" : ""[TEST] VVIP 생일쿠폰"",
        ""DT_STR_EXP"" : ""20260201"",
        ""DT_END_EXP"" : ""20260531"",
        ""AM_DISC"" : 100000
      }, {
        ""RT_DISC"" : 0,
        ""NM_TYPE_COUPON"" : ""정액"",
        ""NM_MAN_COUPON"" : ""[TEST] 신규가입쿠폰_아울렛"",
        ""DT_STR_EXP"" : ""20260501"",
        ""DT_END_EXP"" : ""20280501"",
        ""AM_DISC"" : 10000
      }, {
        ""RT_DISC"" : 3,
        ""NM_TYPE_COUPON"" : ""정률"",
        ""NM_MAN_COUPON"" : ""[TEST]_정률3%쿠폰"",
        ""DT_STR_EXP"" : ""20260503"",
        ""DT_END_EXP"" : """",
        ""AM_DISC"" : 0
      }, {
        ""RT_DISC"" : 0,
        ""NM_TYPE_COUPON"" : ""정액"",
        ""NM_MAN_COUPON"" : ""[TEST]_GIP 생일쿠폰"",
        ""DT_STR_EXP"" : ""20260503"",
        ""DT_END_EXP"" : """",
        ""AM_DISC"" : 30000
      }, {
        ""RT_DISC"" : 3,
        ""NM_TYPE_COUPON"" : ""정률"",
        ""NM_MAN_COUPON"" : ""[TEST] 신규가입쿠폰_백화점"",
        ""DT_STR_EXP"" : ""20260501"",
        ""DT_END_EXP"" : ""20280531"",
        ""AM_DISC"" : 0
      }, {
        ""RT_DISC"" : 5,
        ""NM_TYPE_COUPON"" : ""정률"",
        ""NM_MAN_COUPON"" : ""[TEST] VVIP_5%"",
        ""DT_STR_EXP"" : ""20260504"",
        ""DT_END_EXP"" : ""20260531"",
        ""AM_DISC"" : 0
      }, {
        ""RT_DISC"" : 0,
        ""NM_TYPE_COUPON"" : ""정액"",
        ""NM_MAN_COUPON"" : ""[TEST] SVIP_생일쿠폰"",
        ""DT_STR_EXP"" : ""20260504"",
        ""DT_END_EXP"" : ""20260531"",
        ""AM_DISC"" : 100000
      }, {
        ""RT_DISC"" : 0,
        ""NM_TYPE_COUPON"" : ""정액"",
        ""NM_MAN_COUPON"" : ""밀버스테스트_3만원"",
        ""DT_STR_EXP"" : ""20260201"",
        ""DT_END_EXP"" : ""20261231"",
        ""AM_DISC"" : 30000
      }, {
        ""RT_DISC"" : 0,
        ""NM_TYPE_COUPON"" : ""정액"",
        ""NM_MAN_COUPON"" : ""[TEST]_VVIP 수선쿠폰"",
        ""DT_STR_EXP"" : ""20260508"",
        ""DT_END_EXP"" : ""20260531"",
        ""AM_DISC"" : 100000
      }, {
        ""RT_DISC"" : 3,
        ""NM_TYPE_COUPON"" : ""정률"",
        ""NM_MAN_COUPON"" : ""142000000679_정률테스트"",
        ""DT_STR_EXP"" : ""20260501"",
        ""DT_END_EXP"" : ""20260531"",
        ""AM_DISC"" : 0
      }, {
        ""RT_DISC"" : 0,
        ""NM_TYPE_COUPON"" : ""정액"",
        ""NM_MAN_COUPON"" : ""[TEST]_SVIP수선쿠폰"",
        ""DT_STR_EXP"" : ""20260509"",
        ""DT_END_EXP"" : ""20260531"",
        ""AM_DISC"" : 150000
      }, {
        ""RT_DISC"" : 0,
        ""NM_TYPE_COUPON"" : ""정액"",
        ""NM_MAN_COUPON"" : ""[TEST] 10만원"",
        ""DT_STR_EXP"" : ""20260509"",
        ""DT_END_EXP"" : ""20260531"",
        ""AM_DISC"" : 100000
      }, {
        ""RT_DISC"" : 5,
        ""NM_TYPE_COUPON"" : ""정률"",
        ""NM_MAN_COUPON"" : ""[TEST]_5%할인쿠폰"",
        ""DT_STR_EXP"" : ""20260509"",
        ""DT_END_EXP"" : ""20260531"",
        ""AM_DISC"" : 0
      } ]
    }
  },
  ""code"" : 200
}"
a12JO000000MlRhYAK,2026-05-11T00:12:23.000+0000,GdPromotionDetailApiControllerV1,"{""PromotionNo__c"":""PRO202604281062""}",,"{
  ""success"" : true,
  ""message"" : ""프로모션 상세 조회 성공"",
  ""data"" : {
    ""PromotionDetail"" : {
      ""YN_PROM_DC"" : ""N"",
      ""YN_ALL_ITEM"" : ""N"",
      ""YN_ACTIVE"" : true,
      ""STORES"" : [ ],
      ""POINTS"" : [ {
        ""PT_SAVE"" : null,
        ""NM_TYPE_PROM_POINT"" : null,
        ""NM_TYPE_POINT"" : ""구매포인트"",
        ""NM_PROM_POINT"" : ""sdafasdf""
      }, {
        ""PT_SAVE"" : null,
        ""NM_TYPE_PROM_POINT"" : null,
        ""NM_TYPE_POINT"" : ""구매포인트"",
        ""NM_PROM_POINT"" : ""qwwqe""
      }, {
        ""PT_SAVE"" : null,
        ""NM_TYPE_PROM_POINT"" : null,
        ""NM_TYPE_POINT"" : ""구매포인트"",
        ""NM_PROM_POINT"" : ""wdqw""
      } ],
      ""NO_PROM"" : ""PRO202604281062"",
      ""NM_PROM"" : ""[TEST] 프로모션 게시기간 테스트"",
      ""ITEMS"" : [ ],
      ""DT_PUBLISH_START"" : ""20260401"",
      ""DT_PUBLISH_END"" : ""20260531"",
      ""COUPONS"" : [ ]
    }
  },
  ""code"" : 200
}"
a12JO000000MlTJYA0,2026-05-11T00:12:24.000+0000,GdPromotionDetailApiControllerV1,"{""PromotionNo__c"":""PRO202604281062""}",,"{
  ""success"" : true,
  ""message"" : ""프로모션 상세 조회 성공"",
  ""data"" : {
    ""PromotionDetail"" : {
      ""YN_PROM_DC"" : ""N"",
      ""YN_ALL_ITEM"" : ""N"",
      ""YN_ACTIVE"" : true,
      ""STORES"" : [ ],
      ""POINTS"" : [ {
        ""PT_SAVE"" : null,
        ""NM_TYPE_PROM_POINT"" : null,
        ""NM_TYPE_POINT"" : ""구매포인트"",
        ""NM_PROM_POINT"" : ""sdafasdf""
      }, {
        ""PT_SAVE"" : null,
        ""NM_TYPE_PROM_POINT"" : null,
        ""NM_TYPE_POINT"" : ""구매포인트"",
        ""NM_PROM_POINT"" : ""qwwqe""
      }, {
        ""PT_SAVE"" : null,
        ""NM_TYPE_PROM_POINT"" : null,
        ""NM_TYPE_POINT"" : ""구매포인트"",
        ""NM_PROM_POINT"" : ""wdqw""
      } ],
      ""NO_PROM"" : ""PRO202604281062"",
      ""NM_PROM"" : ""[TEST] 프로모션 게시기간 테스트"",
      ""ITEMS"" : [ ],
      ""DT_PUBLISH_START"" : ""20260401"",
      ""DT_PUBLISH_END"" : ""20260531"",
      ""COUPONS"" : [ ]
    }
  },
  ""code"" : 200
}"
a12JO000000MlUvYAK,2026-05-11T00:12:24.000+0000,GdPromotionDetailApiControllerV1,"{""PromotionNo__c"":""PRO202604161041""}",,"{
  ""success"" : true,
  ""message"" : ""프로모션 상세 조회 성공"",
  ""data"" : {
    ""PromotionDetail"" : {
      ""YN_PROM_DC"" : ""N"",
      ""YN_ALL_ITEM"" : ""Y"",
      ""YN_ACTIVE"" : true,
      ""STORES"" : [ ],
      ""POINTS"" : [ ],
      ""NO_PROM"" : ""PRO202604161041"",
      ""NM_PROM"" : ""[TEST]_프로모션없음"",
      ""ITEMS"" : [ ],
      ""DT_PUBLISH_START"" : ""20260401"",
      ""DT_PUBLISH_END"" : ""20260531"",
      ""COUPONS"" : [ {
        ""RT_DISC"" : 0,
        ""NM_TYPE_COUPON"" : ""정액"",
        ""NM_MAN_COUPON"" : ""재발행(8월_일반생일)_2025"",
        ""DT_STR_EXP"" : ""20250801"",
        ""DT_END_EXP"" : ""20260731"",
        ""AM_DISC"" : 30000
      }, {
        ""RT_DISC"" : 0,
        ""NM_TYPE_COUPON"" : ""정액"",
        ""NM_MAN_COUPON"" : ""202509_일반회원_생일쿠폰"",
        ""DT_STR_EXP"" : ""20250901"",
        ""DT_END_EXP"" : ""20260831"",
        ""AM_DISC"" : 30000
      }, {
        ""RT_DISC"" : 0,
        ""NM_TYPE_COUPON"" : ""정액"",
        ""NM_MAN_COUPON"" : ""202509_VIP회원_생일쿠폰"",
        ""DT_STR_EXP"" : ""20250901"",
        ""DT_END_EXP"" : ""20260831"",
        ""AM_DISC"" : 50000
      }, {
        ""RT_DISC"" : 0,
        ""NM_TYPE_COUPON"" : ""정액"",
        ""NM_MAN_COUPON"" : ""202509_VVIP회원_생일쿠폰"",
        ""DT_STR_EXP"" : ""20250901"",
        ""DT_END_EXP"" : ""20260831"",
        ""AM_DISC"" : 100000
      }, {
        ""RT_DISC"" : 0,
        ""NM_TYPE_COUPON"" : ""정액"",
        ""NM_MAN_COUPON"" : ""202509_SVIP회원_생일쿠폰"",
        ""DT_STR_EXP"" : ""20250901"",
        ""DT_END_EXP"" : ""20260831"",
        ""AM_DISC"" : 100000
      }, {
        ""RT_DISC"" : 0,
        ""NM_TYPE_COUPON"" : ""정액"",
        ""NM_MAN_COUPON"" : ""재발행(12월_일반생일)_2025"",
        ""DT_STR_EXP"" : ""20251201"",
        ""DT_END_EXP"" : ""20261130"",
        ""AM_DISC"" : 30000
      }, {
        ""RT_DISC"" : 0,
        ""NM_TYPE_COUPON"" : ""정액"",
        ""NM_MAN_COUPON"" : ""재발행(10월_VVIP생일)_2025"",
        ""DT_STR_EXP"" : ""20251001"",
        ""DT_END_EXP"" : ""20260930"",
        ""AM_DISC"" : 100000
      }, {
        ""RT_DISC"" : 0,
        ""NM_TYPE_COUPON"" : ""정액"",
        ""NM_MAN_COUPON"" : ""202601_SVIP회원_생일쿠폰"",
        ""DT_STR_EXP"" : ""20260101"",
        ""DT_END_EXP"" : ""20261231"",
        ""AM_DISC"" : 100000
      }, {
        ""RT_DISC"" : 0,
        ""NM_TYPE_COUPON"" : ""정액"",
        ""NM_MAN_COUPON"" : ""202601_VVIP회원_생일쿠폰"",
        ""DT_STR_EXP"" : ""20260101"",
        ""DT_END_EXP"" : ""20261231"",
        ""AM_DISC"" : 100000
      }, {
        ""RT_DISC"" : 0,
        ""NM_TYPE_COUPON"" : ""정액"",
        ""NM_MAN_COUPON"" : ""202601_VIP회원_생일쿠폰"",
        ""DT_STR_EXP"" : ""20260101"",
        ""DT_END_EXP"" : ""20261231"",
        ""AM_DISC"" : 50000
      }, {
        ""RT_DISC"" : 0,
        ""NM_TYPE_COUPON"" : ""정액"",
        ""NM_MAN_COUPON"" : ""202601_일반회원_생일쿠폰"",
        ""DT_STR_EXP"" : ""20260101"",
        ""DT_END_EXP"" : ""20261231"",
        ""AM_DISC"" : 30000
      }, {
        ""RT_DISC"" : 0,
        ""NM_TYPE_COUPON"" : ""정액"",
        ""NM_MAN_COUPON"" : ""202601_신규1만원"",
        ""DT_STR_EXP"" : ""20260101"",
        ""DT_END_EXP"" : ""20260630"",
        ""AM_DISC"" : 10000
      }, {
        ""RT_DISC"" : 0,
        ""NM_TYPE_COUPON"" : ""정액"",
        ""NM_MAN_COUPON"" : ""재발행(202601_신규1만원)"",
        ""DT_STR_EXP"" : ""20260101"",
        ""DT_END_EXP"" : ""20260630"",
        ""AM_DISC"" : 10000
      }, {
        ""RT_DISC"" : 0,
        ""NM_TYPE_COUPON"" : ""정액"",
        ""NM_MAN_COUPON"" : ""202508_일반회원_생일쿠폰"",
        ""DT_STR_EXP"" : ""20250801"",
        ""DT_END_EXP"" : ""20260731"",
        ""AM_DISC"" : 30000
      }, {
        ""RT_DISC"" : 0,
        ""NM_TYPE_COUPON"" : ""정액"",
        ""NM_MAN_COUPON"" : ""202508_VIP회원_생일쿠폰"",
        ""DT_STR_EXP"" : ""20250801"",
        ""DT_END_EXP"" : ""20260731"",
        ""AM_DISC"" : 50000
      }, {
        ""RT_DISC"" : 0,
        ""NM_TYPE_COUPON"" : ""정액"",
        ""NM_MAN_COUPON"" : ""202508_VVIP회원_생일쿠폰"",
        ""DT_STR_EXP"" : ""20250801"",
        ""DT_END_EXP"" : ""20260731"",
        ""AM_DISC"" : 100000
      }, {
        ""RT_DISC"" : 0,
        ""NM_TYPE_COUPON"" : ""정액"",
        ""NM_MAN_COUPON"" : ""202508_SVIP회원_생일쿠폰"",
        ""DT_STR_EXP"" : ""20250801"",
        ""DT_END_EXP"" : ""20260731"",
        ""AM_DISC"" : 100000
      }, {
        ""RT_DISC"" : 0,
        ""NM_TYPE_COUPON"" : ""정액"",
        ""NM_MAN_COUPON"" : ""202507_일반회원_생일쿠폰"",
        ""DT_STR_EXP"" : ""20250701"",
        ""DT_END_EXP"" : ""20260630"",
        ""AM_DISC"" : 30000
      }, {
        ""RT_DISC"" : 0,
        ""NM_TYPE_COUPON"" : ""정액"",
        ""NM_MAN_COUPON"" : ""202507_SVIP회원_생일쿠폰"",
        ""DT_STR_EXP"" : ""20250701"",
        ""DT_END_EXP"" : ""20260630"",
        ""AM_DISC"" : 100000
      }, {
        ""RT_DISC"" : 0,
        ""NM_TYPE_COUPON"" : ""정액"",
        ""NM_MAN_COUPON"" : ""202507_VIP회원_생일쿠폰"",
        ""DT_STR_EXP"" : ""20250701"",
        ""DT_END_EXP"" : ""20260630"",
        ""AM_DISC"" : 50000
      }, {
        ""RT_DISC"" : 0,
        ""NM_TYPE_COUPON"" : ""정액"",
        ""NM_MAN_COUPON"" : ""202507_VVIP회원_생일쿠폰"",
        ""DT_STR_EXP"" : ""20250701"",
        ""DT_END_EXP"" : ""20260630"",
        ""AM_DISC"" : 100000
      }, {
        ""RT_DISC"" : 0,
        ""NM_TYPE_COUPON"" : ""정액"",
        ""NM_MAN_COUPON"" : ""재발행(7월_일반생일)_2025"",
        ""DT_STR_EXP"" : ""20250701"",
        ""DT_END_EXP"" : ""20260630"",
        ""AM_DISC"" : 30000
      }, {
        ""RT_DISC"" : 0,
        ""NM_TYPE_COUPON"" : ""정액"",
        ""NM_MAN_COUPON"" : ""202506_SVIP회원_생일쿠폰"",
        ""DT_STR_EXP"" : ""20250601"",
        ""DT_END_EXP"" : ""20260531"",
        ""AM_DISC"" : 100000
      }, {
        ""RT_DISC"" : 0,
        ""NM_TYPE_COUPON"" : ""정액"",
        ""NM_MAN_COUPON"" : ""202506_VVIP회원_생일쿠폰"",
        ""DT_STR_EXP"" : ""20250601"",
        ""DT_END_EXP"" : ""20260531"",
        ""AM_DISC"" : 100000
      }, {
        ""RT_DISC"" : 0,
        ""NM_TYPE_COUPON"" : ""정액"",
        ""NM_MAN_COUPON"" : ""202506_VIP회원_생일쿠폰"",
        ""DT_STR_EXP"" : ""20250601"",
        ""DT_END_EXP"" : ""20260531"",
        ""AM_DISC"" : 50000
      }, {
        ""RT_DISC"" : 0,
        ""NM_TYPE_COUPON"" : ""정액"",
        ""NM_MAN_COUPON"" : ""재발행(6월_일반생일)_2025"",
        ""DT_STR_EXP"" : ""20250601"",
        ""DT_END_EXP"" : ""20260531"",
        ""AM_DISC"" : 30000
      }, {
        ""RT_DISC"" : 0,
        ""NM_TYPE_COUPON"" : ""정액"",
        ""NM_MAN_COUPON"" : ""202506_일반회원_생일쿠폰"",
        ""DT_STR_EXP"" : ""20250601"",
        ""DT_END_EXP"" : ""20260531"",
        ""AM_DISC"" : 30000
      }, {
        ""RT_DISC"" : 0,
        ""NM_TYPE_COUPON"" : ""정액"",
        ""NM_MAN_COUPON"" : ""재발행(11월_일반생일)_2025"",
        ""DT_STR_EXP"" : ""20251101"",
        ""DT_END_EXP"" : ""20261031"",
        ""AM_DISC"" : 30000
      }, {
        ""RT_DISC"" : 0,
        ""NM_TYPE_COUPON"" : ""정액"",
        ""NM_MAN_COUPON"" : ""재발행(11월_VVIP생일)_2025"",
        ""DT_STR_EXP"" : ""20251101"",
        ""DT_END_EXP"" : ""20261031"",
        ""AM_DISC"" : 100000
      }, {
        ""RT_DISC"" : 0,
        ""NM_TYPE_COUPON"" : ""정액"",
        ""NM_MAN_COUPON"" : ""재발행(6월_VVIP생일)_2025"",
        ""DT_STR_EXP"" : ""20250601"",
        ""DT_END_EXP"" : ""20260531"",
        ""AM_DISC"" : 100000
      }, {
        ""RT_DISC"" : 0,
        ""NM_TYPE_COUPON"" : ""정액"",
        ""NM_MAN_COUPON"" : ""202512_일반회원_생일쿠폰"",
        ""DT_STR_EXP"" : ""20251201"",
        ""DT_END_EXP"" : ""20261130"",
        ""AM_DISC"" : 30000
      }, {
        ""RT_DISC"" : 0,
        ""NM_TYPE_COUPON"" : ""정액"",
        ""NM_MAN_COUPON"" : ""202512_SVIP회원_생일쿠폰"",
        ""DT_STR_EXP"" : ""20251201"",
        ""DT_END_EXP"" : ""20261130"",
        ""AM_DISC"" : 100000
      }, {
        ""RT_DISC"" : 0,
        ""NM_TYPE_COUPON"" : ""정액"",
        ""NM_MAN_COUPON"" : ""202512_VVIP회원_생일쿠폰"",
        ""DT_STR_EXP"" : ""20251201"",
        ""DT_END_EXP"" : ""20261130"",
        ""AM_DISC"" : 100000
      }, {
        ""RT_DISC"" : 0,
        ""NM_TYPE_COUPON"" : ""정액"",
        ""NM_MAN_COUPON"" : ""202512_VIP회원_생일쿠폰"",
        ""DT_STR_EXP"" : ""20251201"",
        ""DT_END_EXP"" : ""20261130"",
        ""AM_DISC"" : 50000
      }, {
        ""RT_DISC"" : 0,
        ""NM_TYPE_COUPON"" : ""정액"",
        ""NM_MAN_COUPON"" : ""202512_신규1만원"",
        ""DT_STR_EXP"" : ""20251201"",
        ""DT_END_EXP"" : ""20260531"",
        ""AM_DISC"" : 10000
      }, {
        ""RT_DISC"" : 0,
        ""NM_TYPE_COUPON"" : ""정액"",
        ""NM_MAN_COUPON"" : ""재발행(202512_신규1만원)"",
        ""DT_STR_EXP"" : ""20251201"",
        ""DT_END_EXP"" : ""20260531"",
        ""AM_DISC"" : 10000
      }, {
        ""RT_DISC"" : 0,
        ""NM_TYPE_COUPON"" : ""정액"",
        ""NM_MAN_COUPON"" : ""202511_일반회원_생일쿠폰"",
        ""DT_STR_EXP"" : ""20251101"",
        ""DT_END_EXP"" : ""20261031"",
        ""AM_DISC"" : 30000
      }, {
        ""RT_DISC"" : 0,
        ""NM_TYPE_COUPON"" : ""정액"",
        ""NM_MAN_COUPON"" : ""202511_VIP회원_생일쿠폰"",
        ""DT_STR_EXP"" : ""20251101"",
        ""DT_END_EXP"" : ""20261031"",
        ""AM_DISC"" : 50000
      }, {
        ""RT_DISC"" : 0,
        ""NM_TYPE_COUPON"" : ""정액"",
        ""NM_MAN_COUPON"" : ""202511_VVIP회원_생일쿠폰"",
        ""DT_STR_EXP"" : ""20251101"",
        ""DT_END_EXP"" : ""20261031"",
        ""AM_DISC"" : 100000
      }, {
        ""RT_DISC"" : 0,
        ""NM_TYPE_COUPON"" : ""정액"",
        ""NM_MAN_COUPON"" : ""202511_SVIP회원_생일쿠폰"",
        ""DT_STR_EXP"" : ""20251101"",
        ""DT_END_EXP"" : ""20261031"",
        ""AM_DISC"" : 100000
      }, {
        ""RT_DISC"" : 0,
        ""NM_TYPE_COUPON"" : ""정액"",
        ""NM_MAN_COUPON"" : ""재발행(7월_VIP생일)_2025"",
        ""DT_STR_EXP"" : ""20250701"",
        ""DT_END_EXP"" : ""20260630"",
        ""AM_DISC"" : 50000
      }, {
        ""RT_DISC"" : 0,
        ""NM_TYPE_COUPON"" : ""정액"",
        ""NM_MAN_COUPON"" : ""재발행(9월_일반생일)_2025"",
        ""DT_STR_EXP"" : ""20250901"",
        ""DT_END_EXP"" : ""20260831"",
        ""AM_DISC"" : 30000
      }, {
        ""RT_DISC"" : 0,
        ""NM_TYPE_COUPON"" : ""정액"",
        ""NM_MAN_COUPON"" : ""202510_일반회원_생일쿠폰"",
        ""DT_STR_EXP"" : ""20251001"",
        ""DT_END_EXP"" : ""20260930"",
        ""AM_DISC"" : 30000
      }, {
        ""RT_DISC"" : 0,
        ""NM_TYPE_COUPON"" : ""정액"",
        ""NM_MAN_COUPON"" : ""202510_VIP회원_생일쿠폰"",
        ""DT_STR_EXP"" : ""20251001"",
        ""DT_END_EXP"" : ""20260930"",
        ""AM_DISC"" : 50000
      }, {
        ""RT_DISC"" : 0,
        ""NM_TYPE_COUPON"" : ""정액"",
        ""NM_MAN_COUPON"" : ""202510_VVIP회원_생일쿠폰"",
        ""DT_STR_EXP"" : ""20251001"",
        ""DT_END_EXP"" : ""20260930"",
        ""AM_DISC"" : 100000
      }, {
        ""RT_DISC"" : 0,
        ""NM_TYPE_COUPON"" : ""정액"",
        ""NM_MAN_COUPON"" : ""202510_SVIP회원_생일쿠폰"",
        ""DT_STR_EXP"" : ""20251001"",
        ""DT_END_EXP"" : ""20260930"",
        ""AM_DISC"" : 100000
      }, {
        ""RT_DISC"" : 0,
        ""NM_TYPE_COUPON"" : ""정액"",
        ""NM_MAN_COUPON"" : ""재발행(10월_일반생일)_2025"",
        ""DT_STR_EXP"" : ""20251001"",
        ""DT_END_EXP"" : ""20260930"",
        ""AM_DISC"" : 30000
      }, {
        ""RT_DISC"" : 5,
        ""NM_TYPE_COUPON"" : ""정률"",
        ""NM_MAN_COUPON"" : ""5%할인_VVIP특별바우처5"",
        ""DT_STR_EXP"" : ""20260201"",
        ""DT_END_EXP"" : ""20270131"",
        ""AM_DISC"" : 0
      }, {
        ""RT_DISC"" : 0,
        ""NM_TYPE_COUPON"" : ""정액"",
        ""NM_MAN_COUPON"" : ""202605_SVIP회원_생일쿠폰"",
        ""DT_STR_EXP"" : ""20260501"",
        ""DT_END_EXP"" : ""20270430"",
        ""AM_DISC"" : 100000
      }, {
        ""RT_DISC"" : 0,
        ""NM_TYPE_COUPON"" : ""정액"",
        ""NM_MAN_COUPON"" : ""202605_VVIP회원_생일쿠폰"",
        ""DT_STR_EXP"" : ""20260501"",
        ""DT_END_EXP"" : ""20270430"",
        ""AM_DISC"" : 100000
      }, {
        ""RT_DISC"" : 0,
        ""NM_TYPE_COUPON"" : ""정액"",
        ""NM_MAN_COUPON"" : ""202605_VIP회원_생일쿠폰"",
        ""DT_STR_EXP"" : ""20260501"",
        ""DT_END_EXP"" : ""20270430"",
        ""AM_DISC"" : 50000
      }, {
        ""RT_DISC"" : 0,
        ""NM_TYPE_COUPON"" : ""정액"",
        ""NM_MAN_COUPON"" : ""202605_일반회원_생일쿠폰"",
        ""DT_STR_EXP"" : ""20260501"",
        ""DT_END_EXP"" : ""20270430"",
        ""AM_DISC"" : 30000
      }, {
        ""RT_DISC"" : 0,
        ""NM_TYPE_COUPON"" : ""정액"",
        ""NM_MAN_COUPON"" : ""202605_SVIP회원_수선15만원쿠폰"",
        ""DT_STR_EXP"" : ""20260501"",
        ""DT_END_EXP"" : ""20260531"",
        ""AM_DISC"" : 150000
      }, {
        ""RT_DISC"" : 0,
        ""NM_TYPE_COUPON"" : ""정액"",
        ""NM_MAN_COUPON"" : ""202605_VVIP회원_수선15만원쿠폰"",
        ""DT_STR_EXP"" : ""20260501"",
        ""DT_END_EXP"" : ""20260531"",
        ""AM_DISC"" : 150000
      }, {
        ""RT_DISC"" : 0,
        ""NM_TYPE_COUPON"" : ""정액"",
        ""NM_MAN_COUPON"" : ""202605_VIP회원_수선10만원쿠폰"",
        ""DT_STR_EXP"" : ""20260501"",
        ""DT_END_EXP"" : ""20260531"",
        ""AM_DISC"" : 100000
      }, {
        ""RT_DISC"" : 0,
        ""NM_TYPE_COUPON"" : ""정액"",
        ""NM_MAN_COUPON"" : ""202605_수선3만원쿠폰"",
        ""DT_STR_EXP"" : ""20260501"",
        ""DT_END_EXP"" : ""20260731"",
        ""AM_DISC"" : 30000
      }, {
        ""RT_DISC"" : 0,
        ""NM_TYPE_COUPON"" : ""정액"",
        ""NM_MAN_COUPON"" : ""202605_신규1만원"",
        ""DT_STR_EXP"" : ""20260501"",
        ""DT_END_EXP"" : ""20261031"",
        ""AM_DISC"" : 10000
      }, {
        ""RT_DISC"" : 0,
        ""NM_TYPE_COUPON"" : ""정액"",
        ""NM_MAN_COUPON"" : ""재발행(202605_신규1만원)"",
        ""DT_STR_EXP"" : ""20260501"",
        ""DT_END_EXP"" : ""20261031"",
        ""AM_DISC"" : 10000
      }, {
        ""RT_DISC"" : 0,
        ""NM_TYPE_COUPON"" : ""정액"",
        ""NM_MAN_COUPON"" : ""2026수선3만원쿠폰1_GIP"",
        ""DT_STR_EXP"" : ""20260201"",
        ""DT_END_EXP"" : ""20260731"",
        ""AM_DISC"" : 30000
      }, {
        ""RT_DISC"" : 0,
        ""NM_TYPE_COUPON"" : ""정액"",
        ""NM_MAN_COUPON"" : ""3%할인_VIP특별바우처_특수_송은경님"",
        ""DT_STR_EXP"" : ""20260201"",
        ""DT_END_EXP"" : ""20270131"",
        ""AM_DISC"" : 80400
      }, {
        ""RT_DISC"" : 0,
        ""NM_TYPE_COUPON"" : ""정액"",
        ""NM_MAN_COUPON"" : ""5만원우대권2_하나카드VIP_2026"",
        ""DT_STR_EXP"" : ""20260101"",
        ""DT_END_EXP"" : ""20261231"",
        ""AM_DISC"" : 50000
      }, {
        ""RT_DISC"" : 0,
        ""NM_TYPE_COUPON"" : ""정액"",
        ""NM_MAN_COUPON"" : ""상반기재발행_일반생일_2026"",
        ""DT_STR_EXP"" : ""20260101"",
        ""DT_END_EXP"" : ""20260630"",
        ""AM_DISC"" : 30000
      }, {
        ""RT_DISC"" : 0,
        ""NM_TYPE_COUPON"" : ""정액"",
        ""NM_MAN_COUPON"" : ""재발행(2월_일반생일)_2026"",
        ""DT_STR_EXP"" : ""20260201"",
        ""DT_END_EXP"" : ""20270131"",
        ""AM_DISC"" : 30000
      }, {
        ""RT_DISC"" : 0,
        ""NM_TYPE_COUPON"" : ""정액"",
        ""NM_MAN_COUPON"" : ""2026수선3만원쿠폰1_직원"",
        ""DT_STR_EXP"" : ""20260201"",
        ""DT_END_EXP"" : ""20260731"",
        ""AM_DISC"" : 30000
      }, {
        ""RT_DISC"" : 0,
        ""NM_TYPE_COUPON"" : ""정액"",
        ""NM_MAN_COUPON"" : ""202603_SVIP회원_생일쿠폰"",
        ""DT_STR_EXP"" : ""20260301"",
        ""DT_END_EXP"" : ""20270228"",
        ""AM_DISC"" : 100000
      }, {
        ""RT_DISC"" : 0,
        ""NM_TYPE_COUPON"" : ""정액"",
        ""NM_MAN_COUPON"" : ""202603_VVIP회원_생일쿠폰"",
        ""DT_STR_EXP"" : ""20260301"",
        ""DT_END_EXP"" : ""20270228"",
        ""AM_DISC"" : 100000
      }, {
        ""RT_DISC"" : 0,
        ""NM_TYPE_COUPON"" : ""정액"",
        ""NM_MAN_COUPON"" : ""202603_VIP회원_생일쿠폰"",
        ""DT_STR_EXP"" : ""20260301"",
        ""DT_END_EXP"" : ""20270228"",
        ""AM_DISC"" : 50000
      }, {
        ""RT_DISC"" : 0,
        ""NM_TYPE_COUPON"" : ""정액"",
        ""NM_MAN_COUPON"" : ""202603_신규1만원"",
        ""DT_STR_EXP"" : ""20260301"",
        ""DT_END_EXP"" : ""20260831"",
        ""AM_DISC"" : 10000
      }, {
        ""RT_DISC"" : 0,
        ""NM_TYPE_COUPON"" : ""정액"",
        ""NM_MAN_COUPON"" : ""재발행(202603_신규1만원)"",
        ""DT_STR_EXP"" : ""20260301"",
        ""DT_END_EXP"" : ""20260831"",
        ""AM_DISC"" : 10000
      }, {
        ""RT_DISC"" : 0,
        ""NM_TYPE_COUPON"" : ""정액"",
        ""NM_MAN_COUPON"" : ""202603_일반회원_생일쿠폰"",
        ""DT_STR_EXP"" : ""20260301"",
        ""DT_END_EXP"" : ""20270228"",
        ""AM_DISC"" : 30000
      }, {
        ""RT_DISC"" : 0,
        ""NM_TYPE_COUPON"" : ""정액"",
        ""NM_MAN_COUPON"" : ""재발행(1월_일반생일)_2026"",
        ""DT_STR_EXP"" : ""20260101"",
        ""DT_END_EXP"" : ""20261231"",
        ""AM_DISC"" : 30000
      }, {
        ""RT_DISC"" : 0,
        ""NM_TYPE_COUPON"" : ""정액"",
        ""NM_MAN_COUPON"" : ""2만원우대권_하나카드VIP_2026"",
        ""DT_STR_EXP"" : ""20260101"",
        ""DT_END_EXP"" : ""20261231"",
        ""AM_DISC"" : 20000
      }, {
        ""RT_DISC"" : 0,
        ""NM_TYPE_COUPON"" : ""정액"",
        ""NM_MAN_COUPON"" : ""5만원우대권_하나카드VIP_2026"",
        ""DT_STR_EXP"" : ""20260101"",
        ""DT_END_EXP"" : ""20261231"",
        ""AM_DISC"" : 50000
      }, {
        ""RT_DISC"" : 10,
        ""NM_TYPE_COUPON"" : ""정률"",
        ""NM_MAN_COUPON"" : ""10%할인_SVIP특별바우처1 (2)"",
        ""DT_STR_EXP"" : ""20260201"",
        ""DT_END_EXP"" : ""20270131"",
        ""AM_DISC"" : 0
      }, {
        ""RT_DISC"" : 10,
        ""NM_TYPE_COUPON"" : ""정률"",
        ""NM_MAN_COUPON"" : ""10%할인_SVIP특별바우처2 (2)"",
        ""DT_STR_EXP"" : ""20260201"",
        ""DT_END_EXP"" : ""20270131"",
        ""AM_DISC"" : 0
      }, {
        ""RT_DISC"" : 10,
        ""NM_TYPE_COUPON"" : ""정률"",
        ""NM_MAN_COUPON"" : ""10%할인_SVIP특별바우처3 (2)"",
        ""DT_STR_EXP"" : ""20260201"",
        ""DT_END_EXP"" : ""20270131"",
        ""AM_DISC"" : 0
      }, {
        ""RT_DISC"" : 5,
        ""NM_TYPE_COUPON"" : ""정률"",
        ""NM_MAN_COUPON"" : ""5%할인_VVIP특별바우처1"",
        ""DT_STR_EXP"" : ""20260201"",
        ""DT_END_EXP"" : ""20270131"",
        ""AM_DISC"" : 0
      }, {
        ""RT_DISC"" : 5,
        ""NM_TYPE_COUPON"" : ""정률"",
        ""NM_MAN_COUPON"" : ""5%할인_VVIP특별바우처2"",
        ""DT_STR_EXP"" : ""20260201"",
        ""DT_END_EXP"" : ""20270131"",
        ""AM_DISC"" : 0
      }, {
        ""RT_DISC"" : 5,
        ""NM_TYPE_COUPON"" : ""정률"",
        ""NM_MAN_COUPON"" : ""5%할인_VVIP특별바우처3"",
        ""DT_STR_EXP"" : ""20260201"",
        ""DT_END_EXP"" : ""20270131"",
        ""AM_DISC"" : 0
      }, {
        ""RT_DISC"" : 3,
        ""NM_TYPE_COUPON"" : ""정률"",
        ""NM_MAN_COUPON"" : ""3%할인_VIP특별바우처1"",
        ""DT_STR_EXP"" : ""20260201"",
        ""DT_END_EXP"" : ""20270131"",
        ""AM_DISC"" : 0
      }, {
        ""RT_DISC"" : 3,
        ""NM_TYPE_COUPON"" : ""정률"",
        ""NM_MAN_COUPON"" : ""3%할인_VIP특별바우처2"",
        ""DT_STR_EXP"" : ""20260201"",
        ""DT_END_EXP"" : ""20270131"",
        ""AM_DISC"" : 0
      }, {
        ""RT_DISC"" : 3,
        ""NM_TYPE_COUPON"" : ""정률"",
        ""NM_MAN_COUPON"" : ""3%할인_VIP특별바우처3"",
        ""DT_STR_EXP"" : ""20260201"",
        ""DT_END_EXP"" : ""20270131"",
        ""AM_DISC"" : 0
      }, {
        ""RT_DISC"" : 0,
        ""NM_TYPE_COUPON"" : ""정액"",
        ""NM_MAN_COUPON"" : ""202602_신규1만원"",
        ""DT_STR_EXP"" : ""20260201"",
        ""DT_END_EXP"" : ""20260731"",
        ""AM_DISC"" : 10000
      }, {
        ""RT_DISC"" : 0,
        ""NM_TYPE_COUPON"" : ""정액"",
        ""NM_MAN_COUPON"" : ""재발행(202602_신규1만원)"",
        ""DT_STR_EXP"" : ""20260201"",
        ""DT_END_EXP"" : ""20260731"",
        ""AM_DISC"" : 10000
      }, {
        ""RT_DISC"" : 0,
        ""NM_TYPE_COUPON"" : ""정액"",
        ""NM_MAN_COUPON"" : ""2026_SVIP_승격축하쿠폰"",
        ""DT_STR_EXP"" : ""20260201"",
        ""DT_END_EXP"" : ""20270131"",
        ""AM_DISC"" : 100000
      }, {
        ""RT_DISC"" : 0,
        ""NM_TYPE_COUPON"" : ""정액"",
        ""NM_MAN_COUPON"" : ""2026_VVIP_승격축하쿠폰"",
        ""DT_STR_EXP"" : ""20260201"",
        ""DT_END_EXP"" : ""20270131"",
        ""AM_DISC"" : 50000
      }, {
        ""RT_DISC"" : 0,
        ""NM_TYPE_COUPON"" : ""정액"",
        ""NM_MAN_COUPON"" : ""2026_VIP_승격축하쿠폰"",
        ""DT_STR_EXP"" : ""20260201"",
        ""DT_END_EXP"" : ""20270131"",
        ""AM_DISC"" : 50000
      }, {
        ""RT_DISC"" : 0,
        ""NM_TYPE_COUPON"" : ""정액"",
        ""NM_MAN_COUPON"" : ""202602_수선3만원쿠폰"",
        ""DT_STR_EXP"" : ""20260201"",
        ""DT_END_EXP"" : ""20260731"",
        ""AM_DISC"" : 30000
      }, {
        ""RT_DISC"" : 0,
        ""NM_TYPE_COUPON"" : ""정액"",
        ""NM_MAN_COUPON"" : ""2026수선3만원쿠폰1_직원 (2)"",
        ""DT_STR_EXP"" : ""20260201"",
        ""DT_END_EXP"" : ""20260731"",
        ""AM_DISC"" : 30000
      }, {
        ""RT_DISC"" : 0,
        ""NM_TYPE_COUPON"" : ""정액"",
        ""NM_MAN_COUPON"" : ""202602_SVIP회원_생일쿠폰"",
        ""DT_STR_EXP"" : ""20260201"",
        ""DT_END_EXP"" : ""20270131"",
        ""AM_DISC"" : 100000
      }, {
        ""RT_DISC"" : 0,
        ""NM_TYPE_COUPON"" : ""정액"",
        ""NM_MAN_COUPON"" : ""202602_VVIP회원_생일쿠폰"",
        ""DT_STR_EXP"" : ""20260201"",
        ""DT_END_EXP"" : ""20270131"",
        ""AM_DISC"" : 100000
      }, {
        ""RT_DISC"" : 0,
        ""NM_TYPE_COUPON"" : ""정액"",
        ""NM_MAN_COUPON"" : ""202602_VIP회원_생일쿠폰"",
        ""DT_STR_EXP"" : ""20260201"",
        ""DT_END_EXP"" : ""20270131"",
        ""AM_DISC"" : 50000
      }, {
        ""RT_DISC"" : 0,
        ""NM_TYPE_COUPON"" : ""정액"",
        ""NM_MAN_COUPON"" : ""202602_일반회원_생일쿠폰"",
        ""DT_STR_EXP"" : ""20260201"",
        ""DT_END_EXP"" : ""20270131"",
        ""AM_DISC"" : 30000
      }, {
        ""RT_DISC"" : 0,
        ""NM_TYPE_COUPON"" : ""정액"",
        ""NM_MAN_COUPON"" : ""재발행(2026_VIP_승격축하쿠폰)"",
        ""DT_STR_EXP"" : ""20260201"",
        ""DT_END_EXP"" : ""20270131"",
        ""AM_DISC"" : 50000
      }, {
        ""RT_DISC"" : 0,
        ""NM_TYPE_COUPON"" : ""정액"",
        ""NM_MAN_COUPON"" : ""202603_수선3만원쿠폰"",
        ""DT_STR_EXP"" : ""20260301"",
        ""DT_END_EXP"" : ""20260731"",
        ""AM_DISC"" : 30000
      }, {
        ""RT_DISC"" : 3,
        ""NM_TYPE_COUPON"" : ""정률"",
        ""NM_MAN_COUPON"" : ""3%할인_VIP특별바우처4"",
        ""DT_STR_EXP"" : ""20260201"",
        ""DT_END_EXP"" : ""20270131"",
        ""AM_DISC"" : 0
      }, {
        ""RT_DISC"" : 10,
        ""NM_TYPE_COUPON"" : ""정률"",
        ""NM_MAN_COUPON"" : ""10%할인_SVIP특별바우처4 (2)"",
        ""DT_STR_EXP"" : ""20260201"",
        ""DT_END_EXP"" : ""20270131"",
        ""AM_DISC"" : 0
      }, {
        ""RT_DISC"" : 0,
        ""NM_TYPE_COUPON"" : ""정액"",
        ""NM_MAN_COUPON"" : ""상반기재발행_VVIP생일쿠폰_2026"",
        ""DT_STR_EXP"" : ""20260101"",
        ""DT_END_EXP"" : ""20260630"",
        ""AM_DISC"" : 100000
      }, {
        ""RT_DISC"" : 0,
        ""NM_TYPE_COUPON"" : ""정액"",
        ""NM_MAN_COUPON"" : ""재발행(8월_VIP생일)_2025"",
        ""DT_STR_EXP"" : ""20250801"",
        ""DT_END_EXP"" : ""20260731"",
        ""AM_DISC"" : 50000
      }, {
        ""RT_DISC"" : 10,
        ""NM_TYPE_COUPON"" : ""정률"",
        ""NM_MAN_COUPON"" : ""10%할인_SVIP특별바우처5 (2)"",
        ""DT_STR_EXP"" : ""20260201"",
        ""DT_END_EXP"" : ""20270131"",
        ""AM_DISC"" : 0
      }, {
        ""RT_DISC"" : 10,
        ""NM_TYPE_COUPON"" : ""정률"",
        ""NM_MAN_COUPON"" : ""10%할인_SVIP특별바우처6 (2)"",
        ""DT_STR_EXP"" : ""20260201"",
        ""DT_END_EXP"" : ""20270131"",
        ""AM_DISC"" : 0
      }, {
        ""RT_DISC"" : 10,
        ""NM_TYPE_COUPON"" : ""정률"",
        ""NM_MAN_COUPON"" : ""10%할인_SVIP특별바우처7 (2)"",
        ""DT_STR_EXP"" : ""20260201"",
        ""DT_END_EXP"" : ""20270131"",
        ""AM_DISC"" : 0
      }, {
        ""RT_DISC"" : 10,
        ""NM_TYPE_COUPON"" : ""정률"",
        ""NM_MAN_COUPON"" : ""10%할인_SVIP특별바우처8 (3)"",
        ""DT_STR_EXP"" : ""20260201"",
        ""DT_END_EXP"" : ""20270131"",
        ""AM_DISC"" : 0
      }, {
        ""RT_DISC"" : 3,
        ""NM_TYPE_COUPON"" : ""정률"",
        ""NM_MAN_COUPON"" : ""3%할인_VIP특별바우처5"",
        ""DT_STR_EXP"" : ""20260201"",
        ""DT_END_EXP"" : ""20270131"",
        ""AM_DISC"" : 0
      }, {
        ""RT_DISC"" : 3,
        ""NM_TYPE_COUPON"" : ""정률"",
        ""NM_MAN_COUPON"" : ""3%할인_VIP특별바우처6"",
        ""DT_STR_EXP"" : ""20260201"",
        ""DT_END_EXP"" : ""20270131"",
        ""AM_DISC"" : 0
      }, {
        ""RT_DISC"" : 5,
        ""NM_TYPE_COUPON"" : ""정률"",
        ""NM_MAN_COUPON"" : ""5%할인_VVIP특별바우처4"",
        ""DT_STR_EXP"" : ""20260201"",
        ""DT_END_EXP"" : ""20270131"",
        ""AM_DISC"" : 0
      }, {
        ""RT_DISC"" : 0,
        ""NM_TYPE_COUPON"" : ""정액"",
        ""NM_MAN_COUPON"" : ""재발행(3월_일반생일)_2026"",
        ""DT_STR_EXP"" : ""20260301"",
        ""DT_END_EXP"" : ""20270228"",
        ""AM_DISC"" : 30000
      }, {
        ""RT_DISC"" : 0,
        ""NM_TYPE_COUPON"" : ""정액"",
        ""NM_MAN_COUPON"" : ""202604_일반회원_생일쿠폰"",
        ""DT_STR_EXP"" : ""20260401"",
        ""DT_END_EXP"" : ""20270331"",
        ""AM_DISC"" : 30000
      }, {
        ""RT_DISC"" : 0,
        ""NM_TYPE_COUPON"" : ""정액"",
        ""NM_MAN_COUPON"" : ""202604_SVIP회원_생일쿠폰"",
        ""DT_STR_EXP"" : ""20260401"",
        ""DT_END_EXP"" : ""20270331"",
        ""AM_DISC"" : 100000
      }, {
        ""RT_DISC"" : 0,
        ""NM_TYPE_COUPON"" : ""정액"",
        ""NM_MAN_COUPON"" : ""202604_VVIP회원_생일쿠폰"",
        ""DT_STR_EXP"" : ""20260401"",
        ""DT_END_EXP"" : ""20270331"",
        ""AM_DISC"" : 100000
      }, {
        ""RT_DISC"" : 0,
        ""NM_TYPE_COUPON"" : ""정액"",
        ""NM_MAN_COUPON"" : ""202604_VIP회원_생일쿠폰"",
        ""DT_STR_EXP"" : ""20260401"",
        ""DT_END_EXP"" : ""20270331"",
        ""AM_DISC"" : 50000
      }, {
        ""RT_DISC"" : 0,
        ""NM_TYPE_COUPON"" : ""정액"",
        ""NM_MAN_COUPON"" : ""202604_신규1만원"",
        ""DT_STR_EXP"" : ""20260401"",
        ""DT_END_EXP"" : ""20260930"",
        ""AM_DISC"" : 10000
      }, {
        ""RT_DISC"" : 0,
        ""NM_TYPE_COUPON"" : ""정액"",
        ""NM_MAN_COUPON"" : ""202604_수선3만원쿠폰"",
        ""DT_STR_EXP"" : ""20260401"",
        ""DT_END_EXP"" : ""20260731"",
        ""AM_DISC"" : 30000
      }, {
        ""RT_DISC"" : 0,
        ""NM_TYPE_COUPON"" : ""정액"",
        ""NM_MAN_COUPON"" : ""재발행(202604_신규1만원)"",
        ""DT_STR_EXP"" : ""20260401"",
        ""DT_END_EXP"" : ""20260930"",
        ""AM_DISC"" : 10000
      }, {
        ""RT_DISC"" : 0,
        ""NM_TYPE_COUPON"" : ""정액"",
        ""NM_MAN_COUPON"" : ""재발행(4월_일반생일)_2026"",
        ""DT_STR_EXP"" : ""20260401"",
        ""DT_END_EXP"" : ""20270331"",
        ""AM_DISC"" : 30000
      }, {
        ""RT_DISC"" : 0,
        ""NM_TYPE_COUPON"" : ""정액"",
        ""NM_MAN_COUPON"" : ""[TEST] 쿠폰_정액_5만원"",
        ""DT_STR_EXP"" : ""20260430"",
        ""DT_END_EXP"" : ""20260531"",
        ""AM_DISC"" : 30000
      }, {
        ""RT_DISC"" : 0,
        ""NM_TYPE_COUPON"" : ""정액"",
        ""NM_MAN_COUPON"" : ""[TEST] VIP_수선쿠폰"",
        ""DT_STR_EXP"" : ""20260501"",
        ""DT_END_EXP"" : ""20260531"",
        ""AM_DISC"" : 30000
      }, {
        ""RT_DISC"" : 10,
        ""NM_TYPE_COUPON"" : ""정률"",
        ""NM_MAN_COUPON"" : ""[TEST] 정률_10%"",
        ""DT_STR_EXP"" : ""20260501"",
        ""DT_END_EXP"" : ""20260531"",
        ""AM_DISC"" : 0
      }, {
        ""RT_DISC"" : 0,
        ""NM_TYPE_COUPON"" : ""정액"",
        ""NM_MAN_COUPON"" : ""[TEST] 정액_3만원"",
        ""DT_STR_EXP"" : ""20260501"",
        ""DT_END_EXP"" : ""20260531"",
        ""AM_DISC"" : 30000
      }, {
        ""RT_DISC"" : 0,
        ""NM_TYPE_COUPON"" : ""정액"",
        ""NM_MAN_COUPON"" : ""[TEST] 정액_5만원"",
        ""DT_STR_EXP"" : ""20260501"",
        ""DT_END_EXP"" : ""20260531"",
        ""AM_DISC"" : 50000
      }, {
        ""RT_DISC"" : 0,
        ""NM_TYPE_COUPON"" : ""정액"",
        ""NM_MAN_COUPON"" : ""[TEST] 신규_1만원"",
        ""DT_STR_EXP"" : ""20260501"",
        ""DT_END_EXP"" : ""20260531"",
        ""AM_DISC"" : 10000
      }, {
        ""RT_DISC"" : 0,
        ""NM_TYPE_COUPON"" : ""정액"",
        ""NM_MAN_COUPON"" : ""[TEST] 조회용_쿠폰_UPDATED"",
        ""DT_STR_EXP"" : ""20260502"",
        ""DT_END_EXP"" : ""20260630"",
        ""AM_DISC"" : 20000
      }, {
        ""RT_DISC"" : 0,
        ""NM_TYPE_COUPON"" : ""정액"",
        ""NM_MAN_COUPON"" : ""[TEST] 테스트 쿠폰 수정하지마세용"",
        ""DT_STR_EXP"" : ""20260501"",
        ""DT_END_EXP"" : ""20260530"",
        ""AM_DISC"" : 20000
      }, {
        ""RT_DISC"" : 10,
        ""NM_TYPE_COUPON"" : ""정률"",
        ""NM_MAN_COUPON"" : ""[TEST] VVIP_무제한정률"",
        ""DT_STR_EXP"" : ""20260502"",
        ""DT_END_EXP"" : ""20260531"",
        ""AM_DISC"" : 0
      }, {
        ""RT_DISC"" : 0,
        ""NM_TYPE_COUPON"" : ""정액"",
        ""NM_MAN_COUPON"" : ""[TEST] VVIP 생일쿠폰"",
        ""DT_STR_EXP"" : ""20260201"",
        ""DT_END_EXP"" : ""20260531"",
        ""AM_DISC"" : 100000
      }, {
        ""RT_DISC"" : 0,
        ""NM_TYPE_COUPON"" : ""정액"",
        ""NM_MAN_COUPON"" : ""[TEST] 신규가입쿠폰_아울렛"",
        ""DT_STR_EXP"" : ""20260501"",
        ""DT_END_EXP"" : ""20280501"",
        ""AM_DISC"" : 10000
      }, {
        ""RT_DISC"" : 3,
        ""NM_TYPE_COUPON"" : ""정률"",
        ""NM_MAN_COUPON"" : ""[TEST]_정률3%쿠폰"",
        ""DT_STR_EXP"" : ""20260503"",
        ""DT_END_EXP"" : """",
        ""AM_DISC"" : 0
      }, {
        ""RT_DISC"" : 0,
        ""NM_TYPE_COUPON"" : ""정액"",
        ""NM_MAN_COUPON"" : ""[TEST]_GIP 생일쿠폰"",
        ""DT_STR_EXP"" : ""20260503"",
        ""DT_END_EXP"" : """",
        ""AM_DISC"" : 30000
      }, {
        ""RT_DISC"" : 3,
        ""NM_TYPE_COUPON"" : ""정률"",
        ""NM_MAN_COUPON"" : ""[TEST] 신규가입쿠폰_백화점"",
        ""DT_STR_EXP"" : ""20260501"",
        ""DT_END_EXP"" : ""20280531"",
        ""AM_DISC"" : 0
      }, {
        ""RT_DISC"" : 5,
        ""NM_TYPE_COUPON"" : ""정률"",
        ""NM_MAN_COUPON"" : ""[TEST] VVIP_5%"",
        ""DT_STR_EXP"" : ""20260504"",
        ""DT_END_EXP"" : ""20260531"",
        ""AM_DISC"" : 0
      }, {
        ""RT_DISC"" : 0,
        ""NM_TYPE_COUPON"" : ""정액"",
        ""NM_MAN_COUPON"" : ""[TEST] SVIP_생일쿠폰"",
        ""DT_STR_EXP"" : ""20260504"",
        ""DT_END_EXP"" : ""20260531"",
        ""AM_DISC"" : 100000
      }, {
        ""RT_DISC"" : 0,
        ""NM_TYPE_COUPON"" : ""정액"",
        ""NM_MAN_COUPON"" : ""밀버스테스트_3만원"",
        ""DT_STR_EXP"" : ""20260201"",
        ""DT_END_EXP"" : ""20261231"",
        ""AM_DISC"" : 30000
      }, {
        ""RT_DISC"" : 0,
        ""NM_TYPE_COUPON"" : ""정액"",
        ""NM_MAN_COUPON"" : ""[TEST]_VVIP 수선쿠폰"",
        ""DT_STR_EXP"" : ""20260508"",
        ""DT_END_EXP"" : ""20260531"",
        ""AM_DISC"" : 100000
      }, {
        ""RT_DISC"" : 3,
        ""NM_TYPE_COUPON"" : ""정률"",
        ""NM_MAN_COUPON"" : ""142000000679_정률테스트"",
        ""DT_STR_EXP"" : ""20260501"",
        ""DT_END_EXP"" : ""20260531"",
        ""AM_DISC"" : 0
      }, {
        ""RT_DISC"" : 0,
        ""NM_TYPE_COUPON"" : ""정액"",
        ""NM_MAN_COUPON"" : ""[TEST]_SVIP수선쿠폰"",
        ""DT_STR_EXP"" : ""20260509"",
        ""DT_END_EXP"" : ""20260531"",
        ""AM_DISC"" : 150000
      }, {
        ""RT_DISC"" : 0,
        ""NM_TYPE_COUPON"" : ""정액"",
        ""NM_MAN_COUPON"" : ""[TEST] 10만원"",
        ""DT_STR_EXP"" : ""20260509"",
        ""DT_END_EXP"" : ""20260531"",
        ""AM_DISC"" : 100000
      }, {
        ""RT_DISC"" : 5,
        ""NM_TYPE_COUPON"" : ""정률"",
        ""NM_MAN_COUPON"" : ""[TEST]_5%할인쿠폰"",
        ""DT_STR_EXP"" : ""20260509"",
        ""DT_END_EXP"" : ""20260531"",
        ""AM_DISC"" : 0
      } ]
    }
  },
  ""code"" : 200
}"
a12JO000000MlWXYA0,2026-05-11T00:12:25.000+0000,GdPromotionDetailApiControllerV1,"{""PromotionNo__c"":""PRO202604161041""}",,"{
  ""success"" : true,
  ""message"" : ""프로모션 상세 조회 성공"",
  ""data"" : {
    ""PromotionDetail"" : {
      ""YN_PROM_DC"" : ""N"",
      ""YN_ALL_ITEM"" : ""Y"",
      ""YN_ACTIVE"" : true,
      ""STORES"" : [ ],
      ""POINTS"" : [ ],
      ""NO_PROM"" : ""PRO202604161041"",
      ""NM_PROM"" : ""[TEST]_프로모션없음"",
      ""ITEMS"" : [ ],
      ""DT_PUBLISH_START"" : ""20260401"",
      ""DT_PUBLISH_END"" : ""20260531"",
      ""COUPONS"" : [ {
        ""RT_DISC"" : 0,
        ""NM_TYPE_COUPON"" : ""정액"",
        ""NM_MAN_COUPON"" : ""재발행(8월_일반생일)_2025"",
        ""DT_STR_EXP"" : ""20250801"",
        ""DT_END_EXP"" : ""20260731"",
        ""AM_DISC"" : 30000
      }, {
        ""RT_DISC"" : 0,
        ""NM_TYPE_COUPON"" : ""정액"",
        ""NM_MAN_COUPON"" : ""202509_일반회원_생일쿠폰"",
        ""DT_STR_EXP"" : ""20250901"",
        ""DT_END_EXP"" : ""20260831"",
        ""AM_DISC"" : 30000
      }, {
        ""RT_DISC"" : 0,
        ""NM_TYPE_COUPON"" : ""정액"",
        ""NM_MAN_COUPON"" : ""202509_VIP회원_생일쿠폰"",
        ""DT_STR_EXP"" : ""20250901"",
        ""DT_END_EXP"" : ""20260831"",
        ""AM_DISC"" : 50000
      }, {
        ""RT_DISC"" : 0,
        ""NM_TYPE_COUPON"" : ""정액"",
        ""NM_MAN_COUPON"" : ""202509_VVIP회원_생일쿠폰"",
        ""DT_STR_EXP"" : ""20250901"",
        ""DT_END_EXP"" : ""20260831"",
        ""AM_DISC"" : 100000
      }, {
        ""RT_DISC"" : 0,
        ""NM_TYPE_COUPON"" : ""정액"",
        ""NM_MAN_COUPON"" : ""202509_SVIP회원_생일쿠폰"",
        ""DT_STR_EXP"" : ""20250901"",
        ""DT_END_EXP"" : ""20260831"",
        ""AM_DISC"" : 100000
      }, {
        ""RT_DISC"" : 0,
        ""NM_TYPE_COUPON"" : ""정액"",
        ""NM_MAN_COUPON"" : ""재발행(12월_일반생일)_2025"",
        ""DT_STR_EXP"" : ""20251201"",
        ""DT_END_EXP"" : ""20261130"",
        ""AM_DISC"" : 30000
      }, {
        ""RT_DISC"" : 0,
        ""NM_TYPE_COUPON"" : ""정액"",
        ""NM_MAN_COUPON"" : ""재발행(10월_VVIP생일)_2025"",
        ""DT_STR_EXP"" : ""20251001"",
        ""DT_END_EXP"" : ""20260930"",
        ""AM_DISC"" : 100000
      }, {
        ""RT_DISC"" : 0,
        ""NM_TYPE_COUPON"" : ""정액"",
        ""NM_MAN_COUPON"" : ""202601_SVIP회원_생일쿠폰"",
        ""DT_STR_EXP"" : ""20260101"",
        ""DT_END_EXP"" : ""20261231"",
        ""AM_DISC"" : 100000
      }, {
        ""RT_DISC"" : 0,
        ""NM_TYPE_COUPON"" : ""정액"",
        ""NM_MAN_COUPON"" : ""202601_VVIP회원_생일쿠폰"",
        ""DT_STR_EXP"" : ""20260101"",
        ""DT_END_EXP"" : ""20261231"",
        ""AM_DISC"" : 100000
      }, {
        ""RT_DISC"" : 0,
        ""NM_TYPE_COUPON"" : ""정액"",
        ""NM_MAN_COUPON"" : ""202601_VIP회원_생일쿠폰"",
        ""DT_STR_EXP"" : ""20260101"",
        ""DT_END_EXP"" : ""20261231"",
        ""AM_DISC"" : 50000
      }, {
        ""RT_DISC"" : 0,
        ""NM_TYPE_COUPON"" : ""정액"",
        ""NM_MAN_COUPON"" : ""202601_일반회원_생일쿠폰"",
        ""DT_STR_EXP"" : ""20260101"",
        ""DT_END_EXP"" : ""20261231"",
        ""AM_DISC"" : 30000
      }, {
        ""RT_DISC"" : 0,
        ""NM_TYPE_COUPON"" : ""정액"",
        ""NM_MAN_COUPON"" : ""202601_신규1만원"",
        ""DT_STR_EXP"" : ""20260101"",
        ""DT_END_EXP"" : ""20260630"",
        ""AM_DISC"" : 10000
      }, {
        ""RT_DISC"" : 0,
        ""NM_TYPE_COUPON"" : ""정액"",
        ""NM_MAN_COUPON"" : ""재발행(202601_신규1만원)"",
        ""DT_STR_EXP"" : ""20260101"",
        ""DT_END_EXP"" : ""20260630"",
        ""AM_DISC"" : 10000
      }, {
        ""RT_DISC"" : 0,
        ""NM_TYPE_COUPON"" : ""정액"",
        ""NM_MAN_COUPON"" : ""202508_일반회원_생일쿠폰"",
        ""DT_STR_EXP"" : ""20250801"",
        ""DT_END_EXP"" : ""20260731"",
        ""AM_DISC"" : 30000
      }, {
        ""RT_DISC"" : 0,
        ""NM_TYPE_COUPON"" : ""정액"",
        ""NM_MAN_COUPON"" : ""202508_VIP회원_생일쿠폰"",
        ""DT_STR_EXP"" : ""20250801"",
        ""DT_END_EXP"" : ""20260731"",
        ""AM_DISC"" : 50000
      }, {
        ""RT_DISC"" : 0,
        ""NM_TYPE_COUPON"" : ""정액"",
        ""NM_MAN_COUPON"" : ""202508_VVIP회원_생일쿠폰"",
        ""DT_STR_EXP"" : ""20250801"",
        ""DT_END_EXP"" : ""20260731"",
        ""AM_DISC"" : 100000
      }, {
        ""RT_DISC"" : 0,
        ""NM_TYPE_COUPON"" : ""정액"",
        ""NM_MAN_COUPON"" : ""202508_SVIP회원_생일쿠폰"",
        ""DT_STR_EXP"" : ""20250801"",
        ""DT_END_EXP"" : ""20260731"",
        ""AM_DISC"" : 100000
      }, {
        ""RT_DISC"" : 0,
        ""NM_TYPE_COUPON"" : ""정액"",
        ""NM_MAN_COUPON"" : ""202507_일반회원_생일쿠폰"",
        ""DT_STR_EXP"" : ""20250701"",
        ""DT_END_EXP"" : ""20260630"",
        ""AM_DISC"" : 30000
      }, {
        ""RT_DISC"" : 0,
        ""NM_TYPE_COUPON"" : ""정액"",
        ""NM_MAN_COUPON"" : ""202507_SVIP회원_생일쿠폰"",
        ""DT_STR_EXP"" : ""20250701"",
        ""DT_END_EXP"" : ""20260630"",
        ""AM_DISC"" : 100000
      }, {
        ""RT_DISC"" : 0,
        ""NM_TYPE_COUPON"" : ""정액"",
        ""NM_MAN_COUPON"" : ""202507_VIP회원_생일쿠폰"",
        ""DT_STR_EXP"" : ""20250701"",
        ""DT_END_EXP"" : ""20260630"",
        ""AM_DISC"" : 50000
      }, {
        ""RT_DISC"" : 0,
        ""NM_TYPE_COUPON"" : ""정액"",
        ""NM_MAN_COUPON"" : ""202507_VVIP회원_생일쿠폰"",
        ""DT_STR_EXP"" : ""20250701"",
        ""DT_END_EXP"" : ""20260630"",
        ""AM_DISC"" : 100000
      }, {
        ""RT_DISC"" : 0,
        ""NM_TYPE_COUPON"" : ""정액"",
        ""NM_MAN_COUPON"" : ""재발행(7월_일반생일)_2025"",
        ""DT_STR_EXP"" : ""20250701"",
        ""DT_END_EXP"" : ""20260630"",
        ""AM_DISC"" : 30000
      }, {
        ""RT_DISC"" : 0,
        ""NM_TYPE_COUPON"" : ""정액"",
        ""NM_MAN_COUPON"" : ""202506_SVIP회원_생일쿠폰"",
        ""DT_STR_EXP"" : ""20250601"",
        ""DT_END_EXP"" : ""20260531"",
        ""AM_DISC"" : 100000
      }, {
        ""RT_DISC"" : 0,
        ""NM_TYPE_COUPON"" : ""정액"",
        ""NM_MAN_COUPON"" : ""202506_VVIP회원_생일쿠폰"",
        ""DT_STR_EXP"" : ""20250601"",
        ""DT_END_EXP"" : ""20260531"",
        ""AM_DISC"" : 100000
      }, {
        ""RT_DISC"" : 0,
        ""NM_TYPE_COUPON"" : ""정액"",
        ""NM_MAN_COUPON"" : ""202506_VIP회원_생일쿠폰"",
        ""DT_STR_EXP"" : ""20250601"",
        ""DT_END_EXP"" : ""20260531"",
        ""AM_DISC"" : 50000
      }, {
        ""RT_DISC"" : 0,
        ""NM_TYPE_COUPON"" : ""정액"",
        ""NM_MAN_COUPON"" : ""재발행(6월_일반생일)_2025"",
        ""DT_STR_EXP"" : ""20250601"",
        ""DT_END_EXP"" : ""20260531"",
        ""AM_DISC"" : 30000
      }, {
        ""RT_DISC"" : 0,
        ""NM_TYPE_COUPON"" : ""정액"",
        ""NM_MAN_COUPON"" : ""202506_일반회원_생일쿠폰"",
        ""DT_STR_EXP"" : ""20250601"",
        ""DT_END_EXP"" : ""20260531"",
        ""AM_DISC"" : 30000
      }, {
        ""RT_DISC"" : 0,
        ""NM_TYPE_COUPON"" : ""정액"",
        ""NM_MAN_COUPON"" : ""재발행(11월_일반생일)_2025"",
        ""DT_STR_EXP"" : ""20251101"",
        ""DT_END_EXP"" : ""20261031"",
        ""AM_DISC"" : 30000
      }, {
        ""RT_DISC"" : 0,
        ""NM_TYPE_COUPON"" : ""정액"",
        ""NM_MAN_COUPON"" : ""재발행(11월_VVIP생일)_2025"",
        ""DT_STR_EXP"" : ""20251101"",
        ""DT_END_EXP"" : ""20261031"",
        ""AM_DISC"" : 100000
      }, {
        ""RT_DISC"" : 0,
        ""NM_TYPE_COUPON"" : ""정액"",
        ""NM_MAN_COUPON"" : ""재발행(6월_VVIP생일)_2025"",
        ""DT_STR_EXP"" : ""20250601"",
        ""DT_END_EXP"" : ""20260531"",
        ""AM_DISC"" : 100000
      }, {
        ""RT_DISC"" : 0,
        ""NM_TYPE_COUPON"" : ""정액"",
        ""NM_MAN_COUPON"" : ""202512_일반회원_생일쿠폰"",
        ""DT_STR_EXP"" : ""20251201"",
        ""DT_END_EXP"" : ""20261130"",
        ""AM_DISC"" : 30000
      }, {
        ""RT_DISC"" : 0,
        ""NM_TYPE_COUPON"" : ""정액"",
        ""NM_MAN_COUPON"" : ""202512_SVIP회원_생일쿠폰"",
        ""DT_STR_EXP"" : ""20251201"",
        ""DT_END_EXP"" : ""20261130"",
        ""AM_DISC"" : 100000
      }, {
        ""RT_DISC"" : 0,
        ""NM_TYPE_COUPON"" : ""정액"",
        ""NM_MAN_COUPON"" : ""202512_VVIP회원_생일쿠폰"",
        ""DT_STR_EXP"" : ""20251201"",
        ""DT_END_EXP"" : ""20261130"",
        ""AM_DISC"" : 100000
      }, {
        ""RT_DISC"" : 0,
        ""NM_TYPE_COUPON"" : ""정액"",
        ""NM_MAN_COUPON"" : ""202512_VIP회원_생일쿠폰"",
        ""DT_STR_EXP"" : ""20251201"",
        ""DT_END_EXP"" : ""20261130"",
        ""AM_DISC"" : 50000
      }, {
        ""RT_DISC"" : 0,
        ""NM_TYPE_COUPON"" : ""정액"",
        ""NM_MAN_COUPON"" : ""202512_신규1만원"",
        ""DT_STR_EXP"" : ""20251201"",
        ""DT_END_EXP"" : ""20260531"",
        ""AM_DISC"" : 10000
      }, {
        ""RT_DISC"" : 0,
        ""NM_TYPE_COUPON"" : ""정액"",
        ""NM_MAN_COUPON"" : ""재발행(202512_신규1만원)"",
        ""DT_STR_EXP"" : ""20251201"",
        ""DT_END_EXP"" : ""20260531"",
        ""AM_DISC"" : 10000
      }, {
        ""RT_DISC"" : 0,
        ""NM_TYPE_COUPON"" : ""정액"",
        ""NM_MAN_COUPON"" : ""202511_일반회원_생일쿠폰"",
        ""DT_STR_EXP"" : ""20251101"",
        ""DT_END_EXP"" : ""20261031"",
        ""AM_DISC"" : 30000
      }, {
        ""RT_DISC"" : 0,
        ""NM_TYPE_COUPON"" : ""정액"",
        ""NM_MAN_COUPON"" : ""202511_VIP회원_생일쿠폰"",
        ""DT_STR_EXP"" : ""20251101"",
        ""DT_END_EXP"" : ""20261031"",
        ""AM_DISC"" : 50000
      }, {
        ""RT_DISC"" : 0,
        ""NM_TYPE_COUPON"" : ""정액"",
        ""NM_MAN_COUPON"" : ""202511_VVIP회원_생일쿠폰"",
        ""DT_STR_EXP"" : ""20251101"",
        ""DT_END_EXP"" : ""20261031"",
        ""AM_DISC"" : 100000
      }, {
        ""RT_DISC"" : 0,
        ""NM_TYPE_COUPON"" : ""정액"",
        ""NM_MAN_COUPON"" : ""202511_SVIP회원_생일쿠폰"",
        ""DT_STR_EXP"" : ""20251101"",
        ""DT_END_EXP"" : ""20261031"",
        ""AM_DISC"" : 100000
      }, {
        ""RT_DISC"" : 0,
        ""NM_TYPE_COUPON"" : ""정액"",
        ""NM_MAN_COUPON"" : ""재발행(7월_VIP생일)_2025"",
        ""DT_STR_EXP"" : ""20250701"",
        ""DT_END_EXP"" : ""20260630"",
        ""AM_DISC"" : 50000
      }, {
        ""RT_DISC"" : 0,
        ""NM_TYPE_COUPON"" : ""정액"",
        ""NM_MAN_COUPON"" : ""재발행(9월_일반생일)_2025"",
        ""DT_STR_EXP"" : ""20250901"",
        ""DT_END_EXP"" : ""20260831"",
        ""AM_DISC"" : 30000
      }, {
        ""RT_DISC"" : 0,
        ""NM_TYPE_COUPON"" : ""정액"",
        ""NM_MAN_COUPON"" : ""202510_일반회원_생일쿠폰"",
        ""DT_STR_EXP"" : ""20251001"",
        ""DT_END_EXP"" : ""20260930"",
        ""AM_DISC"" : 30000
      }, {
        ""RT_DISC"" : 0,
        ""NM_TYPE_COUPON"" : ""정액"",
        ""NM_MAN_COUPON"" : ""202510_VIP회원_생일쿠폰"",
        ""DT_STR_EXP"" : ""20251001"",
        ""DT_END_EXP"" : ""20260930"",
        ""AM_DISC"" : 50000
      }, {
        ""RT_DISC"" : 0,
        ""NM_TYPE_COUPON"" : ""정액"",
        ""NM_MAN_COUPON"" : ""202510_VVIP회원_생일쿠폰"",
        ""DT_STR_EXP"" : ""20251001"",
        ""DT_END_EXP"" : ""20260930"",
        ""AM_DISC"" : 100000
      }, {
        ""RT_DISC"" : 0,
        ""NM_TYPE_COUPON"" : ""정액"",
        ""NM_MAN_COUPON"" : ""202510_SVIP회원_생일쿠폰"",
        ""DT_STR_EXP"" : ""20251001"",
        ""DT_END_EXP"" : ""20260930"",
        ""AM_DISC"" : 100000
      }, {
        ""RT_DISC"" : 0,
        ""NM_TYPE_COUPON"" : ""정액"",
        ""NM_MAN_COUPON"" : ""재발행(10월_일반생일)_2025"",
        ""DT_STR_EXP"" : ""20251001"",
        ""DT_END_EXP"" : ""20260930"",
        ""AM_DISC"" : 30000
      }, {
        ""RT_DISC"" : 5,
        ""NM_TYPE_COUPON"" : ""정률"",
        ""NM_MAN_COUPON"" : ""5%할인_VVIP특별바우처5"",
        ""DT_STR_EXP"" : ""20260201"",
        ""DT_END_EXP"" : ""20270131"",
        ""AM_DISC"" : 0
      }, {
        ""RT_DISC"" : 0,
        ""NM_TYPE_COUPON"" : ""정액"",
        ""NM_MAN_COUPON"" : ""202605_SVIP회원_생일쿠폰"",
        ""DT_STR_EXP"" : ""20260501"",
        ""DT_END_EXP"" : ""20270430"",
        ""AM_DISC"" : 100000
      }, {
        ""RT_DISC"" : 0,
        ""NM_TYPE_COUPON"" : ""정액"",
        ""NM_MAN_COUPON"" : ""202605_VVIP회원_생일쿠폰"",
        ""DT_STR_EXP"" : ""20260501"",
        ""DT_END_EXP"" : ""20270430"",
        ""AM_DISC"" : 100000
      }, {
        ""RT_DISC"" : 0,
        ""NM_TYPE_COUPON"" : ""정액"",
        ""NM_MAN_COUPON"" : ""202605_VIP회원_생일쿠폰"",
        ""DT_STR_EXP"" : ""20260501"",
        ""DT_END_EXP"" : ""20270430"",
        ""AM_DISC"" : 50000
      }, {
        ""RT_DISC"" : 0,
        ""NM_TYPE_COUPON"" : ""정액"",
        ""NM_MAN_COUPON"" : ""202605_일반회원_생일쿠폰"",
        ""DT_STR_EXP"" : ""20260501"",
        ""DT_END_EXP"" : ""20270430"",
        ""AM_DISC"" : 30000
      }, {
        ""RT_DISC"" : 0,
        ""NM_TYPE_COUPON"" : ""정액"",
        ""NM_MAN_COUPON"" : ""202605_SVIP회원_수선15만원쿠폰"",
        ""DT_STR_EXP"" : ""20260501"",
        ""DT_END_EXP"" : ""20260531"",
        ""AM_DISC"" : 150000
      }, {
        ""RT_DISC"" : 0,
        ""NM_TYPE_COUPON"" : ""정액"",
        ""NM_MAN_COUPON"" : ""202605_VVIP회원_수선15만원쿠폰"",
        ""DT_STR_EXP"" : ""20260501"",
        ""DT_END_EXP"" : ""20260531"",
        ""AM_DISC"" : 150000
      }, {
        ""RT_DISC"" : 0,
        ""NM_TYPE_COUPON"" : ""정액"",
        ""NM_MAN_COUPON"" : ""202605_VIP회원_수선10만원쿠폰"",
        ""DT_STR_EXP"" : ""20260501"",
        ""DT_END_EXP"" : ""20260531"",
        ""AM_DISC"" : 100000
      }, {
        ""RT_DISC"" : 0,
        ""NM_TYPE_COUPON"" : ""정액"",
        ""NM_MAN_COUPON"" : ""202605_수선3만원쿠폰"",
        ""DT_STR_EXP"" : ""20260501"",
        ""DT_END_EXP"" : ""20260731"",
        ""AM_DISC"" : 30000
      }, {
        ""RT_DISC"" : 0,
        ""NM_TYPE_COUPON"" : ""정액"",
        ""NM_MAN_COUPON"" : ""202605_신규1만원"",
        ""DT_STR_EXP"" : ""20260501"",
        ""DT_END_EXP"" : ""20261031"",
        ""AM_DISC"" : 10000
      }, {
        ""RT_DISC"" : 0,
        ""NM_TYPE_COUPON"" : ""정액"",
        ""NM_MAN_COUPON"" : ""재발행(202605_신규1만원)"",
        ""DT_STR_EXP"" : ""20260501"",
        ""DT_END_EXP"" : ""20261031"",
        ""AM_DISC"" : 10000
      }, {
        ""RT_DISC"" : 0,
        ""NM_TYPE_COUPON"" : ""정액"",
        ""NM_MAN_COUPON"" : ""2026수선3만원쿠폰1_GIP"",
        ""DT_STR_EXP"" : ""20260201"",
        ""DT_END_EXP"" : ""20260731"",
        ""AM_DISC"" : 30000
      }, {
        ""RT_DISC"" : 0,
        ""NM_TYPE_COUPON"" : ""정액"",
        ""NM_MAN_COUPON"" : ""3%할인_VIP특별바우처_특수_송은경님"",
        ""DT_STR_EXP"" : ""20260201"",
        ""DT_END_EXP"" : ""20270131"",
        ""AM_DISC"" : 80400
      }, {
        ""RT_DISC"" : 0,
        ""NM_TYPE_COUPON"" : ""정액"",
        ""NM_MAN_COUPON"" : ""5만원우대권2_하나카드VIP_2026"",
        ""DT_STR_EXP"" : ""20260101"",
        ""DT_END_EXP"" : ""20261231"",
        ""AM_DISC"" : 50000
      }, {
        ""RT_DISC"" : 0,
        ""NM_TYPE_COUPON"" : ""정액"",
        ""NM_MAN_COUPON"" : ""상반기재발행_일반생일_2026"",
        ""DT_STR_EXP"" : ""20260101"",
        ""DT_END_EXP"" : ""20260630"",
        ""AM_DISC"" : 30000
      }, {
        ""RT_DISC"" : 0,
        ""NM_TYPE_COUPON"" : ""정액"",
        ""NM_MAN_COUPON"" : ""재발행(2월_일반생일)_2026"",
        ""DT_STR_EXP"" : ""20260201"",
        ""DT_END_EXP"" : ""20270131"",
        ""AM_DISC"" : 30000
      }, {
        ""RT_DISC"" : 0,
        ""NM_TYPE_COUPON"" : ""정액"",
        ""NM_MAN_COUPON"" : ""2026수선3만원쿠폰1_직원"",
        ""DT_STR_EXP"" : ""20260201"",
        ""DT_END_EXP"" : ""20260731"",
        ""AM_DISC"" : 30000
      }, {
        ""RT_DISC"" : 0,
        ""NM_TYPE_COUPON"" : ""정액"",
        ""NM_MAN_COUPON"" : ""202603_SVIP회원_생일쿠폰"",
        ""DT_STR_EXP"" : ""20260301"",
        ""DT_END_EXP"" : ""20270228"",
        ""AM_DISC"" : 100000
      }, {
        ""RT_DISC"" : 0,
        ""NM_TYPE_COUPON"" : ""정액"",
        ""NM_MAN_COUPON"" : ""202603_VVIP회원_생일쿠폰"",
        ""DT_STR_EXP"" : ""20260301"",
        ""DT_END_EXP"" : ""20270228"",
        ""AM_DISC"" : 100000
      }, {
        ""RT_DISC"" : 0,
        ""NM_TYPE_COUPON"" : ""정액"",
        ""NM_MAN_COUPON"" : ""202603_VIP회원_생일쿠폰"",
        ""DT_STR_EXP"" : ""20260301"",
        ""DT_END_EXP"" : ""20270228"",
        ""AM_DISC"" : 50000
      }, {
        ""RT_DISC"" : 0,
        ""NM_TYPE_COUPON"" : ""정액"",
        ""NM_MAN_COUPON"" : ""202603_신규1만원"",
        ""DT_STR_EXP"" : ""20260301"",
        ""DT_END_EXP"" : ""20260831"",
        ""AM_DISC"" : 10000
      }, {
        ""RT_DISC"" : 0,
        ""NM_TYPE_COUPON"" : ""정액"",
        ""NM_MAN_COUPON"" : ""재발행(202603_신규1만원)"",
        ""DT_STR_EXP"" : ""20260301"",
        ""DT_END_EXP"" : ""20260831"",
        ""AM_DISC"" : 10000
      }, {
        ""RT_DISC"" : 0,
        ""NM_TYPE_COUPON"" : ""정액"",
        ""NM_MAN_COUPON"" : ""202603_일반회원_생일쿠폰"",
        ""DT_STR_EXP"" : ""20260301"",
        ""DT_END_EXP"" : ""20270228"",
        ""AM_DISC"" : 30000
      }, {
        ""RT_DISC"" : 0,
        ""NM_TYPE_COUPON"" : ""정액"",
        ""NM_MAN_COUPON"" : ""재발행(1월_일반생일)_2026"",
        ""DT_STR_EXP"" : ""20260101"",
        ""DT_END_EXP"" : ""20261231"",
        ""AM_DISC"" : 30000
      }, {
        ""RT_DISC"" : 0,
        ""NM_TYPE_COUPON"" : ""정액"",
        ""NM_MAN_COUPON"" : ""2만원우대권_하나카드VIP_2026"",
        ""DT_STR_EXP"" : ""20260101"",
        ""DT_END_EXP"" : ""20261231"",
        ""AM_DISC"" : 20000
      }, {
        ""RT_DISC"" : 0,
        ""NM_TYPE_COUPON"" : ""정액"",
        ""NM_MAN_COUPON"" : ""5만원우대권_하나카드VIP_2026"",
        ""DT_STR_EXP"" : ""20260101"",
        ""DT_END_EXP"" : ""20261231"",
        ""AM_DISC"" : 50000
      }, {
        ""RT_DISC"" : 10,
        ""NM_TYPE_COUPON"" : ""정률"",
        ""NM_MAN_COUPON"" : ""10%할인_SVIP특별바우처1 (2)"",
        ""DT_STR_EXP"" : ""20260201"",
        ""DT_END_EXP"" : ""20270131"",
        ""AM_DISC"" : 0
      }, {
        ""RT_DISC"" : 10,
        ""NM_TYPE_COUPON"" : ""정률"",
        ""NM_MAN_COUPON"" : ""10%할인_SVIP특별바우처2 (2)"",
        ""DT_STR_EXP"" : ""20260201"",
        ""DT_END_EXP"" : ""20270131"",
        ""AM_DISC"" : 0
      }, {
        ""RT_DISC"" : 10,
        ""NM_TYPE_COUPON"" : ""정률"",
        ""NM_MAN_COUPON"" : ""10%할인_SVIP특별바우처3 (2)"",
        ""DT_STR_EXP"" : ""20260201"",
        ""DT_END_EXP"" : ""20270131"",
        ""AM_DISC"" : 0
      }, {
        ""RT_DISC"" : 5,
        ""NM_TYPE_COUPON"" : ""정률"",
        ""NM_MAN_COUPON"" : ""5%할인_VVIP특별바우처1"",
        ""DT_STR_EXP"" : ""20260201"",
        ""DT_END_EXP"" : ""20270131"",
        ""AM_DISC"" : 0
      }, {
        ""RT_DISC"" : 5,
        ""NM_TYPE_COUPON"" : ""정률"",
        ""NM_MAN_COUPON"" : ""5%할인_VVIP특별바우처2"",
        ""DT_STR_EXP"" : ""20260201"",
        ""DT_END_EXP"" : ""20270131"",
        ""AM_DISC"" : 0
      }, {
        ""RT_DISC"" : 5,
        ""NM_TYPE_COUPON"" : ""정률"",
        ""NM_MAN_COUPON"" : ""5%할인_VVIP특별바우처3"",
        ""DT_STR_EXP"" : ""20260201"",
        ""DT_END_EXP"" : ""20270131"",
        ""AM_DISC"" : 0
      }, {
        ""RT_DISC"" : 3,
        ""NM_TYPE_COUPON"" : ""정률"",
        ""NM_MAN_COUPON"" : ""3%할인_VIP특별바우처1"",
        ""DT_STR_EXP"" : ""20260201"",
        ""DT_END_EXP"" : ""20270131"",
        ""AM_DISC"" : 0
      }, {
        ""RT_DISC"" : 3,
        ""NM_TYPE_COUPON"" : ""정률"",
        ""NM_MAN_COUPON"" : ""3%할인_VIP특별바우처2"",
        ""DT_STR_EXP"" : ""20260201"",
        ""DT_END_EXP"" : ""20270131"",
        ""AM_DISC"" : 0
      }, {
        ""RT_DISC"" : 3,
        ""NM_TYPE_COUPON"" : ""정률"",
        ""NM_MAN_COUPON"" : ""3%할인_VIP특별바우처3"",
        ""DT_STR_EXP"" : ""20260201"",
        ""DT_END_EXP"" : ""20270131"",
        ""AM_DISC"" : 0
      }, {
        ""RT_DISC"" : 0,
        ""NM_TYPE_COUPON"" : ""정액"",
        ""NM_MAN_COUPON"" : ""202602_신규1만원"",
        ""DT_STR_EXP"" : ""20260201"",
        ""DT_END_EXP"" : ""20260731"",
        ""AM_DISC"" : 10000
      }, {
        ""RT_DISC"" : 0,
        ""NM_TYPE_COUPON"" : ""정액"",
        ""NM_MAN_COUPON"" : ""재발행(202602_신규1만원)"",
        ""DT_STR_EXP"" : ""20260201"",
        ""DT_END_EXP"" : ""20260731"",
        ""AM_DISC"" : 10000
      }, {
        ""RT_DISC"" : 0,
        ""NM_TYPE_COUPON"" : ""정액"",
        ""NM_MAN_COUPON"" : ""2026_SVIP_승격축하쿠폰"",
        ""DT_STR_EXP"" : ""20260201"",
        ""DT_END_EXP"" : ""20270131"",
        ""AM_DISC"" : 100000
      }, {
        ""RT_DISC"" : 0,
        ""NM_TYPE_COUPON"" : ""정액"",
        ""NM_MAN_COUPON"" : ""2026_VVIP_승격축하쿠폰"",
        ""DT_STR_EXP"" : ""20260201"",
        ""DT_END_EXP"" : ""20270131"",
        ""AM_DISC"" : 50000
      }, {
        ""RT_DISC"" : 0,
        ""NM_TYPE_COUPON"" : ""정액"",
        ""NM_MAN_COUPON"" : ""2026_VIP_승격축하쿠폰"",
        ""DT_STR_EXP"" : ""20260201"",
        ""DT_END_EXP"" : ""20270131"",
        ""AM_DISC"" : 50000
      }, {
        ""RT_DISC"" : 0,
        ""NM_TYPE_COUPON"" : ""정액"",
        ""NM_MAN_COUPON"" : ""202602_수선3만원쿠폰"",
        ""DT_STR_EXP"" : ""20260201"",
        ""DT_END_EXP"" : ""20260731"",
        ""AM_DISC"" : 30000
      }, {
        ""RT_DISC"" : 0,
        ""NM_TYPE_COUPON"" : ""정액"",
        ""NM_MAN_COUPON"" : ""2026수선3만원쿠폰1_직원 (2)"",
        ""DT_STR_EXP"" : ""20260201"",
        ""DT_END_EXP"" : ""20260731"",
        ""AM_DISC"" : 30000
      }, {
        ""RT_DISC"" : 0,
        ""NM_TYPE_COUPON"" : ""정액"",
        ""NM_MAN_COUPON"" : ""202602_SVIP회원_생일쿠폰"",
        ""DT_STR_EXP"" : ""20260201"",
        ""DT_END_EXP"" : ""20270131"",
        ""AM_DISC"" : 100000
      }, {
        ""RT_DISC"" : 0,
        ""NM_TYPE_COUPON"" : ""정액"",
        ""NM_MAN_COUPON"" : ""202602_VVIP회원_생일쿠폰"",
        ""DT_STR_EXP"" : ""20260201"",
        ""DT_END_EXP"" : ""20270131"",
        ""AM_DISC"" : 100000
      }, {
        ""RT_DISC"" : 0,
        ""NM_TYPE_COUPON"" : ""정액"",
        ""NM_MAN_COUPON"" : ""202602_VIP회원_생일쿠폰"",
        ""DT_STR_EXP"" : ""20260201"",
        ""DT_END_EXP"" : ""20270131"",
        ""AM_DISC"" : 50000
      }, {
        ""RT_DISC"" : 0,
        ""NM_TYPE_COUPON"" : ""정액"",
        ""NM_MAN_COUPON"" : ""202602_일반회원_생일쿠폰"",
        ""DT_STR_EXP"" : ""20260201"",
        ""DT_END_EXP"" : ""20270131"",
        ""AM_DISC"" : 30000
      }, {
        ""RT_DISC"" : 0,
        ""NM_TYPE_COUPON"" : ""정액"",
        ""NM_MAN_COUPON"" : ""재발행(2026_VIP_승격축하쿠폰)"",
        ""DT_STR_EXP"" : ""20260201"",
        ""DT_END_EXP"" : ""20270131"",
        ""AM_DISC"" : 50000
      }, {
        ""RT_DISC"" : 0,
        ""NM_TYPE_COUPON"" : ""정액"",
        ""NM_MAN_COUPON"" : ""202603_수선3만원쿠폰"",
        ""DT_STR_EXP"" : ""20260301"",
        ""DT_END_EXP"" : ""20260731"",
        ""AM_DISC"" : 30000
      }, {
        ""RT_DISC"" : 3,
        ""NM_TYPE_COUPON"" : ""정률"",
        ""NM_MAN_COUPON"" : ""3%할인_VIP특별바우처4"",
        ""DT_STR_EXP"" : ""20260201"",
        ""DT_END_EXP"" : ""20270131"",
        ""AM_DISC"" : 0
      }, {
        ""RT_DISC"" : 10,
        ""NM_TYPE_COUPON"" : ""정률"",
        ""NM_MAN_COUPON"" : ""10%할인_SVIP특별바우처4 (2)"",
        ""DT_STR_EXP"" : ""20260201"",
        ""DT_END_EXP"" : ""20270131"",
        ""AM_DISC"" : 0
      }, {
        ""RT_DISC"" : 0,
        ""NM_TYPE_COUPON"" : ""정액"",
        ""NM_MAN_COUPON"" : ""상반기재발행_VVIP생일쿠폰_2026"",
        ""DT_STR_EXP"" : ""20260101"",
        ""DT_END_EXP"" : ""20260630"",
        ""AM_DISC"" : 100000
      }, {
        ""RT_DISC"" : 0,
        ""NM_TYPE_COUPON"" : ""정액"",
        ""NM_MAN_COUPON"" : ""재발행(8월_VIP생일)_2025"",
        ""DT_STR_EXP"" : ""20250801"",
        ""DT_END_EXP"" : ""20260731"",
        ""AM_DISC"" : 50000
      }, {
        ""RT_DISC"" : 10,
        ""NM_TYPE_COUPON"" : ""정률"",
        ""NM_MAN_COUPON"" : ""10%할인_SVIP특별바우처5 (2)"",
        ""DT_STR_EXP"" : ""20260201"",
        ""DT_END_EXP"" : ""20270131"",
        ""AM_DISC"" : 0
      }, {
        ""RT_DISC"" : 10,
        ""NM_TYPE_COUPON"" : ""정률"",
        ""NM_MAN_COUPON"" : ""10%할인_SVIP특별바우처6 (2)"",
        ""DT_STR_EXP"" : ""20260201"",
        ""DT_END_EXP"" : ""20270131"",
        ""AM_DISC"" : 0
      }, {
        ""RT_DISC"" : 10,
        ""NM_TYPE_COUPON"" : ""정률"",
        ""NM_MAN_COUPON"" : ""10%할인_SVIP특별바우처7 (2)"",
        ""DT_STR_EXP"" : ""20260201"",
        ""DT_END_EXP"" : ""20270131"",
        ""AM_DISC"" : 0
      }, {
        ""RT_DISC"" : 10,
        ""NM_TYPE_COUPON"" : ""정률"",
        ""NM_MAN_COUPON"" : ""10%할인_SVIP특별바우처8 (3)"",
        ""DT_STR_EXP"" : ""20260201"",
        ""DT_END_EXP"" : ""20270131"",
        ""AM_DISC"" : 0
      }, {
        ""RT_DISC"" : 3,
        ""NM_TYPE_COUPON"" : ""정률"",
        ""NM_MAN_COUPON"" : ""3%할인_VIP특별바우처5"",
        ""DT_STR_EXP"" : ""20260201"",
        ""DT_END_EXP"" : ""20270131"",
        ""AM_DISC"" : 0
      }, {
        ""RT_DISC"" : 3,
        ""NM_TYPE_COUPON"" : ""정률"",
        ""NM_MAN_COUPON"" : ""3%할인_VIP특별바우처6"",
        ""DT_STR_EXP"" : ""20260201"",
        ""DT_END_EXP"" : ""20270131"",
        ""AM_DISC"" : 0
      }, {
        ""RT_DISC"" : 5,
        ""NM_TYPE_COUPON"" : ""정률"",
        ""NM_MAN_COUPON"" : ""5%할인_VVIP특별바우처4"",
        ""DT_STR_EXP"" : ""20260201"",
        ""DT_END_EXP"" : ""20270131"",
        ""AM_DISC"" : 0
      }, {
        ""RT_DISC"" : 0,
        ""NM_TYPE_COUPON"" : ""정액"",
        ""NM_MAN_COUPON"" : ""재발행(3월_일반생일)_2026"",
        ""DT_STR_EXP"" : ""20260301"",
        ""DT_END_EXP"" : ""20270228"",
        ""AM_DISC"" : 30000
      }, {
        ""RT_DISC"" : 0,
        ""NM_TYPE_COUPON"" : ""정액"",
        ""NM_MAN_COUPON"" : ""202604_일반회원_생일쿠폰"",
        ""DT_STR_EXP"" : ""20260401"",
        ""DT_END_EXP"" : ""20270331"",
        ""AM_DISC"" : 30000
      }, {
        ""RT_DISC"" : 0,
        ""NM_TYPE_COUPON"" : ""정액"",
        ""NM_MAN_COUPON"" : ""202604_SVIP회원_생일쿠폰"",
        ""DT_STR_EXP"" : ""20260401"",
        ""DT_END_EXP"" : ""20270331"",
        ""AM_DISC"" : 100000
      }, {
        ""RT_DISC"" : 0,
        ""NM_TYPE_COUPON"" : ""정액"",
        ""NM_MAN_COUPON"" : ""202604_VVIP회원_생일쿠폰"",
        ""DT_STR_EXP"" : ""20260401"",
        ""DT_END_EXP"" : ""20270331"",
        ""AM_DISC"" : 100000
      }, {
        ""RT_DISC"" : 0,
        ""NM_TYPE_COUPON"" : ""정액"",
        ""NM_MAN_COUPON"" : ""202604_VIP회원_생일쿠폰"",
        ""DT_STR_EXP"" : ""20260401"",
        ""DT_END_EXP"" : ""20270331"",
        ""AM_DISC"" : 50000
      }, {
        ""RT_DISC"" : 0,
        ""NM_TYPE_COUPON"" : ""정액"",
        ""NM_MAN_COUPON"" : ""202604_신규1만원"",
        ""DT_STR_EXP"" : ""20260401"",
        ""DT_END_EXP"" : ""20260930"",
        ""AM_DISC"" : 10000
      }, {
        ""RT_DISC"" : 0,
        ""NM_TYPE_COUPON"" : ""정액"",
        ""NM_MAN_COUPON"" : ""202604_수선3만원쿠폰"",
        ""DT_STR_EXP"" : ""20260401"",
        ""DT_END_EXP"" : ""20260731"",
        ""AM_DISC"" : 30000
      }, {
        ""RT_DISC"" : 0,
        ""NM_TYPE_COUPON"" : ""정액"",
        ""NM_MAN_COUPON"" : ""재발행(202604_신규1만원)"",
        ""DT_STR_EXP"" : ""20260401"",
        ""DT_END_EXP"" : ""20260930"",
        ""AM_DISC"" : 10000
      }, {
        ""RT_DISC"" : 0,
        ""NM_TYPE_COUPON"" : ""정액"",
        ""NM_MAN_COUPON"" : ""재발행(4월_일반생일)_2026"",
        ""DT_STR_EXP"" : ""20260401"",
        ""DT_END_EXP"" : ""20270331"",
        ""AM_DISC"" : 30000
      }, {
        ""RT_DISC"" : 0,
        ""NM_TYPE_COUPON"" : ""정액"",
        ""NM_MAN_COUPON"" : ""[TEST] 쿠폰_정액_5만원"",
        ""DT_STR_EXP"" : ""20260430"",
        ""DT_END_EXP"" : ""20260531"",
        ""AM_DISC"" : 30000
      }, {
        ""RT_DISC"" : 0,
        ""NM_TYPE_COUPON"" : ""정액"",
        ""NM_MAN_COUPON"" : ""[TEST] VIP_수선쿠폰"",
        ""DT_STR_EXP"" : ""20260501"",
        ""DT_END_EXP"" : ""20260531"",
        ""AM_DISC"" : 30000
      }, {
        ""RT_DISC"" : 10,
        ""NM_TYPE_COUPON"" : ""정률"",
        ""NM_MAN_COUPON"" : ""[TEST] 정률_10%"",
        ""DT_STR_EXP"" : ""20260501"",
        ""DT_END_EXP"" : ""20260531"",
        ""AM_DISC"" : 0
      }, {
        ""RT_DISC"" : 0,
        ""NM_TYPE_COUPON"" : ""정액"",
        ""NM_MAN_COUPON"" : ""[TEST] 정액_3만원"",
        ""DT_STR_EXP"" : ""20260501"",
        ""DT_END_EXP"" : ""20260531"",
        ""AM_DISC"" : 30000
      }, {
        ""RT_DISC"" : 0,
        ""NM_TYPE_COUPON"" : ""정액"",
        ""NM_MAN_COUPON"" : ""[TEST] 정액_5만원"",
        ""DT_STR_EXP"" : ""20260501"",
        ""DT_END_EXP"" : ""20260531"",
        ""AM_DISC"" : 50000
      }, {
        ""RT_DISC"" : 0,
        ""NM_TYPE_COUPON"" : ""정액"",
        ""NM_MAN_COUPON"" : ""[TEST] 신규_1만원"",
        ""DT_STR_EXP"" : ""20260501"",
        ""DT_END_EXP"" : ""20260531"",
        ""AM_DISC"" : 10000
      }, {
        ""RT_DISC"" : 0,
        ""NM_TYPE_COUPON"" : ""정액"",
        ""NM_MAN_COUPON"" : ""[TEST] 조회용_쿠폰_UPDATED"",
        ""DT_STR_EXP"" : ""20260502"",
        ""DT_END_EXP"" : ""20260630"",
        ""AM_DISC"" : 20000
      }, {
        ""RT_DISC"" : 0,
        ""NM_TYPE_COUPON"" : ""정액"",
        ""NM_MAN_COUPON"" : ""[TEST] 테스트 쿠폰 수정하지마세용"",
        ""DT_STR_EXP"" : ""20260501"",
        ""DT_END_EXP"" : ""20260530"",
        ""AM_DISC"" : 20000
      }, {
        ""RT_DISC"" : 10,
        ""NM_TYPE_COUPON"" : ""정률"",
        ""NM_MAN_COUPON"" : ""[TEST] VVIP_무제한정률"",
        ""DT_STR_EXP"" : ""20260502"",
        ""DT_END_EXP"" : ""20260531"",
        ""AM_DISC"" : 0
      }, {
        ""RT_DISC"" : 0,
        ""NM_TYPE_COUPON"" : ""정액"",
        ""NM_MAN_COUPON"" : ""[TEST] VVIP 생일쿠폰"",
        ""DT_STR_EXP"" : ""20260201"",
        ""DT_END_EXP"" : ""20260531"",
        ""AM_DISC"" : 100000
      }, {
        ""RT_DISC"" : 0,
        ""NM_TYPE_COUPON"" : ""정액"",
        ""NM_MAN_COUPON"" : ""[TEST] 신규가입쿠폰_아울렛"",
        ""DT_STR_EXP"" : ""20260501"",
        ""DT_END_EXP"" : ""20280501"",
        ""AM_DISC"" : 10000
      }, {
        ""RT_DISC"" : 3,
        ""NM_TYPE_COUPON"" : ""정률"",
        ""NM_MAN_COUPON"" : ""[TEST]_정률3%쿠폰"",
        ""DT_STR_EXP"" : ""20260503"",
        ""DT_END_EXP"" : """",
        ""AM_DISC"" : 0
      }, {
        ""RT_DISC"" : 0,
        ""NM_TYPE_COUPON"" : ""정액"",
        ""NM_MAN_COUPON"" : ""[TEST]_GIP 생일쿠폰"",
        ""DT_STR_EXP"" : ""20260503"",
        ""DT_END_EXP"" : """",
        ""AM_DISC"" : 30000
      }, {
        ""RT_DISC"" : 3,
        ""NM_TYPE_COUPON"" : ""정률"",
        ""NM_MAN_COUPON"" : ""[TEST] 신규가입쿠폰_백화점"",
        ""DT_STR_EXP"" : ""20260501"",
        ""DT_END_EXP"" : ""20280531"",
        ""AM_DISC"" : 0
      }, {
        ""RT_DISC"" : 5,
        ""NM_TYPE_COUPON"" : ""정률"",
        ""NM_MAN_COUPON"" : ""[TEST] VVIP_5%"",
        ""DT_STR_EXP"" : ""20260504"",
        ""DT_END_EXP"" : ""20260531"",
        ""AM_DISC"" : 0
      }, {
        ""RT_DISC"" : 0,
        ""NM_TYPE_COUPON"" : ""정액"",
        ""NM_MAN_COUPON"" : ""[TEST] SVIP_생일쿠폰"",
        ""DT_STR_EXP"" : ""20260504"",
        ""DT_END_EXP"" : ""20260531"",
        ""AM_DISC"" : 100000
      }, {
        ""RT_DISC"" : 0,
        ""NM_TYPE_COUPON"" : ""정액"",
        ""NM_MAN_COUPON"" : ""밀버스테스트_3만원"",
        ""DT_STR_EXP"" : ""20260201"",
        ""DT_END_EXP"" : ""20261231"",
        ""AM_DISC"" : 30000
      }, {
        ""RT_DISC"" : 0,
        ""NM_TYPE_COUPON"" : ""정액"",
        ""NM_MAN_COUPON"" : ""[TEST]_VVIP 수선쿠폰"",
        ""DT_STR_EXP"" : ""20260508"",
        ""DT_END_EXP"" : ""20260531"",
        ""AM_DISC"" : 100000
      }, {
        ""RT_DISC"" : 3,
        ""NM_TYPE_COUPON"" : ""정률"",
        ""NM_MAN_COUPON"" : ""142000000679_정률테스트"",
        ""DT_STR_EXP"" : ""20260501"",
        ""DT_END_EXP"" : ""20260531"",
        ""AM_DISC"" : 0
      }, {
        ""RT_DISC"" : 0,
        ""NM_TYPE_COUPON"" : ""정액"",
        ""NM_MAN_COUPON"" : ""[TEST]_SVIP수선쿠폰"",
        ""DT_STR_EXP"" : ""20260509"",
        ""DT_END_EXP"" : ""20260531"",
        ""AM_DISC"" : 150000
      }, {
        ""RT_DISC"" : 0,
        ""NM_TYPE_COUPON"" : ""정액"",
        ""NM_MAN_COUPON"" : ""[TEST] 10만원"",
        ""DT_STR_EXP"" : ""20260509"",
        ""DT_END_EXP"" : ""20260531"",
        ""AM_DISC"" : 100000
      }, {
        ""RT_DISC"" : 5,
        ""NM_TYPE_COUPON"" : ""정률"",
        ""NM_MAN_COUPON"" : ""[TEST]_5%할인쿠폰"",
        ""DT_STR_EXP"" : ""20260509"",
        ""DT_END_EXP"" : ""20260531"",
        ""AM_DISC"" : 0
      } ]
    }
  },
  ""code"" : 200
}"
a12JO000000MlY9YAK,2026-05-11T00:12:34.000+0000,GdPromotionDetailApiControllerV1,"{""PromotionNo__c"":""PRO202604161041""}",,"{
  ""success"" : true,
  ""message"" : ""프로모션 상세 조회 성공"",
  ""data"" : {
    ""PromotionDetail"" : {
      ""YN_PROM_DC"" : ""N"",
      ""YN_ALL_ITEM"" : ""Y"",
      ""YN_ACTIVE"" : true,
      ""STORES"" : [ ],
      ""POINTS"" : [ ],
      ""NO_PROM"" : ""PRO202604161041"",
      ""NM_PROM"" : ""[TEST]_프로모션없음"",
      ""ITEMS"" : [ ],
      ""DT_PUBLISH_START"" : ""20260401"",
      ""DT_PUBLISH_END"" : ""20260531"",
      ""COUPONS"" : [ {
        ""RT_DISC"" : 0,
        ""NM_TYPE_COUPON"" : ""정액"",
        ""NM_MAN_COUPON"" : ""재발행(8월_일반생일)_2025"",
        ""DT_STR_EXP"" : ""20250801"",
        ""DT_END_EXP"" : ""20260731"",
        ""AM_DISC"" : 30000
      }, {
        ""RT_DISC"" : 0,
        ""NM_TYPE_COUPON"" : ""정액"",
        ""NM_MAN_COUPON"" : ""202509_일반회원_생일쿠폰"",
        ""DT_STR_EXP"" : ""20250901"",
        ""DT_END_EXP"" : ""20260831"",
        ""AM_DISC"" : 30000
      }, {
        ""RT_DISC"" : 0,
        ""NM_TYPE_COUPON"" : ""정액"",
        ""NM_MAN_COUPON"" : ""202509_VIP회원_생일쿠폰"",
        ""DT_STR_EXP"" : ""20250901"",
        ""DT_END_EXP"" : ""20260831"",
        ""AM_DISC"" : 50000
      }, {
        ""RT_DISC"" : 0,
        ""NM_TYPE_COUPON"" : ""정액"",
        ""NM_MAN_COUPON"" : ""202509_VVIP회원_생일쿠폰"",
        ""DT_STR_EXP"" : ""20250901"",
        ""DT_END_EXP"" : ""20260831"",
        ""AM_DISC"" : 100000
      }, {
        ""RT_DISC"" : 0,
        ""NM_TYPE_COUPON"" : ""정액"",
        ""NM_MAN_COUPON"" : ""202509_SVIP회원_생일쿠폰"",
        ""DT_STR_EXP"" : ""20250901"",
        ""DT_END_EXP"" : ""20260831"",
        ""AM_DISC"" : 100000
      }, {
        ""RT_DISC"" : 0,
        ""NM_TYPE_COUPON"" : ""정액"",
        ""NM_MAN_COUPON"" : ""재발행(12월_일반생일)_2025"",
        ""DT_STR_EXP"" : ""20251201"",
        ""DT_END_EXP"" : ""20261130"",
        ""AM_DISC"" : 30000
      }, {
        ""RT_DISC"" : 0,
        ""NM_TYPE_COUPON"" : ""정액"",
        ""NM_MAN_COUPON"" : ""재발행(10월_VVIP생일)_2025"",
        ""DT_STR_EXP"" : ""20251001"",
        ""DT_END_EXP"" : ""20260930"",
        ""AM_DISC"" : 100000
      }, {
        ""RT_DISC"" : 0,
        ""NM_TYPE_COUPON"" : ""정액"",
        ""NM_MAN_COUPON"" : ""202601_SVIP회원_생일쿠폰"",
        ""DT_STR_EXP"" : ""20260101"",
        ""DT_END_EXP"" : ""20261231"",
        ""AM_DISC"" : 100000
      }, {
        ""RT_DISC"" : 0,
        ""NM_TYPE_COUPON"" : ""정액"",
        ""NM_MAN_COUPON"" : ""202601_VVIP회원_생일쿠폰"",
        ""DT_STR_EXP"" : ""20260101"",
        ""DT_END_EXP"" : ""20261231"",
        ""AM_DISC"" : 100000
      }, {
        ""RT_DISC"" : 0,
        ""NM_TYPE_COUPON"" : ""정액"",
        ""NM_MAN_COUPON"" : ""202601_VIP회원_생일쿠폰"",
        ""DT_STR_EXP"" : ""20260101"",
        ""DT_END_EXP"" : ""20261231"",
        ""AM_DISC"" : 50000
      }, {
        ""RT_DISC"" : 0,
        ""NM_TYPE_COUPON"" : ""정액"",
        ""NM_MAN_COUPON"" : ""202601_일반회원_생일쿠폰"",
        ""DT_STR_EXP"" : ""20260101"",
        ""DT_END_EXP"" : ""20261231"",
        ""AM_DISC"" : 30000
      }, {
        ""RT_DISC"" : 0,
        ""NM_TYPE_COUPON"" : ""정액"",
        ""NM_MAN_COUPON"" : ""202601_신규1만원"",
        ""DT_STR_EXP"" : ""20260101"",
        ""DT_END_EXP"" : ""20260630"",
        ""AM_DISC"" : 10000
      }, {
        ""RT_DISC"" : 0,
        ""NM_TYPE_COUPON"" : ""정액"",
        ""NM_MAN_COUPON"" : ""재발행(202601_신규1만원)"",
        ""DT_STR_EXP"" : ""20260101"",
        ""DT_END_EXP"" : ""20260630"",
        ""AM_DISC"" : 10000
      }, {
        ""RT_DISC"" : 0,
        ""NM_TYPE_COUPON"" : ""정액"",
        ""NM_MAN_COUPON"" : ""202508_일반회원_생일쿠폰"",
        ""DT_STR_EXP"" : ""20250801"",
        ""DT_END_EXP"" : ""20260731"",
        ""AM_DISC"" : 30000
      }, {
        ""RT_DISC"" : 0,
        ""NM_TYPE_COUPON"" : ""정액"",
        ""NM_MAN_COUPON"" : ""202508_VIP회원_생일쿠폰"",
        ""DT_STR_EXP"" : ""20250801"",
        ""DT_END_EXP"" : ""20260731"",
        ""AM_DISC"" : 50000
      }, {
        ""RT_DISC"" : 0,
        ""NM_TYPE_COUPON"" : ""정액"",
        ""NM_MAN_COUPON"" : ""202508_VVIP회원_생일쿠폰"",
        ""DT_STR_EXP"" : ""20250801"",
        ""DT_END_EXP"" : ""20260731"",
        ""AM_DISC"" : 100000
      }, {
        ""RT_DISC"" : 0,
        ""NM_TYPE_COUPON"" : ""정액"",
        ""NM_MAN_COUPON"" : ""202508_SVIP회원_생일쿠폰"",
        ""DT_STR_EXP"" : ""20250801"",
        ""DT_END_EXP"" : ""20260731"",
        ""AM_DISC"" : 100000
      }, {
        ""RT_DISC"" : 0,
        ""NM_TYPE_COUPON"" : ""정액"",
        ""NM_MAN_COUPON"" : ""202507_일반회원_생일쿠폰"",
        ""DT_STR_EXP"" : ""20250701"",
        ""DT_END_EXP"" : ""20260630"",
        ""AM_DISC"" : 30000
      }, {
        ""RT_DISC"" : 0,
        ""NM_TYPE_COUPON"" : ""정액"",
        ""NM_MAN_COUPON"" : ""202507_SVIP회원_생일쿠폰"",
        ""DT_STR_EXP"" : ""20250701"",
        ""DT_END_EXP"" : ""20260630"",
        ""AM_DISC"" : 100000
      }, {
        ""RT_DISC"" : 0,
        ""NM_TYPE_COUPON"" : ""정액"",
        ""NM_MAN_COUPON"" : ""202507_VIP회원_생일쿠폰"",
        ""DT_STR_EXP"" : ""20250701"",
        ""DT_END_EXP"" : ""20260630"",
        ""AM_DISC"" : 50000
      }, {
        ""RT_DISC"" : 0,
        ""NM_TYPE_COUPON"" : ""정액"",
        ""NM_MAN_COUPON"" : ""202507_VVIP회원_생일쿠폰"",
        ""DT_STR_EXP"" : ""20250701"",
        ""DT_END_EXP"" : ""20260630"",
        ""AM_DISC"" : 100000
      }, {
        ""RT_DISC"" : 0,
        ""NM_TYPE_COUPON"" : ""정액"",
        ""NM_MAN_COUPON"" : ""재발행(7월_일반생일)_2025"",
        ""DT_STR_EXP"" : ""20250701"",
        ""DT_END_EXP"" : ""20260630"",
        ""AM_DISC"" : 30000
      }, {
        ""RT_DISC"" : 0,
        ""NM_TYPE_COUPON"" : ""정액"",
        ""NM_MAN_COUPON"" : ""202506_SVIP회원_생일쿠폰"",
        ""DT_STR_EXP"" : ""20250601"",
        ""DT_END_EXP"" : ""20260531"",
        ""AM_DISC"" : 100000
      }, {
        ""RT_DISC"" : 0,
        ""NM_TYPE_COUPON"" : ""정액"",
        ""NM_MAN_COUPON"" : ""202506_VVIP회원_생일쿠폰"",
        ""DT_STR_EXP"" : ""20250601"",
        ""DT_END_EXP"" : ""20260531"",
        ""AM_DISC"" : 100000
      }, {
        ""RT_DISC"" : 0,
        ""NM_TYPE_COUPON"" : ""정액"",
        ""NM_MAN_COUPON"" : ""202506_VIP회원_생일쿠폰"",
        ""DT_STR_EXP"" : ""20250601"",
        ""DT_END_EXP"" : ""20260531"",
        ""AM_DISC"" : 50000
      }, {
        ""RT_DISC"" : 0,
        ""NM_TYPE_COUPON"" : ""정액"",
        ""NM_MAN_COUPON"" : ""재발행(6월_일반생일)_2025"",
        ""DT_STR_EXP"" : ""20250601"",
        ""DT_END_EXP"" : ""20260531"",
        ""AM_DISC"" : 30000
      }, {
        ""RT_DISC"" : 0,
        ""NM_TYPE_COUPON"" : ""정액"",
        ""NM_MAN_COUPON"" : ""202506_일반회원_생일쿠폰"",
        ""DT_STR_EXP"" : ""20250601"",
        ""DT_END_EXP"" : ""20260531"",
        ""AM_DISC"" : 30000
      }, {
        ""RT_DISC"" : 0,
        ""NM_TYPE_COUPON"" : ""정액"",
        ""NM_MAN_COUPON"" : ""재발행(11월_일반생일)_2025"",
        ""DT_STR_EXP"" : ""20251101"",
        ""DT_END_EXP"" : ""20261031"",
        ""AM_DISC"" : 30000
      }, {
        ""RT_DISC"" : 0,
        ""NM_TYPE_COUPON"" : ""정액"",
        ""NM_MAN_COUPON"" : ""재발행(11월_VVIP생일)_2025"",
        ""DT_STR_EXP"" : ""20251101"",
        ""DT_END_EXP"" : ""20261031"",
        ""AM_DISC"" : 100000
      }, {
        ""RT_DISC"" : 0,
        ""NM_TYPE_COUPON"" : ""정액"",
        ""NM_MAN_COUPON"" : ""재발행(6월_VVIP생일)_2025"",
        ""DT_STR_EXP"" : ""20250601"",
        ""DT_END_EXP"" : ""20260531"",
        ""AM_DISC"" : 100000
      }, {
        ""RT_DISC"" : 0,
        ""NM_TYPE_COUPON"" : ""정액"",
        ""NM_MAN_COUPON"" : ""202512_일반회원_생일쿠폰"",
        ""DT_STR_EXP"" : ""20251201"",
        ""DT_END_EXP"" : ""20261130"",
        ""AM_DISC"" : 30000
      }, {
        ""RT_DISC"" : 0,
        ""NM_TYPE_COUPON"" : ""정액"",
        ""NM_MAN_COUPON"" : ""202512_SVIP회원_생일쿠폰"",
        ""DT_STR_EXP"" : ""20251201"",
        ""DT_END_EXP"" : ""20261130"",
        ""AM_DISC"" : 100000
      }, {
        ""RT_DISC"" : 0,
        ""NM_TYPE_COUPON"" : ""정액"",
        ""NM_MAN_COUPON"" : ""202512_VVIP회원_생일쿠폰"",
        ""DT_STR_EXP"" : ""20251201"",
        ""DT_END_EXP"" : ""20261130"",
        ""AM_DISC"" : 100000
      }, {
        ""RT_DISC"" : 0,
        ""NM_TYPE_COUPON"" : ""정액"",
        ""NM_MAN_COUPON"" : ""202512_VIP회원_생일쿠폰"",
        ""DT_STR_EXP"" : ""20251201"",
        ""DT_END_EXP"" : ""20261130"",
        ""AM_DISC"" : 50000
      }, {
        ""RT_DISC"" : 0,
        ""NM_TYPE_COUPON"" : ""정액"",
        ""NM_MAN_COUPON"" : ""202512_신규1만원"",
        ""DT_STR_EXP"" : ""20251201"",
        ""DT_END_EXP"" : ""20260531"",
        ""AM_DISC"" : 10000
      }, {
        ""RT_DISC"" : 0,
        ""NM_TYPE_COUPON"" : ""정액"",
        ""NM_MAN_COUPON"" : ""재발행(202512_신규1만원)"",
        ""DT_STR_EXP"" : ""20251201"",
        ""DT_END_EXP"" : ""20260531"",
        ""AM_DISC"" : 10000
      }, {
        ""RT_DISC"" : 0,
        ""NM_TYPE_COUPON"" : ""정액"",
        ""NM_MAN_COUPON"" : ""202511_일반회원_생일쿠폰"",
        ""DT_STR_EXP"" : ""20251101"",
        ""DT_END_EXP"" : ""20261031"",
        ""AM_DISC"" : 30000
      }, {
        ""RT_DISC"" : 0,
        ""NM_TYPE_COUPON"" : ""정액"",
        ""NM_MAN_COUPON"" : ""202511_VIP회원_생일쿠폰"",
        ""DT_STR_EXP"" : ""20251101"",
        ""DT_END_EXP"" : ""20261031"",
        ""AM_DISC"" : 50000
      }, {
        ""RT_DISC"" : 0,
        ""NM_TYPE_COUPON"" : ""정액"",
        ""NM_MAN_COUPON"" : ""202511_VVIP회원_생일쿠폰"",
        ""DT_STR_EXP"" : ""20251101"",
        ""DT_END_EXP"" : ""20261031"",
        ""AM_DISC"" : 100000
      }, {
        ""RT_DISC"" : 0,
        ""NM_TYPE_COUPON"" : ""정액"",
        ""NM_MAN_COUPON"" : ""202511_SVIP회원_생일쿠폰"",
        ""DT_STR_EXP"" : ""20251101"",
        ""DT_END_EXP"" : ""20261031"",
        ""AM_DISC"" : 100000
      }, {
        ""RT_DISC"" : 0,
        ""NM_TYPE_COUPON"" : ""정액"",
        ""NM_MAN_COUPON"" : ""재발행(7월_VIP생일)_2025"",
        ""DT_STR_EXP"" : ""20250701"",
        ""DT_END_EXP"" : ""20260630"",
        ""AM_DISC"" : 50000
      }, {
        ""RT_DISC"" : 0,
        ""NM_TYPE_COUPON"" : ""정액"",
        ""NM_MAN_COUPON"" : ""재발행(9월_일반생일)_2025"",
        ""DT_STR_EXP"" : ""20250901"",
        ""DT_END_EXP"" : ""20260831"",
        ""AM_DISC"" : 30000
      }, {
        ""RT_DISC"" : 0,
        ""NM_TYPE_COUPON"" : ""정액"",
        ""NM_MAN_COUPON"" : ""202510_일반회원_생일쿠폰"",
        ""DT_STR_EXP"" : ""20251001"",
        ""DT_END_EXP"" : ""20260930"",
        ""AM_DISC"" : 30000
      }, {
        ""RT_DISC"" : 0,
        ""NM_TYPE_COUPON"" : ""정액"",
        ""NM_MAN_COUPON"" : ""202510_VIP회원_생일쿠폰"",
        ""DT_STR_EXP"" : ""20251001"",
        ""DT_END_EXP"" : ""20260930"",
        ""AM_DISC"" : 50000
      }, {
        ""RT_DISC"" : 0,
        ""NM_TYPE_COUPON"" : ""정액"",
        ""NM_MAN_COUPON"" : ""202510_VVIP회원_생일쿠폰"",
        ""DT_STR_EXP"" : ""20251001"",
        ""DT_END_EXP"" : ""20260930"",
        ""AM_DISC"" : 100000
      }, {
        ""RT_DISC"" : 0,
        ""NM_TYPE_COUPON"" : ""정액"",
        ""NM_MAN_COUPON"" : ""202510_SVIP회원_생일쿠폰"",
        ""DT_STR_EXP"" : ""20251001"",
        ""DT_END_EXP"" : ""20260930"",
        ""AM_DISC"" : 100000
      }, {
        ""RT_DISC"" : 0,
        ""NM_TYPE_COUPON"" : ""정액"",
        ""NM_MAN_COUPON"" : ""재발행(10월_일반생일)_2025"",
        ""DT_STR_EXP"" : ""20251001"",
        ""DT_END_EXP"" : ""20260930"",
        ""AM_DISC"" : 30000
      }, {
        ""RT_DISC"" : 5,
        ""NM_TYPE_COUPON"" : ""정률"",
        ""NM_MAN_COUPON"" : ""5%할인_VVIP특별바우처5"",
        ""DT_STR_EXP"" : ""20260201"",
        ""DT_END_EXP"" : ""20270131"",
        ""AM_DISC"" : 0
      }, {
        ""RT_DISC"" : 0,
        ""NM_TYPE_COUPON"" : ""정액"",
        ""NM_MAN_COUPON"" : ""202605_SVIP회원_생일쿠폰"",
        ""DT_STR_EXP"" : ""20260501"",
        ""DT_END_EXP"" : ""20270430"",
        ""AM_DISC"" : 100000
      }, {
        ""RT_DISC"" : 0,
        ""NM_TYPE_COUPON"" : ""정액"",
        ""NM_MAN_COUPON"" : ""202605_VVIP회원_생일쿠폰"",
        ""DT_STR_EXP"" : ""20260501"",
        ""DT_END_EXP"" : ""20270430"",
        ""AM_DISC"" : 100000
      }, {
        ""RT_DISC"" : 0,
        ""NM_TYPE_COUPON"" : ""정액"",
        ""NM_MAN_COUPON"" : ""202605_VIP회원_생일쿠폰"",
        ""DT_STR_EXP"" : ""20260501"",
        ""DT_END_EXP"" : ""20270430"",
        ""AM_DISC"" : 50000
      }, {
        ""RT_DISC"" : 0,
        ""NM_TYPE_COUPON"" : ""정액"",
        ""NM_MAN_COUPON"" : ""202605_일반회원_생일쿠폰"",
        ""DT_STR_EXP"" : ""20260501"",
        ""DT_END_EXP"" : ""20270430"",
        ""AM_DISC"" : 30000
      }, {
        ""RT_DISC"" : 0,
        ""NM_TYPE_COUPON"" : ""정액"",
        ""NM_MAN_COUPON"" : ""202605_SVIP회원_수선15만원쿠폰"",
        ""DT_STR_EXP"" : ""20260501"",
        ""DT_END_EXP"" : ""20260531"",
        ""AM_DISC"" : 150000
      }, {
        ""RT_DISC"" : 0,
        ""NM_TYPE_COUPON"" : ""정액"",
        ""NM_MAN_COUPON"" : ""202605_VVIP회원_수선15만원쿠폰"",
        ""DT_STR_EXP"" : ""20260501"",
        ""DT_END_EXP"" : ""20260531"",
        ""AM_DISC"" : 150000
      }, {
        ""RT_DISC"" : 0,
        ""NM_TYPE_COUPON"" : ""정액"",
        ""NM_MAN_COUPON"" : ""202605_VIP회원_수선10만원쿠폰"",
        ""DT_STR_EXP"" : ""20260501"",
        ""DT_END_EXP"" : ""20260531"",
        ""AM_DISC"" : 100000
      }, {
        ""RT_DISC"" : 0,
        ""NM_TYPE_COUPON"" : ""정액"",
        ""NM_MAN_COUPON"" : ""202605_수선3만원쿠폰"",
        ""DT_STR_EXP"" : ""20260501"",
        ""DT_END_EXP"" : ""20260731"",
        ""AM_DISC"" : 30000
      }, {
        ""RT_DISC"" : 0,
        ""NM_TYPE_COUPON"" : ""정액"",
        ""NM_MAN_COUPON"" : ""202605_신규1만원"",
        ""DT_STR_EXP"" : ""20260501"",
        ""DT_END_EXP"" : ""20261031"",
        ""AM_DISC"" : 10000
      }, {
        ""RT_DISC"" : 0,
        ""NM_TYPE_COUPON"" : ""정액"",
        ""NM_MAN_COUPON"" : ""재발행(202605_신규1만원)"",
        ""DT_STR_EXP"" : ""20260501"",
        ""DT_END_EXP"" : ""20261031"",
        ""AM_DISC"" : 10000
      }, {
        ""RT_DISC"" : 0,
        ""NM_TYPE_COUPON"" : ""정액"",
        ""NM_MAN_COUPON"" : ""2026수선3만원쿠폰1_GIP"",
        ""DT_STR_EXP"" : ""20260201"",
        ""DT_END_EXP"" : ""20260731"",
        ""AM_DISC"" : 30000
      }, {
        ""RT_DISC"" : 0,
        ""NM_TYPE_COUPON"" : ""정액"",
        ""NM_MAN_COUPON"" : ""3%할인_VIP특별바우처_특수_송은경님"",
        ""DT_STR_EXP"" : ""20260201"",
        ""DT_END_EXP"" : ""20270131"",
        ""AM_DISC"" : 80400
      }, {
        ""RT_DISC"" : 0,
        ""NM_TYPE_COUPON"" : ""정액"",
        ""NM_MAN_COUPON"" : ""5만원우대권2_하나카드VIP_2026"",
        ""DT_STR_EXP"" : ""20260101"",
        ""DT_END_EXP"" : ""20261231"",
        ""AM_DISC"" : 50000
      }, {
        ""RT_DISC"" : 0,
        ""NM_TYPE_COUPON"" : ""정액"",
        ""NM_MAN_COUPON"" : ""상반기재발행_일반생일_2026"",
        ""DT_STR_EXP"" : ""20260101"",
        ""DT_END_EXP"" : ""20260630"",
        ""AM_DISC"" : 30000
      }, {
        ""RT_DISC"" : 0,
        ""NM_TYPE_COUPON"" : ""정액"",
        ""NM_MAN_COUPON"" : ""재발행(2월_일반생일)_2026"",
        ""DT_STR_EXP"" : ""20260201"",
        ""DT_END_EXP"" : ""20270131"",
        ""AM_DISC"" : 30000
      }, {
        ""RT_DISC"" : 0,
        ""NM_TYPE_COUPON"" : ""정액"",
        ""NM_MAN_COUPON"" : ""2026수선3만원쿠폰1_직원"",
        ""DT_STR_EXP"" : ""20260201"",
        ""DT_END_EXP"" : ""20260731"",
        ""AM_DISC"" : 30000
      }, {
        ""RT_DISC"" : 0,
        ""NM_TYPE_COUPON"" : ""정액"",
        ""NM_MAN_COUPON"" : ""202603_SVIP회원_생일쿠폰"",
        ""DT_STR_EXP"" : ""20260301"",
        ""DT_END_EXP"" : ""20270228"",
        ""AM_DISC"" : 100000
      }, {
        ""RT_DISC"" : 0,
        ""NM_TYPE_COUPON"" : ""정액"",
        ""NM_MAN_COUPON"" : ""202603_VVIP회원_생일쿠폰"",
        ""DT_STR_EXP"" : ""20260301"",
        ""DT_END_EXP"" : ""20270228"",
        ""AM_DISC"" : 100000
      }, {
        ""RT_DISC"" : 0,
        ""NM_TYPE_COUPON"" : ""정액"",
        ""NM_MAN_COUPON"" : ""202603_VIP회원_생일쿠폰"",
        ""DT_STR_EXP"" : ""20260301"",
        ""DT_END_EXP"" : ""20270228"",
        ""AM_DISC"" : 50000
      }, {
        ""RT_DISC"" : 0,
        ""NM_TYPE_COUPON"" : ""정액"",
        ""NM_MAN_COUPON"" : ""202603_신규1만원"",
        ""DT_STR_EXP"" : ""20260301"",
        ""DT_END_EXP"" : ""20260831"",
        ""AM_DISC"" : 10000
      }, {
        ""RT_DISC"" : 0,
        ""NM_TYPE_COUPON"" : ""정액"",
        ""NM_MAN_COUPON"" : ""재발행(202603_신규1만원)"",
        ""DT_STR_EXP"" : ""20260301"",
        ""DT_END_EXP"" : ""20260831"",
        ""AM_DISC"" : 10000
      }, {
        ""RT_DISC"" : 0,
        ""NM_TYPE_COUPON"" : ""정액"",
        ""NM_MAN_COUPON"" : ""202603_일반회원_생일쿠폰"",
        ""DT_STR_EXP"" : ""20260301"",
        ""DT_END_EXP"" : ""20270228"",
        ""AM_DISC"" : 30000
      }, {
        ""RT_DISC"" : 0,
        ""NM_TYPE_COUPON"" : ""정액"",
        ""NM_MAN_COUPON"" : ""재발행(1월_일반생일)_2026"",
        ""DT_STR_EXP"" : ""20260101"",
        ""DT_END_EXP"" : ""20261231"",
        ""AM_DISC"" : 30000
      }, {
        ""RT_DISC"" : 0,
        ""NM_TYPE_COUPON"" : ""정액"",
        ""NM_MAN_COUPON"" : ""2만원우대권_하나카드VIP_2026"",
        ""DT_STR_EXP"" : ""20260101"",
        ""DT_END_EXP"" : ""20261231"",
        ""AM_DISC"" : 20000
      }, {
        ""RT_DISC"" : 0,
        ""NM_TYPE_COUPON"" : ""정액"",
        ""NM_MAN_COUPON"" : ""5만원우대권_하나카드VIP_2026"",
        ""DT_STR_EXP"" : ""20260101"",
        ""DT_END_EXP"" : ""20261231"",
        ""AM_DISC"" : 50000
      }, {
        ""RT_DISC"" : 10,
        ""NM_TYPE_COUPON"" : ""정률"",
        ""NM_MAN_COUPON"" : ""10%할인_SVIP특별바우처1 (2)"",
        ""DT_STR_EXP"" : ""20260201"",
        ""DT_END_EXP"" : ""20270131"",
        ""AM_DISC"" : 0
      }, {
        ""RT_DISC"" : 10,
        ""NM_TYPE_COUPON"" : ""정률"",
        ""NM_MAN_COUPON"" : ""10%할인_SVIP특별바우처2 (2)"",
        ""DT_STR_EXP"" : ""20260201"",
        ""DT_END_EXP"" : ""20270131"",
        ""AM_DISC"" : 0
      }, {
        ""RT_DISC"" : 10,
        ""NM_TYPE_COUPON"" : ""정률"",
        ""NM_MAN_COUPON"" : ""10%할인_SVIP특별바우처3 (2)"",
        ""DT_STR_EXP"" : ""20260201"",
        ""DT_END_EXP"" : ""20270131"",
        ""AM_DISC"" : 0
      }, {
        ""RT_DISC"" : 5,
        ""NM_TYPE_COUPON"" : ""정률"",
        ""NM_MAN_COUPON"" : ""5%할인_VVIP특별바우처1"",
        ""DT_STR_EXP"" : ""20260201"",
        ""DT_END_EXP"" : ""20270131"",
        ""AM_DISC"" : 0
      }, {
        ""RT_DISC"" : 5,
        ""NM_TYPE_COUPON"" : ""정률"",
        ""NM_MAN_COUPON"" : ""5%할인_VVIP특별바우처2"",
        ""DT_STR_EXP"" : ""20260201"",
        ""DT_END_EXP"" : ""20270131"",
        ""AM_DISC"" : 0
      }, {
        ""RT_DISC"" : 5,
        ""NM_TYPE_COUPON"" : ""정률"",
        ""NM_MAN_COUPON"" : ""5%할인_VVIP특별바우처3"",
        ""DT_STR_EXP"" : ""20260201"",
        ""DT_END_EXP"" : ""20270131"",
        ""AM_DISC"" : 0
      }, {
        ""RT_DISC"" : 3,
        ""NM_TYPE_COUPON"" : ""정률"",
        ""NM_MAN_COUPON"" : ""3%할인_VIP특별바우처1"",
        ""DT_STR_EXP"" : ""20260201"",
        ""DT_END_EXP"" : ""20270131"",
        ""AM_DISC"" : 0
      }, {
        ""RT_DISC"" : 3,
        ""NM_TYPE_COUPON"" : ""정률"",
        ""NM_MAN_COUPON"" : ""3%할인_VIP특별바우처2"",
        ""DT_STR_EXP"" : ""20260201"",
        ""DT_END_EXP"" : ""20270131"",
        ""AM_DISC"" : 0
      }, {
        ""RT_DISC"" : 3,
        ""NM_TYPE_COUPON"" : ""정률"",
        ""NM_MAN_COUPON"" : ""3%할인_VIP특별바우처3"",
        ""DT_STR_EXP"" : ""20260201"",
        ""DT_END_EXP"" : ""20270131"",
        ""AM_DISC"" : 0
      }, {
        ""RT_DISC"" : 0,
        ""NM_TYPE_COUPON"" : ""정액"",
        ""NM_MAN_COUPON"" : ""202602_신규1만원"",
        ""DT_STR_EXP"" : ""20260201"",
        ""DT_END_EXP"" : ""20260731"",
        ""AM_DISC"" : 10000
      }, {
        ""RT_DISC"" : 0,
        ""NM_TYPE_COUPON"" : ""정액"",
        ""NM_MAN_COUPON"" : ""재발행(202602_신규1만원)"",
        ""DT_STR_EXP"" : ""20260201"",
        ""DT_END_EXP"" : ""20260731"",
        ""AM_DISC"" : 10000
      }, {
        ""RT_DISC"" : 0,
        ""NM_TYPE_COUPON"" : ""정액"",
        ""NM_MAN_COUPON"" : ""2026_SVIP_승격축하쿠폰"",
        ""DT_STR_EXP"" : ""20260201"",
        ""DT_END_EXP"" : ""20270131"",
        ""AM_DISC"" : 100000
      }, {
        ""RT_DISC"" : 0,
        ""NM_TYPE_COUPON"" : ""정액"",
        ""NM_MAN_COUPON"" : ""2026_VVIP_승격축하쿠폰"",
        ""DT_STR_EXP"" : ""20260201"",
        ""DT_END_EXP"" : ""20270131"",
        ""AM_DISC"" : 50000
      }, {
        ""RT_DISC"" : 0,
        ""NM_TYPE_COUPON"" : ""정액"",
        ""NM_MAN_COUPON"" : ""2026_VIP_승격축하쿠폰"",
        ""DT_STR_EXP"" : ""20260201"",
        ""DT_END_EXP"" : ""20270131"",
        ""AM_DISC"" : 50000
      }, {
        ""RT_DISC"" : 0,
        ""NM_TYPE_COUPON"" : ""정액"",
        ""NM_MAN_COUPON"" : ""202602_수선3만원쿠폰"",
        ""DT_STR_EXP"" : ""20260201"",
        ""DT_END_EXP"" : ""20260731"",
        ""AM_DISC"" : 30000
      }, {
        ""RT_DISC"" : 0,
        ""NM_TYPE_COUPON"" : ""정액"",
        ""NM_MAN_COUPON"" : ""2026수선3만원쿠폰1_직원 (2)"",
        ""DT_STR_EXP"" : ""20260201"",
        ""DT_END_EXP"" : ""20260731"",
        ""AM_DISC"" : 30000
      }, {
        ""RT_DISC"" : 0,
        ""NM_TYPE_COUPON"" : ""정액"",
        ""NM_MAN_COUPON"" : ""202602_SVIP회원_생일쿠폰"",
        ""DT_STR_EXP"" : ""20260201"",
        ""DT_END_EXP"" : ""20270131"",
        ""AM_DISC"" : 100000
      }, {
        ""RT_DISC"" : 0,
        ""NM_TYPE_COUPON"" : ""정액"",
        ""NM_MAN_COUPON"" : ""202602_VVIP회원_생일쿠폰"",
        ""DT_STR_EXP"" : ""20260201"",
        ""DT_END_EXP"" : ""20270131"",
        ""AM_DISC"" : 100000
      }, {
        ""RT_DISC"" : 0,
        ""NM_TYPE_COUPON"" : ""정액"",
        ""NM_MAN_COUPON"" : ""202602_VIP회원_생일쿠폰"",
        ""DT_STR_EXP"" : ""20260201"",
        ""DT_END_EXP"" : ""20270131"",
        ""AM_DISC"" : 50000
      }, {
        ""RT_DISC"" : 0,
        ""NM_TYPE_COUPON"" : ""정액"",
        ""NM_MAN_COUPON"" : ""202602_일반회원_생일쿠폰"",
        ""DT_STR_EXP"" : ""20260201"",
        ""DT_END_EXP"" : ""20270131"",
        ""AM_DISC"" : 30000
      }, {
        ""RT_DISC"" : 0,
        ""NM_TYPE_COUPON"" : ""정액"",
        ""NM_MAN_COUPON"" : ""재발행(2026_VIP_승격축하쿠폰)"",
        ""DT_STR_EXP"" : ""20260201"",
        ""DT_END_EXP"" : ""20270131"",
        ""AM_DISC"" : 50000
      }, {
        ""RT_DISC"" : 0,
        ""NM_TYPE_COUPON"" : ""정액"",
        ""NM_MAN_COUPON"" : ""202603_수선3만원쿠폰"",
        ""DT_STR_EXP"" : ""20260301"",
        ""DT_END_EXP"" : ""20260731"",
        ""AM_DISC"" : 30000
      }, {
        ""RT_DISC"" : 3,
        ""NM_TYPE_COUPON"" : ""정률"",
        ""NM_MAN_COUPON"" : ""3%할인_VIP특별바우처4"",
        ""DT_STR_EXP"" : ""20260201"",
        ""DT_END_EXP"" : ""20270131"",
        ""AM_DISC"" : 0
      }, {
        ""RT_DISC"" : 10,
        ""NM_TYPE_COUPON"" : ""정률"",
        ""NM_MAN_COUPON"" : ""10%할인_SVIP특별바우처4 (2)"",
        ""DT_STR_EXP"" : ""20260201"",
        ""DT_END_EXP"" : ""20270131"",
        ""AM_DISC"" : 0
      }, {
        ""RT_DISC"" : 0,
        ""NM_TYPE_COUPON"" : ""정액"",
        ""NM_MAN_COUPON"" : ""상반기재발행_VVIP생일쿠폰_2026"",
        ""DT_STR_EXP"" : ""20260101"",
        ""DT_END_EXP"" : ""20260630"",
        ""AM_DISC"" : 100000
      }, {
        ""RT_DISC"" : 0,
        ""NM_TYPE_COUPON"" : ""정액"",
        ""NM_MAN_COUPON"" : ""재발행(8월_VIP생일)_2025"",
        ""DT_STR_EXP"" : ""20250801"",
        ""DT_END_EXP"" : ""20260731"",
        ""AM_DISC"" : 50000
      }, {
        ""RT_DISC"" : 10,
        ""NM_TYPE_COUPON"" : ""정률"",
        ""NM_MAN_COUPON"" : ""10%할인_SVIP특별바우처5 (2)"",
        ""DT_STR_EXP"" : ""20260201"",
        ""DT_END_EXP"" : ""20270131"",
        ""AM_DISC"" : 0
      }, {
        ""RT_DISC"" : 10,
        ""NM_TYPE_COUPON"" : ""정률"",
        ""NM_MAN_COUPON"" : ""10%할인_SVIP특별바우처6 (2)"",
        ""DT_STR_EXP"" : ""20260201"",
        ""DT_END_EXP"" : ""20270131"",
        ""AM_DISC"" : 0
      }, {
        ""RT_DISC"" : 10,
        ""NM_TYPE_COUPON"" : ""정률"",
        ""NM_MAN_COUPON"" : ""10%할인_SVIP특별바우처7 (2)"",
        ""DT_STR_EXP"" : ""20260201"",
        ""DT_END_EXP"" : ""20270131"",
        ""AM_DISC"" : 0
      }, {
        ""RT_DISC"" : 10,
        ""NM_TYPE_COUPON"" : ""정률"",
        ""NM_MAN_COUPON"" : ""10%할인_SVIP특별바우처8 (3)"",
        ""DT_STR_EXP"" : ""20260201"",
        ""DT_END_EXP"" : ""20270131"",
        ""AM_DISC"" : 0
      }, {
        ""RT_DISC"" : 3,
        ""NM_TYPE_COUPON"" : ""정률"",
        ""NM_MAN_COUPON"" : ""3%할인_VIP특별바우처5"",
        ""DT_STR_EXP"" : ""20260201"",
        ""DT_END_EXP"" : ""20270131"",
        ""AM_DISC"" : 0
      }, {
        ""RT_DISC"" : 3,
        ""NM_TYPE_COUPON"" : ""정률"",
        ""NM_MAN_COUPON"" : ""3%할인_VIP특별바우처6"",
        ""DT_STR_EXP"" : ""20260201"",
        ""DT_END_EXP"" : ""20270131"",
        ""AM_DISC"" : 0
      }, {
        ""RT_DISC"" : 5,
        ""NM_TYPE_COUPON"" : ""정률"",
        ""NM_MAN_COUPON"" : ""5%할인_VVIP특별바우처4"",
        ""DT_STR_EXP"" : ""20260201"",
        ""DT_END_EXP"" : ""20270131"",
        ""AM_DISC"" : 0
      }, {
        ""RT_DISC"" : 0,
        ""NM_TYPE_COUPON"" : ""정액"",
        ""NM_MAN_COUPON"" : ""재발행(3월_일반생일)_2026"",
        ""DT_STR_EXP"" : ""20260301"",
        ""DT_END_EXP"" : ""20270228"",
        ""AM_DISC"" : 30000
      }, {
        ""RT_DISC"" : 0,
        ""NM_TYPE_COUPON"" : ""정액"",
        ""NM_MAN_COUPON"" : ""202604_일반회원_생일쿠폰"",
        ""DT_STR_EXP"" : ""20260401"",
        ""DT_END_EXP"" : ""20270331"",
        ""AM_DISC"" : 30000
      }, {
        ""RT_DISC"" : 0,
        ""NM_TYPE_COUPON"" : ""정액"",
        ""NM_MAN_COUPON"" : ""202604_SVIP회원_생일쿠폰"",
        ""DT_STR_EXP"" : ""20260401"",
        ""DT_END_EXP"" : ""20270331"",
        ""AM_DISC"" : 100000
      }, {
        ""RT_DISC"" : 0,
        ""NM_TYPE_COUPON"" : ""정액"",
        ""NM_MAN_COUPON"" : ""202604_VVIP회원_생일쿠폰"",
        ""DT_STR_EXP"" : ""20260401"",
        ""DT_END_EXP"" : ""20270331"",
        ""AM_DISC"" : 100000
      }, {
        ""RT_DISC"" : 0,
        ""NM_TYPE_COUPON"" : ""정액"",
        ""NM_MAN_COUPON"" : ""202604_VIP회원_생일쿠폰"",
        ""DT_STR_EXP"" : ""20260401"",
        ""DT_END_EXP"" : ""20270331"",
        ""AM_DISC"" : 50000
      }, {
        ""RT_DISC"" : 0,
        ""NM_TYPE_COUPON"" : ""정액"",
        ""NM_MAN_COUPON"" : ""202604_신규1만원"",
        ""DT_STR_EXP"" : ""20260401"",
        ""DT_END_EXP"" : ""20260930"",
        ""AM_DISC"" : 10000
      }, {
        ""RT_DISC"" : 0,
        ""NM_TYPE_COUPON"" : ""정액"",
        ""NM_MAN_COUPON"" : ""202604_수선3만원쿠폰"",
        ""DT_STR_EXP"" : ""20260401"",
        ""DT_END_EXP"" : ""20260731"",
        ""AM_DISC"" : 30000
      }, {
        ""RT_DISC"" : 0,
        ""NM_TYPE_COUPON"" : ""정액"",
        ""NM_MAN_COUPON"" : ""재발행(202604_신규1만원)"",
        ""DT_STR_EXP"" : ""20260401"",
        ""DT_END_EXP"" : ""20260930"",
        ""AM_DISC"" : 10000
      }, {
        ""RT_DISC"" : 0,
        ""NM_TYPE_COUPON"" : ""정액"",
        ""NM_MAN_COUPON"" : ""재발행(4월_일반생일)_2026"",
        ""DT_STR_EXP"" : ""20260401"",
        ""DT_END_EXP"" : ""20270331"",
        ""AM_DISC"" : 30000
      }, {
        ""RT_DISC"" : 0,
        ""NM_TYPE_COUPON"" : ""정액"",
        ""NM_MAN_COUPON"" : ""[TEST] 쿠폰_정액_5만원"",
        ""DT_STR_EXP"" : ""20260430"",
        ""DT_END_EXP"" : ""20260531"",
        ""AM_DISC"" : 30000
      }, {
        ""RT_DISC"" : 0,
        ""NM_TYPE_COUPON"" : ""정액"",
        ""NM_MAN_COUPON"" : ""[TEST] VIP_수선쿠폰"",
        ""DT_STR_EXP"" : ""20260501"",
        ""DT_END_EXP"" : ""20260531"",
        ""AM_DISC"" : 30000
      }, {
        ""RT_DISC"" : 10,
        ""NM_TYPE_COUPON"" : ""정률"",
        ""NM_MAN_COUPON"" : ""[TEST] 정률_10%"",
        ""DT_STR_EXP"" : ""20260501"",
        ""DT_END_EXP"" : ""20260531"",
        ""AM_DISC"" : 0
      }, {
        ""RT_DISC"" : 0,
        ""NM_TYPE_COUPON"" : ""정액"",
        ""NM_MAN_COUPON"" : ""[TEST] 정액_3만원"",
        ""DT_STR_EXP"" : ""20260501"",
        ""DT_END_EXP"" : ""20260531"",
        ""AM_DISC"" : 30000
      }, {
        ""RT_DISC"" : 0,
        ""NM_TYPE_COUPON"" : ""정액"",
        ""NM_MAN_COUPON"" : ""[TEST] 정액_5만원"",
        ""DT_STR_EXP"" : ""20260501"",
        ""DT_END_EXP"" : ""20260531"",
        ""AM_DISC"" : 50000
      }, {
        ""RT_DISC"" : 0,
        ""NM_TYPE_COUPON"" : ""정액"",
        ""NM_MAN_COUPON"" : ""[TEST] 신규_1만원"",
        ""DT_STR_EXP"" : ""20260501"",
        ""DT_END_EXP"" : ""20260531"",
        ""AM_DISC"" : 10000
      }, {
        ""RT_DISC"" : 0,
        ""NM_TYPE_COUPON"" : ""정액"",
        ""NM_MAN_COUPON"" : ""[TEST] 조회용_쿠폰_UPDATED"",
        ""DT_STR_EXP"" : ""20260502"",
        ""DT_END_EXP"" : ""20260630"",
        ""AM_DISC"" : 20000
      }, {
        ""RT_DISC"" : 0,
        ""NM_TYPE_COUPON"" : ""정액"",
        ""NM_MAN_COUPON"" : ""[TEST] 테스트 쿠폰 수정하지마세용"",
        ""DT_STR_EXP"" : ""20260501"",
        ""DT_END_EXP"" : ""20260530"",
        ""AM_DISC"" : 20000
      }, {
        ""RT_DISC"" : 10,
        ""NM_TYPE_COUPON"" : ""정률"",
        ""NM_MAN_COUPON"" : ""[TEST] VVIP_무제한정률"",
        ""DT_STR_EXP"" : ""20260502"",
        ""DT_END_EXP"" : ""20260531"",
        ""AM_DISC"" : 0
      }, {
        ""RT_DISC"" : 0,
        ""NM_TYPE_COUPON"" : ""정액"",
        ""NM_MAN_COUPON"" : ""[TEST] VVIP 생일쿠폰"",
        ""DT_STR_EXP"" : ""20260201"",
        ""DT_END_EXP"" : ""20260531"",
        ""AM_DISC"" : 100000
      }, {
        ""RT_DISC"" : 0,
        ""NM_TYPE_COUPON"" : ""정액"",
        ""NM_MAN_COUPON"" : ""[TEST] 신규가입쿠폰_아울렛"",
        ""DT_STR_EXP"" : ""20260501"",
        ""DT_END_EXP"" : ""20280501"",
        ""AM_DISC"" : 10000
      }, {
        ""RT_DISC"" : 3,
        ""NM_TYPE_COUPON"" : ""정률"",
        ""NM_MAN_COUPON"" : ""[TEST]_정률3%쿠폰"",
        ""DT_STR_EXP"" : ""20260503"",
        ""DT_END_EXP"" : """",
        ""AM_DISC"" : 0
      }, {
        ""RT_DISC"" : 0,
        ""NM_TYPE_COUPON"" : ""정액"",
        ""NM_MAN_COUPON"" : ""[TEST]_GIP 생일쿠폰"",
        ""DT_STR_EXP"" : ""20260503"",
        ""DT_END_EXP"" : """",
        ""AM_DISC"" : 30000
      }, {
        ""RT_DISC"" : 3,
        ""NM_TYPE_COUPON"" : ""정률"",
        ""NM_MAN_COUPON"" : ""[TEST] 신규가입쿠폰_백화점"",
        ""DT_STR_EXP"" : ""20260501"",
        ""DT_END_EXP"" : ""20280531"",
        ""AM_DISC"" : 0
      }, {
        ""RT_DISC"" : 5,
        ""NM_TYPE_COUPON"" : ""정률"",
        ""NM_MAN_COUPON"" : ""[TEST] VVIP_5%"",
        ""DT_STR_EXP"" : ""20260504"",
        ""DT_END_EXP"" : ""20260531"",
        ""AM_DISC"" : 0
      }, {
        ""RT_DISC"" : 0,
        ""NM_TYPE_COUPON"" : ""정액"",
        ""NM_MAN_COUPON"" : ""[TEST] SVIP_생일쿠폰"",
        ""DT_STR_EXP"" : ""20260504"",
        ""DT_END_EXP"" : ""20260531"",
        ""AM_DISC"" : 100000
      }, {
        ""RT_DISC"" : 0,
        ""NM_TYPE_COUPON"" : ""정액"",
        ""NM_MAN_COUPON"" : ""밀버스테스트_3만원"",
        ""DT_STR_EXP"" : ""20260201"",
        ""DT_END_EXP"" : ""20261231"",
        ""AM_DISC"" : 30000
      }, {
        ""RT_DISC"" : 0,
        ""NM_TYPE_COUPON"" : ""정액"",
        ""NM_MAN_COUPON"" : ""[TEST]_VVIP 수선쿠폰"",
        ""DT_STR_EXP"" : ""20260508"",
        ""DT_END_EXP"" : ""20260531"",
        ""AM_DISC"" : 100000
      }, {
        ""RT_DISC"" : 3,
        ""NM_TYPE_COUPON"" : ""정률"",
        ""NM_MAN_COUPON"" : ""142000000679_정률테스트"",
        ""DT_STR_EXP"" : ""20260501"",
        ""DT_END_EXP"" : ""20260531"",
        ""AM_DISC"" : 0
      }, {
        ""RT_DISC"" : 0,
        ""NM_TYPE_COUPON"" : ""정액"",
        ""NM_MAN_COUPON"" : ""[TEST]_SVIP수선쿠폰"",
        ""DT_STR_EXP"" : ""20260509"",
        ""DT_END_EXP"" : ""20260531"",
        ""AM_DISC"" : 150000
      }, {
        ""RT_DISC"" : 0,
        ""NM_TYPE_COUPON"" : ""정액"",
        ""NM_MAN_COUPON"" : ""[TEST] 10만원"",
        ""DT_STR_EXP"" : ""20260509"",
        ""DT_END_EXP"" : ""20260531"",
        ""AM_DISC"" : 100000
      }, {
        ""RT_DISC"" : 5,
        ""NM_TYPE_COUPON"" : ""정률"",
        ""NM_MAN_COUPON"" : ""[TEST]_5%할인쿠폰"",
        ""DT_STR_EXP"" : ""20260509"",
        ""DT_END_EXP"" : ""20260531"",
        ""AM_DISC"" : 0
      } ]
    }
  },
  ""code"" : 200
}"
a12JO000000MlZlYAK,2026-05-11T00:12:58.000+0000,OrderTrigger,,,
a12JO000000MlZmYAK,2026-05-11T00:12:58.000+0000,OrderTriggerHandler,,,
a12JO000000MlZnYAK,2026-05-11T00:12:58.000+0000,OrderTrigger,,,
a12JO000000MlZoYAK,2026-05-11T00:12:58.000+0000,GdOrderApiControllerV1,/gd/v1/order,"{""AccountId"":""1000"",""StoreCode__c"":""99998"",""MemberNo__c"":""269999800210"",""OrderNo__c"":""SOR202605110316"",""ActualPaymentAmount__c"":500000.0,""OrderStatus__c"":""01"",""Type"":""01"",""PromotionNo__c"":""PRO202604161041"",""OrderItem"":[{""OrderSeqNo__c"":""1"",""Status__c"":""01"",""ProductCode"":""2A2600001"",""Quantity"":1,""isExclude"":false,""NetSalesUnitPrice__c"":500000.0000,""DiscountRate__c"":0.0000}],""TransactionJournal"":[{""DepositNo__c"":""DEP202605110002"",""DeposiSeqNo__c"":""1"",""ActivityDate"":""20260511"",""PaymentMethod"":""01"",""DepositType__c"":""01"",""TransactionAmount"":50000.0000,""CouponNo"":"""",""OrderNo__c"":null}]}","{
  ""success"" : true,
  ""message"" : ""주문 등록 완료"",
  ""data"" : {
    ""DebitPointList"" : [ ],
    ""isGoldenBar"" : false,
    ""oiList"" : [ {
      ""attributes"" : {
        ""type"" : ""OrderItem"",
        ""url"" : ""/services/data/v67.0/sobjects/OrderItem/802JO0000054WL0YAM""
      },
      ""OrderId"" : ""801JO00000IBvDaYAL"",
      ""Status__c"" : ""01"",
      ""PricebookEntryId"" : ""01uJO000001R0w4YAC"",
      ""Quantity"" : 1,
      ""UnitPrice"" : 500000,
      ""OrderItemNo__c"" : ""801JO00000IBvDaYAL-1"",
      ""IsExclude__c"" : false,
      ""NetSalesUnitPrice__c"" : 500000.0000,
      ""DiscountRate__c"" : 0.0000,
      ""Id"" : ""802JO0000054WL0YAM""
    } ],
    ""storeType"" : ""09"",
    ""storeTypeFour"" : ""NULL"",
    ""orderId"" : ""801JO00000IBvDaYAL"",
    ""TransactionJournal"" : [ {
      ""OrderNo__c"" : null,
      ""CouponNo"" : """",
      ""TransactionAmount"" : 50000.0000,
      ""DepositType__c"" : ""01"",
      ""PaymentMethod"" : ""01"",
      ""ActivityDate"" : ""20260511"",
      ""DeposiSeqNo__c"" : ""1"",
      ""DepositNo__c"" : ""DEP202605110002""
    } ],
    ""OrderItem"" : [ {
      ""DiscountRate__c"" : 0.0000,
      ""NetSalesUnitPrice__c"" : 500000.0000,
      ""isExclude"" : false,
      ""Quantity"" : 1,
      ""ProductCode"" : ""2A2600001"",
      ""Status__c"" : ""01"",
      ""OrderSeqNo__c"" : ""1""
    } ],
    ""PromotionNo__c"" : ""PRO202604161041"",
    ""Type"" : ""01"",
    ""OrderStatus__c"" : ""01"",
    ""ActualPaymentAmount__c"" : 500000.0,
    ""OrderNo__c"" : ""SOR202605110316"",
    ""MemberNo__c"" : ""269999800210"",
    ""StoreCode__c"" : ""99998"",
    ""AccountId"" : ""1000""
  },
  ""code"" : 200
}"
a12JO000000MlgDYAS,2026-05-11T00:45:59.000+0000,GdMemberHelpInfoApiControllerV1,"{""MemberNo__c"":""252502000408""}",,"{
  ""success"" : false,
  ""message"" : ""존재하지 않는 회원입니다. memberNo=252502000408"",
  ""code"" : 400
}"
a12JO000000MlhpYAC,2026-05-11T00:52:11.000+0000,GdPromotionApiControllerV1,"{""Name"":"""",""EndDate"":""20260511"",""StoreCode__c"":""99998"",""PromotionNo__c"":"""",""StartDate"":""20260511""}",,"{
  ""success"" : true,
  ""message"" : ""프로모션 조회 성공"",
  ""data"" : {
    ""promotionList"" : [ {
      ""YN_USE_SPECIFIC_COUPON"" : ""N"",
      ""YN_USE_RATE_COUPON"" : ""N"",
      ""YN_USE_POINT"" : ""Y"",
      ""YN_USE_FIXED_COUPON"" : ""N"",
      ""YN_USE_COUPON"" : ""Y"",
      ""YN_SPEC_STORE"" : ""N"",
      ""YN_SPEC_ITEM"" : ""N"",
      ""YN_PROM_DC"" : ""N"",
      ""YN_ALL_STORE"" : ""N"",
      ""YN_ALL_ITEM"" : ""Y"",
      ""YN_ALL_COUPON"" : ""Y"",
      ""YN_ACTIVE"" : true,
      ""NO_PROM"" : ""PRO202605091086"",
      ""NM_TYPE_PROM"" : ""할인"",
      ""NM_STAT"" : ""진행"",
      ""NM_PROM"" : ""[TEST] 포인트적립불가"",
      ""NM_BRAND"" : ""골든듀"",
      ""DT_START"" : ""20260509"",
      ""DT_PUBLISH_START"" : ""20260509"",
      ""DT_PUBLISH_END"" : ""20260531"",
      ""DT_EVENT_START"" : ""20260509"",
      ""DT_EVENT_END"" : ""20260531"",
      ""DT_END"" : ""20260531""
    }, {
      ""YN_USE_SPECIFIC_COUPON"" : ""N"",
      ""YN_USE_RATE_COUPON"" : ""N"",
      ""YN_USE_POINT"" : ""Y"",
      ""YN_USE_FIXED_COUPON"" : ""N"",
      ""YN_USE_COUPON"" : ""Y"",
      ""YN_SPEC_STORE"" : ""N"",
      ""YN_SPEC_ITEM"" : ""N"",
      ""YN_PROM_DC"" : ""N"",
      ""YN_ALL_STORE"" : ""N"",
      ""YN_ALL_ITEM"" : ""Y"",
      ""YN_ALL_COUPON"" : ""Y"",
      ""YN_ACTIVE"" : true,
      ""NO_PROM"" : ""PRO202605041081"",
      ""NM_TYPE_PROM"" : ""할인"",
      ""NM_STAT"" : ""진행"",
      ""NM_PROM"" : ""[TEST] 통합시나리오V5_비활성화"",
      ""NM_BRAND"" : ""골든듀"",
      ""DT_START"" : ""20260504"",
      ""DT_PUBLISH_START"" : ""20260504"",
      ""DT_PUBLISH_END"" : ""20260531"",
      ""DT_EVENT_START"" : ""20260504"",
      ""DT_EVENT_END"" : ""20260531"",
      ""DT_END"" : ""20260507""
    }, {
      ""YN_USE_SPECIFIC_COUPON"" : ""N"",
      ""YN_USE_RATE_COUPON"" : ""N"",
      ""YN_USE_POINT"" : ""N"",
      ""YN_USE_FIXED_COUPON"" : ""N"",
      ""YN_USE_COUPON"" : ""Y"",
      ""YN_SPEC_STORE"" : ""N"",
      ""YN_SPEC_ITEM"" : ""Y"",
      ""YN_PROM_DC"" : ""N"",
      ""YN_ALL_STORE"" : ""N"",
      ""YN_ALL_ITEM"" : ""N"",
      ""YN_ALL_COUPON"" : ""Y"",
      ""YN_ACTIVE"" : true,
      ""NO_PROM"" : ""PRO202605041080"",
      ""NM_TYPE_PROM"" : ""할인"",
      ""NM_STAT"" : ""진행"",
      ""NM_PROM"" : ""[TEST] 통합시나리오V5_사은2배"",
      ""NM_BRAND"" : ""골든듀"",
      ""DT_START"" : ""20260504"",
      ""DT_PUBLISH_START"" : ""20260504"",
      ""DT_PUBLISH_END"" : ""20260531"",
      ""DT_EVENT_START"" : ""20260504"",
      ""DT_EVENT_END"" : ""20260531"",
      ""DT_END"" : ""20260531""
    }, {
      ""YN_USE_SPECIFIC_COUPON"" : ""N"",
      ""YN_USE_RATE_COUPON"" : ""N"",
      ""YN_USE_POINT"" : ""Y"",
      ""YN_USE_FIXED_COUPON"" : ""N"",
      ""YN_USE_COUPON"" : ""Y"",
      ""YN_SPEC_STORE"" : ""N"",
      ""YN_SPEC_ITEM"" : ""N"",
      ""YN_PROM_DC"" : ""N"",
      ""YN_ALL_STORE"" : ""N"",
      ""YN_ALL_ITEM"" : ""Y"",
      ""YN_ALL_COUPON"" : ""Y"",
      ""YN_ACTIVE"" : true,
      ""NO_PROM"" : ""PRO202605041079"",
      ""NM_TYPE_PROM"" : ""할인"",
      ""NM_STAT"" : ""진행"",
      ""NM_PROM"" : ""[TEST] 통합시나리오V5_구매2배"",
      ""NM_BRAND"" : ""골든듀"",
      ""DT_START"" : ""20260504"",
      ""DT_PUBLISH_START"" : ""20260504"",
      ""DT_PUBLISH_END"" : ""20260531"",
      ""DT_EVENT_START"" : ""20260504"",
      ""DT_EVENT_END"" : ""20260531"",
      ""DT_END"" : ""20260531""
    }, {
      ""YN_USE_SPECIFIC_COUPON"" : ""N"",
      ""YN_USE_RATE_COUPON"" : ""N"",
      ""YN_USE_POINT"" : ""Y"",
      ""YN_USE_FIXED_COUPON"" : ""N"",
      ""YN_USE_COUPON"" : ""Y"",
      ""YN_SPEC_STORE"" : ""N"",
      ""YN_SPEC_ITEM"" : ""N"",
      ""YN_PROM_DC"" : ""N"",
      ""YN_ALL_STORE"" : ""N"",
      ""YN_ALL_ITEM"" : ""Y"",
      ""YN_ALL_COUPON"" : ""Y"",
      ""YN_ACTIVE"" : true,
      ""NO_PROM"" : ""PRO202605031078"",
      ""NM_TYPE_PROM"" : ""할인"",
      ""NM_STAT"" : ""진행"",
      ""NM_PROM"" : ""[TEST] 통합시나리오V2_구매적립"",
      ""NM_BRAND"" : ""골든듀"",
      ""DT_START"" : ""20260504"",
      ""DT_PUBLISH_START"" : ""20260504"",
      ""DT_PUBLISH_END"" : ""20260531"",
      ""DT_EVENT_START"" : ""20260504"",
      ""DT_EVENT_END"" : ""20260531"",
      ""DT_END"" : ""20260531""
    }, {
      ""YN_USE_SPECIFIC_COUPON"" : ""N"",
      ""YN_USE_RATE_COUPON"" : ""N"",
      ""YN_USE_POINT"" : ""N"",
      ""YN_USE_FIXED_COUPON"" : ""N"",
      ""YN_USE_COUPON"" : ""N"",
      ""YN_SPEC_STORE"" : ""N"",
      ""YN_SPEC_ITEM"" : ""N"",
      ""YN_PROM_DC"" : ""N"",
      ""YN_ALL_STORE"" : ""N"",
      ""YN_ALL_ITEM"" : ""N"",
      ""YN_ALL_COUPON"" : ""N"",
      ""YN_ACTIVE"" : true,
      ""NO_PROM"" : ""PRO202605021075"",
      ""NM_TYPE_PROM"" : ""할인"",
      ""NM_STAT"" : ""진행"",
      ""NM_PROM"" : ""[TEST] 통합시나리오V2_품목변경"",
      ""NM_BRAND"" : ""골든듀"",
      ""DT_START"" : ""20260502"",
      ""DT_PUBLISH_START"" : ""20260502"",
      ""DT_PUBLISH_END"" : ""20260531"",
      ""DT_EVENT_START"" : ""20260502"",
      ""DT_EVENT_END"" : ""20260531"",
      ""DT_END"" : ""20260531""
    }, {
      ""YN_USE_SPECIFIC_COUPON"" : ""N"",
      ""YN_USE_RATE_COUPON"" : ""N"",
      ""YN_USE_POINT"" : ""Y"",
      ""YN_USE_FIXED_COUPON"" : ""N"",
      ""YN_USE_COUPON"" : ""Y"",
      ""YN_SPEC_STORE"" : ""N"",
      ""YN_SPEC_ITEM"" : ""N"",
      ""YN_PROM_DC"" : ""N"",
      ""YN_ALL_STORE"" : ""N"",
      ""YN_ALL_ITEM"" : ""N"",
      ""YN_ALL_COUPON"" : ""Y"",
      ""YN_ACTIVE"" : true,
      ""NO_PROM"" : ""PRO202605021073"",
      ""NM_TYPE_PROM"" : ""할인"",
      ""NM_STAT"" : ""진행"",
      ""NM_PROM"" : ""[TEST] 통합시나리오V2_마스터변경"",
      ""NM_BRAND"" : ""골든듀"",
      ""DT_START"" : ""20260502"",
      ""DT_PUBLISH_START"" : ""20260502"",
      ""DT_PUBLISH_END"" : ""20260531"",
      ""DT_EVENT_START"" : ""20260502"",
      ""DT_EVENT_END"" : ""20260531"",
      ""DT_END"" : ""20260531""
    }, {
      ""YN_USE_SPECIFIC_COUPON"" : ""N"",
      ""YN_USE_RATE_COUPON"" : ""N"",
      ""YN_USE_POINT"" : ""Y"",
      ""YN_USE_FIXED_COUPON"" : ""N"",
      ""YN_USE_COUPON"" : ""Y"",
      ""YN_SPEC_STORE"" : ""N"",
      ""YN_SPEC_ITEM"" : ""N"",
      ""YN_PROM_DC"" : ""N"",
      ""YN_ALL_STORE"" : ""N"",
      ""YN_ALL_ITEM"" : ""Y"",
      ""YN_ALL_COUPON"" : ""Y"",
      ""YN_ACTIVE"" : true,
      ""NO_PROM"" : ""PRO202605021072"",
      ""NM_TYPE_PROM"" : ""할인"",
      ""NM_STAT"" : ""진행"",
      ""NM_PROM"" : ""[TEST] 통합시나리오V2_더블적립"",
      ""NM_BRAND"" : ""골든듀"",
      ""DT_START"" : ""20260502"",
      ""DT_PUBLISH_START"" : ""20260502"",
      ""DT_PUBLISH_END"" : ""20260531"",
      ""DT_EVENT_START"" : ""20260502"",
      ""DT_EVENT_END"" : ""20260531"",
      ""DT_END"" : ""20260531""
    }, {
      ""YN_USE_SPECIFIC_COUPON"" : ""N"",
      ""YN_USE_RATE_COUPON"" : ""N"",
      ""YN_USE_POINT"" : ""Y"",
      ""YN_USE_FIXED_COUPON"" : ""N"",
      ""YN_USE_COUPON"" : ""Y"",
      ""YN_SPEC_STORE"" : ""N"",
      ""YN_SPEC_ITEM"" : ""Y"",
      ""YN_PROM_DC"" : ""N"",
      ""YN_ALL_STORE"" : ""N"",
      ""YN_ALL_ITEM"" : ""N"",
      ""YN_ALL_COUPON"" : ""Y"",
      ""YN_ACTIVE"" : true,
      ""NO_PROM"" : ""PRO202605021070"",
      ""NM_TYPE_PROM"" : ""할인"",
      ""NM_STAT"" : ""진행"",
      ""NM_PROM"" : ""[TEST] 통합V1_11_마스터변경"",
      ""NM_BRAND"" : ""골든듀"",
      ""DT_START"" : ""20260502"",
      ""DT_PUBLISH_START"" : ""20260502"",
      ""DT_PUBLISH_END"" : ""20260531"",
      ""DT_EVENT_START"" : ""20260502"",
      ""DT_EVENT_END"" : ""20260531"",
      ""DT_END"" : ""20260531""
    }, {
      ""YN_USE_SPECIFIC_COUPON"" : ""N"",
      ""YN_USE_RATE_COUPON"" : ""N"",
      ""YN_USE_POINT"" : ""Y"",
      ""YN_USE_FIXED_COUPON"" : ""N"",
      ""YN_USE_COUPON"" : ""Y"",
      ""YN_SPEC_STORE"" : ""N"",
      ""YN_SPEC_ITEM"" : ""N"",
      ""YN_PROM_DC"" : ""N"",
      ""YN_ALL_STORE"" : ""N"",
      ""YN_ALL_ITEM"" : ""N"",
      ""YN_ALL_COUPON"" : ""Y"",
      ""YN_ACTIVE"" : true,
      ""NO_PROM"" : ""PRO202605021069"",
      ""NM_TYPE_PROM"" : ""할인"",
      ""NM_STAT"" : ""진행"",
      ""NM_PROM"" : ""[TEST] 통합시나리오V1_사은더블"",
      ""NM_BRAND"" : ""골든듀"",
      ""DT_START"" : ""20260502"",
      ""DT_PUBLISH_START"" : ""20260502"",
      ""DT_PUBLISH_END"" : ""20260531"",
      ""DT_EVENT_START"" : ""20260502"",
      ""DT_EVENT_END"" : ""20260531"",
      ""DT_END"" : ""20260531""
    }, {
      ""YN_USE_SPECIFIC_COUPON"" : ""N"",
      ""YN_USE_RATE_COUPON"" : ""N"",
      ""YN_USE_POINT"" : ""Y"",
      ""YN_USE_FIXED_COUPON"" : ""N"",
      ""YN_USE_COUPON"" : ""Y"",
      ""YN_SPEC_STORE"" : ""N"",
      ""YN_SPEC_ITEM"" : ""N"",
      ""YN_PROM_DC"" : ""N"",
      ""YN_ALL_STORE"" : ""N"",
      ""YN_ALL_ITEM"" : ""Y"",
      ""YN_ALL_COUPON"" : ""Y"",
      ""YN_ACTIVE"" : true,
      ""NO_PROM"" : ""PRO202605041082"",
      ""NM_TYPE_PROM"" : ""할인"",
      ""NM_STAT"" : ""진행"",
      ""NM_PROM"" : ""[TEST]_V5_4_프로모션비활성화"",
      ""NM_BRAND"" : ""골든듀"",
      ""DT_START"" : ""20260501"",
      ""DT_PUBLISH_START"" : ""20260501"",
      ""DT_PUBLISH_END"" : ""20260531"",
      ""DT_EVENT_START"" : ""20260501"",
      ""DT_EVENT_END"" : ""20260531"",
      ""DT_END"" : ""20260503""
    }, {
      ""YN_USE_SPECIFIC_COUPON"" : ""N"",
      ""YN_USE_RATE_COUPON"" : ""N"",
      ""YN_USE_POINT"" : ""Y"",
      ""YN_USE_FIXED_COUPON"" : ""N"",
      ""YN_USE_COUPON"" : ""N"",
      ""YN_SPEC_STORE"" : ""N"",
      ""YN_SPEC_ITEM"" : ""N"",
      ""YN_PROM_DC"" : ""N"",
      ""YN_ALL_STORE"" : ""N"",
      ""YN_ALL_ITEM"" : ""Y"",
      ""YN_ALL_COUPON"" : ""N"",
      ""YN_ACTIVE"" : true,
      ""NO_PROM"" : ""PRO202605051084"",
      ""NM_TYPE_PROM"" : ""사은품"",
      ""NM_STAT"" : ""진행"",
      ""NM_PROM"" : ""[TEST]V1-3번프로모션테스트"",
      ""NM_BRAND"" : ""골든듀"",
      ""DT_START"" : ""20260501"",
      ""DT_PUBLISH_START"" : ""20260401"",
      ""DT_PUBLISH_END"" : ""20260630"",
      ""DT_EVENT_START"" : ""20260401"",
      ""DT_EVENT_END"" : ""20260630"",
      ""DT_END"" : ""20260531""
    }, {
      ""YN_USE_SPECIFIC_COUPON"" : ""Y"",
      ""YN_USE_RATE_COUPON"" : ""N"",
      ""YN_USE_POINT"" : ""N"",
      ""YN_USE_FIXED_COUPON"" : ""N"",
      ""YN_USE_COUPON"" : ""Y"",
      ""YN_SPEC_STORE"" : ""N"",
      ""YN_SPEC_ITEM"" : ""Y"",
      ""YN_PROM_DC"" : ""Y"",
      ""YN_ALL_STORE"" : ""N"",
      ""YN_ALL_ITEM"" : ""N"",
      ""YN_ALL_COUPON"" : ""N"",
      ""YN_ACTIVE"" : true,
      ""NO_PROM"" : ""PRO202605021071"",
      ""NM_TYPE_PROM"" : ""할인"",
      ""NM_STAT"" : ""진행"",
      ""NM_PROM"" : ""[TEST]_V4_R군행사"",
      ""NM_BRAND"" : ""골든듀"",
      ""DT_START"" : ""20260501"",
      ""DT_PUBLISH_START"" : ""20260401"",
      ""DT_PUBLISH_END"" : ""20260630"",
      ""DT_EVENT_START"" : ""20260401"",
      ""DT_EVENT_END"" : ""20260630"",
      ""DT_END"" : ""20260531""
    }, {
      ""YN_USE_SPECIFIC_COUPON"" : ""N"",
      ""YN_USE_RATE_COUPON"" : ""N"",
      ""YN_USE_POINT"" : ""Y"",
      ""YN_USE_FIXED_COUPON"" : ""Y"",
      ""YN_USE_COUPON"" : ""Y"",
      ""YN_SPEC_STORE"" : ""N"",
      ""YN_SPEC_ITEM"" : ""N"",
      ""YN_PROM_DC"" : ""N"",
      ""YN_ALL_STORE"" : ""N"",
      ""YN_ALL_ITEM"" : ""Y"",
      ""YN_ALL_COUPON"" : ""N"",
      ""YN_ACTIVE"" : true,
      ""NO_PROM"" : ""PRO202605021074"",
      ""NM_TYPE_PROM"" : ""할인"",
      ""NM_STAT"" : ""진행"",
      ""NM_PROM"" : ""[TEST]_V4_3배적립이벤트"",
      ""NM_BRAND"" : ""골든듀"",
      ""DT_START"" : ""20260501"",
      ""DT_PUBLISH_START"" : ""20260401"",
      ""DT_PUBLISH_END"" : ""20260630"",
      ""DT_EVENT_START"" : ""20260401"",
      ""DT_EVENT_END"" : ""20260630"",
      ""DT_END"" : ""20260531""
    }, {
      ""YN_USE_SPECIFIC_COUPON"" : ""N"",
      ""YN_USE_RATE_COUPON"" : ""N"",
      ""YN_USE_POINT"" : ""Y"",
      ""YN_USE_FIXED_COUPON"" : ""Y"",
      ""YN_USE_COUPON"" : ""Y"",
      ""YN_SPEC_STORE"" : ""N"",
      ""YN_SPEC_ITEM"" : ""Y"",
      ""YN_PROM_DC"" : ""N"",
      ""YN_ALL_STORE"" : ""N"",
      ""YN_ALL_ITEM"" : ""N"",
      ""YN_ALL_COUPON"" : ""N"",
      ""YN_ACTIVE"" : true,
      ""NO_PROM"" : ""PRO202605031076"",
      ""NM_TYPE_PROM"" : ""할인"",
      ""NM_STAT"" : ""진행"",
      ""NM_PROM"" : ""[TEST] 혼합테스트_N배적립프로모션_V2"",
      ""NM_BRAND"" : ""골든듀"",
      ""DT_START"" : ""20260501"",
      ""DT_PUBLISH_START"" : ""20260501"",
      ""DT_PUBLISH_END"" : ""20260531"",
      ""DT_EVENT_START"" : ""20260501"",
      ""DT_EVENT_END"" : ""20260531"",
      ""DT_END"" : ""20260531""
    }, {
      ""YN_USE_SPECIFIC_COUPON"" : ""N"",
      ""YN_USE_RATE_COUPON"" : ""N"",
      ""YN_USE_POINT"" : ""Y"",
      ""YN_USE_FIXED_COUPON"" : ""N"",
      ""YN_USE_COUPON"" : ""Y"",
      ""YN_SPEC_STORE"" : ""N"",
      ""YN_SPEC_ITEM"" : ""N"",
      ""YN_PROM_DC"" : ""N"",
      ""YN_ALL_STORE"" : ""N"",
      ""YN_ALL_ITEM"" : ""Y"",
      ""YN_ALL_COUPON"" : ""Y"",
      ""YN_ACTIVE"" : true,
      ""NO_PROM"" : ""PRO202605031077"",
      ""NM_TYPE_PROM"" : ""할인"",
      ""NM_STAT"" : ""진행"",
      ""NM_PROM"" : ""[TEST]_V1_3_무제한프로모션"",
      ""NM_BRAND"" : ""골든듀"",
      ""DT_START"" : ""20260501"",
      ""DT_PUBLISH_START"" : ""20260501"",
      ""DT_PUBLISH_END"" : ""20260531"",
      ""DT_EVENT_START"" : ""20260501"",
      ""DT_EVENT_END"" : ""20260531"",
      ""DT_END"" : ""20260531""
    }, {
      ""YN_USE_SPECIFIC_COUPON"" : ""Y"",
      ""YN_USE_RATE_COUPON"" : ""N"",
      ""YN_USE_POINT"" : ""Y"",
      ""YN_USE_FIXED_COUPON"" : ""N"",
      ""YN_USE_COUPON"" : ""Y"",
      ""YN_SPEC_STORE"" : ""N"",
      ""YN_SPEC_ITEM"" : ""N"",
      ""YN_PROM_DC"" : ""Y"",
      ""YN_ALL_STORE"" : ""N"",
      ""YN_ALL_ITEM"" : ""N"",
      ""YN_ALL_COUPON"" : ""N"",
      ""YN_ACTIVE"" : true,
      ""NO_PROM"" : ""PRO202604271058"",
      ""NM_TYPE_PROM"" : ""할인"",
      ""NM_STAT"" : ""진행"",
      ""NM_PROM"" : ""[TEST] 단위테스트_R군행사"",
      ""NM_BRAND"" : ""골든듀"",
      ""DT_START"" : ""20260427"",
      ""DT_PUBLISH_START"" : ""20260427"",
      ""DT_PUBLISH_END"" : ""20260531"",
      ""DT_EVENT_START"" : ""20260427"",
      ""DT_EVENT_END"" : ""20260531"",
      ""DT_END"" : ""20260531""
    }, {
      ""YN_USE_SPECIFIC_COUPON"" : ""Y"",
      ""YN_USE_RATE_COUPON"" : ""N"",
      ""YN_USE_POINT"" : ""Y"",
      ""YN_USE_FIXED_COUPON"" : ""N"",
      ""YN_USE_COUPON"" : ""Y"",
      ""YN_SPEC_STORE"" : ""N"",
      ""YN_SPEC_ITEM"" : ""N"",
      ""YN_PROM_DC"" : ""N"",
      ""YN_ALL_STORE"" : ""N"",
      ""YN_ALL_ITEM"" : ""N"",
      ""YN_ALL_COUPON"" : ""N"",
      ""YN_ACTIVE"" : true,
      ""NO_PROM"" : ""PRO202604201056"",
      ""NM_TYPE_PROM"" : ""할인"",
      ""NM_STAT"" : ""진행"",
      ""NM_PROM"" : ""[TEST] 통합시나리오V4_R군행사"",
      ""NM_BRAND"" : ""골든듀"",
      ""DT_START"" : ""20260420"",
      ""DT_PUBLISH_START"" : ""20260420"",
      ""DT_PUBLISH_END"" : ""20260531"",
      ""DT_EVENT_START"" : ""20260420"",
      ""DT_EVENT_END"" : ""20260531"",
      ""DT_END"" : ""20260531""
    }, {
      ""YN_USE_SPECIFIC_COUPON"" : ""N"",
      ""YN_USE_RATE_COUPON"" : ""N"",
      ""YN_USE_POINT"" : ""Y"",
      ""YN_USE_FIXED_COUPON"" : ""Y"",
      ""YN_USE_COUPON"" : ""Y"",
      ""YN_SPEC_STORE"" : ""N"",
      ""YN_SPEC_ITEM"" : ""N"",
      ""YN_PROM_DC"" : ""Y"",
      ""YN_ALL_STORE"" : ""N"",
      ""YN_ALL_ITEM"" : ""Y"",
      ""YN_ALL_COUPON"" : ""N"",
      ""YN_ACTIVE"" : true,
      ""NO_PROM"" : ""PRO202604201055"",
      ""NM_TYPE_PROM"" : ""할인"",
      ""NM_STAT"" : ""진행"",
      ""NM_PROM"" : ""[TEST] 통합시나리오V4_사은포인트3배"",
      ""NM_BRAND"" : ""골든듀"",
      ""DT_START"" : ""20260420"",
      ""DT_PUBLISH_START"" : ""20260420"",
      ""DT_PUBLISH_END"" : ""20260531"",
      ""DT_EVENT_START"" : ""20260420"",
      ""DT_EVENT_END"" : ""20260531"",
      ""DT_END"" : ""20260531""
    }, {
      ""YN_USE_SPECIFIC_COUPON"" : ""N"",
      ""YN_USE_RATE_COUPON"" : ""N"",
      ""YN_USE_POINT"" : ""N"",
      ""YN_USE_FIXED_COUPON"" : ""N"",
      ""YN_USE_COUPON"" : ""N"",
      ""YN_SPEC_STORE"" : ""N"",
      ""YN_SPEC_ITEM"" : ""Y"",
      ""YN_PROM_DC"" : ""Y"",
      ""YN_ALL_STORE"" : ""N"",
      ""YN_ALL_ITEM"" : ""N"",
      ""YN_ALL_COUPON"" : ""N"",
      ""YN_ACTIVE"" : true,
      ""NO_PROM"" : ""PRO202604171052"",
      ""NM_TYPE_PROM"" : ""할인"",
      ""NM_STAT"" : ""진행"",
      ""NM_PROM"" : ""[TEST] 통합시나리오V4_골드바_행사"",
      ""NM_BRAND"" : ""골든듀"",
      ""DT_START"" : ""20260417"",
      ""DT_PUBLISH_START"" : ""20260417"",
      ""DT_PUBLISH_END"" : ""20260531"",
      ""DT_EVENT_START"" : ""20260417"",
      ""DT_EVENT_END"" : ""20260531"",
      ""DT_END"" : ""20260531""
    }, {
      ""YN_USE_SPECIFIC_COUPON"" : ""N"",
      ""YN_USE_RATE_COUPON"" : ""N"",
      ""YN_USE_POINT"" : ""Y"",
      ""YN_USE_FIXED_COUPON"" : ""N"",
      ""YN_USE_COUPON"" : ""Y"",
      ""YN_SPEC_STORE"" : ""N"",
      ""YN_SPEC_ITEM"" : ""N"",
      ""YN_PROM_DC"" : ""N"",
      ""YN_ALL_STORE"" : ""N"",
      ""YN_ALL_ITEM"" : ""Y"",
      ""YN_ALL_COUPON"" : ""Y"",
      ""YN_ACTIVE"" : true,
      ""NO_PROM"" : ""PRO202604171051"",
      ""NM_TYPE_PROM"" : null,
      ""NM_STAT"" : null,
      ""NM_PROM"" : ""[TEST] 통합시나리오V4_프로모션없음_V1"",
      ""NM_BRAND"" : ""골든듀"",
      ""DT_START"" : ""20260417"",
      ""DT_PUBLISH_START"" : ""20260417"",
      ""DT_PUBLISH_END"" : ""20260531"",
      ""DT_EVENT_START"" : ""20260417"",
      ""DT_EVENT_END"" : ""20260531"",
      ""DT_END"" : ""20260531""
    }, {
      ""YN_USE_SPECIFIC_COUPON"" : ""N"",
      ""YN_USE_RATE_COUPON"" : ""N"",
      ""YN_USE_POINT"" : ""N"",
      ""YN_USE_FIXED_COUPON"" : ""N"",
      ""YN_USE_COUPON"" : ""Y"",
      ""YN_SPEC_STORE"" : ""N"",
      ""YN_SPEC_ITEM"" : ""N"",
      ""YN_PROM_DC"" : ""N"",
      ""YN_ALL_STORE"" : ""N"",
      ""YN_ALL_ITEM"" : ""Y"",
      ""YN_ALL_COUPON"" : ""Y"",
      ""YN_ACTIVE"" : true,
      ""NO_PROM"" : ""PRO202604171050"",
      ""NM_TYPE_PROM"" : ""할인"",
      ""NM_STAT"" : ""진행"",
      ""NM_PROM"" : ""[TEST] 통합시나리오V4_9번"",
      ""NM_BRAND"" : ""골든듀"",
      ""DT_START"" : ""20260417"",
      ""DT_PUBLISH_START"" : ""20260417"",
      ""DT_PUBLISH_END"" : ""20260531"",
      ""DT_EVENT_START"" : ""20260417"",
      ""DT_EVENT_END"" : ""20260531"",
      ""DT_END"" : ""20260531""
    }, {
      ""YN_USE_SPECIFIC_COUPON"" : ""N"",
      ""YN_USE_RATE_COUPON"" : ""Y"",
      ""YN_USE_POINT"" : ""Y"",
      ""YN_USE_FIXED_COUPON"" : ""N"",
      ""YN_USE_COUPON"" : ""Y"",
      ""YN_SPEC_STORE"" : ""N"",
      ""YN_SPEC_ITEM"" : ""Y"",
      ""YN_PROM_DC"" : ""Y"",
      ""YN_ALL_STORE"" : ""N"",
      ""YN_ALL_ITEM"" : ""N"",
      ""YN_ALL_COUPON"" : ""N"",
      ""YN_ACTIVE"" : true,
      ""NO_PROM"" : ""PRO202604171053"",
      ""NM_TYPE_PROM"" : ""할인"",
      ""NM_STAT"" : ""진행"",
      ""NM_PROM"" : ""[TEST] 통합시나리오V4_계열별_특별_행사"",
      ""NM_BRAND"" : ""골든듀"",
      ""DT_START"" : ""20260417"",
      ""DT_PUBLISH_START"" : ""20260417"",
      ""DT_PUBLISH_END"" : ""20260531"",
      ""DT_EVENT_START"" : ""20260417"",
      ""DT_EVENT_END"" : ""20260531"",
      ""DT_END"" : ""20260531""
    }, {
      ""YN_USE_SPECIFIC_COUPON"" : ""N"",
      ""YN_USE_RATE_COUPON"" : ""N"",
      ""YN_USE_POINT"" : ""Y"",
      ""YN_USE_FIXED_COUPON"" : ""N"",
      ""YN_USE_COUPON"" : ""Y"",
      ""YN_SPEC_STORE"" : ""N"",
      ""YN_SPEC_ITEM"" : ""N"",
      ""YN_PROM_DC"" : ""N"",
      ""YN_ALL_STORE"" : ""N"",
      ""YN_ALL_ITEM"" : ""Y"",
      ""YN_ALL_COUPON"" : ""Y"",
      ""YN_ACTIVE"" : true,
      ""NO_PROM"" : ""PRO202604171054"",
      ""NM_TYPE_PROM"" : ""할인"",
      ""NM_STAT"" : ""등록"",
      ""NM_PROM"" : ""[TEST] 통합시나리오V1_1번"",
      ""NM_BRAND"" : ""골든듀"",
      ""DT_START"" : ""20260417"",
      ""DT_PUBLISH_START"" : ""20260417"",
      ""DT_PUBLISH_END"" : ""20260531"",
      ""DT_EVENT_START"" : ""20260417"",
      ""DT_EVENT_END"" : ""20260531"",
      ""DT_END"" : ""20260531""
    }, {
      ""YN_USE_SPECIFIC_COUPON"" : ""N"",
      ""YN_USE_RATE_COUPON"" : ""N"",
      ""YN_USE_POINT"" : ""Y"",
      ""YN_USE_FIXED_COUPON"" : ""N"",
      ""YN_USE_COUPON"" : ""Y"",
      ""YN_SPEC_STORE"" : ""N"",
      ""YN_SPEC_ITEM"" : ""N"",
      ""YN_PROM_DC"" : ""N"",
      ""YN_ALL_STORE"" : ""N"",
      ""YN_ALL_ITEM"" : ""Y"",
      ""YN_ALL_COUPON"" : ""Y"",
      ""YN_ACTIVE"" : true,
      ""NO_PROM"" : ""PRO202604161047"",
      ""NM_TYPE_PROM"" : ""할인"",
      ""NM_STAT"" : ""진행"",
      ""NM_PROM"" : ""[TEST] 더블적립_프로모션_V2"",
      ""NM_BRAND"" : ""골든듀"",
      ""DT_START"" : ""20260416"",
      ""DT_PUBLISH_START"" : ""20260416"",
      ""DT_PUBLISH_END"" : ""20260531"",
      ""DT_EVENT_START"" : ""20260416"",
      ""DT_EVENT_END"" : ""20260531"",
      ""DT_END"" : ""20260531""
    }, {
      ""YN_USE_SPECIFIC_COUPON"" : ""N"",
      ""YN_USE_RATE_COUPON"" : ""N"",
      ""YN_USE_POINT"" : ""Y"",
      ""YN_USE_FIXED_COUPON"" : ""N"",
      ""YN_USE_COUPON"" : ""Y"",
      ""YN_SPEC_STORE"" : ""N"",
      ""YN_SPEC_ITEM"" : ""N"",
      ""YN_PROM_DC"" : ""N"",
      ""YN_ALL_STORE"" : ""N"",
      ""YN_ALL_ITEM"" : ""Y"",
      ""YN_ALL_COUPON"" : ""Y"",
      ""YN_ACTIVE"" : true,
      ""NO_PROM"" : ""PRO202604161043"",
      ""NM_TYPE_PROM"" : ""할인"",
      ""NM_STAT"" : ""진행"",
      ""NM_PROM"" : ""[TEST] 더블적립_프로모션"",
      ""NM_BRAND"" : ""골든듀"",
      ""DT_START"" : ""20260416"",
      ""DT_PUBLISH_START"" : ""20260416"",
      ""DT_PUBLISH_END"" : ""20260531"",
      ""DT_EVENT_START"" : ""20260416"",
      ""DT_EVENT_END"" : ""20260531"",
      ""DT_END"" : ""20260531""
    }, {
      ""YN_USE_SPECIFIC_COUPON"" : ""N"",
      ""YN_USE_RATE_COUPON"" : ""N"",
      ""YN_USE_POINT"" : ""Y"",
      ""YN_USE_FIXED_COUPON"" : ""N"",
      ""YN_USE_COUPON"" : ""Y"",
      ""YN_SPEC_STORE"" : ""N"",
      ""YN_SPEC_ITEM"" : ""Y"",
      ""YN_PROM_DC"" : ""N"",
      ""YN_ALL_STORE"" : ""N"",
      ""YN_ALL_ITEM"" : ""N"",
      ""YN_ALL_COUPON"" : ""Y"",
      ""YN_ACTIVE"" : true,
      ""NO_PROM"" : ""PRO202604161046"",
      ""NM_TYPE_PROM"" : ""할인"",
      ""NM_STAT"" : ""진행"",
      ""NM_PROM"" : ""[TEST] 기획행사_프로모션"",
      ""NM_BRAND"" : ""골든듀"",
      ""DT_START"" : ""20260416"",
      ""DT_PUBLISH_START"" : ""20260416"",
      ""DT_PUBLISH_END"" : ""20260531"",
      ""DT_EVENT_START"" : ""20260416"",
      ""DT_EVENT_END"" : ""20260531"",
      ""DT_END"" : ""20260531""
    }, {
      ""YN_USE_SPECIFIC_COUPON"" : ""N"",
      ""YN_USE_RATE_COUPON"" : ""N"",
      ""YN_USE_POINT"" : ""Y"",
      ""YN_USE_FIXED_COUPON"" : ""N"",
      ""YN_USE_COUPON"" : ""Y"",
      ""YN_SPEC_STORE"" : ""N"",
      ""YN_SPEC_ITEM"" : ""N"",
      ""YN_PROM_DC"" : ""N"",
      ""YN_ALL_STORE"" : ""N"",
      ""YN_ALL_ITEM"" : ""Y"",
      ""YN_ALL_COUPON"" : ""Y"",
      ""YN_ACTIVE"" : true,
      ""NO_PROM"" : ""PRO202604161042"",
      ""NM_TYPE_PROM"" : ""할인"",
      ""NM_STAT"" : ""진행"",
      ""NM_PROM"" : ""[TEST] 사은불가_프로모션"",
      ""NM_BRAND"" : ""골든듀"",
      ""DT_START"" : ""20260416"",
      ""DT_PUBLISH_START"" : ""20260416"",
      ""DT_PUBLISH_END"" : ""20260531"",
      ""DT_EVENT_START"" : ""20260416"",
      ""DT_EVENT_END"" : ""20260531"",
      ""DT_END"" : ""20260531""
    }, {
      ""YN_USE_SPECIFIC_COUPON"" : ""Y"",
      ""YN_USE_RATE_COUPON"" : ""N"",
      ""YN_USE_POINT"" : ""N"",
      ""YN_USE_FIXED_COUPON"" : ""N"",
      ""YN_USE_COUPON"" : ""Y"",
      ""YN_SPEC_STORE"" : ""N"",
      ""YN_SPEC_ITEM"" : ""Y"",
      ""YN_PROM_DC"" : ""N"",
      ""YN_ALL_STORE"" : ""N"",
      ""YN_ALL_ITEM"" : ""N"",
      ""YN_ALL_COUPON"" : ""N"",
      ""YN_ACTIVE"" : true,
      ""NO_PROM"" : ""PRO202604161049"",
      ""NM_TYPE_PROM"" : ""할인"",
      ""NM_STAT"" : ""진행"",
      ""NM_PROM"" : ""[TEST] 혼합테스트_V2"",
      ""NM_BRAND"" : ""골든듀"",
      ""DT_START"" : ""20260416"",
      ""DT_PUBLISH_START"" : ""20260416"",
      ""DT_PUBLISH_END"" : ""20260531"",
      ""DT_EVENT_START"" : ""20260416"",
      ""DT_EVENT_END"" : ""20260531"",
      ""DT_END"" : ""20260531""
    }, {
      ""YN_USE_SPECIFIC_COUPON"" : ""N"",
      ""YN_USE_RATE_COUPON"" : ""N"",
      ""YN_USE_POINT"" : ""Y"",
      ""YN_USE_FIXED_COUPON"" : ""Y"",
      ""YN_USE_COUPON"" : ""Y"",
      ""YN_SPEC_STORE"" : ""N"",
      ""YN_SPEC_ITEM"" : ""N"",
      ""YN_PROM_DC"" : ""N"",
      ""YN_ALL_STORE"" : ""N"",
      ""YN_ALL_ITEM"" : ""N"",
      ""YN_ALL_COUPON"" : ""N"",
      ""YN_ACTIVE"" : true,
      ""NO_PROM"" : ""PRO202604161048"",
      ""NM_TYPE_PROM"" : ""할인"",
      ""NM_STAT"" : ""진행"",
      ""NM_PROM"" : ""[TEST] 혼합테스트_V1"",
      ""NM_BRAND"" : ""골든듀"",
      ""DT_START"" : ""20260416"",
      ""DT_PUBLISH_START"" : ""20260416"",
      ""DT_PUBLISH_END"" : ""20260531"",
      ""DT_EVENT_START"" : ""20260416"",
      ""DT_EVENT_END"" : ""20260531"",
      ""DT_END"" : ""20260531""
    }, {
      ""YN_USE_SPECIFIC_COUPON"" : ""N"",
      ""YN_USE_RATE_COUPON"" : ""N"",
      ""YN_USE_POINT"" : ""Y"",
      ""YN_USE_FIXED_COUPON"" : ""N"",
      ""YN_USE_COUPON"" : ""Y"",
      ""YN_SPEC_STORE"" : ""N"",
      ""YN_SPEC_ITEM"" : ""N"",
      ""YN_PROM_DC"" : ""N"",
      ""YN_ALL_STORE"" : ""N"",
      ""YN_ALL_ITEM"" : ""Y"",
      ""YN_ALL_COUPON"" : ""Y"",
      ""YN_ACTIVE"" : true,
      ""NO_PROM"" : ""PRO202604161045"",
      ""NM_TYPE_PROM"" : ""할인"",
      ""NM_STAT"" : ""진행"",
      ""NM_PROM"" : ""[TEST] 프로모션_마스터_변경"",
      ""NM_BRAND"" : ""골든듀"",
      ""DT_START"" : ""20260416"",
      ""DT_PUBLISH_START"" : ""20260416"",
      ""DT_PUBLISH_END"" : ""20260531"",
      ""DT_EVENT_START"" : ""20260416"",
      ""DT_EVENT_END"" : ""20260531"",
      ""DT_END"" : ""20260531""
    }, {
      ""YN_USE_SPECIFIC_COUPON"" : ""Y"",
      ""YN_USE_RATE_COUPON"" : ""N"",
      ""YN_USE_POINT"" : ""N"",
      ""YN_USE_FIXED_COUPON"" : ""N"",
      ""YN_USE_COUPON"" : ""Y"",
      ""YN_SPEC_STORE"" : ""N"",
      ""YN_SPEC_ITEM"" : ""N"",
      ""YN_PROM_DC"" : ""N"",
      ""YN_ALL_STORE"" : ""N"",
      ""YN_ALL_ITEM"" : ""N"",
      ""YN_ALL_COUPON"" : ""N"",
      ""YN_ACTIVE"" : true,
      ""NO_PROM"" : ""PRO202604291066"",
      ""NM_TYPE_PROM"" : ""할인"",
      ""NM_STAT"" : ""진행"",
      ""NM_PROM"" : ""[TEST] 프로모션 쿠폰 테스트"",
      ""NM_BRAND"" : ""골든듀"",
      ""DT_START"" : ""20260402"",
      ""DT_PUBLISH_START"" : ""20260401"",
      ""DT_PUBLISH_END"" : ""20260531"",
      ""DT_EVENT_START"" : ""20260401"",
      ""DT_EVENT_END"" : ""20260531"",
      ""DT_END"" : ""20260502""
    }, {
      ""YN_USE_SPECIFIC_COUPON"" : ""N"",
      ""YN_USE_RATE_COUPON"" : ""N"",
      ""YN_USE_POINT"" : ""Y"",
      ""YN_USE_FIXED_COUPON"" : ""N"",
      ""YN_USE_COUPON"" : ""Y"",
      ""YN_SPEC_STORE"" : ""N"",
      ""YN_SPEC_ITEM"" : ""N"",
      ""YN_PROM_DC"" : ""N"",
      ""YN_ALL_STORE"" : ""N"",
      ""YN_ALL_ITEM"" : ""Y"",
      ""YN_ALL_COUPON"" : ""Y"",
      ""YN_ACTIVE"" : true,
      ""NO_PROM"" : ""PRO202604161041"",
      ""NM_TYPE_PROM"" : ""할인"",
      ""NM_STAT"" : ""진행"",
      ""NM_PROM"" : ""[TEST]_프로모션없음"",
      ""NM_BRAND"" : ""골든듀"",
      ""DT_START"" : ""20260401"",
      ""DT_PUBLISH_START"" : ""20260401"",
      ""DT_PUBLISH_END"" : ""20260531"",
      ""DT_EVENT_START"" : ""20260401"",
      ""DT_EVENT_END"" : ""20260531"",
      ""DT_END"" : ""20260524""
    }, {
      ""YN_USE_SPECIFIC_COUPON"" : ""N"",
      ""YN_USE_RATE_COUPON"" : ""N"",
      ""YN_USE_POINT"" : ""N"",
      ""YN_USE_FIXED_COUPON"" : ""N"",
      ""YN_USE_COUPON"" : ""N"",
      ""YN_SPEC_STORE"" : ""N"",
      ""YN_SPEC_ITEM"" : ""N"",
      ""YN_PROM_DC"" : ""N"",
      ""YN_ALL_STORE"" : ""Y"",
      ""YN_ALL_ITEM"" : ""N"",
      ""YN_ALL_COUPON"" : ""N"",
      ""YN_ACTIVE"" : true,
      ""NO_PROM"" : ""PRO202604281062"",
      ""NM_TYPE_PROM"" : ""할인"",
      ""NM_STAT"" : ""등록"",
      ""NM_PROM"" : ""[TEST] 프로모션 게시기간 테스트"",
      ""NM_BRAND"" : ""골든듀"",
      ""DT_START"" : ""20260401"",
      ""DT_PUBLISH_START"" : ""20260401"",
      ""DT_PUBLISH_END"" : ""20260531"",
      ""DT_EVENT_START"" : ""20260401"",
      ""DT_EVENT_END"" : ""20260531"",
      ""DT_END"" : ""20260531""
    }, {
      ""YN_USE_SPECIFIC_COUPON"" : ""N"",
      ""YN_USE_RATE_COUPON"" : ""N"",
      ""YN_USE_POINT"" : ""Y"",
      ""YN_USE_FIXED_COUPON"" : ""N"",
      ""YN_USE_COUPON"" : ""Y"",
      ""YN_SPEC_STORE"" : ""N"",
      ""YN_SPEC_ITEM"" : ""N"",
      ""YN_PROM_DC"" : ""N"",
      ""YN_ALL_STORE"" : ""N"",
      ""YN_ALL_ITEM"" : ""Y"",
      ""YN_ALL_COUPON"" : ""Y"",
      ""YN_ACTIVE"" : true,
      ""NO_PROM"" : ""PRO202605051083"",
      ""NM_TYPE_PROM"" : ""할인"",
      ""NM_STAT"" : ""진행"",
      ""NM_PROM"" : ""[TEST]_V5_6사은적립불가"",
      ""NM_BRAND"" : ""골든듀"",
      ""DT_START"" : ""20260101"",
      ""DT_PUBLISH_START"" : ""20260101"",
      ""DT_PUBLISH_END"" : ""20260531"",
      ""DT_EVENT_START"" : ""20260101"",
      ""DT_EVENT_END"" : ""20260531"",
      ""DT_END"" : ""20260531""
    } ]
  },
  ""code"" : 200
}"
a12JO000000MljRYAS,2026-05-11T00:52:12.000+0000,GdPromotionDetailApiControllerV1,"{""PromotionNo__c"":""PRO202605091086""}",,"{
  ""success"" : true,
  ""message"" : ""프로모션 상세 조회 성공"",
  ""data"" : {
    ""PromotionDetail"" : {
      ""YN_PROM_DC"" : ""N"",
      ""YN_ALL_ITEM"" : ""Y"",
      ""YN_ACTIVE"" : true,
      ""STORES"" : [ ],
      ""POINTS"" : [ ],
      ""NO_PROM"" : ""PRO202605091086"",
      ""NM_PROM"" : ""[TEST] 포인트적립불가"",
      ""ITEMS"" : [ ],
      ""DT_PUBLISH_START"" : ""20260509"",
      ""DT_PUBLISH_END"" : ""20260531"",
      ""COUPONS"" : [ {
        ""RT_DISC"" : 0,
        ""NM_TYPE_COUPON"" : ""정액"",
        ""NM_MAN_COUPON"" : ""재발행(8월_일반생일)_2025"",
        ""DT_STR_EXP"" : ""20250801"",
        ""DT_END_EXP"" : ""20260731"",
        ""AM_DISC"" : 30000
      }, {
        ""RT_DISC"" : 0,
        ""NM_TYPE_COUPON"" : ""정액"",
        ""NM_MAN_COUPON"" : ""202509_일반회원_생일쿠폰"",
        ""DT_STR_EXP"" : ""20250901"",
        ""DT_END_EXP"" : ""20260831"",
        ""AM_DISC"" : 30000
      }, {
        ""RT_DISC"" : 0,
        ""NM_TYPE_COUPON"" : ""정액"",
        ""NM_MAN_COUPON"" : ""202509_VIP회원_생일쿠폰"",
        ""DT_STR_EXP"" : ""20250901"",
        ""DT_END_EXP"" : ""20260831"",
        ""AM_DISC"" : 50000
      }, {
        ""RT_DISC"" : 0,
        ""NM_TYPE_COUPON"" : ""정액"",
        ""NM_MAN_COUPON"" : ""202509_VVIP회원_생일쿠폰"",
        ""DT_STR_EXP"" : ""20250901"",
        ""DT_END_EXP"" : ""20260831"",
        ""AM_DISC"" : 100000
      }, {
        ""RT_DISC"" : 0,
        ""NM_TYPE_COUPON"" : ""정액"",
        ""NM_MAN_COUPON"" : ""202509_SVIP회원_생일쿠폰"",
        ""DT_STR_EXP"" : ""20250901"",
        ""DT_END_EXP"" : ""20260831"",
        ""AM_DISC"" : 100000
      }, {
        ""RT_DISC"" : 0,
        ""NM_TYPE_COUPON"" : ""정액"",
        ""NM_MAN_COUPON"" : ""재발행(12월_일반생일)_2025"",
        ""DT_STR_EXP"" : ""20251201"",
        ""DT_END_EXP"" : ""20261130"",
        ""AM_DISC"" : 30000
      }, {
        ""RT_DISC"" : 0,
        ""NM_TYPE_COUPON"" : ""정액"",
        ""NM_MAN_COUPON"" : ""재발행(10월_VVIP생일)_2025"",
        ""DT_STR_EXP"" : ""20251001"",
        ""DT_END_EXP"" : ""20260930"",
        ""AM_DISC"" : 100000
      }, {
        ""RT_DISC"" : 0,
        ""NM_TYPE_COUPON"" : ""정액"",
        ""NM_MAN_COUPON"" : ""202601_SVIP회원_생일쿠폰"",
        ""DT_STR_EXP"" : ""20260101"",
        ""DT_END_EXP"" : ""20261231"",
        ""AM_DISC"" : 100000
      }, {
        ""RT_DISC"" : 0,
        ""NM_TYPE_COUPON"" : ""정액"",
        ""NM_MAN_COUPON"" : ""202601_VVIP회원_생일쿠폰"",
        ""DT_STR_EXP"" : ""20260101"",
        ""DT_END_EXP"" : ""20261231"",
        ""AM_DISC"" : 100000
      }, {
        ""RT_DISC"" : 0,
        ""NM_TYPE_COUPON"" : ""정액"",
        ""NM_MAN_COUPON"" : ""202601_VIP회원_생일쿠폰"",
        ""DT_STR_EXP"" : ""20260101"",
        ""DT_END_EXP"" : ""20261231"",
        ""AM_DISC"" : 50000
      }, {
        ""RT_DISC"" : 0,
        ""NM_TYPE_COUPON"" : ""정액"",
        ""NM_MAN_COUPON"" : ""202601_일반회원_생일쿠폰"",
        ""DT_STR_EXP"" : ""20260101"",
        ""DT_END_EXP"" : ""20261231"",
        ""AM_DISC"" : 30000
      }, {
        ""RT_DISC"" : 0,
        ""NM_TYPE_COUPON"" : ""정액"",
        ""NM_MAN_COUPON"" : ""202601_신규1만원"",
        ""DT_STR_EXP"" : ""20260101"",
        ""DT_END_EXP"" : ""20260630"",
        ""AM_DISC"" : 10000
      }, {
        ""RT_DISC"" : 0,
        ""NM_TYPE_COUPON"" : ""정액"",
        ""NM_MAN_COUPON"" : ""재발행(202601_신규1만원)"",
        ""DT_STR_EXP"" : ""20260101"",
        ""DT_END_EXP"" : ""20260630"",
        ""AM_DISC"" : 10000
      }, {
        ""RT_DISC"" : 0,
        ""NM_TYPE_COUPON"" : ""정액"",
        ""NM_MAN_COUPON"" : ""202508_일반회원_생일쿠폰"",
        ""DT_STR_EXP"" : ""20250801"",
        ""DT_END_EXP"" : ""20260731"",
        ""AM_DISC"" : 30000
      }, {
        ""RT_DISC"" : 0,
        ""NM_TYPE_COUPON"" : ""정액"",
        ""NM_MAN_COUPON"" : ""202508_VIP회원_생일쿠폰"",
        ""DT_STR_EXP"" : ""20250801"",
        ""DT_END_EXP"" : ""20260731"",
        ""AM_DISC"" : 50000
      }, {
        ""RT_DISC"" : 0,
        ""NM_TYPE_COUPON"" : ""정액"",
        ""NM_MAN_COUPON"" : ""202508_VVIP회원_생일쿠폰"",
        ""DT_STR_EXP"" : ""20250801"",
        ""DT_END_EXP"" : ""20260731"",
        ""AM_DISC"" : 100000
      }, {
        ""RT_DISC"" : 0,
        ""NM_TYPE_COUPON"" : ""정액"",
        ""NM_MAN_COUPON"" : ""202508_SVIP회원_생일쿠폰"",
        ""DT_STR_EXP"" : ""20250801"",
        ""DT_END_EXP"" : ""20260731"",
        ""AM_DISC"" : 100000
      }, {
        ""RT_DISC"" : 0,
        ""NM_TYPE_COUPON"" : ""정액"",
        ""NM_MAN_COUPON"" : ""202507_일반회원_생일쿠폰"",
        ""DT_STR_EXP"" : ""20250701"",
        ""DT_END_EXP"" : ""20260630"",
        ""AM_DISC"" : 30000
      }, {
        ""RT_DISC"" : 0,
        ""NM_TYPE_COUPON"" : ""정액"",
        ""NM_MAN_COUPON"" : ""202507_SVIP회원_생일쿠폰"",
        ""DT_STR_EXP"" : ""20250701"",
        ""DT_END_EXP"" : ""20260630"",
        ""AM_DISC"" : 100000
      }, {
        ""RT_DISC"" : 0,
        ""NM_TYPE_COUPON"" : ""정액"",
        ""NM_MAN_COUPON"" : ""202507_VIP회원_생일쿠폰"",
        ""DT_STR_EXP"" : ""20250701"",
        ""DT_END_EXP"" : ""20260630"",
        ""AM_DISC"" : 50000
      }, {
        ""RT_DISC"" : 0,
        ""NM_TYPE_COUPON"" : ""정액"",
        ""NM_MAN_COUPON"" : ""202507_VVIP회원_생일쿠폰"",
        ""DT_STR_EXP"" : ""20250701"",
        ""DT_END_EXP"" : ""20260630"",
        ""AM_DISC"" : 100000
      }, {
        ""RT_DISC"" : 0,
        ""NM_TYPE_COUPON"" : ""정액"",
        ""NM_MAN_COUPON"" : ""재발행(7월_일반생일)_2025"",
        ""DT_STR_EXP"" : ""20250701"",
        ""DT_END_EXP"" : ""20260630"",
        ""AM_DISC"" : 30000
      }, {
        ""RT_DISC"" : 0,
        ""NM_TYPE_COUPON"" : ""정액"",
        ""NM_MAN_COUPON"" : ""202506_SVIP회원_생일쿠폰"",
        ""DT_STR_EXP"" : ""20250601"",
        ""DT_END_EXP"" : ""20260531"",
        ""AM_DISC"" : 100000
      }, {
        ""RT_DISC"" : 0,
        ""NM_TYPE_COUPON"" : ""정액"",
        ""NM_MAN_COUPON"" : ""202506_VVIP회원_생일쿠폰"",
        ""DT_STR_EXP"" : ""20250601"",
        ""DT_END_EXP"" : ""20260531"",
        ""AM_DISC"" : 100000
      }, {
        ""RT_DISC"" : 0,
        ""NM_TYPE_COUPON"" : ""정액"",
        ""NM_MAN_COUPON"" : ""202506_VIP회원_생일쿠폰"",
        ""DT_STR_EXP"" : ""20250601"",
        ""DT_END_EXP"" : ""20260531"",
        ""AM_DISC"" : 50000
      }, {
        ""RT_DISC"" : 0,
        ""NM_TYPE_COUPON"" : ""정액"",
        ""NM_MAN_COUPON"" : ""재발행(6월_일반생일)_2025"",
        ""DT_STR_EXP"" : ""20250601"",
        ""DT_END_EXP"" : ""20260531"",
        ""AM_DISC"" : 30000
      }, {
        ""RT_DISC"" : 0,
        ""NM_TYPE_COUPON"" : ""정액"",
        ""NM_MAN_COUPON"" : ""202506_일반회원_생일쿠폰"",
        ""DT_STR_EXP"" : ""20250601"",
        ""DT_END_EXP"" : ""20260531"",
        ""AM_DISC"" : 30000
      }, {
        ""RT_DISC"" : 0,
        ""NM_TYPE_COUPON"" : ""정액"",
        ""NM_MAN_COUPON"" : ""재발행(11월_일반생일)_2025"",
        ""DT_STR_EXP"" : ""20251101"",
        ""DT_END_EXP"" : ""20261031"",
        ""AM_DISC"" : 30000
      }, {
        ""RT_DISC"" : 0,
        ""NM_TYPE_COUPON"" : ""정액"",
        ""NM_MAN_COUPON"" : ""재발행(11월_VVIP생일)_2025"",
        ""DT_STR_EXP"" : ""20251101"",
        ""DT_END_EXP"" : ""20261031"",
        ""AM_DISC"" : 100000
      }, {
        ""RT_DISC"" : 0,
        ""NM_TYPE_COUPON"" : ""정액"",
        ""NM_MAN_COUPON"" : ""재발행(6월_VVIP생일)_2025"",
        ""DT_STR_EXP"" : ""20250601"",
        ""DT_END_EXP"" : ""20260531"",
        ""AM_DISC"" : 100000
      }, {
        ""RT_DISC"" : 0,
        ""NM_TYPE_COUPON"" : ""정액"",
        ""NM_MAN_COUPON"" : ""202512_일반회원_생일쿠폰"",
        ""DT_STR_EXP"" : ""20251201"",
        ""DT_END_EXP"" : ""20261130"",
        ""AM_DISC"" : 30000
      }, {
        ""RT_DISC"" : 0,
        ""NM_TYPE_COUPON"" : ""정액"",
        ""NM_MAN_COUPON"" : ""202512_SVIP회원_생일쿠폰"",
        ""DT_STR_EXP"" : ""20251201"",
        ""DT_END_EXP"" : ""20261130"",
        ""AM_DISC"" : 100000
      }, {
        ""RT_DISC"" : 0,
        ""NM_TYPE_COUPON"" : ""정액"",
        ""NM_MAN_COUPON"" : ""202512_VVIP회원_생일쿠폰"",
        ""DT_STR_EXP"" : ""20251201"",
        ""DT_END_EXP"" : ""20261130"",
        ""AM_DISC"" : 100000
      }, {
        ""RT_DISC"" : 0,
        ""NM_TYPE_COUPON"" : ""정액"",
        ""NM_MAN_COUPON"" : ""202512_VIP회원_생일쿠폰"",
        ""DT_STR_EXP"" : ""20251201"",
        ""DT_END_EXP"" : ""20261130"",
        ""AM_DISC"" : 50000
      }, {
        ""RT_DISC"" : 0,
        ""NM_TYPE_COUPON"" : ""정액"",
        ""NM_MAN_COUPON"" : ""202512_신규1만원"",
        ""DT_STR_EXP"" : ""20251201"",
        ""DT_END_EXP"" : ""20260531"",
        ""AM_DISC"" : 10000
      }, {
        ""RT_DISC"" : 0,
        ""NM_TYPE_COUPON"" : ""정액"",
        ""NM_MAN_COUPON"" : ""재발행(202512_신규1만원)"",
        ""DT_STR_EXP"" : ""20251201"",
        ""DT_END_EXP"" : ""20260531"",
        ""AM_DISC"" : 10000
      }, {
        ""RT_DISC"" : 0,
        ""NM_TYPE_COUPON"" : ""정액"",
        ""NM_MAN_COUPON"" : ""202511_일반회원_생일쿠폰"",
        ""DT_STR_EXP"" : ""20251101"",
        ""DT_END_EXP"" : ""20261031"",
        ""AM_DISC"" : 30000
      }, {
        ""RT_DISC"" : 0,
        ""NM_TYPE_COUPON"" : ""정액"",
        ""NM_MAN_COUPON"" : ""202511_VIP회원_생일쿠폰"",
        ""DT_STR_EXP"" : ""20251101"",
        ""DT_END_EXP"" : ""20261031"",
        ""AM_DISC"" : 50000
      }, {
        ""RT_DISC"" : 0,
        ""NM_TYPE_COUPON"" : ""정액"",
        ""NM_MAN_COUPON"" : ""202511_VVIP회원_생일쿠폰"",
        ""DT_STR_EXP"" : ""20251101"",
        ""DT_END_EXP"" : ""20261031"",
        ""AM_DISC"" : 100000
      }, {
        ""RT_DISC"" : 0,
        ""NM_TYPE_COUPON"" : ""정액"",
        ""NM_MAN_COUPON"" : ""202511_SVIP회원_생일쿠폰"",
        ""DT_STR_EXP"" : ""20251101"",
        ""DT_END_EXP"" : ""20261031"",
        ""AM_DISC"" : 100000
      }, {
        ""RT_DISC"" : 0,
        ""NM_TYPE_COUPON"" : ""정액"",
        ""NM_MAN_COUPON"" : ""재발행(7월_VIP생일)_2025"",
        ""DT_STR_EXP"" : ""20250701"",
        ""DT_END_EXP"" : ""20260630"",
        ""AM_DISC"" : 50000
      }, {
        ""RT_DISC"" : 0,
        ""NM_TYPE_COUPON"" : ""정액"",
        ""NM_MAN_COUPON"" : ""재발행(9월_일반생일)_2025"",
        ""DT_STR_EXP"" : ""20250901"",
        ""DT_END_EXP"" : ""20260831"",
        ""AM_DISC"" : 30000
      }, {
        ""RT_DISC"" : 0,
        ""NM_TYPE_COUPON"" : ""정액"",
        ""NM_MAN_COUPON"" : ""202510_일반회원_생일쿠폰"",
        ""DT_STR_EXP"" : ""20251001"",
        ""DT_END_EXP"" : ""20260930"",
        ""AM_DISC"" : 30000
      }, {
        ""RT_DISC"" : 0,
        ""NM_TYPE_COUPON"" : ""정액"",
        ""NM_MAN_COUPON"" : ""202510_VIP회원_생일쿠폰"",
        ""DT_STR_EXP"" : ""20251001"",
        ""DT_END_EXP"" : ""20260930"",
        ""AM_DISC"" : 50000
      }, {
        ""RT_DISC"" : 0,
        ""NM_TYPE_COUPON"" : ""정액"",
        ""NM_MAN_COUPON"" : ""202510_VVIP회원_생일쿠폰"",
        ""DT_STR_EXP"" : ""20251001"",
        ""DT_END_EXP"" : ""20260930"",
        ""AM_DISC"" : 100000
      }, {
        ""RT_DISC"" : 0,
        ""NM_TYPE_COUPON"" : ""정액"",
        ""NM_MAN_COUPON"" : ""202510_SVIP회원_생일쿠폰"",
        ""DT_STR_EXP"" : ""20251001"",
        ""DT_END_EXP"" : ""20260930"",
        ""AM_DISC"" : 100000
      }, {
        ""RT_DISC"" : 0,
        ""NM_TYPE_COUPON"" : ""정액"",
        ""NM_MAN_COUPON"" : ""재발행(10월_일반생일)_2025"",
        ""DT_STR_EXP"" : ""20251001"",
        ""DT_END_EXP"" : ""20260930"",
        ""AM_DISC"" : 30000
      }, {
        ""RT_DISC"" : 5,
        ""NM_TYPE_COUPON"" : ""정률"",
        ""NM_MAN_COUPON"" : ""5%할인_VVIP특별바우처5"",
        ""DT_STR_EXP"" : ""20260201"",
        ""DT_END_EXP"" : ""20270131"",
        ""AM_DISC"" : 0
      }, {
        ""RT_DISC"" : 0,
        ""NM_TYPE_COUPON"" : ""정액"",
        ""NM_MAN_COUPON"" : ""202605_SVIP회원_생일쿠폰"",
        ""DT_STR_EXP"" : ""20260501"",
        ""DT_END_EXP"" : ""20270430"",
        ""AM_DISC"" : 100000
      }, {
        ""RT_DISC"" : 0,
        ""NM_TYPE_COUPON"" : ""정액"",
        ""NM_MAN_COUPON"" : ""202605_VVIP회원_생일쿠폰"",
        ""DT_STR_EXP"" : ""20260501"",
        ""DT_END_EXP"" : ""20270430"",
        ""AM_DISC"" : 100000
      }, {
        ""RT_DISC"" : 0,
        ""NM_TYPE_COUPON"" : ""정액"",
        ""NM_MAN_COUPON"" : ""202605_VIP회원_생일쿠폰"",
        ""DT_STR_EXP"" : ""20260501"",
        ""DT_END_EXP"" : ""20270430"",
        ""AM_DISC"" : 50000
      }, {
        ""RT_DISC"" : 0,
        ""NM_TYPE_COUPON"" : ""정액"",
        ""NM_MAN_COUPON"" : ""202605_일반회원_생일쿠폰"",
        ""DT_STR_EXP"" : ""20260501"",
        ""DT_END_EXP"" : ""20270430"",
        ""AM_DISC"" : 30000
      }, {
        ""RT_DISC"" : 0,
        ""NM_TYPE_COUPON"" : ""정액"",
        ""NM_MAN_COUPON"" : ""202605_SVIP회원_수선15만원쿠폰"",
        ""DT_STR_EXP"" : ""20260501"",
        ""DT_END_EXP"" : ""20260531"",
        ""AM_DISC"" : 150000
      }, {
        ""RT_DISC"" : 0,
        ""NM_TYPE_COUPON"" : ""정액"",
        ""NM_MAN_COUPON"" : ""202605_VVIP회원_수선15만원쿠폰"",
        ""DT_STR_EXP"" : ""20260501"",
        ""DT_END_EXP"" : ""20260531"",
        ""AM_DISC"" : 150000
      }, {
        ""RT_DISC"" : 0,
        ""NM_TYPE_COUPON"" : ""정액"",
        ""NM_MAN_COUPON"" : ""202605_VIP회원_수선10만원쿠폰"",
        ""DT_STR_EXP"" : ""20260501"",
        ""DT_END_EXP"" : ""20260531"",
        ""AM_DISC"" : 100000
      }, {
        ""RT_DISC"" : 0,
        ""NM_TYPE_COUPON"" : ""정액"",
        ""NM_MAN_COUPON"" : ""202605_수선3만원쿠폰"",
        ""DT_STR_EXP"" : ""20260501"",
        ""DT_END_EXP"" : ""20260731"",
        ""AM_DISC"" : 30000
      }, {
        ""RT_DISC"" : 0,
        ""NM_TYPE_COUPON"" : ""정액"",
        ""NM_MAN_COUPON"" : ""202605_신규1만원"",
        ""DT_STR_EXP"" : ""20260501"",
        ""DT_END_EXP"" : ""20261031"",
        ""AM_DISC"" : 10000
      }, {
        ""RT_DISC"" : 0,
        ""NM_TYPE_COUPON"" : ""정액"",
        ""NM_MAN_COUPON"" : ""재발행(202605_신규1만원)"",
        ""DT_STR_EXP"" : ""20260501"",
        ""DT_END_EXP"" : ""20261031"",
        ""AM_DISC"" : 10000
      }, {
        ""RT_DISC"" : 0,
        ""NM_TYPE_COUPON"" : ""정액"",
        ""NM_MAN_COUPON"" : ""2026수선3만원쿠폰1_GIP"",
        ""DT_STR_EXP"" : ""20260201"",
        ""DT_END_EXP"" : ""20260731"",
        ""AM_DISC"" : 30000
      }, {
        ""RT_DISC"" : 0,
        ""NM_TYPE_COUPON"" : ""정액"",
        ""NM_MAN_COUPON"" : ""3%할인_VIP특별바우처_특수_송은경님"",
        ""DT_STR_EXP"" : ""20260201"",
        ""DT_END_EXP"" : ""20270131"",
        ""AM_DISC"" : 80400
      }, {
        ""RT_DISC"" : 0,
        ""NM_TYPE_COUPON"" : ""정액"",
        ""NM_MAN_COUPON"" : ""5만원우대권2_하나카드VIP_2026"",
        ""DT_STR_EXP"" : ""20260101"",
        ""DT_END_EXP"" : ""20261231"",
        ""AM_DISC"" : 50000
      }, {
        ""RT_DISC"" : 0,
        ""NM_TYPE_COUPON"" : ""정액"",
        ""NM_MAN_COUPON"" : ""상반기재발행_일반생일_2026"",
        ""DT_STR_EXP"" : ""20260101"",
        ""DT_END_EXP"" : ""20260630"",
        ""AM_DISC"" : 30000
      }, {
        ""RT_DISC"" : 0,
        ""NM_TYPE_COUPON"" : ""정액"",
        ""NM_MAN_COUPON"" : ""재발행(2월_일반생일)_2026"",
        ""DT_STR_EXP"" : ""20260201"",
        ""DT_END_EXP"" : ""20270131"",
        ""AM_DISC"" : 30000
      }, {
        ""RT_DISC"" : 0,
        ""NM_TYPE_COUPON"" : ""정액"",
        ""NM_MAN_COUPON"" : ""2026수선3만원쿠폰1_직원"",
        ""DT_STR_EXP"" : ""20260201"",
        ""DT_END_EXP"" : ""20260731"",
        ""AM_DISC"" : 30000
      }, {
        ""RT_DISC"" : 0,
        ""NM_TYPE_COUPON"" : ""정액"",
        ""NM_MAN_COUPON"" : ""202603_SVIP회원_생일쿠폰"",
        ""DT_STR_EXP"" : ""20260301"",
        ""DT_END_EXP"" : ""20270228"",
        ""AM_DISC"" : 100000
      }, {
        ""RT_DISC"" : 0,
        ""NM_TYPE_COUPON"" : ""정액"",
        ""NM_MAN_COUPON"" : ""202603_VVIP회원_생일쿠폰"",
        ""DT_STR_EXP"" : ""20260301"",
        ""DT_END_EXP"" : ""20270228"",
        ""AM_DISC"" : 100000
      }, {
        ""RT_DISC"" : 0,
        ""NM_TYPE_COUPON"" : ""정액"",
        ""NM_MAN_COUPON"" : ""202603_VIP회원_생일쿠폰"",
        ""DT_STR_EXP"" : ""20260301"",
        ""DT_END_EXP"" : ""20270228"",
        ""AM_DISC"" : 50000
      }, {
        ""RT_DISC"" : 0,
        ""NM_TYPE_COUPON"" : ""정액"",
        ""NM_MAN_COUPON"" : ""202603_신규1만원"",
        ""DT_STR_EXP"" : ""20260301"",
        ""DT_END_EXP"" : ""20260831"",
        ""AM_DISC"" : 10000
      }, {
        ""RT_DISC"" : 0,
        ""NM_TYPE_COUPON"" : ""정액"",
        ""NM_MAN_COUPON"" : ""재발행(202603_신규1만원)"",
        ""DT_STR_EXP"" : ""20260301"",
        ""DT_END_EXP"" : ""20260831"",
        ""AM_DISC"" : 10000
      }, {
        ""RT_DISC"" : 0,
        ""NM_TYPE_COUPON"" : ""정액"",
        ""NM_MAN_COUPON"" : ""202603_일반회원_생일쿠폰"",
        ""DT_STR_EXP"" : ""20260301"",
        ""DT_END_EXP"" : ""20270228"",
        ""AM_DISC"" : 30000
      }, {
        ""RT_DISC"" : 0,
        ""NM_TYPE_COUPON"" : ""정액"",
        ""NM_MAN_COUPON"" : ""재발행(1월_일반생일)_2026"",
        ""DT_STR_EXP"" : ""20260101"",
        ""DT_END_EXP"" : ""20261231"",
        ""AM_DISC"" : 30000
      }, {
        ""RT_DISC"" : 0,
        ""NM_TYPE_COUPON"" : ""정액"",
        ""NM_MAN_COUPON"" : ""2만원우대권_하나카드VIP_2026"",
        ""DT_STR_EXP"" : ""20260101"",
        ""DT_END_EXP"" : ""20261231"",
        ""AM_DISC"" : 20000
      }, {
        ""RT_DISC"" : 0,
        ""NM_TYPE_COUPON"" : ""정액"",
        ""NM_MAN_COUPON"" : ""5만원우대권_하나카드VIP_2026"",
        ""DT_STR_EXP"" : ""20260101"",
        ""DT_END_EXP"" : ""20261231"",
        ""AM_DISC"" : 50000
      }, {
        ""RT_DISC"" : 10,
        ""NM_TYPE_COUPON"" : ""정률"",
        ""NM_MAN_COUPON"" : ""10%할인_SVIP특별바우처1 (2)"",
        ""DT_STR_EXP"" : ""20260201"",
        ""DT_END_EXP"" : ""20270131"",
        ""AM_DISC"" : 0
      }, {
        ""RT_DISC"" : 10,
        ""NM_TYPE_COUPON"" : ""정률"",
        ""NM_MAN_COUPON"" : ""10%할인_SVIP특별바우처2 (2)"",
        ""DT_STR_EXP"" : ""20260201"",
        ""DT_END_EXP"" : ""20270131"",
        ""AM_DISC"" : 0
      }, {
        ""RT_DISC"" : 10,
        ""NM_TYPE_COUPON"" : ""정률"",
        ""NM_MAN_COUPON"" : ""10%할인_SVIP특별바우처3 (2)"",
        ""DT_STR_EXP"" : ""20260201"",
        ""DT_END_EXP"" : ""20270131"",
        ""AM_DISC"" : 0
      }, {
        ""RT_DISC"" : 5,
        ""NM_TYPE_COUPON"" : ""정률"",
        ""NM_MAN_COUPON"" : ""5%할인_VVIP특별바우처1"",
        ""DT_STR_EXP"" : ""20260201"",
        ""DT_END_EXP"" : ""20270131"",
        ""AM_DISC"" : 0
      }, {
        ""RT_DISC"" : 5,
        ""NM_TYPE_COUPON"" : ""정률"",
        ""NM_MAN_COUPON"" : ""5%할인_VVIP특별바우처2"",
        ""DT_STR_EXP"" : ""20260201"",
        ""DT_END_EXP"" : ""20270131"",
        ""AM_DISC"" : 0
      }, {
        ""RT_DISC"" : 5,
        ""NM_TYPE_COUPON"" : ""정률"",
        ""NM_MAN_COUPON"" : ""5%할인_VVIP특별바우처3"",
        ""DT_STR_EXP"" : ""20260201"",
        ""DT_END_EXP"" : ""20270131"",
        ""AM_DISC"" : 0
      }, {
        ""RT_DISC"" : 3,
        ""NM_TYPE_COUPON"" : ""정률"",
        ""NM_MAN_COUPON"" : ""3%할인_VIP특별바우처1"",
        ""DT_STR_EXP"" : ""20260201"",
        ""DT_END_EXP"" : ""20270131"",
        ""AM_DISC"" : 0
      }, {
        ""RT_DISC"" : 3,
        ""NM_TYPE_COUPON"" : ""정률"",
        ""NM_MAN_COUPON"" : ""3%할인_VIP특별바우처2"",
        ""DT_STR_EXP"" : ""20260201"",
        ""DT_END_EXP"" : ""20270131"",
        ""AM_DISC"" : 0
      }, {
        ""RT_DISC"" : 3,
        ""NM_TYPE_COUPON"" : ""정률"",
        ""NM_MAN_COUPON"" : ""3%할인_VIP특별바우처3"",
        ""DT_STR_EXP"" : ""20260201"",
        ""DT_END_EXP"" : ""20270131"",
        ""AM_DISC"" : 0
      }, {
        ""RT_DISC"" : 0,
        ""NM_TYPE_COUPON"" : ""정액"",
        ""NM_MAN_COUPON"" : ""202602_신규1만원"",
        ""DT_STR_EXP"" : ""20260201"",
        ""DT_END_EXP"" : ""20260731"",
        ""AM_DISC"" : 10000
      }, {
        ""RT_DISC"" : 0,
        ""NM_TYPE_COUPON"" : ""정액"",
        ""NM_MAN_COUPON"" : ""재발행(202602_신규1만원)"",
        ""DT_STR_EXP"" : ""20260201"",
        ""DT_END_EXP"" : ""20260731"",
        ""AM_DISC"" : 10000
      }, {
        ""RT_DISC"" : 0,
        ""NM_TYPE_COUPON"" : ""정액"",
        ""NM_MAN_COUPON"" : ""2026_SVIP_승격축하쿠폰"",
        ""DT_STR_EXP"" : ""20260201"",
        ""DT_END_EXP"" : ""20270131"",
        ""AM_DISC"" : 100000
      }, {
        ""RT_DISC"" : 0,
        ""NM_TYPE_COUPON"" : ""정액"",
        ""NM_MAN_COUPON"" : ""2026_VVIP_승격축하쿠폰"",
        ""DT_STR_EXP"" : ""20260201"",
        ""DT_END_EXP"" : ""20270131"",
        ""AM_DISC"" : 50000
      }, {
        ""RT_DISC"" : 0,
        ""NM_TYPE_COUPON"" : ""정액"",
        ""NM_MAN_COUPON"" : ""2026_VIP_승격축하쿠폰"",
        ""DT_STR_EXP"" : ""20260201"",
        ""DT_END_EXP"" : ""20270131"",
        ""AM_DISC"" : 50000
      }, {
        ""RT_DISC"" : 0,
        ""NM_TYPE_COUPON"" : ""정액"",
        ""NM_MAN_COUPON"" : ""202602_수선3만원쿠폰"",
        ""DT_STR_EXP"" : ""20260201"",
        ""DT_END_EXP"" : ""20260731"",
        ""AM_DISC"" : 30000
      }, {
        ""RT_DISC"" : 0,
        ""NM_TYPE_COUPON"" : ""정액"",
        ""NM_MAN_COUPON"" : ""2026수선3만원쿠폰1_직원 (2)"",
        ""DT_STR_EXP"" : ""20260201"",
        ""DT_END_EXP"" : ""20260731"",
        ""AM_DISC"" : 30000
      }, {
        ""RT_DISC"" : 0,
        ""NM_TYPE_COUPON"" : ""정액"",
        ""NM_MAN_COUPON"" : ""202602_SVIP회원_생일쿠폰"",
        ""DT_STR_EXP"" : ""20260201"",
        ""DT_END_EXP"" : ""20270131"",
        ""AM_DISC"" : 100000
      }, {
        ""RT_DISC"" : 0,
        ""NM_TYPE_COUPON"" : ""정액"",
        ""NM_MAN_COUPON"" : ""202602_VVIP회원_생일쿠폰"",
        ""DT_STR_EXP"" : ""20260201"",
        ""DT_END_EXP"" : ""20270131"",
        ""AM_DISC"" : 100000
      }, {
        ""RT_DISC"" : 0,
        ""NM_TYPE_COUPON"" : ""정액"",
        ""NM_MAN_COUPON"" : ""202602_VIP회원_생일쿠폰"",
        ""DT_STR_EXP"" : ""20260201"",
        ""DT_END_EXP"" : ""20270131"",
        ""AM_DISC"" : 50000
      }, {
        ""RT_DISC"" : 0,
        ""NM_TYPE_COUPON"" : ""정액"",
        ""NM_MAN_COUPON"" : ""202602_일반회원_생일쿠폰"",
        ""DT_STR_EXP"" : ""20260201"",
        ""DT_END_EXP"" : ""20270131"",
        ""AM_DISC"" : 30000
      }, {
        ""RT_DISC"" : 0,
        ""NM_TYPE_COUPON"" : ""정액"",
        ""NM_MAN_COUPON"" : ""재발행(2026_VIP_승격축하쿠폰)"",
        ""DT_STR_EXP"" : ""20260201"",
        ""DT_END_EXP"" : ""20270131"",
        ""AM_DISC"" : 50000
      }, {
        ""RT_DISC"" : 0,
        ""NM_TYPE_COUPON"" : ""정액"",
        ""NM_MAN_COUPON"" : ""202603_수선3만원쿠폰"",
        ""DT_STR_EXP"" : ""20260301"",
        ""DT_END_EXP"" : ""20260731"",
        ""AM_DISC"" : 30000
      }, {
        ""RT_DISC"" : 3,
        ""NM_TYPE_COUPON"" : ""정률"",
        ""NM_MAN_COUPON"" : ""3%할인_VIP특별바우처4"",
        ""DT_STR_EXP"" : ""20260201"",
        ""DT_END_EXP"" : ""20270131"",
        ""AM_DISC"" : 0
      }, {
        ""RT_DISC"" : 10,
        ""NM_TYPE_COUPON"" : ""정률"",
        ""NM_MAN_COUPON"" : ""10%할인_SVIP특별바우처4 (2)"",
        ""DT_STR_EXP"" : ""20260201"",
        ""DT_END_EXP"" : ""20270131"",
        ""AM_DISC"" : 0
      }, {
        ""RT_DISC"" : 0,
        ""NM_TYPE_COUPON"" : ""정액"",
        ""NM_MAN_COUPON"" : ""상반기재발행_VVIP생일쿠폰_2026"",
        ""DT_STR_EXP"" : ""20260101"",
        ""DT_END_EXP"" : ""20260630"",
        ""AM_DISC"" : 100000
      }, {
        ""RT_DISC"" : 0,
        ""NM_TYPE_COUPON"" : ""정액"",
        ""NM_MAN_COUPON"" : ""재발행(8월_VIP생일)_2025"",
        ""DT_STR_EXP"" : ""20250801"",
        ""DT_END_EXP"" : ""20260731"",
        ""AM_DISC"" : 50000
      }, {
        ""RT_DISC"" : 10,
        ""NM_TYPE_COUPON"" : ""정률"",
        ""NM_MAN_COUPON"" : ""10%할인_SVIP특별바우처5 (2)"",
        ""DT_STR_EXP"" : ""20260201"",
        ""DT_END_EXP"" : ""20270131"",
        ""AM_DISC"" : 0
      }, {
        ""RT_DISC"" : 10,
        ""NM_TYPE_COUPON"" : ""정률"",
        ""NM_MAN_COUPON"" : ""10%할인_SVIP특별바우처6 (2)"",
        ""DT_STR_EXP"" : ""20260201"",
        ""DT_END_EXP"" : ""20270131"",
        ""AM_DISC"" : 0
      }, {
        ""RT_DISC"" : 10,
        ""NM_TYPE_COUPON"" : ""정률"",
        ""NM_MAN_COUPON"" : ""10%할인_SVIP특별바우처7 (2)"",
        ""DT_STR_EXP"" : ""20260201"",
        ""DT_END_EXP"" : ""20270131"",
        ""AM_DISC"" : 0
      }, {
        ""RT_DISC"" : 10,
        ""NM_TYPE_COUPON"" : ""정률"",
        ""NM_MAN_COUPON"" : ""10%할인_SVIP특별바우처8 (3)"",
        ""DT_STR_EXP"" : ""20260201"",
        ""DT_END_EXP"" : ""20270131"",
        ""AM_DISC"" : 0
      }, {
        ""RT_DISC"" : 3,
        ""NM_TYPE_COUPON"" : ""정률"",
        ""NM_MAN_COUPON"" : ""3%할인_VIP특별바우처5"",
        ""DT_STR_EXP"" : ""20260201"",
        ""DT_END_EXP"" : ""20270131"",
        ""AM_DISC"" : 0
      }, {
        ""RT_DISC"" : 3,
        ""NM_TYPE_COUPON"" : ""정률"",
        ""NM_MAN_COUPON"" : ""3%할인_VIP특별바우처6"",
        ""DT_STR_EXP"" : ""20260201"",
        ""DT_END_EXP"" : ""20270131"",
        ""AM_DISC"" : 0
      }, {
        ""RT_DISC"" : 5,
        ""NM_TYPE_COUPON"" : ""정률"",
        ""NM_MAN_COUPON"" : ""5%할인_VVIP특별바우처4"",
        ""DT_STR_EXP"" : ""20260201"",
        ""DT_END_EXP"" : ""20270131"",
        ""AM_DISC"" : 0
      }, {
        ""RT_DISC"" : 0,
        ""NM_TYPE_COUPON"" : ""정액"",
        ""NM_MAN_COUPON"" : ""재발행(3월_일반생일)_2026"",
        ""DT_STR_EXP"" : ""20260301"",
        ""DT_END_EXP"" : ""20270228"",
        ""AM_DISC"" : 30000
      }, {
        ""RT_DISC"" : 0,
        ""NM_TYPE_COUPON"" : ""정액"",
        ""NM_MAN_COUPON"" : ""202604_일반회원_생일쿠폰"",
        ""DT_STR_EXP"" : ""20260401"",
        ""DT_END_EXP"" : ""20270331"",
        ""AM_DISC"" : 30000
      }, {
        ""RT_DISC"" : 0,
        ""NM_TYPE_COUPON"" : ""정액"",
        ""NM_MAN_COUPON"" : ""202604_SVIP회원_생일쿠폰"",
        ""DT_STR_EXP"" : ""20260401"",
        ""DT_END_EXP"" : ""20270331"",
        ""AM_DISC"" : 100000
      }, {
        ""RT_DISC"" : 0,
        ""NM_TYPE_COUPON"" : ""정액"",
        ""NM_MAN_COUPON"" : ""202604_VVIP회원_생일쿠폰"",
        ""DT_STR_EXP"" : ""20260401"",
        ""DT_END_EXP"" : ""20270331"",
        ""AM_DISC"" : 100000
      }, {
        ""RT_DISC"" : 0,
        ""NM_TYPE_COUPON"" : ""정액"",
        ""NM_MAN_COUPON"" : ""202604_VIP회원_생일쿠폰"",
        ""DT_STR_EXP"" : ""20260401"",
        ""DT_END_EXP"" : ""20270331"",
        ""AM_DISC"" : 50000
      }, {
        ""RT_DISC"" : 0,
        ""NM_TYPE_COUPON"" : ""정액"",
        ""NM_MAN_COUPON"" : ""202604_신규1만원"",
        ""DT_STR_EXP"" : ""20260401"",
        ""DT_END_EXP"" : ""20260930"",
        ""AM_DISC"" : 10000
      }, {
        ""RT_DISC"" : 0,
        ""NM_TYPE_COUPON"" : ""정액"",
        ""NM_MAN_COUPON"" : ""202604_수선3만원쿠폰"",
        ""DT_STR_EXP"" : ""20260401"",
        ""DT_END_EXP"" : ""20260731"",
        ""AM_DISC"" : 30000
      }, {
        ""RT_DISC"" : 0,
        ""NM_TYPE_COUPON"" : ""정액"",
        ""NM_MAN_COUPON"" : ""재발행(202604_신규1만원)"",
        ""DT_STR_EXP"" : ""20260401"",
        ""DT_END_EXP"" : ""20260930"",
        ""AM_DISC"" : 10000
      }, {
        ""RT_DISC"" : 0,
        ""NM_TYPE_COUPON"" : ""정액"",
        ""NM_MAN_COUPON"" : ""재발행(4월_일반생일)_2026"",
        ""DT_STR_EXP"" : ""20260401"",
        ""DT_END_EXP"" : ""20270331"",
        ""AM_DISC"" : 30000
      }, {
        ""RT_DISC"" : 0,
        ""NM_TYPE_COUPON"" : ""정액"",
        ""NM_MAN_COUPON"" : ""[TEST] 쿠폰_정액_5만원"",
        ""DT_STR_EXP"" : ""20260430"",
        ""DT_END_EXP"" : ""20260531"",
        ""AM_DISC"" : 30000
      }, {
        ""RT_DISC"" : 0,
        ""NM_TYPE_COUPON"" : ""정액"",
        ""NM_MAN_COUPON"" : ""[TEST] VIP_수선쿠폰"",
        ""DT_STR_EXP"" : ""20260501"",
        ""DT_END_EXP"" : ""20260531"",
        ""AM_DISC"" : 30000
      }, {
        ""RT_DISC"" : 10,
        ""NM_TYPE_COUPON"" : ""정률"",
        ""NM_MAN_COUPON"" : ""[TEST] 정률_10%"",
        ""DT_STR_EXP"" : ""20260501"",
        ""DT_END_EXP"" : ""20260531"",
        ""AM_DISC"" : 0
      }, {
        ""RT_DISC"" : 0,
        ""NM_TYPE_COUPON"" : ""정액"",
        ""NM_MAN_COUPON"" : ""[TEST] 정액_3만원"",
        ""DT_STR_EXP"" : ""20260501"",
        ""DT_END_EXP"" : ""20260531"",
        ""AM_DISC"" : 30000
      }, {
        ""RT_DISC"" : 0,
        ""NM_TYPE_COUPON"" : ""정액"",
        ""NM_MAN_COUPON"" : ""[TEST] 정액_5만원"",
        ""DT_STR_EXP"" : ""20260501"",
        ""DT_END_EXP"" : ""20260531"",
        ""AM_DISC"" : 50000
      }, {
        ""RT_DISC"" : 0,
        ""NM_TYPE_COUPON"" : ""정액"",
        ""NM_MAN_COUPON"" : ""[TEST] 신규_1만원"",
        ""DT_STR_EXP"" : ""20260501"",
        ""DT_END_EXP"" : ""20260531"",
        ""AM_DISC"" : 10000
      }, {
        ""RT_DISC"" : 0,
        ""NM_TYPE_COUPON"" : ""정액"",
        ""NM_MAN_COUPON"" : ""[TEST] 조회용_쿠폰_UPDATED"",
        ""DT_STR_EXP"" : ""20260502"",
        ""DT_END_EXP"" : ""20260630"",
        ""AM_DISC"" : 20000
      }, {
        ""RT_DISC"" : 0,
        ""NM_TYPE_COUPON"" : ""정액"",
        ""NM_MAN_COUPON"" : ""[TEST] 테스트 쿠폰 수정하지마세용"",
        ""DT_STR_EXP"" : ""20260501"",
        ""DT_END_EXP"" : ""20260530"",
        ""AM_DISC"" : 20000
      }, {
        ""RT_DISC"" : 10,
        ""NM_TYPE_COUPON"" : ""정률"",
        ""NM_MAN_COUPON"" : ""[TEST] VVIP_무제한정률"",
        ""DT_STR_EXP"" : ""20260502"",
        ""DT_END_EXP"" : ""20260531"",
        ""AM_DISC"" : 0
      }, {
        ""RT_DISC"" : 0,
        ""NM_TYPE_COUPON"" : ""정액"",
        ""NM_MAN_COUPON"" : ""[TEST] VVIP 생일쿠폰"",
        ""DT_STR_EXP"" : ""20260201"",
        ""DT_END_EXP"" : ""20260531"",
        ""AM_DISC"" : 100000
      }, {
        ""RT_DISC"" : 0,
        ""NM_TYPE_COUPON"" : ""정액"",
        ""NM_MAN_COUPON"" : ""[TEST] 신규가입쿠폰_아울렛"",
        ""DT_STR_EXP"" : ""20260501"",
        ""DT_END_EXP"" : ""20280501"",
        ""AM_DISC"" : 10000
      }, {
        ""RT_DISC"" : 3,
        ""NM_TYPE_COUPON"" : ""정률"",
        ""NM_MAN_COUPON"" : ""[TEST]_정률3%쿠폰"",
        ""DT_STR_EXP"" : ""20260503"",
        ""DT_END_EXP"" : """",
        ""AM_DISC"" : 0
      }, {
        ""RT_DISC"" : 0,
        ""NM_TYPE_COUPON"" : ""정액"",
        ""NM_MAN_COUPON"" : ""[TEST]_GIP 생일쿠폰"",
        ""DT_STR_EXP"" : ""20260503"",
        ""DT_END_EXP"" : """",
        ""AM_DISC"" : 30000
      }, {
        ""RT_DISC"" : 3,
        ""NM_TYPE_COUPON"" : ""정률"",
        ""NM_MAN_COUPON"" : ""[TEST] 신규가입쿠폰_백화점"",
        ""DT_STR_EXP"" : ""20260501"",
        ""DT_END_EXP"" : ""20280531"",
        ""AM_DISC"" : 0
      }, {
        ""RT_DISC"" : 5,
        ""NM_TYPE_COUPON"" : ""정률"",
        ""NM_MAN_COUPON"" : ""[TEST] VVIP_5%"",
        ""DT_STR_EXP"" : ""20260504"",
        ""DT_END_EXP"" : ""20260531"",
        ""AM_DISC"" : 0
      }, {
        ""RT_DISC"" : 0,
        ""NM_TYPE_COUPON"" : ""정액"",
        ""NM_MAN_COUPON"" : ""[TEST] SVIP_생일쿠폰"",
        ""DT_STR_EXP"" : ""20260504"",
        ""DT_END_EXP"" : ""20260531"",
        ""AM_DISC"" : 100000
      }, {
        ""RT_DISC"" : 0,
        ""NM_TYPE_COUPON"" : ""정액"",
        ""NM_MAN_COUPON"" : ""밀버스테스트_3만원"",
        ""DT_STR_EXP"" : ""20260201"",
        ""DT_END_EXP"" : ""20261231"",
        ""AM_DISC"" : 30000
      }, {
        ""RT_DISC"" : 0,
        ""NM_TYPE_COUPON"" : ""정액"",
        ""NM_MAN_COUPON"" : ""[TEST]_VVIP 수선쿠폰"",
        ""DT_STR_EXP"" : ""20260508"",
        ""DT_END_EXP"" : ""20260531"",
        ""AM_DISC"" : 100000
      }, {
        ""RT_DISC"" : 3,
        ""NM_TYPE_COUPON"" : ""정률"",
        ""NM_MAN_COUPON"" : ""142000000679_정률테스트"",
        ""DT_STR_EXP"" : ""20260501"",
        ""DT_END_EXP"" : ""20260531"",
        ""AM_DISC"" : 0
      }, {
        ""RT_DISC"" : 0,
        ""NM_TYPE_COUPON"" : ""정액"",
        ""NM_MAN_COUPON"" : ""[TEST]_SVIP수선쿠폰"",
        ""DT_STR_EXP"" : ""20260509"",
        ""DT_END_EXP"" : ""20260531"",
        ""AM_DISC"" : 150000
      }, {
        ""RT_DISC"" : 0,
        ""NM_TYPE_COUPON"" : ""정액"",
        ""NM_MAN_COUPON"" : ""[TEST] 10만원"",
        ""DT_STR_EXP"" : ""20260509"",
        ""DT_END_EXP"" : ""20260531"",
        ""AM_DISC"" : 100000
      }, {
        ""RT_DISC"" : 5,
        ""NM_TYPE_COUPON"" : ""정률"",
        ""NM_MAN_COUPON"" : ""[TEST]_5%할인쿠폰"",
        ""DT_STR_EXP"" : ""20260509"",
        ""DT_END_EXP"" : ""20260531"",
        ""AM_DISC"" : 0
      } ]
    }
  },
  ""code"" : 200
}"
a12JO000000Mll3YAC,2026-05-11T00:52:14.000+0000,GdPromotionDetailApiControllerV1,"{""PromotionNo__c"":""PRO202605021075""}",,"{
  ""success"" : true,
  ""message"" : ""프로모션 상세 조회 성공"",
  ""data"" : {
    ""PromotionDetail"" : {
      ""YN_PROM_DC"" : ""N"",
      ""YN_ALL_ITEM"" : ""N"",
      ""YN_ACTIVE"" : true,
      ""STORES"" : [ ],
      ""POINTS"" : [ ],
      ""NO_PROM"" : ""PRO202605021075"",
      ""NM_PROM"" : ""[TEST] 통합시나리오V2_품목변경"",
      ""ITEMS"" : [ ],
      ""DT_PUBLISH_START"" : ""20260502"",
      ""DT_PUBLISH_END"" : ""20260531"",
      ""COUPONS"" : [ ]
    }
  },
  ""code"" : 200
}"
a12JO000000MlmfYAC,2026-05-11T00:52:20.000+0000,GdPromotionDetailApiControllerV1,"{""PromotionNo__c"":""PRO202604161041""}",,"{
  ""success"" : true,
  ""message"" : ""프로모션 상세 조회 성공"",
  ""data"" : {
    ""PromotionDetail"" : {
      ""YN_PROM_DC"" : ""N"",
      ""YN_ALL_ITEM"" : ""Y"",
      ""YN_ACTIVE"" : true,
      ""STORES"" : [ ],
      ""POINTS"" : [ ],
      ""NO_PROM"" : ""PRO202604161041"",
      ""NM_PROM"" : ""[TEST]_프로모션없음"",
      ""ITEMS"" : [ ],
      ""DT_PUBLISH_START"" : ""20260401"",
      ""DT_PUBLISH_END"" : ""20260531"",
      ""COUPONS"" : [ {
        ""RT_DISC"" : 0,
        ""NM_TYPE_COUPON"" : ""정액"",
        ""NM_MAN_COUPON"" : ""재발행(8월_일반생일)_2025"",
        ""DT_STR_EXP"" : ""20250801"",
        ""DT_END_EXP"" : ""20260731"",
        ""AM_DISC"" : 30000
      }, {
        ""RT_DISC"" : 0,
        ""NM_TYPE_COUPON"" : ""정액"",
        ""NM_MAN_COUPON"" : ""202509_일반회원_생일쿠폰"",
        ""DT_STR_EXP"" : ""20250901"",
        ""DT_END_EXP"" : ""20260831"",
        ""AM_DISC"" : 30000
      }, {
        ""RT_DISC"" : 0,
        ""NM_TYPE_COUPON"" : ""정액"",
        ""NM_MAN_COUPON"" : ""202509_VIP회원_생일쿠폰"",
        ""DT_STR_EXP"" : ""20250901"",
        ""DT_END_EXP"" : ""20260831"",
        ""AM_DISC"" : 50000
      }, {
        ""RT_DISC"" : 0,
        ""NM_TYPE_COUPON"" : ""정액"",
        ""NM_MAN_COUPON"" : ""202509_VVIP회원_생일쿠폰"",
        ""DT_STR_EXP"" : ""20250901"",
        ""DT_END_EXP"" : ""20260831"",
        ""AM_DISC"" : 100000
      }, {
        ""RT_DISC"" : 0,
        ""NM_TYPE_COUPON"" : ""정액"",
        ""NM_MAN_COUPON"" : ""202509_SVIP회원_생일쿠폰"",
        ""DT_STR_EXP"" : ""20250901"",
        ""DT_END_EXP"" : ""20260831"",
        ""AM_DISC"" : 100000
      }, {
        ""RT_DISC"" : 0,
        ""NM_TYPE_COUPON"" : ""정액"",
        ""NM_MAN_COUPON"" : ""재발행(12월_일반생일)_2025"",
        ""DT_STR_EXP"" : ""20251201"",
        ""DT_END_EXP"" : ""20261130"",
        ""AM_DISC"" : 30000
      }, {
        ""RT_DISC"" : 0,
        ""NM_TYPE_COUPON"" : ""정액"",
        ""NM_MAN_COUPON"" : ""재발행(10월_VVIP생일)_2025"",
        ""DT_STR_EXP"" : ""20251001"",
        ""DT_END_EXP"" : ""20260930"",
        ""AM_DISC"" : 100000
      }, {
        ""RT_DISC"" : 0,
        ""NM_TYPE_COUPON"" : ""정액"",
        ""NM_MAN_COUPON"" : ""202601_SVIP회원_생일쿠폰"",
        ""DT_STR_EXP"" : ""20260101"",
        ""DT_END_EXP"" : ""20261231"",
        ""AM_DISC"" : 100000
      }, {
        ""RT_DISC"" : 0,
        ""NM_TYPE_COUPON"" : ""정액"",
        ""NM_MAN_COUPON"" : ""202601_VVIP회원_생일쿠폰"",
        ""DT_STR_EXP"" : ""20260101"",
        ""DT_END_EXP"" : ""20261231"",
        ""AM_DISC"" : 100000
      }, {
        ""RT_DISC"" : 0,
        ""NM_TYPE_COUPON"" : ""정액"",
        ""NM_MAN_COUPON"" : ""202601_VIP회원_생일쿠폰"",
        ""DT_STR_EXP"" : ""20260101"",
        ""DT_END_EXP"" : ""20261231"",
        ""AM_DISC"" : 50000
      }, {
        ""RT_DISC"" : 0,
        ""NM_TYPE_COUPON"" : ""정액"",
        ""NM_MAN_COUPON"" : ""202601_일반회원_생일쿠폰"",
        ""DT_STR_EXP"" : ""20260101"",
        ""DT_END_EXP"" : ""20261231"",
        ""AM_DISC"" : 30000
      }, {
        ""RT_DISC"" : 0,
        ""NM_TYPE_COUPON"" : ""정액"",
        ""NM_MAN_COUPON"" : ""202601_신규1만원"",
        ""DT_STR_EXP"" : ""20260101"",
        ""DT_END_EXP"" : ""20260630"",
        ""AM_DISC"" : 10000
      }, {
        ""RT_DISC"" : 0,
        ""NM_TYPE_COUPON"" : ""정액"",
        ""NM_MAN_COUPON"" : ""재발행(202601_신규1만원)"",
        ""DT_STR_EXP"" : ""20260101"",
        ""DT_END_EXP"" : ""20260630"",
        ""AM_DISC"" : 10000
      }, {
        ""RT_DISC"" : 0,
        ""NM_TYPE_COUPON"" : ""정액"",
        ""NM_MAN_COUPON"" : ""202508_일반회원_생일쿠폰"",
        ""DT_STR_EXP"" : ""20250801"",
        ""DT_END_EXP"" : ""20260731"",
        ""AM_DISC"" : 30000
      }, {
        ""RT_DISC"" : 0,
        ""NM_TYPE_COUPON"" : ""정액"",
        ""NM_MAN_COUPON"" : ""202508_VIP회원_생일쿠폰"",
        ""DT_STR_EXP"" : ""20250801"",
        ""DT_END_EXP"" : ""20260731"",
        ""AM_DISC"" : 50000
      }, {
        ""RT_DISC"" : 0,
        ""NM_TYPE_COUPON"" : ""정액"",
        ""NM_MAN_COUPON"" : ""202508_VVIP회원_생일쿠폰"",
        ""DT_STR_EXP"" : ""20250801"",
        ""DT_END_EXP"" : ""20260731"",
        ""AM_DISC"" : 100000
      }, {
        ""RT_DISC"" : 0,
        ""NM_TYPE_COUPON"" : ""정액"",
        ""NM_MAN_COUPON"" : ""202508_SVIP회원_생일쿠폰"",
        ""DT_STR_EXP"" : ""20250801"",
        ""DT_END_EXP"" : ""20260731"",
        ""AM_DISC"" : 100000
      }, {
        ""RT_DISC"" : 0,
        ""NM_TYPE_COUPON"" : ""정액"",
        ""NM_MAN_COUPON"" : ""202507_일반회원_생일쿠폰"",
        ""DT_STR_EXP"" : ""20250701"",
        ""DT_END_EXP"" : ""20260630"",
        ""AM_DISC"" : 30000
      }, {
        ""RT_DISC"" : 0,
        ""NM_TYPE_COUPON"" : ""정액"",
        ""NM_MAN_COUPON"" : ""202507_SVIP회원_생일쿠폰"",
        ""DT_STR_EXP"" : ""20250701"",
        ""DT_END_EXP"" : ""20260630"",
        ""AM_DISC"" : 100000
      }, {
        ""RT_DISC"" : 0,
        ""NM_TYPE_COUPON"" : ""정액"",
        ""NM_MAN_COUPON"" : ""202507_VIP회원_생일쿠폰"",
        ""DT_STR_EXP"" : ""20250701"",
        ""DT_END_EXP"" : ""20260630"",
        ""AM_DISC"" : 50000
      }, {
        ""RT_DISC"" : 0,
        ""NM_TYPE_COUPON"" : ""정액"",
        ""NM_MAN_COUPON"" : ""202507_VVIP회원_생일쿠폰"",
        ""DT_STR_EXP"" : ""20250701"",
        ""DT_END_EXP"" : ""20260630"",
        ""AM_DISC"" : 100000
      }, {
        ""RT_DISC"" : 0,
        ""NM_TYPE_COUPON"" : ""정액"",
        ""NM_MAN_COUPON"" : ""재발행(7월_일반생일)_2025"",
        ""DT_STR_EXP"" : ""20250701"",
        ""DT_END_EXP"" : ""20260630"",
        ""AM_DISC"" : 30000
      }, {
        ""RT_DISC"" : 0,
        ""NM_TYPE_COUPON"" : ""정액"",
        ""NM_MAN_COUPON"" : ""202506_SVIP회원_생일쿠폰"",
        ""DT_STR_EXP"" : ""20250601"",
        ""DT_END_EXP"" : ""20260531"",
        ""AM_DISC"" : 100000
      }, {
        ""RT_DISC"" : 0,
        ""NM_TYPE_COUPON"" : ""정액"",
        ""NM_MAN_COUPON"" : ""202506_VVIP회원_생일쿠폰"",
        ""DT_STR_EXP"" : ""20250601"",
        ""DT_END_EXP"" : ""20260531"",
        ""AM_DISC"" : 100000
      }, {
        ""RT_DISC"" : 0,
        ""NM_TYPE_COUPON"" : ""정액"",
        ""NM_MAN_COUPON"" : ""202506_VIP회원_생일쿠폰"",
        ""DT_STR_EXP"" : ""20250601"",
        ""DT_END_EXP"" : ""20260531"",
        ""AM_DISC"" : 50000
      }, {
        ""RT_DISC"" : 0,
        ""NM_TYPE_COUPON"" : ""정액"",
        ""NM_MAN_COUPON"" : ""재발행(6월_일반생일)_2025"",
        ""DT_STR_EXP"" : ""20250601"",
        ""DT_END_EXP"" : ""20260531"",
        ""AM_DISC"" : 30000
      }, {
        ""RT_DISC"" : 0,
        ""NM_TYPE_COUPON"" : ""정액"",
        ""NM_MAN_COUPON"" : ""202506_일반회원_생일쿠폰"",
        ""DT_STR_EXP"" : ""20250601"",
        ""DT_END_EXP"" : ""20260531"",
        ""AM_DISC"" : 30000
      }, {
        ""RT_DISC"" : 0,
        ""NM_TYPE_COUPON"" : ""정액"",
        ""NM_MAN_COUPON"" : ""재발행(11월_일반생일)_2025"",
        ""DT_STR_EXP"" : ""20251101"",
        ""DT_END_EXP"" : ""20261031"",
        ""AM_DISC"" : 30000
      }, {
        ""RT_DISC"" : 0,
        ""NM_TYPE_COUPON"" : ""정액"",
        ""NM_MAN_COUPON"" : ""재발행(11월_VVIP생일)_2025"",
        ""DT_STR_EXP"" : ""20251101"",
        ""DT_END_EXP"" : ""20261031"",
        ""AM_DISC"" : 100000
      }, {
        ""RT_DISC"" : 0,
        ""NM_TYPE_COUPON"" : ""정액"",
        ""NM_MAN_COUPON"" : ""재발행(6월_VVIP생일)_2025"",
        ""DT_STR_EXP"" : ""20250601"",
        ""DT_END_EXP"" : ""20260531"",
        ""AM_DISC"" : 100000
      }, {
        ""RT_DISC"" : 0,
        ""NM_TYPE_COUPON"" : ""정액"",
        ""NM_MAN_COUPON"" : ""202512_일반회원_생일쿠폰"",
        ""DT_STR_EXP"" : ""20251201"",
        ""DT_END_EXP"" : ""20261130"",
        ""AM_DISC"" : 30000
      }, {
        ""RT_DISC"" : 0,
        ""NM_TYPE_COUPON"" : ""정액"",
        ""NM_MAN_COUPON"" : ""202512_SVIP회원_생일쿠폰"",
        ""DT_STR_EXP"" : ""20251201"",
        ""DT_END_EXP"" : ""20261130"",
        ""AM_DISC"" : 100000
      }, {
        ""RT_DISC"" : 0,
        ""NM_TYPE_COUPON"" : ""정액"",
        ""NM_MAN_COUPON"" : ""202512_VVIP회원_생일쿠폰"",
        ""DT_STR_EXP"" : ""20251201"",
        ""DT_END_EXP"" : ""20261130"",
        ""AM_DISC"" : 100000
      }, {
        ""RT_DISC"" : 0,
        ""NM_TYPE_COUPON"" : ""정액"",
        ""NM_MAN_COUPON"" : ""202512_VIP회원_생일쿠폰"",
        ""DT_STR_EXP"" : ""20251201"",
        ""DT_END_EXP"" : ""20261130"",
        ""AM_DISC"" : 50000
      }, {
        ""RT_DISC"" : 0,
        ""NM_TYPE_COUPON"" : ""정액"",
        ""NM_MAN_COUPON"" : ""202512_신규1만원"",
        ""DT_STR_EXP"" : ""20251201"",
        ""DT_END_EXP"" : ""20260531"",
        ""AM_DISC"" : 10000
      }, {
        ""RT_DISC"" : 0,
        ""NM_TYPE_COUPON"" : ""정액"",
        ""NM_MAN_COUPON"" : ""재발행(202512_신규1만원)"",
        ""DT_STR_EXP"" : ""20251201"",
        ""DT_END_EXP"" : ""20260531"",
        ""AM_DISC"" : 10000
      }, {
        ""RT_DISC"" : 0,
        ""NM_TYPE_COUPON"" : ""정액"",
        ""NM_MAN_COUPON"" : ""202511_일반회원_생일쿠폰"",
        ""DT_STR_EXP"" : ""20251101"",
        ""DT_END_EXP"" : ""20261031"",
        ""AM_DISC"" : 30000
      }, {
        ""RT_DISC"" : 0,
        ""NM_TYPE_COUPON"" : ""정액"",
        ""NM_MAN_COUPON"" : ""202511_VIP회원_생일쿠폰"",
        ""DT_STR_EXP"" : ""20251101"",
        ""DT_END_EXP"" : ""20261031"",
        ""AM_DISC"" : 50000
      }, {
        ""RT_DISC"" : 0,
        ""NM_TYPE_COUPON"" : ""정액"",
        ""NM_MAN_COUPON"" : ""202511_VVIP회원_생일쿠폰"",
        ""DT_STR_EXP"" : ""20251101"",
        ""DT_END_EXP"" : ""20261031"",
        ""AM_DISC"" : 100000
      }, {
        ""RT_DISC"" : 0,
        ""NM_TYPE_COUPON"" : ""정액"",
        ""NM_MAN_COUPON"" : ""202511_SVIP회원_생일쿠폰"",
        ""DT_STR_EXP"" : ""20251101"",
        ""DT_END_EXP"" : ""20261031"",
        ""AM_DISC"" : 100000
      }, {
        ""RT_DISC"" : 0,
        ""NM_TYPE_COUPON"" : ""정액"",
        ""NM_MAN_COUPON"" : ""재발행(7월_VIP생일)_2025"",
        ""DT_STR_EXP"" : ""20250701"",
        ""DT_END_EXP"" : ""20260630"",
        ""AM_DISC"" : 50000
      }, {
        ""RT_DISC"" : 0,
        ""NM_TYPE_COUPON"" : ""정액"",
        ""NM_MAN_COUPON"" : ""재발행(9월_일반생일)_2025"",
        ""DT_STR_EXP"" : ""20250901"",
        ""DT_END_EXP"" : ""20260831"",
        ""AM_DISC"" : 30000
      }, {
        ""RT_DISC"" : 0,
        ""NM_TYPE_COUPON"" : ""정액"",
        ""NM_MAN_COUPON"" : ""202510_일반회원_생일쿠폰"",
        ""DT_STR_EXP"" : ""20251001"",
        ""DT_END_EXP"" : ""20260930"",
        ""AM_DISC"" : 30000
      }, {
        ""RT_DISC"" : 0,
        ""NM_TYPE_COUPON"" : ""정액"",
        ""NM_MAN_COUPON"" : ""202510_VIP회원_생일쿠폰"",
        ""DT_STR_EXP"" : ""20251001"",
        ""DT_END_EXP"" : ""20260930"",
        ""AM_DISC"" : 50000
      }, {
        ""RT_DISC"" : 0,
        ""NM_TYPE_COUPON"" : ""정액"",
        ""NM_MAN_COUPON"" : ""202510_VVIP회원_생일쿠폰"",
        ""DT_STR_EXP"" : ""20251001"",
        ""DT_END_EXP"" : ""20260930"",
        ""AM_DISC"" : 100000
      }, {
        ""RT_DISC"" : 0,
        ""NM_TYPE_COUPON"" : ""정액"",
        ""NM_MAN_COUPON"" : ""202510_SVIP회원_생일쿠폰"",
        ""DT_STR_EXP"" : ""20251001"",
        ""DT_END_EXP"" : ""20260930"",
        ""AM_DISC"" : 100000
      }, {
        ""RT_DISC"" : 0,
        ""NM_TYPE_COUPON"" : ""정액"",
        ""NM_MAN_COUPON"" : ""재발행(10월_일반생일)_2025"",
        ""DT_STR_EXP"" : ""20251001"",
        ""DT_END_EXP"" : ""20260930"",
        ""AM_DISC"" : 30000
      }, {
        ""RT_DISC"" : 5,
        ""NM_TYPE_COUPON"" : ""정률"",
        ""NM_MAN_COUPON"" : ""5%할인_VVIP특별바우처5"",
        ""DT_STR_EXP"" : ""20260201"",
        ""DT_END_EXP"" : ""20270131"",
        ""AM_DISC"" : 0
      }, {
        ""RT_DISC"" : 0,
        ""NM_TYPE_COUPON"" : ""정액"",
        ""NM_MAN_COUPON"" : ""202605_SVIP회원_생일쿠폰"",
        ""DT_STR_EXP"" : ""20260501"",
        ""DT_END_EXP"" : ""20270430"",
        ""AM_DISC"" : 100000
      }, {
        ""RT_DISC"" : 0,
        ""NM_TYPE_COUPON"" : ""정액"",
        ""NM_MAN_COUPON"" : ""202605_VVIP회원_생일쿠폰"",
        ""DT_STR_EXP"" : ""20260501"",
        ""DT_END_EXP"" : ""20270430"",
        ""AM_DISC"" : 100000
      }, {
        ""RT_DISC"" : 0,
        ""NM_TYPE_COUPON"" : ""정액"",
        ""NM_MAN_COUPON"" : ""202605_VIP회원_생일쿠폰"",
        ""DT_STR_EXP"" : ""20260501"",
        ""DT_END_EXP"" : ""20270430"",
        ""AM_DISC"" : 50000
      }, {
        ""RT_DISC"" : 0,
        ""NM_TYPE_COUPON"" : ""정액"",
        ""NM_MAN_COUPON"" : ""202605_일반회원_생일쿠폰"",
        ""DT_STR_EXP"" : ""20260501"",
        ""DT_END_EXP"" : ""20270430"",
        ""AM_DISC"" : 30000
      }, {
        ""RT_DISC"" : 0,
        ""NM_TYPE_COUPON"" : ""정액"",
        ""NM_MAN_COUPON"" : ""202605_SVIP회원_수선15만원쿠폰"",
        ""DT_STR_EXP"" : ""20260501"",
        ""DT_END_EXP"" : ""20260531"",
        ""AM_DISC"" : 150000
      }, {
        ""RT_DISC"" : 0,
        ""NM_TYPE_COUPON"" : ""정액"",
        ""NM_MAN_COUPON"" : ""202605_VVIP회원_수선15만원쿠폰"",
        ""DT_STR_EXP"" : ""20260501"",
        ""DT_END_EXP"" : ""20260531"",
        ""AM_DISC"" : 150000
      }, {
        ""RT_DISC"" : 0,
        ""NM_TYPE_COUPON"" : ""정액"",
        ""NM_MAN_COUPON"" : ""202605_VIP회원_수선10만원쿠폰"",
        ""DT_STR_EXP"" : ""20260501"",
        ""DT_END_EXP"" : ""20260531"",
        ""AM_DISC"" : 100000
      }, {
        ""RT_DISC"" : 0,
        ""NM_TYPE_COUPON"" : ""정액"",
        ""NM_MAN_COUPON"" : ""202605_수선3만원쿠폰"",
        ""DT_STR_EXP"" : ""20260501"",
        ""DT_END_EXP"" : ""20260731"",
        ""AM_DISC"" : 30000
      }, {
        ""RT_DISC"" : 0,
        ""NM_TYPE_COUPON"" : ""정액"",
        ""NM_MAN_COUPON"" : ""202605_신규1만원"",
        ""DT_STR_EXP"" : ""20260501"",
        ""DT_END_EXP"" : ""20261031"",
        ""AM_DISC"" : 10000
      }, {
        ""RT_DISC"" : 0,
        ""NM_TYPE_COUPON"" : ""정액"",
        ""NM_MAN_COUPON"" : ""재발행(202605_신규1만원)"",
        ""DT_STR_EXP"" : ""20260501"",
        ""DT_END_EXP"" : ""20261031"",
        ""AM_DISC"" : 10000
      }, {
        ""RT_DISC"" : 0,
        ""NM_TYPE_COUPON"" : ""정액"",
        ""NM_MAN_COUPON"" : ""2026수선3만원쿠폰1_GIP"",
        ""DT_STR_EXP"" : ""20260201"",
        ""DT_END_EXP"" : ""20260731"",
        ""AM_DISC"" : 30000
      }, {
        ""RT_DISC"" : 0,
        ""NM_TYPE_COUPON"" : ""정액"",
        ""NM_MAN_COUPON"" : ""3%할인_VIP특별바우처_특수_송은경님"",
        ""DT_STR_EXP"" : ""20260201"",
        ""DT_END_EXP"" : ""20270131"",
        ""AM_DISC"" : 80400
      }, {
        ""RT_DISC"" : 0,
        ""NM_TYPE_COUPON"" : ""정액"",
        ""NM_MAN_COUPON"" : ""5만원우대권2_하나카드VIP_2026"",
        ""DT_STR_EXP"" : ""20260101"",
        ""DT_END_EXP"" : ""20261231"",
        ""AM_DISC"" : 50000
      }, {
        ""RT_DISC"" : 0,
        ""NM_TYPE_COUPON"" : ""정액"",
        ""NM_MAN_COUPON"" : ""상반기재발행_일반생일_2026"",
        ""DT_STR_EXP"" : ""20260101"",
        ""DT_END_EXP"" : ""20260630"",
        ""AM_DISC"" : 30000
      }, {
        ""RT_DISC"" : 0,
        ""NM_TYPE_COUPON"" : ""정액"",
        ""NM_MAN_COUPON"" : ""재발행(2월_일반생일)_2026"",
        ""DT_STR_EXP"" : ""20260201"",
        ""DT_END_EXP"" : ""20270131"",
        ""AM_DISC"" : 30000
      }, {
        ""RT_DISC"" : 0,
        ""NM_TYPE_COUPON"" : ""정액"",
        ""NM_MAN_COUPON"" : ""2026수선3만원쿠폰1_직원"",
        ""DT_STR_EXP"" : ""20260201"",
        ""DT_END_EXP"" : ""20260731"",
        ""AM_DISC"" : 30000
      }, {
        ""RT_DISC"" : 0,
        ""NM_TYPE_COUPON"" : ""정액"",
        ""NM_MAN_COUPON"" : ""202603_SVIP회원_생일쿠폰"",
        ""DT_STR_EXP"" : ""20260301"",
        ""DT_END_EXP"" : ""20270228"",
        ""AM_DISC"" : 100000
      }, {
        ""RT_DISC"" : 0,
        ""NM_TYPE_COUPON"" : ""정액"",
        ""NM_MAN_COUPON"" : ""202603_VVIP회원_생일쿠폰"",
        ""DT_STR_EXP"" : ""20260301"",
        ""DT_END_EXP"" : ""20270228"",
        ""AM_DISC"" : 100000
      }, {
        ""RT_DISC"" : 0,
        ""NM_TYPE_COUPON"" : ""정액"",
        ""NM_MAN_COUPON"" : ""202603_VIP회원_생일쿠폰"",
        ""DT_STR_EXP"" : ""20260301"",
        ""DT_END_EXP"" : ""20270228"",
        ""AM_DISC"" : 50000
      }, {
        ""RT_DISC"" : 0,
        ""NM_TYPE_COUPON"" : ""정액"",
        ""NM_MAN_COUPON"" : ""202603_신규1만원"",
        ""DT_STR_EXP"" : ""20260301"",
        ""DT_END_EXP"" : ""20260831"",
        ""AM_DISC"" : 10000
      }, {
        ""RT_DISC"" : 0,
        ""NM_TYPE_COUPON"" : ""정액"",
        ""NM_MAN_COUPON"" : ""재발행(202603_신규1만원)"",
        ""DT_STR_EXP"" : ""20260301"",
        ""DT_END_EXP"" : ""20260831"",
        ""AM_DISC"" : 10000
      }, {
        ""RT_DISC"" : 0,
        ""NM_TYPE_COUPON"" : ""정액"",
        ""NM_MAN_COUPON"" : ""202603_일반회원_생일쿠폰"",
        ""DT_STR_EXP"" : ""20260301"",
        ""DT_END_EXP"" : ""20270228"",
        ""AM_DISC"" : 30000
      }, {
        ""RT_DISC"" : 0,
        ""NM_TYPE_COUPON"" : ""정액"",
        ""NM_MAN_COUPON"" : ""재발행(1월_일반생일)_2026"",
        ""DT_STR_EXP"" : ""20260101"",
        ""DT_END_EXP"" : ""20261231"",
        ""AM_DISC"" : 30000
      }, {
        ""RT_DISC"" : 0,
        ""NM_TYPE_COUPON"" : ""정액"",
        ""NM_MAN_COUPON"" : ""2만원우대권_하나카드VIP_2026"",
        ""DT_STR_EXP"" : ""20260101"",
        ""DT_END_EXP"" : ""20261231"",
        ""AM_DISC"" : 20000
      }, {
        ""RT_DISC"" : 0,
        ""NM_TYPE_COUPON"" : ""정액"",
        ""NM_MAN_COUPON"" : ""5만원우대권_하나카드VIP_2026"",
        ""DT_STR_EXP"" : ""20260101"",
        ""DT_END_EXP"" : ""20261231"",
        ""AM_DISC"" : 50000
      }, {
        ""RT_DISC"" : 10,
        ""NM_TYPE_COUPON"" : ""정률"",
        ""NM_MAN_COUPON"" : ""10%할인_SVIP특별바우처1 (2)"",
        ""DT_STR_EXP"" : ""20260201"",
        ""DT_END_EXP"" : ""20270131"",
        ""AM_DISC"" : 0
      }, {
        ""RT_DISC"" : 10,
        ""NM_TYPE_COUPON"" : ""정률"",
        ""NM_MAN_COUPON"" : ""10%할인_SVIP특별바우처2 (2)"",
        ""DT_STR_EXP"" : ""20260201"",
        ""DT_END_EXP"" : ""20270131"",
        ""AM_DISC"" : 0
      }, {
        ""RT_DISC"" : 10,
        ""NM_TYPE_COUPON"" : ""정률"",
        ""NM_MAN_COUPON"" : ""10%할인_SVIP특별바우처3 (2)"",
        ""DT_STR_EXP"" : ""20260201"",
        ""DT_END_EXP"" : ""20270131"",
        ""AM_DISC"" : 0
      }, {
        ""RT_DISC"" : 5,
        ""NM_TYPE_COUPON"" : ""정률"",
        ""NM_MAN_COUPON"" : ""5%할인_VVIP특별바우처1"",
        ""DT_STR_EXP"" : ""20260201"",
        ""DT_END_EXP"" : ""20270131"",
        ""AM_DISC"" : 0
      }, {
        ""RT_DISC"" : 5,
        ""NM_TYPE_COUPON"" : ""정률"",
        ""NM_MAN_COUPON"" : ""5%할인_VVIP특별바우처2"",
        ""DT_STR_EXP"" : ""20260201"",
        ""DT_END_EXP"" : ""20270131"",
        ""AM_DISC"" : 0
      }, {
        ""RT_DISC"" : 5,
        ""NM_TYPE_COUPON"" : ""정률"",
        ""NM_MAN_COUPON"" : ""5%할인_VVIP특별바우처3"",
        ""DT_STR_EXP"" : ""20260201"",
        ""DT_END_EXP"" : ""20270131"",
        ""AM_DISC"" : 0
      }, {
        ""RT_DISC"" : 3,
        ""NM_TYPE_COUPON"" : ""정률"",
        ""NM_MAN_COUPON"" : ""3%할인_VIP특별바우처1"",
        ""DT_STR_EXP"" : ""20260201"",
        ""DT_END_EXP"" : ""20270131"",
        ""AM_DISC"" : 0
      }, {
        ""RT_DISC"" : 3,
        ""NM_TYPE_COUPON"" : ""정률"",
        ""NM_MAN_COUPON"" : ""3%할인_VIP특별바우처2"",
        ""DT_STR_EXP"" : ""20260201"",
        ""DT_END_EXP"" : ""20270131"",
        ""AM_DISC"" : 0
      }, {
        ""RT_DISC"" : 3,
        ""NM_TYPE_COUPON"" : ""정률"",
        ""NM_MAN_COUPON"" : ""3%할인_VIP특별바우처3"",
        ""DT_STR_EXP"" : ""20260201"",
        ""DT_END_EXP"" : ""20270131"",
        ""AM_DISC"" : 0
      }, {
        ""RT_DISC"" : 0,
        ""NM_TYPE_COUPON"" : ""정액"",
        ""NM_MAN_COUPON"" : ""202602_신규1만원"",
        ""DT_STR_EXP"" : ""20260201"",
        ""DT_END_EXP"" : ""20260731"",
        ""AM_DISC"" : 10000
      }, {
        ""RT_DISC"" : 0,
        ""NM_TYPE_COUPON"" : ""정액"",
        ""NM_MAN_COUPON"" : ""재발행(202602_신규1만원)"",
        ""DT_STR_EXP"" : ""20260201"",
        ""DT_END_EXP"" : ""20260731"",
        ""AM_DISC"" : 10000
      }, {
        ""RT_DISC"" : 0,
        ""NM_TYPE_COUPON"" : ""정액"",
        ""NM_MAN_COUPON"" : ""2026_SVIP_승격축하쿠폰"",
        ""DT_STR_EXP"" : ""20260201"",
        ""DT_END_EXP"" : ""20270131"",
        ""AM_DISC"" : 100000
      }, {
        ""RT_DISC"" : 0,
        ""NM_TYPE_COUPON"" : ""정액"",
        ""NM_MAN_COUPON"" : ""2026_VVIP_승격축하쿠폰"",
        ""DT_STR_EXP"" : ""20260201"",
        ""DT_END_EXP"" : ""20270131"",
        ""AM_DISC"" : 50000
      }, {
        ""RT_DISC"" : 0,
        ""NM_TYPE_COUPON"" : ""정액"",
        ""NM_MAN_COUPON"" : ""2026_VIP_승격축하쿠폰"",
        ""DT_STR_EXP"" : ""20260201"",
        ""DT_END_EXP"" : ""20270131"",
        ""AM_DISC"" : 50000
      }, {
        ""RT_DISC"" : 0,
        ""NM_TYPE_COUPON"" : ""정액"",
        ""NM_MAN_COUPON"" : ""202602_수선3만원쿠폰"",
        ""DT_STR_EXP"" : ""20260201"",
        ""DT_END_EXP"" : ""20260731"",
        ""AM_DISC"" : 30000
      }, {
        ""RT_DISC"" : 0,
        ""NM_TYPE_COUPON"" : ""정액"",
        ""NM_MAN_COUPON"" : ""2026수선3만원쿠폰1_직원 (2)"",
        ""DT_STR_EXP"" : ""20260201"",
        ""DT_END_EXP"" : ""20260731"",
        ""AM_DISC"" : 30000
      }, {
        ""RT_DISC"" : 0,
        ""NM_TYPE_COUPON"" : ""정액"",
        ""NM_MAN_COUPON"" : ""202602_SVIP회원_생일쿠폰"",
        ""DT_STR_EXP"" : ""20260201"",
        ""DT_END_EXP"" : ""20270131"",
        ""AM_DISC"" : 100000
      }, {
        ""RT_DISC"" : 0,
        ""NM_TYPE_COUPON"" : ""정액"",
        ""NM_MAN_COUPON"" : ""202602_VVIP회원_생일쿠폰"",
        ""DT_STR_EXP"" : ""20260201"",
        ""DT_END_EXP"" : ""20270131"",
        ""AM_DISC"" : 100000
      }, {
        ""RT_DISC"" : 0,
        ""NM_TYPE_COUPON"" : ""정액"",
        ""NM_MAN_COUPON"" : ""202602_VIP회원_생일쿠폰"",
        ""DT_STR_EXP"" : ""20260201"",
        ""DT_END_EXP"" : ""20270131"",
        ""AM_DISC"" : 50000
      }, {
        ""RT_DISC"" : 0,
        ""NM_TYPE_COUPON"" : ""정액"",
        ""NM_MAN_COUPON"" : ""202602_일반회원_생일쿠폰"",
        ""DT_STR_EXP"" : ""20260201"",
        ""DT_END_EXP"" : ""20270131"",
        ""AM_DISC"" : 30000
      }, {
        ""RT_DISC"" : 0,
        ""NM_TYPE_COUPON"" : ""정액"",
        ""NM_MAN_COUPON"" : ""재발행(2026_VIP_승격축하쿠폰)"",
        ""DT_STR_EXP"" : ""20260201"",
        ""DT_END_EXP"" : ""20270131"",
        ""AM_DISC"" : 50000
      }, {
        ""RT_DISC"" : 0,
        ""NM_TYPE_COUPON"" : ""정액"",
        ""NM_MAN_COUPON"" : ""202603_수선3만원쿠폰"",
        ""DT_STR_EXP"" : ""20260301"",
        ""DT_END_EXP"" : ""20260731"",
        ""AM_DISC"" : 30000
      }, {
        ""RT_DISC"" : 3,
        ""NM_TYPE_COUPON"" : ""정률"",
        ""NM_MAN_COUPON"" : ""3%할인_VIP특별바우처4"",
        ""DT_STR_EXP"" : ""20260201"",
        ""DT_END_EXP"" : ""20270131"",
        ""AM_DISC"" : 0
      }, {
        ""RT_DISC"" : 10,
        ""NM_TYPE_COUPON"" : ""정률"",
        ""NM_MAN_COUPON"" : ""10%할인_SVIP특별바우처4 (2)"",
        ""DT_STR_EXP"" : ""20260201"",
        ""DT_END_EXP"" : ""20270131"",
        ""AM_DISC"" : 0
      }, {
        ""RT_DISC"" : 0,
        ""NM_TYPE_COUPON"" : ""정액"",
        ""NM_MAN_COUPON"" : ""상반기재발행_VVIP생일쿠폰_2026"",
        ""DT_STR_EXP"" : ""20260101"",
        ""DT_END_EXP"" : ""20260630"",
        ""AM_DISC"" : 100000
      }, {
        ""RT_DISC"" : 0,
        ""NM_TYPE_COUPON"" : ""정액"",
        ""NM_MAN_COUPON"" : ""재발행(8월_VIP생일)_2025"",
        ""DT_STR_EXP"" : ""20250801"",
        ""DT_END_EXP"" : ""20260731"",
        ""AM_DISC"" : 50000
      }, {
        ""RT_DISC"" : 10,
        ""NM_TYPE_COUPON"" : ""정률"",
        ""NM_MAN_COUPON"" : ""10%할인_SVIP특별바우처5 (2)"",
        ""DT_STR_EXP"" : ""20260201"",
        ""DT_END_EXP"" : ""20270131"",
        ""AM_DISC"" : 0
      }, {
        ""RT_DISC"" : 10,
        ""NM_TYPE_COUPON"" : ""정률"",
        ""NM_MAN_COUPON"" : ""10%할인_SVIP특별바우처6 (2)"",
        ""DT_STR_EXP"" : ""20260201"",
        ""DT_END_EXP"" : ""20270131"",
        ""AM_DISC"" : 0
      }, {
        ""RT_DISC"" : 10,
        ""NM_TYPE_COUPON"" : ""정률"",
        ""NM_MAN_COUPON"" : ""10%할인_SVIP특별바우처7 (2)"",
        ""DT_STR_EXP"" : ""20260201"",
        ""DT_END_EXP"" : ""20270131"",
        ""AM_DISC"" : 0
      }, {
        ""RT_DISC"" : 10,
        ""NM_TYPE_COUPON"" : ""정률"",
        ""NM_MAN_COUPON"" : ""10%할인_SVIP특별바우처8 (3)"",
        ""DT_STR_EXP"" : ""20260201"",
        ""DT_END_EXP"" : ""20270131"",
        ""AM_DISC"" : 0
      }, {
        ""RT_DISC"" : 3,
        ""NM_TYPE_COUPON"" : ""정률"",
        ""NM_MAN_COUPON"" : ""3%할인_VIP특별바우처5"",
        ""DT_STR_EXP"" : ""20260201"",
        ""DT_END_EXP"" : ""20270131"",
        ""AM_DISC"" : 0
      }, {
        ""RT_DISC"" : 3,
        ""NM_TYPE_COUPON"" : ""정률"",
        ""NM_MAN_COUPON"" : ""3%할인_VIP특별바우처6"",
        ""DT_STR_EXP"" : ""20260201"",
        ""DT_END_EXP"" : ""20270131"",
        ""AM_DISC"" : 0
      }, {
        ""RT_DISC"" : 5,
        ""NM_TYPE_COUPON"" : ""정률"",
        ""NM_MAN_COUPON"" : ""5%할인_VVIP특별바우처4"",
        ""DT_STR_EXP"" : ""20260201"",
        ""DT_END_EXP"" : ""20270131"",
        ""AM_DISC"" : 0
      }, {
        ""RT_DISC"" : 0,
        ""NM_TYPE_COUPON"" : ""정액"",
        ""NM_MAN_COUPON"" : ""재발행(3월_일반생일)_2026"",
        ""DT_STR_EXP"" : ""20260301"",
        ""DT_END_EXP"" : ""20270228"",
        ""AM_DISC"" : 30000
      }, {
        ""RT_DISC"" : 0,
        ""NM_TYPE_COUPON"" : ""정액"",
        ""NM_MAN_COUPON"" : ""202604_일반회원_생일쿠폰"",
        ""DT_STR_EXP"" : ""20260401"",
        ""DT_END_EXP"" : ""20270331"",
        ""AM_DISC"" : 30000
      }, {
        ""RT_DISC"" : 0,
        ""NM_TYPE_COUPON"" : ""정액"",
        ""NM_MAN_COUPON"" : ""202604_SVIP회원_생일쿠폰"",
        ""DT_STR_EXP"" : ""20260401"",
        ""DT_END_EXP"" : ""20270331"",
        ""AM_DISC"" : 100000
      }, {
        ""RT_DISC"" : 0,
        ""NM_TYPE_COUPON"" : ""정액"",
        ""NM_MAN_COUPON"" : ""202604_VVIP회원_생일쿠폰"",
        ""DT_STR_EXP"" : ""20260401"",
        ""DT_END_EXP"" : ""20270331"",
        ""AM_DISC"" : 100000
      }, {
        ""RT_DISC"" : 0,
        ""NM_TYPE_COUPON"" : ""정액"",
        ""NM_MAN_COUPON"" : ""202604_VIP회원_생일쿠폰"",
        ""DT_STR_EXP"" : ""20260401"",
        ""DT_END_EXP"" : ""20270331"",
        ""AM_DISC"" : 50000
      }, {
        ""RT_DISC"" : 0,
        ""NM_TYPE_COUPON"" : ""정액"",
        ""NM_MAN_COUPON"" : ""202604_신규1만원"",
        ""DT_STR_EXP"" : ""20260401"",
        ""DT_END_EXP"" : ""20260930"",
        ""AM_DISC"" : 10000
      }, {
        ""RT_DISC"" : 0,
        ""NM_TYPE_COUPON"" : ""정액"",
        ""NM_MAN_COUPON"" : ""202604_수선3만원쿠폰"",
        ""DT_STR_EXP"" : ""20260401"",
        ""DT_END_EXP"" : ""20260731"",
        ""AM_DISC"" : 30000
      }, {
        ""RT_DISC"" : 0,
        ""NM_TYPE_COUPON"" : ""정액"",
        ""NM_MAN_COUPON"" : ""재발행(202604_신규1만원)"",
        ""DT_STR_EXP"" : ""20260401"",
        ""DT_END_EXP"" : ""20260930"",
        ""AM_DISC"" : 10000
      }, {
        ""RT_DISC"" : 0,
        ""NM_TYPE_COUPON"" : ""정액"",
        ""NM_MAN_COUPON"" : ""재발행(4월_일반생일)_2026"",
        ""DT_STR_EXP"" : ""20260401"",
        ""DT_END_EXP"" : ""20270331"",
        ""AM_DISC"" : 30000
      }, {
        ""RT_DISC"" : 0,
        ""NM_TYPE_COUPON"" : ""정액"",
        ""NM_MAN_COUPON"" : ""[TEST] 쿠폰_정액_5만원"",
        ""DT_STR_EXP"" : ""20260430"",
        ""DT_END_EXP"" : ""20260531"",
        ""AM_DISC"" : 30000
      }, {
        ""RT_DISC"" : 0,
        ""NM_TYPE_COUPON"" : ""정액"",
        ""NM_MAN_COUPON"" : ""[TEST] VIP_수선쿠폰"",
        ""DT_STR_EXP"" : ""20260501"",
        ""DT_END_EXP"" : ""20260531"",
        ""AM_DISC"" : 30000
      }, {
        ""RT_DISC"" : 10,
        ""NM_TYPE_COUPON"" : ""정률"",
        ""NM_MAN_COUPON"" : ""[TEST] 정률_10%"",
        ""DT_STR_EXP"" : ""20260501"",
        ""DT_END_EXP"" : ""20260531"",
        ""AM_DISC"" : 0
      }, {
        ""RT_DISC"" : 0,
        ""NM_TYPE_COUPON"" : ""정액"",
        ""NM_MAN_COUPON"" : ""[TEST] 정액_3만원"",
        ""DT_STR_EXP"" : ""20260501"",
        ""DT_END_EXP"" : ""20260531"",
        ""AM_DISC"" : 30000
      }, {
        ""RT_DISC"" : 0,
        ""NM_TYPE_COUPON"" : ""정액"",
        ""NM_MAN_COUPON"" : ""[TEST] 정액_5만원"",
        ""DT_STR_EXP"" : ""20260501"",
        ""DT_END_EXP"" : ""20260531"",
        ""AM_DISC"" : 50000
      }, {
        ""RT_DISC"" : 0,
        ""NM_TYPE_COUPON"" : ""정액"",
        ""NM_MAN_COUPON"" : ""[TEST] 신규_1만원"",
        ""DT_STR_EXP"" : ""20260501"",
        ""DT_END_EXP"" : ""20260531"",
        ""AM_DISC"" : 10000
      }, {
        ""RT_DISC"" : 0,
        ""NM_TYPE_COUPON"" : ""정액"",
        ""NM_MAN_COUPON"" : ""[TEST] 조회용_쿠폰_UPDATED"",
        ""DT_STR_EXP"" : ""20260502"",
        ""DT_END_EXP"" : ""20260630"",
        ""AM_DISC"" : 20000
      }, {
        ""RT_DISC"" : 0,
        ""NM_TYPE_COUPON"" : ""정액"",
        ""NM_MAN_COUPON"" : ""[TEST] 테스트 쿠폰 수정하지마세용"",
        ""DT_STR_EXP"" : ""20260501"",
        ""DT_END_EXP"" : ""20260530"",
        ""AM_DISC"" : 20000
      }, {
        ""RT_DISC"" : 10,
        ""NM_TYPE_COUPON"" : ""정률"",
        ""NM_MAN_COUPON"" : ""[TEST] VVIP_무제한정률"",
        ""DT_STR_EXP"" : ""20260502"",
        ""DT_END_EXP"" : ""20260531"",
        ""AM_DISC"" : 0
      }, {
        ""RT_DISC"" : 0,
        ""NM_TYPE_COUPON"" : ""정액"",
        ""NM_MAN_COUPON"" : ""[TEST] VVIP 생일쿠폰"",
        ""DT_STR_EXP"" : ""20260201"",
        ""DT_END_EXP"" : ""20260531"",
        ""AM_DISC"" : 100000
      }, {
        ""RT_DISC"" : 0,
        ""NM_TYPE_COUPON"" : ""정액"",
        ""NM_MAN_COUPON"" : ""[TEST] 신규가입쿠폰_아울렛"",
        ""DT_STR_EXP"" : ""20260501"",
        ""DT_END_EXP"" : ""20280501"",
        ""AM_DISC"" : 10000
      }, {
        ""RT_DISC"" : 3,
        ""NM_TYPE_COUPON"" : ""정률"",
        ""NM_MAN_COUPON"" : ""[TEST]_정률3%쿠폰"",
        ""DT_STR_EXP"" : ""20260503"",
        ""DT_END_EXP"" : """",
        ""AM_DISC"" : 0
      }, {
        ""RT_DISC"" : 0,
        ""NM_TYPE_COUPON"" : ""정액"",
        ""NM_MAN_COUPON"" : ""[TEST]_GIP 생일쿠폰"",
        ""DT_STR_EXP"" : ""20260503"",
        ""DT_END_EXP"" : """",
        ""AM_DISC"" : 30000
      }, {
        ""RT_DISC"" : 3,
        ""NM_TYPE_COUPON"" : ""정률"",
        ""NM_MAN_COUPON"" : ""[TEST] 신규가입쿠폰_백화점"",
        ""DT_STR_EXP"" : ""20260501"",
        ""DT_END_EXP"" : ""20280531"",
        ""AM_DISC"" : 0
      }, {
        ""RT_DISC"" : 5,
        ""NM_TYPE_COUPON"" : ""정률"",
        ""NM_MAN_COUPON"" : ""[TEST] VVIP_5%"",
        ""DT_STR_EXP"" : ""20260504"",
        ""DT_END_EXP"" : ""20260531"",
        ""AM_DISC"" : 0
      }, {
        ""RT_DISC"" : 0,
        ""NM_TYPE_COUPON"" : ""정액"",
        ""NM_MAN_COUPON"" : ""[TEST] SVIP_생일쿠폰"",
        ""DT_STR_EXP"" : ""20260504"",
        ""DT_END_EXP"" : ""20260531"",
        ""AM_DISC"" : 100000
      }, {
        ""RT_DISC"" : 0,
        ""NM_TYPE_COUPON"" : ""정액"",
        ""NM_MAN_COUPON"" : ""밀버스테스트_3만원"",
        ""DT_STR_EXP"" : ""20260201"",
        ""DT_END_EXP"" : ""20261231"",
        ""AM_DISC"" : 30000
      }, {
        ""RT_DISC"" : 0,
        ""NM_TYPE_COUPON"" : ""정액"",
        ""NM_MAN_COUPON"" : ""[TEST]_VVIP 수선쿠폰"",
        ""DT_STR_EXP"" : ""20260508"",
        ""DT_END_EXP"" : ""20260531"",
        ""AM_DISC"" : 100000
      }, {
        ""RT_DISC"" : 3,
        ""NM_TYPE_COUPON"" : ""정률"",
        ""NM_MAN_COUPON"" : ""142000000679_정률테스트"",
        ""DT_STR_EXP"" : ""20260501"",
        ""DT_END_EXP"" : ""20260531"",
        ""AM_DISC"" : 0
      }, {
        ""RT_DISC"" : 0,
        ""NM_TYPE_COUPON"" : ""정액"",
        ""NM_MAN_COUPON"" : ""[TEST]_SVIP수선쿠폰"",
        ""DT_STR_EXP"" : ""20260509"",
        ""DT_END_EXP"" : ""20260531"",
        ""AM_DISC"" : 150000
      }, {
        ""RT_DISC"" : 0,
        ""NM_TYPE_COUPON"" : ""정액"",
        ""NM_MAN_COUPON"" : ""[TEST] 10만원"",
        ""DT_STR_EXP"" : ""20260509"",
        ""DT_END_EXP"" : ""20260531"",
        ""AM_DISC"" : 100000
      }, {
        ""RT_DISC"" : 5,
        ""NM_TYPE_COUPON"" : ""정률"",
        ""NM_MAN_COUPON"" : ""[TEST]_5%할인쿠폰"",
        ""DT_STR_EXP"" : ""20260509"",
        ""DT_END_EXP"" : ""20260531"",
        ""AM_DISC"" : 0
      } ]
    }
  },
  ""code"" : 200
}"
a12JO000000MloHYAS,2026-05-11T00:52:28.000+0000,GdPromotionDetailApiControllerV1,"{""PromotionNo__c"":""PRO202604161041""}",,"{
  ""success"" : true,
  ""message"" : ""프로모션 상세 조회 성공"",
  ""data"" : {
    ""PromotionDetail"" : {
      ""YN_PROM_DC"" : ""N"",
      ""YN_ALL_ITEM"" : ""Y"",
      ""YN_ACTIVE"" : true,
      ""STORES"" : [ ],
      ""POINTS"" : [ ],
      ""NO_PROM"" : ""PRO202604161041"",
      ""NM_PROM"" : ""[TEST]_프로모션없음"",
      ""ITEMS"" : [ ],
      ""DT_PUBLISH_START"" : ""20260401"",
      ""DT_PUBLISH_END"" : ""20260531"",
      ""COUPONS"" : [ {
        ""RT_DISC"" : 0,
        ""NM_TYPE_COUPON"" : ""정액"",
        ""NM_MAN_COUPON"" : ""재발행(8월_일반생일)_2025"",
        ""DT_STR_EXP"" : ""20250801"",
        ""DT_END_EXP"" : ""20260731"",
        ""AM_DISC"" : 30000
      }, {
        ""RT_DISC"" : 0,
        ""NM_TYPE_COUPON"" : ""정액"",
        ""NM_MAN_COUPON"" : ""202509_일반회원_생일쿠폰"",
        ""DT_STR_EXP"" : ""20250901"",
        ""DT_END_EXP"" : ""20260831"",
        ""AM_DISC"" : 30000
      }, {
        ""RT_DISC"" : 0,
        ""NM_TYPE_COUPON"" : ""정액"",
        ""NM_MAN_COUPON"" : ""202509_VIP회원_생일쿠폰"",
        ""DT_STR_EXP"" : ""20250901"",
        ""DT_END_EXP"" : ""20260831"",
        ""AM_DISC"" : 50000
      }, {
        ""RT_DISC"" : 0,
        ""NM_TYPE_COUPON"" : ""정액"",
        ""NM_MAN_COUPON"" : ""202509_VVIP회원_생일쿠폰"",
        ""DT_STR_EXP"" : ""20250901"",
        ""DT_END_EXP"" : ""20260831"",
        ""AM_DISC"" : 100000
      }, {
        ""RT_DISC"" : 0,
        ""NM_TYPE_COUPON"" : ""정액"",
        ""NM_MAN_COUPON"" : ""202509_SVIP회원_생일쿠폰"",
        ""DT_STR_EXP"" : ""20250901"",
        ""DT_END_EXP"" : ""20260831"",
        ""AM_DISC"" : 100000
      }, {
        ""RT_DISC"" : 0,
        ""NM_TYPE_COUPON"" : ""정액"",
        ""NM_MAN_COUPON"" : ""재발행(12월_일반생일)_2025"",
        ""DT_STR_EXP"" : ""20251201"",
        ""DT_END_EXP"" : ""20261130"",
        ""AM_DISC"" : 30000
      }, {
        ""RT_DISC"" : 0,
        ""NM_TYPE_COUPON"" : ""정액"",
        ""NM_MAN_COUPON"" : ""재발행(10월_VVIP생일)_2025"",
        ""DT_STR_EXP"" : ""20251001"",
        ""DT_END_EXP"" : ""20260930"",
        ""AM_DISC"" : 100000
      }, {
        ""RT_DISC"" : 0,
        ""NM_TYPE_COUPON"" : ""정액"",
        ""NM_MAN_COUPON"" : ""202601_SVIP회원_생일쿠폰"",
        ""DT_STR_EXP"" : ""20260101"",
        ""DT_END_EXP"" : ""20261231"",
        ""AM_DISC"" : 100000
      }, {
        ""RT_DISC"" : 0,
        ""NM_TYPE_COUPON"" : ""정액"",
        ""NM_MAN_COUPON"" : ""202601_VVIP회원_생일쿠폰"",
        ""DT_STR_EXP"" : ""20260101"",
        ""DT_END_EXP"" : ""20261231"",
        ""AM_DISC"" : 100000
      }, {
        ""RT_DISC"" : 0,
        ""NM_TYPE_COUPON"" : ""정액"",
        ""NM_MAN_COUPON"" : ""202601_VIP회원_생일쿠폰"",
        ""DT_STR_EXP"" : ""20260101"",
        ""DT_END_EXP"" : ""20261231"",
        ""AM_DISC"" : 50000
      }, {
        ""RT_DISC"" : 0,
        ""NM_TYPE_COUPON"" : ""정액"",
        ""NM_MAN_COUPON"" : ""202601_일반회원_생일쿠폰"",
        ""DT_STR_EXP"" : ""20260101"",
        ""DT_END_EXP"" : ""20261231"",
        ""AM_DISC"" : 30000
      }, {
        ""RT_DISC"" : 0,
        ""NM_TYPE_COUPON"" : ""정액"",
        ""NM_MAN_COUPON"" : ""202601_신규1만원"",
        ""DT_STR_EXP"" : ""20260101"",
        ""DT_END_EXP"" : ""20260630"",
        ""AM_DISC"" : 10000
      }, {
        ""RT_DISC"" : 0,
        ""NM_TYPE_COUPON"" : ""정액"",
        ""NM_MAN_COUPON"" : ""재발행(202601_신규1만원)"",
        ""DT_STR_EXP"" : ""20260101"",
        ""DT_END_EXP"" : ""20260630"",
        ""AM_DISC"" : 10000
      }, {
        ""RT_DISC"" : 0,
        ""NM_TYPE_COUPON"" : ""정액"",
        ""NM_MAN_COUPON"" : ""202508_일반회원_생일쿠폰"",
        ""DT_STR_EXP"" : ""20250801"",
        ""DT_END_EXP"" : ""20260731"",
        ""AM_DISC"" : 30000
      }, {
        ""RT_DISC"" : 0,
        ""NM_TYPE_COUPON"" : ""정액"",
        ""NM_MAN_COUPON"" : ""202508_VIP회원_생일쿠폰"",
        ""DT_STR_EXP"" : ""20250801"",
        ""DT_END_EXP"" : ""20260731"",
        ""AM_DISC"" : 50000
      }, {
        ""RT_DISC"" : 0,
        ""NM_TYPE_COUPON"" : ""정액"",
        ""NM_MAN_COUPON"" : ""202508_VVIP회원_생일쿠폰"",
        ""DT_STR_EXP"" : ""20250801"",
        ""DT_END_EXP"" : ""20260731"",
        ""AM_DISC"" : 100000
      }, {
        ""RT_DISC"" : 0,
        ""NM_TYPE_COUPON"" : ""정액"",
        ""NM_MAN_COUPON"" : ""202508_SVIP회원_생일쿠폰"",
        ""DT_STR_EXP"" : ""20250801"",
        ""DT_END_EXP"" : ""20260731"",
        ""AM_DISC"" : 100000
      }, {
        ""RT_DISC"" : 0,
        ""NM_TYPE_COUPON"" : ""정액"",
        ""NM_MAN_COUPON"" : ""202507_일반회원_생일쿠폰"",
        ""DT_STR_EXP"" : ""20250701"",
        ""DT_END_EXP"" : ""20260630"",
        ""AM_DISC"" : 30000
      }, {
        ""RT_DISC"" : 0,
        ""NM_TYPE_COUPON"" : ""정액"",
        ""NM_MAN_COUPON"" : ""202507_SVIP회원_생일쿠폰"",
        ""DT_STR_EXP"" : ""20250701"",
        ""DT_END_EXP"" : ""20260630"",
        ""AM_DISC"" : 100000
      }, {
        ""RT_DISC"" : 0,
        ""NM_TYPE_COUPON"" : ""정액"",
        ""NM_MAN_COUPON"" : ""202507_VIP회원_생일쿠폰"",
        ""DT_STR_EXP"" : ""20250701"",
        ""DT_END_EXP"" : ""20260630"",
        ""AM_DISC"" : 50000
      }, {
        ""RT_DISC"" : 0,
        ""NM_TYPE_COUPON"" : ""정액"",
        ""NM_MAN_COUPON"" : ""202507_VVIP회원_생일쿠폰"",
        ""DT_STR_EXP"" : ""20250701"",
        ""DT_END_EXP"" : ""20260630"",
        ""AM_DISC"" : 100000
      }, {
        ""RT_DISC"" : 0,
        ""NM_TYPE_COUPON"" : ""정액"",
        ""NM_MAN_COUPON"" : ""재발행(7월_일반생일)_2025"",
        ""DT_STR_EXP"" : ""20250701"",
        ""DT_END_EXP"" : ""20260630"",
        ""AM_DISC"" : 30000
      }, {
        ""RT_DISC"" : 0,
        ""NM_TYPE_COUPON"" : ""정액"",
        ""NM_MAN_COUPON"" : ""202506_SVIP회원_생일쿠폰"",
        ""DT_STR_EXP"" : ""20250601"",
        ""DT_END_EXP"" : ""20260531"",
        ""AM_DISC"" : 100000
      }, {
        ""RT_DISC"" : 0,
        ""NM_TYPE_COUPON"" : ""정액"",
        ""NM_MAN_COUPON"" : ""202506_VVIP회원_생일쿠폰"",
        ""DT_STR_EXP"" : ""20250601"",
        ""DT_END_EXP"" : ""20260531"",
        ""AM_DISC"" : 100000
      }, {
        ""RT_DISC"" : 0,
        ""NM_TYPE_COUPON"" : ""정액"",
        ""NM_MAN_COUPON"" : ""202506_VIP회원_생일쿠폰"",
        ""DT_STR_EXP"" : ""20250601"",
        ""DT_END_EXP"" : ""20260531"",
        ""AM_DISC"" : 50000
      }, {
        ""RT_DISC"" : 0,
        ""NM_TYPE_COUPON"" : ""정액"",
        ""NM_MAN_COUPON"" : ""재발행(6월_일반생일)_2025"",
        ""DT_STR_EXP"" : ""20250601"",
        ""DT_END_EXP"" : ""20260531"",
        ""AM_DISC"" : 30000
      }, {
        ""RT_DISC"" : 0,
        ""NM_TYPE_COUPON"" : ""정액"",
        ""NM_MAN_COUPON"" : ""202506_일반회원_생일쿠폰"",
        ""DT_STR_EXP"" : ""20250601"",
        ""DT_END_EXP"" : ""20260531"",
        ""AM_DISC"" : 30000
      }, {
        ""RT_DISC"" : 0,
        ""NM_TYPE_COUPON"" : ""정액"",
        ""NM_MAN_COUPON"" : ""재발행(11월_일반생일)_2025"",
        ""DT_STR_EXP"" : ""20251101"",
        ""DT_END_EXP"" : ""20261031"",
        ""AM_DISC"" : 30000
      }, {
        ""RT_DISC"" : 0,
        ""NM_TYPE_COUPON"" : ""정액"",
        ""NM_MAN_COUPON"" : ""재발행(11월_VVIP생일)_2025"",
        ""DT_STR_EXP"" : ""20251101"",
        ""DT_END_EXP"" : ""20261031"",
        ""AM_DISC"" : 100000
      }, {
        ""RT_DISC"" : 0,
        ""NM_TYPE_COUPON"" : ""정액"",
        ""NM_MAN_COUPON"" : ""재발행(6월_VVIP생일)_2025"",
        ""DT_STR_EXP"" : ""20250601"",
        ""DT_END_EXP"" : ""20260531"",
        ""AM_DISC"" : 100000
      }, {
        ""RT_DISC"" : 0,
        ""NM_TYPE_COUPON"" : ""정액"",
        ""NM_MAN_COUPON"" : ""202512_일반회원_생일쿠폰"",
        ""DT_STR_EXP"" : ""20251201"",
        ""DT_END_EXP"" : ""20261130"",
        ""AM_DISC"" : 30000
      }, {
        ""RT_DISC"" : 0,
        ""NM_TYPE_COUPON"" : ""정액"",
        ""NM_MAN_COUPON"" : ""202512_SVIP회원_생일쿠폰"",
        ""DT_STR_EXP"" : ""20251201"",
        ""DT_END_EXP"" : ""20261130"",
        ""AM_DISC"" : 100000
      }, {
        ""RT_DISC"" : 0,
        ""NM_TYPE_COUPON"" : ""정액"",
        ""NM_MAN_COUPON"" : ""202512_VVIP회원_생일쿠폰"",
        ""DT_STR_EXP"" : ""20251201"",
        ""DT_END_EXP"" : ""20261130"",
        ""AM_DISC"" : 100000
      }, {
        ""RT_DISC"" : 0,
        ""NM_TYPE_COUPON"" : ""정액"",
        ""NM_MAN_COUPON"" : ""202512_VIP회원_생일쿠폰"",
        ""DT_STR_EXP"" : ""20251201"",
        ""DT_END_EXP"" : ""20261130"",
        ""AM_DISC"" : 50000
      }, {
        ""RT_DISC"" : 0,
        ""NM_TYPE_COUPON"" : ""정액"",
        ""NM_MAN_COUPON"" : ""202512_신규1만원"",
        ""DT_STR_EXP"" : ""20251201"",
        ""DT_END_EXP"" : ""20260531"",
        ""AM_DISC"" : 10000
      }, {
        ""RT_DISC"" : 0,
        ""NM_TYPE_COUPON"" : ""정액"",
        ""NM_MAN_COUPON"" : ""재발행(202512_신규1만원)"",
        ""DT_STR_EXP"" : ""20251201"",
        ""DT_END_EXP"" : ""20260531"",
        ""AM_DISC"" : 10000
      }, {
        ""RT_DISC"" : 0,
        ""NM_TYPE_COUPON"" : ""정액"",
        ""NM_MAN_COUPON"" : ""202511_일반회원_생일쿠폰"",
        ""DT_STR_EXP"" : ""20251101"",
        ""DT_END_EXP"" : ""20261031"",
        ""AM_DISC"" : 30000
      }, {
        ""RT_DISC"" : 0,
        ""NM_TYPE_COUPON"" : ""정액"",
        ""NM_MAN_COUPON"" : ""202511_VIP회원_생일쿠폰"",
        ""DT_STR_EXP"" : ""20251101"",
        ""DT_END_EXP"" : ""20261031"",
        ""AM_DISC"" : 50000
      }, {
        ""RT_DISC"" : 0,
        ""NM_TYPE_COUPON"" : ""정액"",
        ""NM_MAN_COUPON"" : ""202511_VVIP회원_생일쿠폰"",
        ""DT_STR_EXP"" : ""20251101"",
        ""DT_END_EXP"" : ""20261031"",
        ""AM_DISC"" : 100000
      }, {
        ""RT_DISC"" : 0,
        ""NM_TYPE_COUPON"" : ""정액"",
        ""NM_MAN_COUPON"" : ""202511_SVIP회원_생일쿠폰"",
        ""DT_STR_EXP"" : ""20251101"",
        ""DT_END_EXP"" : ""20261031"",
        ""AM_DISC"" : 100000
      }, {
        ""RT_DISC"" : 0,
        ""NM_TYPE_COUPON"" : ""정액"",
        ""NM_MAN_COUPON"" : ""재발행(7월_VIP생일)_2025"",
        ""DT_STR_EXP"" : ""20250701"",
        ""DT_END_EXP"" : ""20260630"",
        ""AM_DISC"" : 50000
      }, {
        ""RT_DISC"" : 0,
        ""NM_TYPE_COUPON"" : ""정액"",
        ""NM_MAN_COUPON"" : ""재발행(9월_일반생일)_2025"",
        ""DT_STR_EXP"" : ""20250901"",
        ""DT_END_EXP"" : ""20260831"",
        ""AM_DISC"" : 30000
      }, {
        ""RT_DISC"" : 0,
        ""NM_TYPE_COUPON"" : ""정액"",
        ""NM_MAN_COUPON"" : ""202510_일반회원_생일쿠폰"",
        ""DT_STR_EXP"" : ""20251001"",
        ""DT_END_EXP"" : ""20260930"",
        ""AM_DISC"" : 30000
      }, {
        ""RT_DISC"" : 0,
        ""NM_TYPE_COUPON"" : ""정액"",
        ""NM_MAN_COUPON"" : ""202510_VIP회원_생일쿠폰"",
        ""DT_STR_EXP"" : ""20251001"",
        ""DT_END_EXP"" : ""20260930"",
        ""AM_DISC"" : 50000
      }, {
        ""RT_DISC"" : 0,
        ""NM_TYPE_COUPON"" : ""정액"",
        ""NM_MAN_COUPON"" : ""202510_VVIP회원_생일쿠폰"",
        ""DT_STR_EXP"" : ""20251001"",
        ""DT_END_EXP"" : ""20260930"",
        ""AM_DISC"" : 100000
      }, {
        ""RT_DISC"" : 0,
        ""NM_TYPE_COUPON"" : ""정액"",
        ""NM_MAN_COUPON"" : ""202510_SVIP회원_생일쿠폰"",
        ""DT_STR_EXP"" : ""20251001"",
        ""DT_END_EXP"" : ""20260930"",
        ""AM_DISC"" : 100000
      }, {
        ""RT_DISC"" : 0,
        ""NM_TYPE_COUPON"" : ""정액"",
        ""NM_MAN_COUPON"" : ""재발행(10월_일반생일)_2025"",
        ""DT_STR_EXP"" : ""20251001"",
        ""DT_END_EXP"" : ""20260930"",
        ""AM_DISC"" : 30000
      }, {
        ""RT_DISC"" : 5,
        ""NM_TYPE_COUPON"" : ""정률"",
        ""NM_MAN_COUPON"" : ""5%할인_VVIP특별바우처5"",
        ""DT_STR_EXP"" : ""20260201"",
        ""DT_END_EXP"" : ""20270131"",
        ""AM_DISC"" : 0
      }, {
        ""RT_DISC"" : 0,
        ""NM_TYPE_COUPON"" : ""정액"",
        ""NM_MAN_COUPON"" : ""202605_SVIP회원_생일쿠폰"",
        ""DT_STR_EXP"" : ""20260501"",
        ""DT_END_EXP"" : ""20270430"",
        ""AM_DISC"" : 100000
      }, {
        ""RT_DISC"" : 0,
        ""NM_TYPE_COUPON"" : ""정액"",
        ""NM_MAN_COUPON"" : ""202605_VVIP회원_생일쿠폰"",
        ""DT_STR_EXP"" : ""20260501"",
        ""DT_END_EXP"" : ""20270430"",
        ""AM_DISC"" : 100000
      }, {
        ""RT_DISC"" : 0,
        ""NM_TYPE_COUPON"" : ""정액"",
        ""NM_MAN_COUPON"" : ""202605_VIP회원_생일쿠폰"",
        ""DT_STR_EXP"" : ""20260501"",
        ""DT_END_EXP"" : ""20270430"",
        ""AM_DISC"" : 50000
      }, {
        ""RT_DISC"" : 0,
        ""NM_TYPE_COUPON"" : ""정액"",
        ""NM_MAN_COUPON"" : ""202605_일반회원_생일쿠폰"",
        ""DT_STR_EXP"" : ""20260501"",
        ""DT_END_EXP"" : ""20270430"",
        ""AM_DISC"" : 30000
      }, {
        ""RT_DISC"" : 0,
        ""NM_TYPE_COUPON"" : ""정액"",
        ""NM_MAN_COUPON"" : ""202605_SVIP회원_수선15만원쿠폰"",
        ""DT_STR_EXP"" : ""20260501"",
        ""DT_END_EXP"" : ""20260531"",
        ""AM_DISC"" : 150000
      }, {
        ""RT_DISC"" : 0,
        ""NM_TYPE_COUPON"" : ""정액"",
        ""NM_MAN_COUPON"" : ""202605_VVIP회원_수선15만원쿠폰"",
        ""DT_STR_EXP"" : ""20260501"",
        ""DT_END_EXP"" : ""20260531"",
        ""AM_DISC"" : 150000
      }, {
        ""RT_DISC"" : 0,
        ""NM_TYPE_COUPON"" : ""정액"",
        ""NM_MAN_COUPON"" : ""202605_VIP회원_수선10만원쿠폰"",
        ""DT_STR_EXP"" : ""20260501"",
        ""DT_END_EXP"" : ""20260531"",
        ""AM_DISC"" : 100000
      }, {
        ""RT_DISC"" : 0,
        ""NM_TYPE_COUPON"" : ""정액"",
        ""NM_MAN_COUPON"" : ""202605_수선3만원쿠폰"",
        ""DT_STR_EXP"" : ""20260501"",
        ""DT_END_EXP"" : ""20260731"",
        ""AM_DISC"" : 30000
      }, {
        ""RT_DISC"" : 0,
        ""NM_TYPE_COUPON"" : ""정액"",
        ""NM_MAN_COUPON"" : ""202605_신규1만원"",
        ""DT_STR_EXP"" : ""20260501"",
        ""DT_END_EXP"" : ""20261031"",
        ""AM_DISC"" : 10000
      }, {
        ""RT_DISC"" : 0,
        ""NM_TYPE_COUPON"" : ""정액"",
        ""NM_MAN_COUPON"" : ""재발행(202605_신규1만원)"",
        ""DT_STR_EXP"" : ""20260501"",
        ""DT_END_EXP"" : ""20261031"",
        ""AM_DISC"" : 10000
      }, {
        ""RT_DISC"" : 0,
        ""NM_TYPE_COUPON"" : ""정액"",
        ""NM_MAN_COUPON"" : ""2026수선3만원쿠폰1_GIP"",
        ""DT_STR_EXP"" : ""20260201"",
        ""DT_END_EXP"" : ""20260731"",
        ""AM_DISC"" : 30000
      }, {
        ""RT_DISC"" : 0,
        ""NM_TYPE_COUPON"" : ""정액"",
        ""NM_MAN_COUPON"" : ""3%할인_VIP특별바우처_특수_송은경님"",
        ""DT_STR_EXP"" : ""20260201"",
        ""DT_END_EXP"" : ""20270131"",
        ""AM_DISC"" : 80400
      }, {
        ""RT_DISC"" : 0,
        ""NM_TYPE_COUPON"" : ""정액"",
        ""NM_MAN_COUPON"" : ""5만원우대권2_하나카드VIP_2026"",
        ""DT_STR_EXP"" : ""20260101"",
        ""DT_END_EXP"" : ""20261231"",
        ""AM_DISC"" : 50000
      }, {
        ""RT_DISC"" : 0,
        ""NM_TYPE_COUPON"" : ""정액"",
        ""NM_MAN_COUPON"" : ""상반기재발행_일반생일_2026"",
        ""DT_STR_EXP"" : ""20260101"",
        ""DT_END_EXP"" : ""20260630"",
        ""AM_DISC"" : 30000
      }, {
        ""RT_DISC"" : 0,
        ""NM_TYPE_COUPON"" : ""정액"",
        ""NM_MAN_COUPON"" : ""재발행(2월_일반생일)_2026"",
        ""DT_STR_EXP"" : ""20260201"",
        ""DT_END_EXP"" : ""20270131"",
        ""AM_DISC"" : 30000
      }, {
        ""RT_DISC"" : 0,
        ""NM_TYPE_COUPON"" : ""정액"",
        ""NM_MAN_COUPON"" : ""2026수선3만원쿠폰1_직원"",
        ""DT_STR_EXP"" : ""20260201"",
        ""DT_END_EXP"" : ""20260731"",
        ""AM_DISC"" : 30000
      }, {
        ""RT_DISC"" : 0,
        ""NM_TYPE_COUPON"" : ""정액"",
        ""NM_MAN_COUPON"" : ""202603_SVIP회원_생일쿠폰"",
        ""DT_STR_EXP"" : ""20260301"",
        ""DT_END_EXP"" : ""20270228"",
        ""AM_DISC"" : 100000
      }, {
        ""RT_DISC"" : 0,
        ""NM_TYPE_COUPON"" : ""정액"",
        ""NM_MAN_COUPON"" : ""202603_VVIP회원_생일쿠폰"",
        ""DT_STR_EXP"" : ""20260301"",
        ""DT_END_EXP"" : ""20270228"",
        ""AM_DISC"" : 100000
      }, {
        ""RT_DISC"" : 0,
        ""NM_TYPE_COUPON"" : ""정액"",
        ""NM_MAN_COUPON"" : ""202603_VIP회원_생일쿠폰"",
        ""DT_STR_EXP"" : ""20260301"",
        ""DT_END_EXP"" : ""20270228"",
        ""AM_DISC"" : 50000
      }, {
        ""RT_DISC"" : 0,
        ""NM_TYPE_COUPON"" : ""정액"",
        ""NM_MAN_COUPON"" : ""202603_신규1만원"",
        ""DT_STR_EXP"" : ""20260301"",
        ""DT_END_EXP"" : ""20260831"",
        ""AM_DISC"" : 10000
      }, {
        ""RT_DISC"" : 0,
        ""NM_TYPE_COUPON"" : ""정액"",
        ""NM_MAN_COUPON"" : ""재발행(202603_신규1만원)"",
        ""DT_STR_EXP"" : ""20260301"",
        ""DT_END_EXP"" : ""20260831"",
        ""AM_DISC"" : 10000
      }, {
        ""RT_DISC"" : 0,
        ""NM_TYPE_COUPON"" : ""정액"",
        ""NM_MAN_COUPON"" : ""202603_일반회원_생일쿠폰"",
        ""DT_STR_EXP"" : ""20260301"",
        ""DT_END_EXP"" : ""20270228"",
        ""AM_DISC"" : 30000
      }, {
        ""RT_DISC"" : 0,
        ""NM_TYPE_COUPON"" : ""정액"",
        ""NM_MAN_COUPON"" : ""재발행(1월_일반생일)_2026"",
        ""DT_STR_EXP"" : ""20260101"",
        ""DT_END_EXP"" : ""20261231"",
        ""AM_DISC"" : 30000
      }, {
        ""RT_DISC"" : 0,
        ""NM_TYPE_COUPON"" : ""정액"",
        ""NM_MAN_COUPON"" : ""2만원우대권_하나카드VIP_2026"",
        ""DT_STR_EXP"" : ""20260101"",
        ""DT_END_EXP"" : ""20261231"",
        ""AM_DISC"" : 20000
      }, {
        ""RT_DISC"" : 0,
        ""NM_TYPE_COUPON"" : ""정액"",
        ""NM_MAN_COUPON"" : ""5만원우대권_하나카드VIP_2026"",
        ""DT_STR_EXP"" : ""20260101"",
        ""DT_END_EXP"" : ""20261231"",
        ""AM_DISC"" : 50000
      }, {
        ""RT_DISC"" : 10,
        ""NM_TYPE_COUPON"" : ""정률"",
        ""NM_MAN_COUPON"" : ""10%할인_SVIP특별바우처1 (2)"",
        ""DT_STR_EXP"" : ""20260201"",
        ""DT_END_EXP"" : ""20270131"",
        ""AM_DISC"" : 0
      }, {
        ""RT_DISC"" : 10,
        ""NM_TYPE_COUPON"" : ""정률"",
        ""NM_MAN_COUPON"" : ""10%할인_SVIP특별바우처2 (2)"",
        ""DT_STR_EXP"" : ""20260201"",
        ""DT_END_EXP"" : ""20270131"",
        ""AM_DISC"" : 0
      }, {
        ""RT_DISC"" : 10,
        ""NM_TYPE_COUPON"" : ""정률"",
        ""NM_MAN_COUPON"" : ""10%할인_SVIP특별바우처3 (2)"",
        ""DT_STR_EXP"" : ""20260201"",
        ""DT_END_EXP"" : ""20270131"",
        ""AM_DISC"" : 0
      }, {
        ""RT_DISC"" : 5,
        ""NM_TYPE_COUPON"" : ""정률"",
        ""NM_MAN_COUPON"" : ""5%할인_VVIP특별바우처1"",
        ""DT_STR_EXP"" : ""20260201"",
        ""DT_END_EXP"" : ""20270131"",
        ""AM_DISC"" : 0
      }, {
        ""RT_DISC"" : 5,
        ""NM_TYPE_COUPON"" : ""정률"",
        ""NM_MAN_COUPON"" : ""5%할인_VVIP특별바우처2"",
        ""DT_STR_EXP"" : ""20260201"",
        ""DT_END_EXP"" : ""20270131"",
        ""AM_DISC"" : 0
      }, {
        ""RT_DISC"" : 5,
        ""NM_TYPE_COUPON"" : ""정률"",
        ""NM_MAN_COUPON"" : ""5%할인_VVIP특별바우처3"",
        ""DT_STR_EXP"" : ""20260201"",
        ""DT_END_EXP"" : ""20270131"",
        ""AM_DISC"" : 0
      }, {
        ""RT_DISC"" : 3,
        ""NM_TYPE_COUPON"" : ""정률"",
        ""NM_MAN_COUPON"" : ""3%할인_VIP특별바우처1"",
        ""DT_STR_EXP"" : ""20260201"",
        ""DT_END_EXP"" : ""20270131"",
        ""AM_DISC"" : 0
      }, {
        ""RT_DISC"" : 3,
        ""NM_TYPE_COUPON"" : ""정률"",
        ""NM_MAN_COUPON"" : ""3%할인_VIP특별바우처2"",
        ""DT_STR_EXP"" : ""20260201"",
        ""DT_END_EXP"" : ""20270131"",
        ""AM_DISC"" : 0
      }, {
        ""RT_DISC"" : 3,
        ""NM_TYPE_COUPON"" : ""정률"",
        ""NM_MAN_COUPON"" : ""3%할인_VIP특별바우처3"",
        ""DT_STR_EXP"" : ""20260201"",
        ""DT_END_EXP"" : ""20270131"",
        ""AM_DISC"" : 0
      }, {
        ""RT_DISC"" : 0,
        ""NM_TYPE_COUPON"" : ""정액"",
        ""NM_MAN_COUPON"" : ""202602_신규1만원"",
        ""DT_STR_EXP"" : ""20260201"",
        ""DT_END_EXP"" : ""20260731"",
        ""AM_DISC"" : 10000
      }, {
        ""RT_DISC"" : 0,
        ""NM_TYPE_COUPON"" : ""정액"",
        ""NM_MAN_COUPON"" : ""재발행(202602_신규1만원)"",
        ""DT_STR_EXP"" : ""20260201"",
        ""DT_END_EXP"" : ""20260731"",
        ""AM_DISC"" : 10000
      }, {
        ""RT_DISC"" : 0,
        ""NM_TYPE_COUPON"" : ""정액"",
        ""NM_MAN_COUPON"" : ""2026_SVIP_승격축하쿠폰"",
        ""DT_STR_EXP"" : ""20260201"",
        ""DT_END_EXP"" : ""20270131"",
        ""AM_DISC"" : 100000
      }, {
        ""RT_DISC"" : 0,
        ""NM_TYPE_COUPON"" : ""정액"",
        ""NM_MAN_COUPON"" : ""2026_VVIP_승격축하쿠폰"",
        ""DT_STR_EXP"" : ""20260201"",
        ""DT_END_EXP"" : ""20270131"",
        ""AM_DISC"" : 50000
      }, {
        ""RT_DISC"" : 0,
        ""NM_TYPE_COUPON"" : ""정액"",
        ""NM_MAN_COUPON"" : ""2026_VIP_승격축하쿠폰"",
        ""DT_STR_EXP"" : ""20260201"",
        ""DT_END_EXP"" : ""20270131"",
        ""AM_DISC"" : 50000
      }, {
        ""RT_DISC"" : 0,
        ""NM_TYPE_COUPON"" : ""정액"",
        ""NM_MAN_COUPON"" : ""202602_수선3만원쿠폰"",
        ""DT_STR_EXP"" : ""20260201"",
        ""DT_END_EXP"" : ""20260731"",
        ""AM_DISC"" : 30000
      }, {
        ""RT_DISC"" : 0,
        ""NM_TYPE_COUPON"" : ""정액"",
        ""NM_MAN_COUPON"" : ""2026수선3만원쿠폰1_직원 (2)"",
        ""DT_STR_EXP"" : ""20260201"",
        ""DT_END_EXP"" : ""20260731"",
        ""AM_DISC"" : 30000
      }, {
        ""RT_DISC"" : 0,
        ""NM_TYPE_COUPON"" : ""정액"",
        ""NM_MAN_COUPON"" : ""202602_SVIP회원_생일쿠폰"",
        ""DT_STR_EXP"" : ""20260201"",
        ""DT_END_EXP"" : ""20270131"",
        ""AM_DISC"" : 100000
      }, {
        ""RT_DISC"" : 0,
        ""NM_TYPE_COUPON"" : ""정액"",
        ""NM_MAN_COUPON"" : ""202602_VVIP회원_생일쿠폰"",
        ""DT_STR_EXP"" : ""20260201"",
        ""DT_END_EXP"" : ""20270131"",
        ""AM_DISC"" : 100000
      }, {
        ""RT_DISC"" : 0,
        ""NM_TYPE_COUPON"" : ""정액"",
        ""NM_MAN_COUPON"" : ""202602_VIP회원_생일쿠폰"",
        ""DT_STR_EXP"" : ""20260201"",
        ""DT_END_EXP"" : ""20270131"",
        ""AM_DISC"" : 50000
      }, {
        ""RT_DISC"" : 0,
        ""NM_TYPE_COUPON"" : ""정액"",
        ""NM_MAN_COUPON"" : ""202602_일반회원_생일쿠폰"",
        ""DT_STR_EXP"" : ""20260201"",
        ""DT_END_EXP"" : ""20270131"",
        ""AM_DISC"" : 30000
      }, {
        ""RT_DISC"" : 0,
        ""NM_TYPE_COUPON"" : ""정액"",
        ""NM_MAN_COUPON"" : ""재발행(2026_VIP_승격축하쿠폰)"",
        ""DT_STR_EXP"" : ""20260201"",
        ""DT_END_EXP"" : ""20270131"",
        ""AM_DISC"" : 50000
      }, {
        ""RT_DISC"" : 0,
        ""NM_TYPE_COUPON"" : ""정액"",
        ""NM_MAN_COUPON"" : ""202603_수선3만원쿠폰"",
        ""DT_STR_EXP"" : ""20260301"",
        ""DT_END_EXP"" : ""20260731"",
        ""AM_DISC"" : 30000
      }, {
        ""RT_DISC"" : 3,
        ""NM_TYPE_COUPON"" : ""정률"",
        ""NM_MAN_COUPON"" : ""3%할인_VIP특별바우처4"",
        ""DT_STR_EXP"" : ""20260201"",
        ""DT_END_EXP"" : ""20270131"",
        ""AM_DISC"" : 0
      }, {
        ""RT_DISC"" : 10,
        ""NM_TYPE_COUPON"" : ""정률"",
        ""NM_MAN_COUPON"" : ""10%할인_SVIP특별바우처4 (2)"",
        ""DT_STR_EXP"" : ""20260201"",
        ""DT_END_EXP"" : ""20270131"",
        ""AM_DISC"" : 0
      }, {
        ""RT_DISC"" : 0,
        ""NM_TYPE_COUPON"" : ""정액"",
        ""NM_MAN_COUPON"" : ""상반기재발행_VVIP생일쿠폰_2026"",
        ""DT_STR_EXP"" : ""20260101"",
        ""DT_END_EXP"" : ""20260630"",
        ""AM_DISC"" : 100000
      }, {
        ""RT_DISC"" : 0,
        ""NM_TYPE_COUPON"" : ""정액"",
        ""NM_MAN_COUPON"" : ""재발행(8월_VIP생일)_2025"",
        ""DT_STR_EXP"" : ""20250801"",
        ""DT_END_EXP"" : ""20260731"",
        ""AM_DISC"" : 50000
      }, {
        ""RT_DISC"" : 10,
        ""NM_TYPE_COUPON"" : ""정률"",
        ""NM_MAN_COUPON"" : ""10%할인_SVIP특별바우처5 (2)"",
        ""DT_STR_EXP"" : ""20260201"",
        ""DT_END_EXP"" : ""20270131"",
        ""AM_DISC"" : 0
      }, {
        ""RT_DISC"" : 10,
        ""NM_TYPE_COUPON"" : ""정률"",
        ""NM_MAN_COUPON"" : ""10%할인_SVIP특별바우처6 (2)"",
        ""DT_STR_EXP"" : ""20260201"",
        ""DT_END_EXP"" : ""20270131"",
        ""AM_DISC"" : 0
      }, {
        ""RT_DISC"" : 10,
        ""NM_TYPE_COUPON"" : ""정률"",
        ""NM_MAN_COUPON"" : ""10%할인_SVIP특별바우처7 (2)"",
        ""DT_STR_EXP"" : ""20260201"",
        ""DT_END_EXP"" : ""20270131"",
        ""AM_DISC"" : 0
      }, {
        ""RT_DISC"" : 10,
        ""NM_TYPE_COUPON"" : ""정률"",
        ""NM_MAN_COUPON"" : ""10%할인_SVIP특별바우처8 (3)"",
        ""DT_STR_EXP"" : ""20260201"",
        ""DT_END_EXP"" : ""20270131"",
        ""AM_DISC"" : 0
      }, {
        ""RT_DISC"" : 3,
        ""NM_TYPE_COUPON"" : ""정률"",
        ""NM_MAN_COUPON"" : ""3%할인_VIP특별바우처5"",
        ""DT_STR_EXP"" : ""20260201"",
        ""DT_END_EXP"" : ""20270131"",
        ""AM_DISC"" : 0
      }, {
        ""RT_DISC"" : 3,
        ""NM_TYPE_COUPON"" : ""정률"",
        ""NM_MAN_COUPON"" : ""3%할인_VIP특별바우처6"",
        ""DT_STR_EXP"" : ""20260201"",
        ""DT_END_EXP"" : ""20270131"",
        ""AM_DISC"" : 0
      }, {
        ""RT_DISC"" : 5,
        ""NM_TYPE_COUPON"" : ""정률"",
        ""NM_MAN_COUPON"" : ""5%할인_VVIP특별바우처4"",
        ""DT_STR_EXP"" : ""20260201"",
        ""DT_END_EXP"" : ""20270131"",
        ""AM_DISC"" : 0
      }, {
        ""RT_DISC"" : 0,
        ""NM_TYPE_COUPON"" : ""정액"",
        ""NM_MAN_COUPON"" : ""재발행(3월_일반생일)_2026"",
        ""DT_STR_EXP"" : ""20260301"",
        ""DT_END_EXP"" : ""20270228"",
        ""AM_DISC"" : 30000
      }, {
        ""RT_DISC"" : 0,
        ""NM_TYPE_COUPON"" : ""정액"",
        ""NM_MAN_COUPON"" : ""202604_일반회원_생일쿠폰"",
        ""DT_STR_EXP"" : ""20260401"",
        ""DT_END_EXP"" : ""20270331"",
        ""AM_DISC"" : 30000
      }, {
        ""RT_DISC"" : 0,
        ""NM_TYPE_COUPON"" : ""정액"",
        ""NM_MAN_COUPON"" : ""202604_SVIP회원_생일쿠폰"",
        ""DT_STR_EXP"" : ""20260401"",
        ""DT_END_EXP"" : ""20270331"",
        ""AM_DISC"" : 100000
      }, {
        ""RT_DISC"" : 0,
        ""NM_TYPE_COUPON"" : ""정액"",
        ""NM_MAN_COUPON"" : ""202604_VVIP회원_생일쿠폰"",
        ""DT_STR_EXP"" : ""20260401"",
        ""DT_END_EXP"" : ""20270331"",
        ""AM_DISC"" : 100000
      }, {
        ""RT_DISC"" : 0,
        ""NM_TYPE_COUPON"" : ""정액"",
        ""NM_MAN_COUPON"" : ""202604_VIP회원_생일쿠폰"",
        ""DT_STR_EXP"" : ""20260401"",
        ""DT_END_EXP"" : ""20270331"",
        ""AM_DISC"" : 50000
      }, {
        ""RT_DISC"" : 0,
        ""NM_TYPE_COUPON"" : ""정액"",
        ""NM_MAN_COUPON"" : ""202604_신규1만원"",
        ""DT_STR_EXP"" : ""20260401"",
        ""DT_END_EXP"" : ""20260930"",
        ""AM_DISC"" : 10000
      }, {
        ""RT_DISC"" : 0,
        ""NM_TYPE_COUPON"" : ""정액"",
        ""NM_MAN_COUPON"" : ""202604_수선3만원쿠폰"",
        ""DT_STR_EXP"" : ""20260401"",
        ""DT_END_EXP"" : ""20260731"",
        ""AM_DISC"" : 30000
      }, {
        ""RT_DISC"" : 0,
        ""NM_TYPE_COUPON"" : ""정액"",
        ""NM_MAN_COUPON"" : ""재발행(202604_신규1만원)"",
        ""DT_STR_EXP"" : ""20260401"",
        ""DT_END_EXP"" : ""20260930"",
        ""AM_DISC"" : 10000
      }, {
        ""RT_DISC"" : 0,
        ""NM_TYPE_COUPON"" : ""정액"",
        ""NM_MAN_COUPON"" : ""재발행(4월_일반생일)_2026"",
        ""DT_STR_EXP"" : ""20260401"",
        ""DT_END_EXP"" : ""20270331"",
        ""AM_DISC"" : 30000
      }, {
        ""RT_DISC"" : 0,
        ""NM_TYPE_COUPON"" : ""정액"",
        ""NM_MAN_COUPON"" : ""[TEST] 쿠폰_정액_5만원"",
        ""DT_STR_EXP"" : ""20260430"",
        ""DT_END_EXP"" : ""20260531"",
        ""AM_DISC"" : 30000
      }, {
        ""RT_DISC"" : 0,
        ""NM_TYPE_COUPON"" : ""정액"",
        ""NM_MAN_COUPON"" : ""[TEST] VIP_수선쿠폰"",
        ""DT_STR_EXP"" : ""20260501"",
        ""DT_END_EXP"" : ""20260531"",
        ""AM_DISC"" : 30000
      }, {
        ""RT_DISC"" : 10,
        ""NM_TYPE_COUPON"" : ""정률"",
        ""NM_MAN_COUPON"" : ""[TEST] 정률_10%"",
        ""DT_STR_EXP"" : ""20260501"",
        ""DT_END_EXP"" : ""20260531"",
        ""AM_DISC"" : 0
      }, {
        ""RT_DISC"" : 0,
        ""NM_TYPE_COUPON"" : ""정액"",
        ""NM_MAN_COUPON"" : ""[TEST] 정액_3만원"",
        ""DT_STR_EXP"" : ""20260501"",
        ""DT_END_EXP"" : ""20260531"",
        ""AM_DISC"" : 30000
      }, {
        ""RT_DISC"" : 0,
        ""NM_TYPE_COUPON"" : ""정액"",
        ""NM_MAN_COUPON"" : ""[TEST] 정액_5만원"",
        ""DT_STR_EXP"" : ""20260501"",
        ""DT_END_EXP"" : ""20260531"",
        ""AM_DISC"" : 50000
      }, {
        ""RT_DISC"" : 0,
        ""NM_TYPE_COUPON"" : ""정액"",
        ""NM_MAN_COUPON"" : ""[TEST] 신규_1만원"",
        ""DT_STR_EXP"" : ""20260501"",
        ""DT_END_EXP"" : ""20260531"",
        ""AM_DISC"" : 10000
      }, {
        ""RT_DISC"" : 0,
        ""NM_TYPE_COUPON"" : ""정액"",
        ""NM_MAN_COUPON"" : ""[TEST] 조회용_쿠폰_UPDATED"",
        ""DT_STR_EXP"" : ""20260502"",
        ""DT_END_EXP"" : ""20260630"",
        ""AM_DISC"" : 20000
      }, {
        ""RT_DISC"" : 0,
        ""NM_TYPE_COUPON"" : ""정액"",
        ""NM_MAN_COUPON"" : ""[TEST] 테스트 쿠폰 수정하지마세용"",
        ""DT_STR_EXP"" : ""20260501"",
        ""DT_END_EXP"" : ""20260530"",
        ""AM_DISC"" : 20000
      }, {
        ""RT_DISC"" : 10,
        ""NM_TYPE_COUPON"" : ""정률"",
        ""NM_MAN_COUPON"" : ""[TEST] VVIP_무제한정률"",
        ""DT_STR_EXP"" : ""20260502"",
        ""DT_END_EXP"" : ""20260531"",
        ""AM_DISC"" : 0
      }, {
        ""RT_DISC"" : 0,
        ""NM_TYPE_COUPON"" : ""정액"",
        ""NM_MAN_COUPON"" : ""[TEST] VVIP 생일쿠폰"",
        ""DT_STR_EXP"" : ""20260201"",
        ""DT_END_EXP"" : ""20260531"",
        ""AM_DISC"" : 100000
      }, {
        ""RT_DISC"" : 0,
        ""NM_TYPE_COUPON"" : ""정액"",
        ""NM_MAN_COUPON"" : ""[TEST] 신규가입쿠폰_아울렛"",
        ""DT_STR_EXP"" : ""20260501"",
        ""DT_END_EXP"" : ""20280501"",
        ""AM_DISC"" : 10000
      }, {
        ""RT_DISC"" : 3,
        ""NM_TYPE_COUPON"" : ""정률"",
        ""NM_MAN_COUPON"" : ""[TEST]_정률3%쿠폰"",
        ""DT_STR_EXP"" : ""20260503"",
        ""DT_END_EXP"" : """",
        ""AM_DISC"" : 0
      }, {
        ""RT_DISC"" : 0,
        ""NM_TYPE_COUPON"" : ""정액"",
        ""NM_MAN_COUPON"" : ""[TEST]_GIP 생일쿠폰"",
        ""DT_STR_EXP"" : ""20260503"",
        ""DT_END_EXP"" : """",
        ""AM_DISC"" : 30000
      }, {
        ""RT_DISC"" : 3,
        ""NM_TYPE_COUPON"" : ""정률"",
        ""NM_MAN_COUPON"" : ""[TEST] 신규가입쿠폰_백화점"",
        ""DT_STR_EXP"" : ""20260501"",
        ""DT_END_EXP"" : ""20280531"",
        ""AM_DISC"" : 0
      }, {
        ""RT_DISC"" : 5,
        ""NM_TYPE_COUPON"" : ""정률"",
        ""NM_MAN_COUPON"" : ""[TEST] VVIP_5%"",
        ""DT_STR_EXP"" : ""20260504"",
        ""DT_END_EXP"" : ""20260531"",
        ""AM_DISC"" : 0
      }, {
        ""RT_DISC"" : 0,
        ""NM_TYPE_COUPON"" : ""정액"",
        ""NM_MAN_COUPON"" : ""[TEST] SVIP_생일쿠폰"",
        ""DT_STR_EXP"" : ""20260504"",
        ""DT_END_EXP"" : ""20260531"",
        ""AM_DISC"" : 100000
      }, {
        ""RT_DISC"" : 0,
        ""NM_TYPE_COUPON"" : ""정액"",
        ""NM_MAN_COUPON"" : ""밀버스테스트_3만원"",
        ""DT_STR_EXP"" : ""20260201"",
        ""DT_END_EXP"" : ""20261231"",
        ""AM_DISC"" : 30000
      }, {
        ""RT_DISC"" : 0,
        ""NM_TYPE_COUPON"" : ""정액"",
        ""NM_MAN_COUPON"" : ""[TEST]_VVIP 수선쿠폰"",
        ""DT_STR_EXP"" : ""20260508"",
        ""DT_END_EXP"" : ""20260531"",
        ""AM_DISC"" : 100000
      }, {
        ""RT_DISC"" : 3,
        ""NM_TYPE_COUPON"" : ""정률"",
        ""NM_MAN_COUPON"" : ""142000000679_정률테스트"",
        ""DT_STR_EXP"" : ""20260501"",
        ""DT_END_EXP"" : ""20260531"",
        ""AM_DISC"" : 0
      }, {
        ""RT_DISC"" : 0,
        ""NM_TYPE_COUPON"" : ""정액"",
        ""NM_MAN_COUPON"" : ""[TEST]_SVIP수선쿠폰"",
        ""DT_STR_EXP"" : ""20260509"",
        ""DT_END_EXP"" : ""20260531"",
        ""AM_DISC"" : 150000
      }, {
        ""RT_DISC"" : 0,
        ""NM_TYPE_COUPON"" : ""정액"",
        ""NM_MAN_COUPON"" : ""[TEST] 10만원"",
        ""DT_STR_EXP"" : ""20260509"",
        ""DT_END_EXP"" : ""20260531"",
        ""AM_DISC"" : 100000
      }, {
        ""RT_DISC"" : 5,
        ""NM_TYPE_COUPON"" : ""정률"",
        ""NM_MAN_COUPON"" : ""[TEST]_5%할인쿠폰"",
        ""DT_STR_EXP"" : ""20260509"",
        ""DT_END_EXP"" : ""20260531"",
        ""AM_DISC"" : 0
      } ]
    }
  },
  ""code"" : 200
}"
a12JO000000MlptYAC,2026-05-11T00:52:36.000+0000,OrderTrigger,,,
a12JO000000MlpuYAC,2026-05-11T00:52:38.000+0000,OrderTriggerHandler,,,
a12JO000000MlpvYAC,2026-05-11T00:52:38.000+0000,OrderTrigger,,,
a12JO000000MlpwYAC,2026-05-11T00:52:38.000+0000,GdSaleApiControllerV1,/gd/v1/sale,"{""AccountId"":""1000"",""StoreCode__c"":""99998"",""MemberNo__c"":""269999800203"",""SaleNo__c"":""SAL202605110001"",""ActualPaymentAmount__c"":500000.0,""EndDate"":""20260511"",""SaleStatus__c"":""01"",""PromotionNo__c"":""PRO202604161041"",""OrderItem"":[{""SaleSeqNo__c"":""1"",""OrderNo__c"":null,""ProductCode"":""2A2600001"",""Quantity"":1,""isExclude"":false,""NetSalesUnitPrice__c"":500000.0000,""DiscountRate__c"":0.0000}],""TransactionJournal"":[{""DepositNo__c"":""DEP202605110003"",""DeposiSeqNo__c"":""1"",""ActivityDate"":""20260511"",""PaymentMethod"":""01"",""DepositType__c"":""02"",""TransactionAmount"":500000.0000,""CouponNo"":"""",""OrderNo__c"":null}]}","{
  ""success"" : true,
  ""message"" : ""판매 등록 완료"",
  ""data"" : {
    ""CreditPointList"" : [ {
      ""TX_REMARK"" : ""구매포인트|11cJO000001BAZlYAO|1.00"",
      ""PT_TARGET"" : 5000.0000,
      ""NO_SAL"" : null,
      ""NO_PROM_MBR"" : ""PRO202604161041"",
      ""NO_MBR"" : ""269999800203"",
      ""NO_GRADE_ADVAN"" : ""01"",
      ""ID_INSERT"" : null,
      ""DTS_INSERT"" : ""2026-05-11 09:52:37"",
      ""DT_SAVE_PLAN"" : null,
      ""DT_LIMIT_START"" : ""2026-05-11 09:00:00"",
      ""DT_LIMIT_END"" : ""2028-05-11"",
      ""DT_DESTROY_PLAN"" : ""2028-05-12"",
      ""CD_TYPE_SAVE"" : ""Credit"",
      ""CD_TYPE_POINT"" : ""01"",
      ""CD_JOURNAL"" : ""05wJO0000004UYzYAM"",
      ""AM_SAL"" : 500000.0
    }, {
      ""TX_REMARK"" : ""사은포인트|11cJO000001BAY9YAO|3.00"",
      ""PT_TARGET"" : 15000.0000,
      ""NO_SAL"" : null,
      ""NO_PROM_MBR"" : ""PRO202604161041"",
      ""NO_MBR"" : ""269999800203"",
      ""NO_GRADE_ADVAN"" : ""01"",
      ""ID_INSERT"" : null,
      ""DTS_INSERT"" : ""2026-05-11 09:52:37"",
      ""DT_SAVE_PLAN"" : null,
      ""DT_LIMIT_START"" : ""2026-05-11 09:00:00"",
      ""DT_LIMIT_END"" : ""2028-05-11"",
      ""DT_DESTROY_PLAN"" : ""2028-05-12"",
      ""CD_TYPE_SAVE"" : ""Credit"",
      ""CD_TYPE_POINT"" : ""01"",
      ""CD_JOURNAL"" : ""05wJO0000004UZ0YAM"",
      ""AM_SAL"" : 500000.0
    } ],
    ""oiList"" : [ {
      ""attributes"" : {
        ""type"" : ""OrderItem"",
        ""url"" : ""/services/data/v67.0/sobjects/OrderItem/802JO0000054V8oYAE""
      },
      ""OrderId"" : ""801JO00000IC70EYAT"",
      ""PricebookEntryId"" : ""01uJO000001R0w4YAC"",
      ""Quantity"" : 1,
      ""UnitPrice"" : 500000,
      ""SaleSeqNo__c"" : ""1"",
      ""SaleItemNo__c"" : ""801JO00000IC70EYAT-1"",
      ""IsExclude__c"" : false,
      ""NetSalesUnitPrice__c"" : 500000.0000,
      ""DiscountRate__c"" : 0.0000,
      ""Id"" : ""802JO0000054V8oYAE""
    } ],
    ""storeType"" : ""09"",
    ""storeTypeFour"" : ""NULL"",
    ""orderId"" : ""801JO00000IC70EYAT"",
    ""TransactionJournal"" : [ {
      ""OrderNo__c"" : null,
      ""CouponNo"" : """",
      ""TransactionAmount"" : 500000.0000,
      ""DepositType__c"" : ""02"",
      ""PaymentMethod"" : ""01"",
      ""ActivityDate"" : ""20260511"",
      ""DeposiSeqNo__c"" : ""1"",
      ""DepositNo__c"" : ""DEP202605110003""
    } ],
    ""OrderItem"" : [ {
      ""DiscountRate__c"" : 0.0000,
      ""NetSalesUnitPrice__c"" : 500000.0000,
      ""isExclude"" : false,
      ""Quantity"" : 1,
      ""ProductCode"" : ""2A2600001"",
      ""OrderNo__c"" : null,
      ""SaleSeqNo__c"" : ""1""
    } ],
    ""PromotionNo__c"" : ""PRO202604161041"",
    ""SaleStatus__c"" : ""01"",
    ""EndDate"" : ""20260511"",
    ""ActualPaymentAmount__c"" : 500000.0,
    ""SaleNo__c"" : ""SAL202605110001"",
    ""MemberNo__c"" : ""269999800203"",
    ""StoreCode__c"" : ""99998"",
    ""AccountId"" : ""1000""
  },
  ""code"" : 200
}"
a12JO000000MlrVYAS,2026-05-11T00:54:46.000+0000,GdPointCreditApiControllerV1,/gd/v1/point/credit,"{""MemberNo__c"":""269999800203"",""PointsList"":[{""point"":0.0,""cd_type_point"":""05""}],""SaleNo__c"":""SAL202605110001"",""EndDate"":""20260511""}","{
  ""success"" : false,
  ""message"" : ""지급할 포인트가 0 이하입니다."",
  ""code"" : 400
}"
a12JO000000Mlt7YAC,2026-05-11T00:55:01.000+0000,GdSaleDepositApiControllerV1,"{""DeposiSeqNo__c"":""1"",""DepositNo__c"":""DEP202605110003""}",,"{
  ""success"" : true,
  ""message"" : ""판매 입금 삭제 삭제 완료"",
  ""data"" : {
    ""CancelCoupon"" : null,
    ""CancelPointsCreditedList"" : [ {
      ""PT_USE"" : 5000.0000,
      ""NO_SAL_RTN"" : null,
      ""NO_SAL"" : ""SAL202605110001"",
      ""NO_MBR"" : ""269999800203"",
      ""ID_INSERT"" : null,
      ""DTS_INSERT"" : ""2026-05-11 09:55:00"",
      ""CD_TYPE_POINT"" : ""01"",
      ""CD_RESON"" : null,
      ""CD_LEDGER"" : ""05wJO0000004UabYAE"",
      ""CD_JOURNAL"" : ""05wJO0000004UYzYAM"",
      ""AM_SAL"" : null
    }, {
      ""PT_USE"" : 15000.0000,
      ""NO_SAL_RTN"" : null,
      ""NO_SAL"" : ""SAL202605110001"",
      ""NO_MBR"" : ""269999800203"",
      ""ID_INSERT"" : null,
      ""DTS_INSERT"" : ""2026-05-11 09:55:00"",
      ""CD_TYPE_POINT"" : ""06"",
      ""CD_RESON"" : null,
      ""CD_LEDGER"" : ""05wJO0000004UacYAE"",
      ""CD_JOURNAL"" : ""05wJO0000004UZ0YAM"",
      ""AM_SAL"" : null
    } ],
    ""CancelPointList"" : null
  },
  ""code"" : 200
}"
a12JO000000MlujYAC,2026-05-11T00:55:08.000+0000,OrderTrigger,,,
a12JO000000MlukYAC,2026-05-11T00:55:08.000+0000,OrderTriggerHandler,,,
a12JO000000MlulYAC,2026-05-11T00:55:08.000+0000,OrderTrigger,,,
a12JO000000MlumYAC,2026-05-11T00:55:08.000+0000,GdSaleApiControllerV1,"{""SaleNo__c"":""SAL202605110001""}",,"{
  ""success"" : true,
  ""message"" : ""판매 전체 삭제 완료"",
  ""data"" : { },
  ""code"" : 200
}"
a12JO000000MlwLYAS,2026-05-11T00:58:00.000+0000,GdPromotionApiControllerV1,"{""Name"":"""",""EndDate"":""20260511"",""StoreCode__c"":""99998"",""PromotionNo__c"":"""",""StartDate"":""20260511""}",,"{
  ""success"" : true,
  ""message"" : ""프로모션 조회 성공"",
  ""data"" : {
    ""promotionList"" : [ {
      ""YN_USE_SPECIFIC_COUPON"" : ""N"",
      ""YN_USE_RATE_COUPON"" : ""N"",
      ""YN_USE_POINT"" : ""Y"",
      ""YN_USE_FIXED_COUPON"" : ""N"",
      ""YN_USE_COUPON"" : ""Y"",
      ""YN_SPEC_STORE"" : ""N"",
      ""YN_SPEC_ITEM"" : ""N"",
      ""YN_PROM_DC"" : ""N"",
      ""YN_ALL_STORE"" : ""N"",
      ""YN_ALL_ITEM"" : ""Y"",
      ""YN_ALL_COUPON"" : ""Y"",
      ""YN_ACTIVE"" : true,
      ""NO_PROM"" : ""PRO202605091086"",
      ""NM_TYPE_PROM"" : ""할인"",
      ""NM_STAT"" : ""진행"",
      ""NM_PROM"" : ""[TEST] 포인트적립불가"",
      ""NM_BRAND"" : ""골든듀"",
      ""DT_START"" : ""20260509"",
      ""DT_PUBLISH_START"" : ""20260509"",
      ""DT_PUBLISH_END"" : ""20260531"",
      ""DT_EVENT_START"" : ""20260509"",
      ""DT_EVENT_END"" : ""20260531"",
      ""DT_END"" : ""20260531""
    }, {
      ""YN_USE_SPECIFIC_COUPON"" : ""N"",
      ""YN_USE_RATE_COUPON"" : ""N"",
      ""YN_USE_POINT"" : ""Y"",
      ""YN_USE_FIXED_COUPON"" : ""N"",
      ""YN_USE_COUPON"" : ""Y"",
      ""YN_SPEC_STORE"" : ""N"",
      ""YN_SPEC_ITEM"" : ""N"",
      ""YN_PROM_DC"" : ""N"",
      ""YN_ALL_STORE"" : ""N"",
      ""YN_ALL_ITEM"" : ""Y"",
      ""YN_ALL_COUPON"" : ""Y"",
      ""YN_ACTIVE"" : true,
      ""NO_PROM"" : ""PRO202605041081"",
      ""NM_TYPE_PROM"" : ""할인"",
      ""NM_STAT"" : ""진행"",
      ""NM_PROM"" : ""[TEST] 통합시나리오V5_비활성화"",
      ""NM_BRAND"" : ""골든듀"",
      ""DT_START"" : ""20260504"",
      ""DT_PUBLISH_START"" : ""20260504"",
      ""DT_PUBLISH_END"" : ""20260531"",
      ""DT_EVENT_START"" : ""20260504"",
      ""DT_EVENT_END"" : ""20260531"",
      ""DT_END"" : ""20260507""
    }, {
      ""YN_USE_SPECIFIC_COUPON"" : ""N"",
      ""YN_USE_RATE_COUPON"" : ""N"",
      ""YN_USE_POINT"" : ""N"",
      ""YN_USE_FIXED_COUPON"" : ""N"",
      ""YN_USE_COUPON"" : ""Y"",
      ""YN_SPEC_STORE"" : ""N"",
      ""YN_SPEC_ITEM"" : ""Y"",
      ""YN_PROM_DC"" : ""N"",
      ""YN_ALL_STORE"" : ""N"",
      ""YN_ALL_ITEM"" : ""N"",
      ""YN_ALL_COUPON"" : ""Y"",
      ""YN_ACTIVE"" : true,
      ""NO_PROM"" : ""PRO202605041080"",
      ""NM_TYPE_PROM"" : ""할인"",
      ""NM_STAT"" : ""진행"",
      ""NM_PROM"" : ""[TEST] 통합시나리오V5_사은2배"",
      ""NM_BRAND"" : ""골든듀"",
      ""DT_START"" : ""20260504"",
      ""DT_PUBLISH_START"" : ""20260504"",
      ""DT_PUBLISH_END"" : ""20260531"",
      ""DT_EVENT_START"" : ""20260504"",
      ""DT_EVENT_END"" : ""20260531"",
      ""DT_END"" : ""20260531""
    }, {
      ""YN_USE_SPECIFIC_COUPON"" : ""N"",
      ""YN_USE_RATE_COUPON"" : ""N"",
      ""YN_USE_POINT"" : ""Y"",
      ""YN_USE_FIXED_COUPON"" : ""N"",
      ""YN_USE_COUPON"" : ""Y"",
      ""YN_SPEC_STORE"" : ""N"",
      ""YN_SPEC_ITEM"" : ""N"",
      ""YN_PROM_DC"" : ""N"",
      ""YN_ALL_STORE"" : ""N"",
      ""YN_ALL_ITEM"" : ""Y"",
      ""YN_ALL_COUPON"" : ""Y"",
      ""YN_ACTIVE"" : true,
      ""NO_PROM"" : ""PRO202605041079"",
      ""NM_TYPE_PROM"" : ""할인"",
      ""NM_STAT"" : ""진행"",
      ""NM_PROM"" : ""[TEST] 통합시나리오V5_구매2배"",
      ""NM_BRAND"" : ""골든듀"",
      ""DT_START"" : ""20260504"",
      ""DT_PUBLISH_START"" : ""20260504"",
      ""DT_PUBLISH_END"" : ""20260531"",
      ""DT_EVENT_START"" : ""20260504"",
      ""DT_EVENT_END"" : ""20260531"",
      ""DT_END"" : ""20260531""
    }, {
      ""YN_USE_SPECIFIC_COUPON"" : ""N"",
      ""YN_USE_RATE_COUPON"" : ""N"",
      ""YN_USE_POINT"" : ""Y"",
      ""YN_USE_FIXED_COUPON"" : ""N"",
      ""YN_USE_COUPON"" : ""Y"",
      ""YN_SPEC_STORE"" : ""N"",
      ""YN_SPEC_ITEM"" : ""N"",
      ""YN_PROM_DC"" : ""N"",
      ""YN_ALL_STORE"" : ""N"",
      ""YN_ALL_ITEM"" : ""Y"",
      ""YN_ALL_COUPON"" : ""Y"",
      ""YN_ACTIVE"" : true,
      ""NO_PROM"" : ""PRO202605031078"",
      ""NM_TYPE_PROM"" : ""할인"",
      ""NM_STAT"" : ""진행"",
      ""NM_PROM"" : ""[TEST] 통합시나리오V2_구매적립"",
      ""NM_BRAND"" : ""골든듀"",
      ""DT_START"" : ""20260504"",
      ""DT_PUBLISH_START"" : ""20260504"",
      ""DT_PUBLISH_END"" : ""20260531"",
      ""DT_EVENT_START"" : ""20260504"",
      ""DT_EVENT_END"" : ""20260531"",
      ""DT_END"" : ""20260531""
    }, {
      ""YN_USE_SPECIFIC_COUPON"" : ""N"",
      ""YN_USE_RATE_COUPON"" : ""N"",
      ""YN_USE_POINT"" : ""N"",
      ""YN_USE_FIXED_COUPON"" : ""N"",
      ""YN_USE_COUPON"" : ""N"",
      ""YN_SPEC_STORE"" : ""N"",
      ""YN_SPEC_ITEM"" : ""N"",
      ""YN_PROM_DC"" : ""N"",
      ""YN_ALL_STORE"" : ""N"",
      ""YN_ALL_ITEM"" : ""N"",
      ""YN_ALL_COUPON"" : ""N"",
      ""YN_ACTIVE"" : true,
      ""NO_PROM"" : ""PRO202605021075"",
      ""NM_TYPE_PROM"" : ""할인"",
      ""NM_STAT"" : ""진행"",
      ""NM_PROM"" : ""[TEST] 통합시나리오V2_품목변경"",
      ""NM_BRAND"" : ""골든듀"",
      ""DT_START"" : ""20260502"",
      ""DT_PUBLISH_START"" : ""20260502"",
      ""DT_PUBLISH_END"" : ""20260531"",
      ""DT_EVENT_START"" : ""20260502"",
      ""DT_EVENT_END"" : ""20260531"",
      ""DT_END"" : ""20260531""
    }, {
      ""YN_USE_SPECIFIC_COUPON"" : ""N"",
      ""YN_USE_RATE_COUPON"" : ""N"",
      ""YN_USE_POINT"" : ""Y"",
      ""YN_USE_FIXED_COUPON"" : ""N"",
      ""YN_USE_COUPON"" : ""Y"",
      ""YN_SPEC_STORE"" : ""N"",
      ""YN_SPEC_ITEM"" : ""N"",
      ""YN_PROM_DC"" : ""N"",
      ""YN_ALL_STORE"" : ""N"",
      ""YN_ALL_ITEM"" : ""N"",
      ""YN_ALL_COUPON"" : ""Y"",
      ""YN_ACTIVE"" : true,
      ""NO_PROM"" : ""PRO202605021073"",
      ""NM_TYPE_PROM"" : ""할인"",
      ""NM_STAT"" : ""진행"",
      ""NM_PROM"" : ""[TEST] 통합시나리오V2_마스터변경"",
      ""NM_BRAND"" : ""골든듀"",
      ""DT_START"" : ""20260502"",
      ""DT_PUBLISH_START"" : ""20260502"",
      ""DT_PUBLISH_END"" : ""20260531"",
      ""DT_EVENT_START"" : ""20260502"",
      ""DT_EVENT_END"" : ""20260531"",
      ""DT_END"" : ""20260531""
    }, {
      ""YN_USE_SPECIFIC_COUPON"" : ""N"",
      ""YN_USE_RATE_COUPON"" : ""N"",
      ""YN_USE_POINT"" : ""Y"",
      ""YN_USE_FIXED_COUPON"" : ""N"",
      ""YN_USE_COUPON"" : ""Y"",
      ""YN_SPEC_STORE"" : ""N"",
      ""YN_SPEC_ITEM"" : ""N"",
      ""YN_PROM_DC"" : ""N"",
      ""YN_ALL_STORE"" : ""N"",
      ""YN_ALL_ITEM"" : ""Y"",
      ""YN_ALL_COUPON"" : ""Y"",
      ""YN_ACTIVE"" : true,
      ""NO_PROM"" : ""PRO202605021072"",
      ""NM_TYPE_PROM"" : ""할인"",
      ""NM_STAT"" : ""진행"",
      ""NM_PROM"" : ""[TEST] 통합시나리오V2_더블적립"",
      ""NM_BRAND"" : ""골든듀"",
      ""DT_START"" : ""20260502"",
      ""DT_PUBLISH_START"" : ""20260502"",
      ""DT_PUBLISH_END"" : ""20260531"",
      ""DT_EVENT_START"" : ""20260502"",
      ""DT_EVENT_END"" : ""20260531"",
      ""DT_END"" : ""20260531""
    }, {
      ""YN_USE_SPECIFIC_COUPON"" : ""N"",
      ""YN_USE_RATE_COUPON"" : ""N"",
      ""YN_USE_POINT"" : ""Y"",
      ""YN_USE_FIXED_COUPON"" : ""N"",
      ""YN_USE_COUPON"" : ""Y"",
      ""YN_SPEC_STORE"" : ""N"",
      ""YN_SPEC_ITEM"" : ""Y"",
      ""YN_PROM_DC"" : ""N"",
      ""YN_ALL_STORE"" : ""N"",
      ""YN_ALL_ITEM"" : ""N"",
      ""YN_ALL_COUPON"" : ""Y"",
      ""YN_ACTIVE"" : true,
      ""NO_PROM"" : ""PRO202605021070"",
      ""NM_TYPE_PROM"" : ""할인"",
      ""NM_STAT"" : ""진행"",
      ""NM_PROM"" : ""[TEST] 통합V1_11_마스터변경"",
      ""NM_BRAND"" : ""골든듀"",
      ""DT_START"" : ""20260502"",
      ""DT_PUBLISH_START"" : ""20260502"",
      ""DT_PUBLISH_END"" : ""20260531"",
      ""DT_EVENT_START"" : ""20260502"",
      ""DT_EVENT_END"" : ""20260531"",
      ""DT_END"" : ""20260531""
    }, {
      ""YN_USE_SPECIFIC_COUPON"" : ""N"",
      ""YN_USE_RATE_COUPON"" : ""N"",
      ""YN_USE_POINT"" : ""Y"",
      ""YN_USE_FIXED_COUPON"" : ""N"",
      ""YN_USE_COUPON"" : ""Y"",
      ""YN_SPEC_STORE"" : ""N"",
      ""YN_SPEC_ITEM"" : ""N"",
      ""YN_PROM_DC"" : ""N"",
      ""YN_ALL_STORE"" : ""N"",
      ""YN_ALL_ITEM"" : ""N"",
      ""YN_ALL_COUPON"" : ""Y"",
      ""YN_ACTIVE"" : true,
      ""NO_PROM"" : ""PRO202605021069"",
      ""NM_TYPE_PROM"" : ""할인"",
      ""NM_STAT"" : ""진행"",
      ""NM_PROM"" : ""[TEST] 통합시나리오V1_사은더블"",
      ""NM_BRAND"" : ""골든듀"",
      ""DT_START"" : ""20260502"",
      ""DT_PUBLISH_START"" : ""20260502"",
      ""DT_PUBLISH_END"" : ""20260531"",
      ""DT_EVENT_START"" : ""20260502"",
      ""DT_EVENT_END"" : ""20260531"",
      ""DT_END"" : ""20260531""
    }, {
      ""YN_USE_SPECIFIC_COUPON"" : ""N"",
      ""YN_USE_RATE_COUPON"" : ""N"",
      ""YN_USE_POINT"" : ""Y"",
      ""YN_USE_FIXED_COUPON"" : ""N"",
      ""YN_USE_COUPON"" : ""Y"",
      ""YN_SPEC_STORE"" : ""N"",
      ""YN_SPEC_ITEM"" : ""N"",
      ""YN_PROM_DC"" : ""N"",
      ""YN_ALL_STORE"" : ""N"",
      ""YN_ALL_ITEM"" : ""Y"",
      ""YN_ALL_COUPON"" : ""Y"",
      ""YN_ACTIVE"" : true,
      ""NO_PROM"" : ""PRO202605041082"",
      ""NM_TYPE_PROM"" : ""할인"",
      ""NM_STAT"" : ""진행"",
      ""NM_PROM"" : ""[TEST]_V5_4_프로모션비활성화"",
      ""NM_BRAND"" : ""골든듀"",
      ""DT_START"" : ""20260501"",
      ""DT_PUBLISH_START"" : ""20260501"",
      ""DT_PUBLISH_END"" : ""20260531"",
      ""DT_EVENT_START"" : ""20260501"",
      ""DT_EVENT_END"" : ""20260531"",
      ""DT_END"" : ""20260503""
    }, {
      ""YN_USE_SPECIFIC_COUPON"" : ""N"",
      ""YN_USE_RATE_COUPON"" : ""N"",
      ""YN_USE_POINT"" : ""Y"",
      ""YN_USE_FIXED_COUPON"" : ""N"",
      ""YN_USE_COUPON"" : ""N"",
      ""YN_SPEC_STORE"" : ""N"",
      ""YN_SPEC_ITEM"" : ""N"",
      ""YN_PROM_DC"" : ""N"",
      ""YN_ALL_STORE"" : ""N"",
      ""YN_ALL_ITEM"" : ""Y"",
      ""YN_ALL_COUPON"" : ""N"",
      ""YN_ACTIVE"" : true,
      ""NO_PROM"" : ""PRO202605051084"",
      ""NM_TYPE_PROM"" : ""사은품"",
      ""NM_STAT"" : ""진행"",
      ""NM_PROM"" : ""[TEST]V1-3번프로모션테스트"",
      ""NM_BRAND"" : ""골든듀"",
      ""DT_START"" : ""20260501"",
      ""DT_PUBLISH_START"" : ""20260401"",
      ""DT_PUBLISH_END"" : ""20260630"",
      ""DT_EVENT_START"" : ""20260401"",
      ""DT_EVENT_END"" : ""20260630"",
      ""DT_END"" : ""20260531""
    }, {
      ""YN_USE_SPECIFIC_COUPON"" : ""Y"",
      ""YN_USE_RATE_COUPON"" : ""N"",
      ""YN_USE_POINT"" : ""N"",
      ""YN_USE_FIXED_COUPON"" : ""N"",
      ""YN_USE_COUPON"" : ""Y"",
      ""YN_SPEC_STORE"" : ""N"",
      ""YN_SPEC_ITEM"" : ""Y"",
      ""YN_PROM_DC"" : ""Y"",
      ""YN_ALL_STORE"" : ""N"",
      ""YN_ALL_ITEM"" : ""N"",
      ""YN_ALL_COUPON"" : ""N"",
      ""YN_ACTIVE"" : true,
      ""NO_PROM"" : ""PRO202605021071"",
      ""NM_TYPE_PROM"" : ""할인"",
      ""NM_STAT"" : ""진행"",
      ""NM_PROM"" : ""[TEST]_V4_R군행사"",
      ""NM_BRAND"" : ""골든듀"",
      ""DT_START"" : ""20260501"",
      ""DT_PUBLISH_START"" : ""20260401"",
      ""DT_PUBLISH_END"" : ""20260630"",
      ""DT_EVENT_START"" : ""20260401"",
      ""DT_EVENT_END"" : ""20260630"",
      ""DT_END"" : ""20260531""
    }, {
      ""YN_USE_SPECIFIC_COUPON"" : ""N"",
      ""YN_USE_RATE_COUPON"" : ""N"",
      ""YN_USE_POINT"" : ""Y"",
      ""YN_USE_FIXED_COUPON"" : ""Y"",
      ""YN_USE_COUPON"" : ""Y"",
      ""YN_SPEC_STORE"" : ""N"",
      ""YN_SPEC_ITEM"" : ""N"",
      ""YN_PROM_DC"" : ""N"",
      ""YN_ALL_STORE"" : ""N"",
      ""YN_ALL_ITEM"" : ""Y"",
      ""YN_ALL_COUPON"" : ""N"",
      ""YN_ACTIVE"" : true,
      ""NO_PROM"" : ""PRO202605021074"",
      ""NM_TYPE_PROM"" : ""할인"",
      ""NM_STAT"" : ""진행"",
      ""NM_PROM"" : ""[TEST]_V4_3배적립이벤트"",
      ""NM_BRAND"" : ""골든듀"",
      ""DT_START"" : ""20260501"",
      ""DT_PUBLISH_START"" : ""20260401"",
      ""DT_PUBLISH_END"" : ""20260630"",
      ""DT_EVENT_START"" : ""20260401"",
      ""DT_EVENT_END"" : ""20260630"",
      ""DT_END"" : ""20260531""
    }, {
      ""YN_USE_SPECIFIC_COUPON"" : ""N"",
      ""YN_USE_RATE_COUPON"" : ""N"",
      ""YN_USE_POINT"" : ""Y"",
      ""YN_USE_FIXED_COUPON"" : ""Y"",
      ""YN_USE_COUPON"" : ""Y"",
      ""YN_SPEC_STORE"" : ""N"",
      ""YN_SPEC_ITEM"" : ""Y"",
      ""YN_PROM_DC"" : ""N"",
      ""YN_ALL_STORE"" : ""N"",
      ""YN_ALL_ITEM"" : ""N"",
      ""YN_ALL_COUPON"" : ""N"",
      ""YN_ACTIVE"" : true,
      ""NO_PROM"" : ""PRO202605031076"",
      ""NM_TYPE_PROM"" : ""할인"",
      ""NM_STAT"" : ""진행"",
      ""NM_PROM"" : ""[TEST] 혼합테스트_N배적립프로모션_V2"",
      ""NM_BRAND"" : ""골든듀"",
      ""DT_START"" : ""20260501"",
      ""DT_PUBLISH_START"" : ""20260501"",
      ""DT_PUBLISH_END"" : ""20260531"",
      ""DT_EVENT_START"" : ""20260501"",
      ""DT_EVENT_END"" : ""20260531"",
      ""DT_END"" : ""20260531""
    }, {
      ""YN_USE_SPECIFIC_COUPON"" : ""N"",
      ""YN_USE_RATE_COUPON"" : ""N"",
      ""YN_USE_POINT"" : ""Y"",
      ""YN_USE_FIXED_COUPON"" : ""N"",
      ""YN_USE_COUPON"" : ""Y"",
      ""YN_SPEC_STORE"" : ""N"",
      ""YN_SPEC_ITEM"" : ""N"",
      ""YN_PROM_DC"" : ""N"",
      ""YN_ALL_STORE"" : ""N"",
      ""YN_ALL_ITEM"" : ""Y"",
      ""YN_ALL_COUPON"" : ""Y"",
      ""YN_ACTIVE"" : true,
      ""NO_PROM"" : ""PRO202605031077"",
      ""NM_TYPE_PROM"" : ""할인"",
      ""NM_STAT"" : ""진행"",
      ""NM_PROM"" : ""[TEST]_V1_3_무제한프로모션"",
      ""NM_BRAND"" : ""골든듀"",
      ""DT_START"" : ""20260501"",
      ""DT_PUBLISH_START"" : ""20260501"",
      ""DT_PUBLISH_END"" : ""20260531"",
      ""DT_EVENT_START"" : ""20260501"",
      ""DT_EVENT_END"" : ""20260531"",
      ""DT_END"" : ""20260531""
    }, {
      ""YN_USE_SPECIFIC_COUPON"" : ""Y"",
      ""YN_USE_RATE_COUPON"" : ""N"",
      ""YN_USE_POINT"" : ""Y"",
      ""YN_USE_FIXED_COUPON"" : ""N"",
      ""YN_USE_COUPON"" : ""Y"",
      ""YN_SPEC_STORE"" : ""N"",
      ""YN_SPEC_ITEM"" : ""N"",
      ""YN_PROM_DC"" : ""Y"",
      ""YN_ALL_STORE"" : ""N"",
      ""YN_ALL_ITEM"" : ""N"",
      ""YN_ALL_COUPON"" : ""N"",
      ""YN_ACTIVE"" : true,
      ""NO_PROM"" : ""PRO202604271058"",
      ""NM_TYPE_PROM"" : ""할인"",
      ""NM_STAT"" : ""진행"",
      ""NM_PROM"" : ""[TEST] 단위테스트_R군행사"",
      ""NM_BRAND"" : ""골든듀"",
      ""DT_START"" : ""20260427"",
      ""DT_PUBLISH_START"" : ""20260427"",
      ""DT_PUBLISH_END"" : ""20260531"",
      ""DT_EVENT_START"" : ""20260427"",
      ""DT_EVENT_END"" : ""20260531"",
      ""DT_END"" : ""20260531""
    }, {
      ""YN_USE_SPECIFIC_COUPON"" : ""Y"",
      ""YN_USE_RATE_COUPON"" : ""N"",
      ""YN_USE_POINT"" : ""Y"",
      ""YN_USE_FIXED_COUPON"" : ""N"",
      ""YN_USE_COUPON"" : ""Y"",
      ""YN_SPEC_STORE"" : ""N"",
      ""YN_SPEC_ITEM"" : ""N"",
      ""YN_PROM_DC"" : ""N"",
      ""YN_ALL_STORE"" : ""N"",
      ""YN_ALL_ITEM"" : ""N"",
      ""YN_ALL_COUPON"" : ""N"",
      ""YN_ACTIVE"" : true,
      ""NO_PROM"" : ""PRO202604201056"",
      ""NM_TYPE_PROM"" : ""할인"",
      ""NM_STAT"" : ""진행"",
      ""NM_PROM"" : ""[TEST] 통합시나리오V4_R군행사"",
      ""NM_BRAND"" : ""골든듀"",
      ""DT_START"" : ""20260420"",
      ""DT_PUBLISH_START"" : ""20260420"",
      ""DT_PUBLISH_END"" : ""20260531"",
      ""DT_EVENT_START"" : ""20260420"",
      ""DT_EVENT_END"" : ""20260531"",
      ""DT_END"" : ""20260531""
    }, {
      ""YN_USE_SPECIFIC_COUPON"" : ""N"",
      ""YN_USE_RATE_COUPON"" : ""N"",
      ""YN_USE_POINT"" : ""Y"",
      ""YN_USE_FIXED_COUPON"" : ""Y"",
      ""YN_USE_COUPON"" : ""Y"",
      ""YN_SPEC_STORE"" : ""N"",
      ""YN_SPEC_ITEM"" : ""N"",
      ""YN_PROM_DC"" : ""Y"",
      ""YN_ALL_STORE"" : ""N"",
      ""YN_ALL_ITEM"" : ""Y"",
      ""YN_ALL_COUPON"" : ""N"",
      ""YN_ACTIVE"" : true,
      ""NO_PROM"" : ""PRO202604201055"",
      ""NM_TYPE_PROM"" : ""할인"",
      ""NM_STAT"" : ""진행"",
      ""NM_PROM"" : ""[TEST] 통합시나리오V4_사은포인트3배"",
      ""NM_BRAND"" : ""골든듀"",
      ""DT_START"" : ""20260420"",
      ""DT_PUBLISH_START"" : ""20260420"",
      ""DT_PUBLISH_END"" : ""20260531"",
      ""DT_EVENT_START"" : ""20260420"",
      ""DT_EVENT_END"" : ""20260531"",
      ""DT_END"" : ""20260531""
    }, {
      ""YN_USE_SPECIFIC_COUPON"" : ""N"",
      ""YN_USE_RATE_COUPON"" : ""N"",
      ""YN_USE_POINT"" : ""N"",
      ""YN_USE_FIXED_COUPON"" : ""N"",
      ""YN_USE_COUPON"" : ""N"",
      ""YN_SPEC_STORE"" : ""N"",
      ""YN_SPEC_ITEM"" : ""Y"",
      ""YN_PROM_DC"" : ""Y"",
      ""YN_ALL_STORE"" : ""N"",
      ""YN_ALL_ITEM"" : ""N"",
      ""YN_ALL_COUPON"" : ""N"",
      ""YN_ACTIVE"" : true,
      ""NO_PROM"" : ""PRO202604171052"",
      ""NM_TYPE_PROM"" : ""할인"",
      ""NM_STAT"" : ""진행"",
      ""NM_PROM"" : ""[TEST] 통합시나리오V4_골드바_행사"",
      ""NM_BRAND"" : ""골든듀"",
      ""DT_START"" : ""20260417"",
      ""DT_PUBLISH_START"" : ""20260417"",
      ""DT_PUBLISH_END"" : ""20260531"",
      ""DT_EVENT_START"" : ""20260417"",
      ""DT_EVENT_END"" : ""20260531"",
      ""DT_END"" : ""20260531""
    }, {
      ""YN_USE_SPECIFIC_COUPON"" : ""N"",
      ""YN_USE_RATE_COUPON"" : ""N"",
      ""YN_USE_POINT"" : ""Y"",
      ""YN_USE_FIXED_COUPON"" : ""N"",
      ""YN_USE_COUPON"" : ""Y"",
      ""YN_SPEC_STORE"" : ""N"",
      ""YN_SPEC_ITEM"" : ""N"",
      ""YN_PROM_DC"" : ""N"",
      ""YN_ALL_STORE"" : ""N"",
      ""YN_ALL_ITEM"" : ""Y"",
      ""YN_ALL_COUPON"" : ""Y"",
      ""YN_ACTIVE"" : true,
      ""NO_PROM"" : ""PRO202604171051"",
      ""NM_TYPE_PROM"" : null,
      ""NM_STAT"" : null,
      ""NM_PROM"" : ""[TEST] 통합시나리오V4_프로모션없음_V1"",
      ""NM_BRAND"" : ""골든듀"",
      ""DT_START"" : ""20260417"",
      ""DT_PUBLISH_START"" : ""20260417"",
      ""DT_PUBLISH_END"" : ""20260531"",
      ""DT_EVENT_START"" : ""20260417"",
      ""DT_EVENT_END"" : ""20260531"",
      ""DT_END"" : ""20260531""
    }, {
      ""YN_USE_SPECIFIC_COUPON"" : ""N"",
      ""YN_USE_RATE_COUPON"" : ""N"",
      ""YN_USE_POINT"" : ""N"",
      ""YN_USE_FIXED_COUPON"" : ""N"",
      ""YN_USE_COUPON"" : ""Y"",
      ""YN_SPEC_STORE"" : ""N"",
      ""YN_SPEC_ITEM"" : ""N"",
      ""YN_PROM_DC"" : ""N"",
      ""YN_ALL_STORE"" : ""N"",
      ""YN_ALL_ITEM"" : ""Y"",
      ""YN_ALL_COUPON"" : ""Y"",
      ""YN_ACTIVE"" : true,
      ""NO_PROM"" : ""PRO202604171050"",
      ""NM_TYPE_PROM"" : ""할인"",
      ""NM_STAT"" : ""진행"",
      ""NM_PROM"" : ""[TEST] 통합시나리오V4_9번"",
      ""NM_BRAND"" : ""골든듀"",
      ""DT_START"" : ""20260417"",
      ""DT_PUBLISH_START"" : ""20260417"",
      ""DT_PUBLISH_END"" : ""20260531"",
      ""DT_EVENT_START"" : ""20260417"",
      ""DT_EVENT_END"" : ""20260531"",
      ""DT_END"" : ""20260531""
    }, {
      ""YN_USE_SPECIFIC_COUPON"" : ""N"",
      ""YN_USE_RATE_COUPON"" : ""Y"",
      ""YN_USE_POINT"" : ""Y"",
      ""YN_USE_FIXED_COUPON"" : ""N"",
      ""YN_USE_COUPON"" : ""Y"",
      ""YN_SPEC_STORE"" : ""N"",
      ""YN_SPEC_ITEM"" : ""Y"",
      ""YN_PROM_DC"" : ""Y"",
      ""YN_ALL_STORE"" : ""N"",
      ""YN_ALL_ITEM"" : ""N"",
      ""YN_ALL_COUPON"" : ""N"",
      ""YN_ACTIVE"" : true,
      ""NO_PROM"" : ""PRO202604171053"",
      ""NM_TYPE_PROM"" : ""할인"",
      ""NM_STAT"" : ""진행"",
      ""NM_PROM"" : ""[TEST] 통합시나리오V4_계열별_특별_행사"",
      ""NM_BRAND"" : ""골든듀"",
      ""DT_START"" : ""20260417"",
      ""DT_PUBLISH_START"" : ""20260417"",
      ""DT_PUBLISH_END"" : ""20260531"",
      ""DT_EVENT_START"" : ""20260417"",
      ""DT_EVENT_END"" : ""20260531"",
      ""DT_END"" : ""20260531""
    }, {
      ""YN_USE_SPECIFIC_COUPON"" : ""N"",
      ""YN_USE_RATE_COUPON"" : ""N"",
      ""YN_USE_POINT"" : ""Y"",
      ""YN_USE_FIXED_COUPON"" : ""N"",
      ""YN_USE_COUPON"" : ""Y"",
      ""YN_SPEC_STORE"" : ""N"",
      ""YN_SPEC_ITEM"" : ""N"",
      ""YN_PROM_DC"" : ""N"",
      ""YN_ALL_STORE"" : ""N"",
      ""YN_ALL_ITEM"" : ""Y"",
      ""YN_ALL_COUPON"" : ""Y"",
      ""YN_ACTIVE"" : true,
      ""NO_PROM"" : ""PRO202604171054"",
      ""NM_TYPE_PROM"" : ""할인"",
      ""NM_STAT"" : ""등록"",
      ""NM_PROM"" : ""[TEST] 통합시나리오V1_1번"",
      ""NM_BRAND"" : ""골든듀"",
      ""DT_START"" : ""20260417"",
      ""DT_PUBLISH_START"" : ""20260417"",
      ""DT_PUBLISH_END"" : ""20260531"",
      ""DT_EVENT_START"" : ""20260417"",
      ""DT_EVENT_END"" : ""20260531"",
      ""DT_END"" : ""20260531""
    }, {
      ""YN_USE_SPECIFIC_COUPON"" : ""N"",
      ""YN_USE_RATE_COUPON"" : ""N"",
      ""YN_USE_POINT"" : ""Y"",
      ""YN_USE_FIXED_COUPON"" : ""N"",
      ""YN_USE_COUPON"" : ""Y"",
      ""YN_SPEC_STORE"" : ""N"",
      ""YN_SPEC_ITEM"" : ""N"",
      ""YN_PROM_DC"" : ""N"",
      ""YN_ALL_STORE"" : ""N"",
      ""YN_ALL_ITEM"" : ""Y"",
      ""YN_ALL_COUPON"" : ""Y"",
      ""YN_ACTIVE"" : true,
      ""NO_PROM"" : ""PRO202604161047"",
      ""NM_TYPE_PROM"" : ""할인"",
      ""NM_STAT"" : ""진행"",
      ""NM_PROM"" : ""[TEST] 더블적립_프로모션_V2"",
      ""NM_BRAND"" : ""골든듀"",
      ""DT_START"" : ""20260416"",
      ""DT_PUBLISH_START"" : ""20260416"",
      ""DT_PUBLISH_END"" : ""20260531"",
      ""DT_EVENT_START"" : ""20260416"",
      ""DT_EVENT_END"" : ""20260531"",
      ""DT_END"" : ""20260531""
    }, {
      ""YN_USE_SPECIFIC_COUPON"" : ""N"",
      ""YN_USE_RATE_COUPON"" : ""N"",
      ""YN_USE_POINT"" : ""Y"",
      ""YN_USE_FIXED_COUPON"" : ""N"",
      ""YN_USE_COUPON"" : ""Y"",
      ""YN_SPEC_STORE"" : ""N"",
      ""YN_SPEC_ITEM"" : ""N"",
      ""YN_PROM_DC"" : ""N"",
      ""YN_ALL_STORE"" : ""N"",
      ""YN_ALL_ITEM"" : ""Y"",
      ""YN_ALL_COUPON"" : ""Y"",
      ""YN_ACTIVE"" : true,
      ""NO_PROM"" : ""PRO202604161043"",
      ""NM_TYPE_PROM"" : ""할인"",
      ""NM_STAT"" : ""진행"",
      ""NM_PROM"" : ""[TEST] 더블적립_프로모션"",
      ""NM_BRAND"" : ""골든듀"",
      ""DT_START"" : ""20260416"",
      ""DT_PUBLISH_START"" : ""20260416"",
      ""DT_PUBLISH_END"" : ""20260531"",
      ""DT_EVENT_START"" : ""20260416"",
      ""DT_EVENT_END"" : ""20260531"",
      ""DT_END"" : ""20260531""
    }, {
      ""YN_USE_SPECIFIC_COUPON"" : ""N"",
      ""YN_USE_RATE_COUPON"" : ""N"",
      ""YN_USE_POINT"" : ""Y"",
      ""YN_USE_FIXED_COUPON"" : ""N"",
      ""YN_USE_COUPON"" : ""Y"",
      ""YN_SPEC_STORE"" : ""N"",
      ""YN_SPEC_ITEM"" : ""Y"",
      ""YN_PROM_DC"" : ""N"",
      ""YN_ALL_STORE"" : ""N"",
      ""YN_ALL_ITEM"" : ""N"",
      ""YN_ALL_COUPON"" : ""Y"",
      ""YN_ACTIVE"" : true,
      ""NO_PROM"" : ""PRO202604161046"",
      ""NM_TYPE_PROM"" : ""할인"",
      ""NM_STAT"" : ""진행"",
      ""NM_PROM"" : ""[TEST] 기획행사_프로모션"",
      ""NM_BRAND"" : ""골든듀"",
      ""DT_START"" : ""20260416"",
      ""DT_PUBLISH_START"" : ""20260416"",
      ""DT_PUBLISH_END"" : ""20260531"",
      ""DT_EVENT_START"" : ""20260416"",
      ""DT_EVENT_END"" : ""20260531"",
      ""DT_END"" : ""20260531""
    }, {
      ""YN_USE_SPECIFIC_COUPON"" : ""N"",
      ""YN_USE_RATE_COUPON"" : ""N"",
      ""YN_USE_POINT"" : ""Y"",
      ""YN_USE_FIXED_COUPON"" : ""N"",
      ""YN_USE_COUPON"" : ""Y"",
      ""YN_SPEC_STORE"" : ""N"",
      ""YN_SPEC_ITEM"" : ""N"",
      ""YN_PROM_DC"" : ""N"",
      ""YN_ALL_STORE"" : ""N"",
      ""YN_ALL_ITEM"" : ""Y"",
      ""YN_ALL_COUPON"" : ""Y"",
      ""YN_ACTIVE"" : true,
      ""NO_PROM"" : ""PRO202604161042"",
      ""NM_TYPE_PROM"" : ""할인"",
      ""NM_STAT"" : ""진행"",
      ""NM_PROM"" : ""[TEST] 사은불가_프로모션"",
      ""NM_BRAND"" : ""골든듀"",
      ""DT_START"" : ""20260416"",
      ""DT_PUBLISH_START"" : ""20260416"",
      ""DT_PUBLISH_END"" : ""20260531"",
      ""DT_EVENT_START"" : ""20260416"",
      ""DT_EVENT_END"" : ""20260531"",
      ""DT_END"" : ""20260531""
    }, {
      ""YN_USE_SPECIFIC_COUPON"" : ""Y"",
      ""YN_USE_RATE_COUPON"" : ""N"",
      ""YN_USE_POINT"" : ""N"",
      ""YN_USE_FIXED_COUPON"" : ""N"",
      ""YN_USE_COUPON"" : ""Y"",
      ""YN_SPEC_STORE"" : ""N"",
      ""YN_SPEC_ITEM"" : ""Y"",
      ""YN_PROM_DC"" : ""N"",
      ""YN_ALL_STORE"" : ""N"",
      ""YN_ALL_ITEM"" : ""N"",
      ""YN_ALL_COUPON"" : ""N"",
      ""YN_ACTIVE"" : true,
      ""NO_PROM"" : ""PRO202604161049"",
      ""NM_TYPE_PROM"" : ""할인"",
      ""NM_STAT"" : ""진행"",
      ""NM_PROM"" : ""[TEST] 혼합테스트_V2"",
      ""NM_BRAND"" : ""골든듀"",
      ""DT_START"" : ""20260416"",
      ""DT_PUBLISH_START"" : ""20260416"",
      ""DT_PUBLISH_END"" : ""20260531"",
      ""DT_EVENT_START"" : ""20260416"",
      ""DT_EVENT_END"" : ""20260531"",
      ""DT_END"" : ""20260531""
    }, {
      ""YN_USE_SPECIFIC_COUPON"" : ""N"",
      ""YN_USE_RATE_COUPON"" : ""N"",
      ""YN_USE_POINT"" : ""Y"",
      ""YN_USE_FIXED_COUPON"" : ""Y"",
      ""YN_USE_COUPON"" : ""Y"",
      ""YN_SPEC_STORE"" : ""N"",
      ""YN_SPEC_ITEM"" : ""N"",
      ""YN_PROM_DC"" : ""N"",
      ""YN_ALL_STORE"" : ""N"",
      ""YN_ALL_ITEM"" : ""N"",
      ""YN_ALL_COUPON"" : ""N"",
      ""YN_ACTIVE"" : true,
      ""NO_PROM"" : ""PRO202604161048"",
      ""NM_TYPE_PROM"" : ""할인"",
      ""NM_STAT"" : ""진행"",
      ""NM_PROM"" : ""[TEST] 혼합테스트_V1"",
      ""NM_BRAND"" : ""골든듀"",
      ""DT_START"" : ""20260416"",
      ""DT_PUBLISH_START"" : ""20260416"",
      ""DT_PUBLISH_END"" : ""20260531"",
      ""DT_EVENT_START"" : ""20260416"",
      ""DT_EVENT_END"" : ""20260531"",
      ""DT_END"" : ""20260531""
    }, {
      ""YN_USE_SPECIFIC_COUPON"" : ""N"",
      ""YN_USE_RATE_COUPON"" : ""N"",
      ""YN_USE_POINT"" : ""Y"",
      ""YN_USE_FIXED_COUPON"" : ""N"",
      ""YN_USE_COUPON"" : ""Y"",
      ""YN_SPEC_STORE"" : ""N"",
      ""YN_SPEC_ITEM"" : ""N"",
      ""YN_PROM_DC"" : ""N"",
      ""YN_ALL_STORE"" : ""N"",
      ""YN_ALL_ITEM"" : ""Y"",
      ""YN_ALL_COUPON"" : ""Y"",
      ""YN_ACTIVE"" : true,
      ""NO_PROM"" : ""PRO202604161045"",
      ""NM_TYPE_PROM"" : ""할인"",
      ""NM_STAT"" : ""진행"",
      ""NM_PROM"" : ""[TEST] 프로모션_마스터_변경"",
      ""NM_BRAND"" : ""골든듀"",
      ""DT_START"" : ""20260416"",
      ""DT_PUBLISH_START"" : ""20260416"",
      ""DT_PUBLISH_END"" : ""20260531"",
      ""DT_EVENT_START"" : ""20260416"",
      ""DT_EVENT_END"" : ""20260531"",
      ""DT_END"" : ""20260531""
    }, {
      ""YN_USE_SPECIFIC_COUPON"" : ""Y"",
      ""YN_USE_RATE_COUPON"" : ""N"",
      ""YN_USE_POINT"" : ""N"",
      ""YN_USE_FIXED_COUPON"" : ""N"",
      ""YN_USE_COUPON"" : ""Y"",
      ""YN_SPEC_STORE"" : ""N"",
      ""YN_SPEC_ITEM"" : ""N"",
      ""YN_PROM_DC"" : ""N"",
      ""YN_ALL_STORE"" : ""N"",
      ""YN_ALL_ITEM"" : ""N"",
      ""YN_ALL_COUPON"" : ""N"",
      ""YN_ACTIVE"" : true,
      ""NO_PROM"" : ""PRO202604291066"",
      ""NM_TYPE_PROM"" : ""할인"",
      ""NM_STAT"" : ""진행"",
      ""NM_PROM"" : ""[TEST] 프로모션 쿠폰 테스트"",
      ""NM_BRAND"" : ""골든듀"",
      ""DT_START"" : ""20260402"",
      ""DT_PUBLISH_START"" : ""20260401"",
      ""DT_PUBLISH_END"" : ""20260531"",
      ""DT_EVENT_START"" : ""20260401"",
      ""DT_EVENT_END"" : ""20260531"",
      ""DT_END"" : ""20260502""
    }, {
      ""YN_USE_SPECIFIC_COUPON"" : ""N"",
      ""YN_USE_RATE_COUPON"" : ""N"",
      ""YN_USE_POINT"" : ""Y"",
      ""YN_USE_FIXED_COUPON"" : ""N"",
      ""YN_USE_COUPON"" : ""Y"",
      ""YN_SPEC_STORE"" : ""N"",
      ""YN_SPEC_ITEM"" : ""N"",
      ""YN_PROM_DC"" : ""N"",
      ""YN_ALL_STORE"" : ""N"",
      ""YN_ALL_ITEM"" : ""Y"",
      ""YN_ALL_COUPON"" : ""Y"",
      ""YN_ACTIVE"" : true,
      ""NO_PROM"" : ""PRO202604161041"",
      ""NM_TYPE_PROM"" : ""할인"",
      ""NM_STAT"" : ""진행"",
      ""NM_PROM"" : ""[TEST]_프로모션없음"",
      ""NM_BRAND"" : ""골든듀"",
      ""DT_START"" : ""20260401"",
      ""DT_PUBLISH_START"" : ""20260401"",
      ""DT_PUBLISH_END"" : ""20260531"",
      ""DT_EVENT_START"" : ""20260401"",
      ""DT_EVENT_END"" : ""20260531"",
      ""DT_END"" : ""20260524""
    }, {
      ""YN_USE_SPECIFIC_COUPON"" : ""N"",
      ""YN_USE_RATE_COUPON"" : ""N"",
      ""YN_USE_POINT"" : ""N"",
      ""YN_USE_FIXED_COUPON"" : ""N"",
      ""YN_USE_COUPON"" : ""N"",
      ""YN_SPEC_STORE"" : ""N"",
      ""YN_SPEC_ITEM"" : ""N"",
      ""YN_PROM_DC"" : ""N"",
      ""YN_ALL_STORE"" : ""Y"",
      ""YN_ALL_ITEM"" : ""N"",
      ""YN_ALL_COUPON"" : ""N"",
      ""YN_ACTIVE"" : true,
      ""NO_PROM"" : ""PRO202604281062"",
      ""NM_TYPE_PROM"" : ""할인"",
      ""NM_STAT"" : ""등록"",
      ""NM_PROM"" : ""[TEST] 프로모션 게시기간 테스트"",
      ""NM_BRAND"" : ""골든듀"",
      ""DT_START"" : ""20260401"",
      ""DT_PUBLISH_START"" : ""20260401"",
      ""DT_PUBLISH_END"" : ""20260531"",
      ""DT_EVENT_START"" : ""20260401"",
      ""DT_EVENT_END"" : ""20260531"",
      ""DT_END"" : ""20260531""
    }, {
      ""YN_USE_SPECIFIC_COUPON"" : ""N"",
      ""YN_USE_RATE_COUPON"" : ""N"",
      ""YN_USE_POINT"" : ""Y"",
      ""YN_USE_FIXED_COUPON"" : ""N"",
      ""YN_USE_COUPON"" : ""Y"",
      ""YN_SPEC_STORE"" : ""N"",
      ""YN_SPEC_ITEM"" : ""N"",
      ""YN_PROM_DC"" : ""N"",
      ""YN_ALL_STORE"" : ""N"",
      ""YN_ALL_ITEM"" : ""Y"",
      ""YN_ALL_COUPON"" : ""Y"",
      ""YN_ACTIVE"" : true,
      ""NO_PROM"" : ""PRO202605051083"",
      ""NM_TYPE_PROM"" : ""할인"",
      ""NM_STAT"" : ""진행"",
      ""NM_PROM"" : ""[TEST]_V5_6사은적립불가"",
      ""NM_BRAND"" : ""골든듀"",
      ""DT_START"" : ""20260101"",
      ""DT_PUBLISH_START"" : ""20260101"",
      ""DT_PUBLISH_END"" : ""20260531"",
      ""DT_EVENT_START"" : ""20260101"",
      ""DT_EVENT_END"" : ""20260531"",
      ""DT_END"" : ""20260531""
    } ]
  },
  ""code"" : 200
}"
a12JO000000MlxxYAC,2026-05-11T00:58:00.000+0000,GdPromotionDetailApiControllerV1,"{""PromotionNo__c"":""PRO202605091086""}",,"{
  ""success"" : true,
  ""message"" : ""프로모션 상세 조회 성공"",
  ""data"" : {
    ""PromotionDetail"" : {
      ""YN_PROM_DC"" : ""N"",
      ""YN_ALL_ITEM"" : ""Y"",
      ""YN_ACTIVE"" : true,
      ""STORES"" : [ ],
      ""POINTS"" : [ ],
      ""NO_PROM"" : ""PRO202605091086"",
      ""NM_PROM"" : ""[TEST] 포인트적립불가"",
      ""ITEMS"" : [ ],
      ""DT_PUBLISH_START"" : ""20260509"",
      ""DT_PUBLISH_END"" : ""20260531"",
      ""COUPONS"" : [ {
        ""RT_DISC"" : 0,
        ""NM_TYPE_COUPON"" : ""정액"",
        ""NM_MAN_COUPON"" : ""재발행(8월_일반생일)_2025"",
        ""DT_STR_EXP"" : ""20250801"",
        ""DT_END_EXP"" : ""20260731"",
        ""AM_DISC"" : 30000
      }, {
        ""RT_DISC"" : 0,
        ""NM_TYPE_COUPON"" : ""정액"",
        ""NM_MAN_COUPON"" : ""202509_일반회원_생일쿠폰"",
        ""DT_STR_EXP"" : ""20250901"",
        ""DT_END_EXP"" : ""20260831"",
        ""AM_DISC"" : 30000
      }, {
        ""RT_DISC"" : 0,
        ""NM_TYPE_COUPON"" : ""정액"",
        ""NM_MAN_COUPON"" : ""202509_VIP회원_생일쿠폰"",
        ""DT_STR_EXP"" : ""20250901"",
        ""DT_END_EXP"" : ""20260831"",
        ""AM_DISC"" : 50000
      }, {
        ""RT_DISC"" : 0,
        ""NM_TYPE_COUPON"" : ""정액"",
        ""NM_MAN_COUPON"" : ""202509_VVIP회원_생일쿠폰"",
        ""DT_STR_EXP"" : ""20250901"",
        ""DT_END_EXP"" : ""20260831"",
        ""AM_DISC"" : 100000
      }, {
        ""RT_DISC"" : 0,
        ""NM_TYPE_COUPON"" : ""정액"",
        ""NM_MAN_COUPON"" : ""202509_SVIP회원_생일쿠폰"",
        ""DT_STR_EXP"" : ""20250901"",
        ""DT_END_EXP"" : ""20260831"",
        ""AM_DISC"" : 100000
      }, {
        ""RT_DISC"" : 0,
        ""NM_TYPE_COUPON"" : ""정액"",
        ""NM_MAN_COUPON"" : ""재발행(12월_일반생일)_2025"",
        ""DT_STR_EXP"" : ""20251201"",
        ""DT_END_EXP"" : ""20261130"",
        ""AM_DISC"" : 30000
      }, {
        ""RT_DISC"" : 0,
        ""NM_TYPE_COUPON"" : ""정액"",
        ""NM_MAN_COUPON"" : ""재발행(10월_VVIP생일)_2025"",
        ""DT_STR_EXP"" : ""20251001"",
        ""DT_END_EXP"" : ""20260930"",
        ""AM_DISC"" : 100000
      }, {
        ""RT_DISC"" : 0,
        ""NM_TYPE_COUPON"" : ""정액"",
        ""NM_MAN_COUPON"" : ""202601_SVIP회원_생일쿠폰"",
        ""DT_STR_EXP"" : ""20260101"",
        ""DT_END_EXP"" : ""20261231"",
        ""AM_DISC"" : 100000
      }, {
        ""RT_DISC"" : 0,
        ""NM_TYPE_COUPON"" : ""정액"",
        ""NM_MAN_COUPON"" : ""202601_VVIP회원_생일쿠폰"",
        ""DT_STR_EXP"" : ""20260101"",
        ""DT_END_EXP"" : ""20261231"",
        ""AM_DISC"" : 100000
      }, {
        ""RT_DISC"" : 0,
        ""NM_TYPE_COUPON"" : ""정액"",
        ""NM_MAN_COUPON"" : ""202601_VIP회원_생일쿠폰"",
        ""DT_STR_EXP"" : ""20260101"",
        ""DT_END_EXP"" : ""20261231"",
        ""AM_DISC"" : 50000
      }, {
        ""RT_DISC"" : 0,
        ""NM_TYPE_COUPON"" : ""정액"",
        ""NM_MAN_COUPON"" : ""202601_일반회원_생일쿠폰"",
        ""DT_STR_EXP"" : ""20260101"",
        ""DT_END_EXP"" : ""20261231"",
        ""AM_DISC"" : 30000
      }, {
        ""RT_DISC"" : 0,
        ""NM_TYPE_COUPON"" : ""정액"",
        ""NM_MAN_COUPON"" : ""202601_신규1만원"",
        ""DT_STR_EXP"" : ""20260101"",
        ""DT_END_EXP"" : ""20260630"",
        ""AM_DISC"" : 10000
      }, {
        ""RT_DISC"" : 0,
        ""NM_TYPE_COUPON"" : ""정액"",
        ""NM_MAN_COUPON"" : ""재발행(202601_신규1만원)"",
        ""DT_STR_EXP"" : ""20260101"",
        ""DT_END_EXP"" : ""20260630"",
        ""AM_DISC"" : 10000
      }, {
        ""RT_DISC"" : 0,
        ""NM_TYPE_COUPON"" : ""정액"",
        ""NM_MAN_COUPON"" : ""202508_일반회원_생일쿠폰"",
        ""DT_STR_EXP"" : ""20250801"",
        ""DT_END_EXP"" : ""20260731"",
        ""AM_DISC"" : 30000
      }, {
        ""RT_DISC"" : 0,
        ""NM_TYPE_COUPON"" : ""정액"",
        ""NM_MAN_COUPON"" : ""202508_VIP회원_생일쿠폰"",
        ""DT_STR_EXP"" : ""20250801"",
        ""DT_END_EXP"" : ""20260731"",
        ""AM_DISC"" : 50000
      }, {
        ""RT_DISC"" : 0,
        ""NM_TYPE_COUPON"" : ""정액"",
        ""NM_MAN_COUPON"" : ""202508_VVIP회원_생일쿠폰"",
        ""DT_STR_EXP"" : ""20250801"",
        ""DT_END_EXP"" : ""20260731"",
        ""AM_DISC"" : 100000
      }, {
        ""RT_DISC"" : 0,
        ""NM_TYPE_COUPON"" : ""정액"",
        ""NM_MAN_COUPON"" : ""202508_SVIP회원_생일쿠폰"",
        ""DT_STR_EXP"" : ""20250801"",
        ""DT_END_EXP"" : ""20260731"",
        ""AM_DISC"" : 100000
      }, {
        ""RT_DISC"" : 0,
        ""NM_TYPE_COUPON"" : ""정액"",
        ""NM_MAN_COUPON"" : ""202507_일반회원_생일쿠폰"",
        ""DT_STR_EXP"" : ""20250701"",
        ""DT_END_EXP"" : ""20260630"",
        ""AM_DISC"" : 30000
      }, {
        ""RT_DISC"" : 0,
        ""NM_TYPE_COUPON"" : ""정액"",
        ""NM_MAN_COUPON"" : ""202507_SVIP회원_생일쿠폰"",
        ""DT_STR_EXP"" : ""20250701"",
        ""DT_END_EXP"" : ""20260630"",
        ""AM_DISC"" : 100000
      }, {
        ""RT_DISC"" : 0,
        ""NM_TYPE_COUPON"" : ""정액"",
        ""NM_MAN_COUPON"" : ""202507_VIP회원_생일쿠폰"",
        ""DT_STR_EXP"" : ""20250701"",
        ""DT_END_EXP"" : ""20260630"",
        ""AM_DISC"" : 50000
      }, {
        ""RT_DISC"" : 0,
        ""NM_TYPE_COUPON"" : ""정액"",
        ""NM_MAN_COUPON"" : ""202507_VVIP회원_생일쿠폰"",
        ""DT_STR_EXP"" : ""20250701"",
        ""DT_END_EXP"" : ""20260630"",
        ""AM_DISC"" : 100000
      }, {
        ""RT_DISC"" : 0,
        ""NM_TYPE_COUPON"" : ""정액"",
        ""NM_MAN_COUPON"" : ""재발행(7월_일반생일)_2025"",
        ""DT_STR_EXP"" : ""20250701"",
        ""DT_END_EXP"" : ""20260630"",
        ""AM_DISC"" : 30000
      }, {
        ""RT_DISC"" : 0,
        ""NM_TYPE_COUPON"" : ""정액"",
        ""NM_MAN_COUPON"" : ""202506_SVIP회원_생일쿠폰"",
        ""DT_STR_EXP"" : ""20250601"",
        ""DT_END_EXP"" : ""20260531"",
        ""AM_DISC"" : 100000
      }, {
        ""RT_DISC"" : 0,
        ""NM_TYPE_COUPON"" : ""정액"",
        ""NM_MAN_COUPON"" : ""202506_VVIP회원_생일쿠폰"",
        ""DT_STR_EXP"" : ""20250601"",
        ""DT_END_EXP"" : ""20260531"",
        ""AM_DISC"" : 100000
      }, {
        ""RT_DISC"" : 0,
        ""NM_TYPE_COUPON"" : ""정액"",
        ""NM_MAN_COUPON"" : ""202506_VIP회원_생일쿠폰"",
        ""DT_STR_EXP"" : ""20250601"",
        ""DT_END_EXP"" : ""20260531"",
        ""AM_DISC"" : 50000
      }, {
        ""RT_DISC"" : 0,
        ""NM_TYPE_COUPON"" : ""정액"",
        ""NM_MAN_COUPON"" : ""재발행(6월_일반생일)_2025"",
        ""DT_STR_EXP"" : ""20250601"",
        ""DT_END_EXP"" : ""20260531"",
        ""AM_DISC"" : 30000
      }, {
        ""RT_DISC"" : 0,
        ""NM_TYPE_COUPON"" : ""정액"",
        ""NM_MAN_COUPON"" : ""202506_일반회원_생일쿠폰"",
        ""DT_STR_EXP"" : ""20250601"",
        ""DT_END_EXP"" : ""20260531"",
        ""AM_DISC"" : 30000
      }, {
        ""RT_DISC"" : 0,
        ""NM_TYPE_COUPON"" : ""정액"",
        ""NM_MAN_COUPON"" : ""재발행(11월_일반생일)_2025"",
        ""DT_STR_EXP"" : ""20251101"",
        ""DT_END_EXP"" : ""20261031"",
        ""AM_DISC"" : 30000
      }, {
        ""RT_DISC"" : 0,
        ""NM_TYPE_COUPON"" : ""정액"",
        ""NM_MAN_COUPON"" : ""재발행(11월_VVIP생일)_2025"",
        ""DT_STR_EXP"" : ""20251101"",
        ""DT_END_EXP"" : ""20261031"",
        ""AM_DISC"" : 100000
      }, {
        ""RT_DISC"" : 0,
        ""NM_TYPE_COUPON"" : ""정액"",
        ""NM_MAN_COUPON"" : ""재발행(6월_VVIP생일)_2025"",
        ""DT_STR_EXP"" : ""20250601"",
        ""DT_END_EXP"" : ""20260531"",
        ""AM_DISC"" : 100000
      }, {
        ""RT_DISC"" : 0,
        ""NM_TYPE_COUPON"" : ""정액"",
        ""NM_MAN_COUPON"" : ""202512_일반회원_생일쿠폰"",
        ""DT_STR_EXP"" : ""20251201"",
        ""DT_END_EXP"" : ""20261130"",
        ""AM_DISC"" : 30000
      }, {
        ""RT_DISC"" : 0,
        ""NM_TYPE_COUPON"" : ""정액"",
        ""NM_MAN_COUPON"" : ""202512_SVIP회원_생일쿠폰"",
        ""DT_STR_EXP"" : ""20251201"",
        ""DT_END_EXP"" : ""20261130"",
        ""AM_DISC"" : 100000
      }, {
        ""RT_DISC"" : 0,
        ""NM_TYPE_COUPON"" : ""정액"",
        ""NM_MAN_COUPON"" : ""202512_VVIP회원_생일쿠폰"",
        ""DT_STR_EXP"" : ""20251201"",
        ""DT_END_EXP"" : ""20261130"",
        ""AM_DISC"" : 100000
      }, {
        ""RT_DISC"" : 0,
        ""NM_TYPE_COUPON"" : ""정액"",
        ""NM_MAN_COUPON"" : ""202512_VIP회원_생일쿠폰"",
        ""DT_STR_EXP"" : ""20251201"",
        ""DT_END_EXP"" : ""20261130"",
        ""AM_DISC"" : 50000
      }, {
        ""RT_DISC"" : 0,
        ""NM_TYPE_COUPON"" : ""정액"",
        ""NM_MAN_COUPON"" : ""202512_신규1만원"",
        ""DT_STR_EXP"" : ""20251201"",
        ""DT_END_EXP"" : ""20260531"",
        ""AM_DISC"" : 10000
      }, {
        ""RT_DISC"" : 0,
        ""NM_TYPE_COUPON"" : ""정액"",
        ""NM_MAN_COUPON"" : ""재발행(202512_신규1만원)"",
        ""DT_STR_EXP"" : ""20251201"",
        ""DT_END_EXP"" : ""20260531"",
        ""AM_DISC"" : 10000
      }, {
        ""RT_DISC"" : 0,
        ""NM_TYPE_COUPON"" : ""정액"",
        ""NM_MAN_COUPON"" : ""202511_일반회원_생일쿠폰"",
        ""DT_STR_EXP"" : ""20251101"",
        ""DT_END_EXP"" : ""20261031"",
        ""AM_DISC"" : 30000
      }, {
        ""RT_DISC"" : 0,
        ""NM_TYPE_COUPON"" : ""정액"",
        ""NM_MAN_COUPON"" : ""202511_VIP회원_생일쿠폰"",
        ""DT_STR_EXP"" : ""20251101"",
        ""DT_END_EXP"" : ""20261031"",
        ""AM_DISC"" : 50000
      }, {
        ""RT_DISC"" : 0,
        ""NM_TYPE_COUPON"" : ""정액"",
        ""NM_MAN_COUPON"" : ""202511_VVIP회원_생일쿠폰"",
        ""DT_STR_EXP"" : ""20251101"",
        ""DT_END_EXP"" : ""20261031"",
        ""AM_DISC"" : 100000
      }, {
        ""RT_DISC"" : 0,
        ""NM_TYPE_COUPON"" : ""정액"",
        ""NM_MAN_COUPON"" : ""202511_SVIP회원_생일쿠폰"",
        ""DT_STR_EXP"" : ""20251101"",
        ""DT_END_EXP"" : ""20261031"",
        ""AM_DISC"" : 100000
      }, {
        ""RT_DISC"" : 0,
        ""NM_TYPE_COUPON"" : ""정액"",
        ""NM_MAN_COUPON"" : ""재발행(7월_VIP생일)_2025"",
        ""DT_STR_EXP"" : ""20250701"",
        ""DT_END_EXP"" : ""20260630"",
        ""AM_DISC"" : 50000
      }, {
        ""RT_DISC"" : 0,
        ""NM_TYPE_COUPON"" : ""정액"",
        ""NM_MAN_COUPON"" : ""재발행(9월_일반생일)_2025"",
        ""DT_STR_EXP"" : ""20250901"",
        ""DT_END_EXP"" : ""20260831"",
        ""AM_DISC"" : 30000
      }, {
        ""RT_DISC"" : 0,
        ""NM_TYPE_COUPON"" : ""정액"",
        ""NM_MAN_COUPON"" : ""202510_일반회원_생일쿠폰"",
        ""DT_STR_EXP"" : ""20251001"",
        ""DT_END_EXP"" : ""20260930"",
        ""AM_DISC"" : 30000
      }, {
        ""RT_DISC"" : 0,
        ""NM_TYPE_COUPON"" : ""정액"",
        ""NM_MAN_COUPON"" : ""202510_VIP회원_생일쿠폰"",
        ""DT_STR_EXP"" : ""20251001"",
        ""DT_END_EXP"" : ""20260930"",
        ""AM_DISC"" : 50000
      }, {
        ""RT_DISC"" : 0,
        ""NM_TYPE_COUPON"" : ""정액"",
        ""NM_MAN_COUPON"" : ""202510_VVIP회원_생일쿠폰"",
        ""DT_STR_EXP"" : ""20251001"",
        ""DT_END_EXP"" : ""20260930"",
        ""AM_DISC"" : 100000
      }, {
        ""RT_DISC"" : 0,
        ""NM_TYPE_COUPON"" : ""정액"",
        ""NM_MAN_COUPON"" : ""202510_SVIP회원_생일쿠폰"",
        ""DT_STR_EXP"" : ""20251001"",
        ""DT_END_EXP"" : ""20260930"",
        ""AM_DISC"" : 100000
      }, {
        ""RT_DISC"" : 0,
        ""NM_TYPE_COUPON"" : ""정액"",
        ""NM_MAN_COUPON"" : ""재발행(10월_일반생일)_2025"",
        ""DT_STR_EXP"" : ""20251001"",
        ""DT_END_EXP"" : ""20260930"",
        ""AM_DISC"" : 30000
      }, {
        ""RT_DISC"" : 5,
        ""NM_TYPE_COUPON"" : ""정률"",
        ""NM_MAN_COUPON"" : ""5%할인_VVIP특별바우처5"",
        ""DT_STR_EXP"" : ""20260201"",
        ""DT_END_EXP"" : ""20270131"",
        ""AM_DISC"" : 0
      }, {
        ""RT_DISC"" : 0,
        ""NM_TYPE_COUPON"" : ""정액"",
        ""NM_MAN_COUPON"" : ""202605_SVIP회원_생일쿠폰"",
        ""DT_STR_EXP"" : ""20260501"",
        ""DT_END_EXP"" : ""20270430"",
        ""AM_DISC"" : 100000
      }, {
        ""RT_DISC"" : 0,
        ""NM_TYPE_COUPON"" : ""정액"",
        ""NM_MAN_COUPON"" : ""202605_VVIP회원_생일쿠폰"",
        ""DT_STR_EXP"" : ""20260501"",
        ""DT_END_EXP"" : ""20270430"",
        ""AM_DISC"" : 100000
      }, {
        ""RT_DISC"" : 0,
        ""NM_TYPE_COUPON"" : ""정액"",
        ""NM_MAN_COUPON"" : ""202605_VIP회원_생일쿠폰"",
        ""DT_STR_EXP"" : ""20260501"",
        ""DT_END_EXP"" : ""20270430"",
        ""AM_DISC"" : 50000
      }, {
        ""RT_DISC"" : 0,
        ""NM_TYPE_COUPON"" : ""정액"",
        ""NM_MAN_COUPON"" : ""202605_일반회원_생일쿠폰"",
        ""DT_STR_EXP"" : ""20260501"",
        ""DT_END_EXP"" : ""20270430"",
        ""AM_DISC"" : 30000
      }, {
        ""RT_DISC"" : 0,
        ""NM_TYPE_COUPON"" : ""정액"",
        ""NM_MAN_COUPON"" : ""202605_SVIP회원_수선15만원쿠폰"",
        ""DT_STR_EXP"" : ""20260501"",
        ""DT_END_EXP"" : ""20260531"",
        ""AM_DISC"" : 150000
      }, {
        ""RT_DISC"" : 0,
        ""NM_TYPE_COUPON"" : ""정액"",
        ""NM_MAN_COUPON"" : ""202605_VVIP회원_수선15만원쿠폰"",
        ""DT_STR_EXP"" : ""20260501"",
        ""DT_END_EXP"" : ""20260531"",
        ""AM_DISC"" : 150000
      }, {
        ""RT_DISC"" : 0,
        ""NM_TYPE_COUPON"" : ""정액"",
        ""NM_MAN_COUPON"" : ""202605_VIP회원_수선10만원쿠폰"",
        ""DT_STR_EXP"" : ""20260501"",
        ""DT_END_EXP"" : ""20260531"",
        ""AM_DISC"" : 100000
      }, {
        ""RT_DISC"" : 0,
        ""NM_TYPE_COUPON"" : ""정액"",
        ""NM_MAN_COUPON"" : ""202605_수선3만원쿠폰"",
        ""DT_STR_EXP"" : ""20260501"",
        ""DT_END_EXP"" : ""20260731"",
        ""AM_DISC"" : 30000
      }, {
        ""RT_DISC"" : 0,
        ""NM_TYPE_COUPON"" : ""정액"",
        ""NM_MAN_COUPON"" : ""202605_신규1만원"",
        ""DT_STR_EXP"" : ""20260501"",
        ""DT_END_EXP"" : ""20261031"",
        ""AM_DISC"" : 10000
      }, {
        ""RT_DISC"" : 0,
        ""NM_TYPE_COUPON"" : ""정액"",
        ""NM_MAN_COUPON"" : ""재발행(202605_신규1만원)"",
        ""DT_STR_EXP"" : ""20260501"",
        ""DT_END_EXP"" : ""20261031"",
        ""AM_DISC"" : 10000
      }, {
        ""RT_DISC"" : 0,
        ""NM_TYPE_COUPON"" : ""정액"",
        ""NM_MAN_COUPON"" : ""2026수선3만원쿠폰1_GIP"",
        ""DT_STR_EXP"" : ""20260201"",
        ""DT_END_EXP"" : ""20260731"",
        ""AM_DISC"" : 30000
      }, {
        ""RT_DISC"" : 0,
        ""NM_TYPE_COUPON"" : ""정액"",
        ""NM_MAN_COUPON"" : ""3%할인_VIP특별바우처_특수_송은경님"",
        ""DT_STR_EXP"" : ""20260201"",
        ""DT_END_EXP"" : ""20270131"",
        ""AM_DISC"" : 80400
      }, {
        ""RT_DISC"" : 0,
        ""NM_TYPE_COUPON"" : ""정액"",
        ""NM_MAN_COUPON"" : ""5만원우대권2_하나카드VIP_2026"",
        ""DT_STR_EXP"" : ""20260101"",
        ""DT_END_EXP"" : ""20261231"",
        ""AM_DISC"" : 50000
      }, {
        ""RT_DISC"" : 0,
        ""NM_TYPE_COUPON"" : ""정액"",
        ""NM_MAN_COUPON"" : ""상반기재발행_일반생일_2026"",
        ""DT_STR_EXP"" : ""20260101"",
        ""DT_END_EXP"" : ""20260630"",
        ""AM_DISC"" : 30000
      }, {
        ""RT_DISC"" : 0,
        ""NM_TYPE_COUPON"" : ""정액"",
        ""NM_MAN_COUPON"" : ""재발행(2월_일반생일)_2026"",
        ""DT_STR_EXP"" : ""20260201"",
        ""DT_END_EXP"" : ""20270131"",
        ""AM_DISC"" : 30000
      }, {
        ""RT_DISC"" : 0,
        ""NM_TYPE_COUPON"" : ""정액"",
        ""NM_MAN_COUPON"" : ""2026수선3만원쿠폰1_직원"",
        ""DT_STR_EXP"" : ""20260201"",
        ""DT_END_EXP"" : ""20260731"",
        ""AM_DISC"" : 30000
      }, {
        ""RT_DISC"" : 0,
        ""NM_TYPE_COUPON"" : ""정액"",
        ""NM_MAN_COUPON"" : ""202603_SVIP회원_생일쿠폰"",
        ""DT_STR_EXP"" : ""20260301"",
        ""DT_END_EXP"" : ""20270228"",
        ""AM_DISC"" : 100000
      }, {
        ""RT_DISC"" : 0,
        ""NM_TYPE_COUPON"" : ""정액"",
        ""NM_MAN_COUPON"" : ""202603_VVIP회원_생일쿠폰"",
        ""DT_STR_EXP"" : ""20260301"",
        ""DT_END_EXP"" : ""20270228"",
        ""AM_DISC"" : 100000
      }, {
        ""RT_DISC"" : 0,
        ""NM_TYPE_COUPON"" : ""정액"",
        ""NM_MAN_COUPON"" : ""202603_VIP회원_생일쿠폰"",
        ""DT_STR_EXP"" : ""20260301"",
        ""DT_END_EXP"" : ""20270228"",
        ""AM_DISC"" : 50000
      }, {
        ""RT_DISC"" : 0,
        ""NM_TYPE_COUPON"" : ""정액"",
        ""NM_MAN_COUPON"" : ""202603_신규1만원"",
        ""DT_STR_EXP"" : ""20260301"",
        ""DT_END_EXP"" : ""20260831"",
        ""AM_DISC"" : 10000
      }, {
        ""RT_DISC"" : 0,
        ""NM_TYPE_COUPON"" : ""정액"",
        ""NM_MAN_COUPON"" : ""재발행(202603_신규1만원)"",
        ""DT_STR_EXP"" : ""20260301"",
        ""DT_END_EXP"" : ""20260831"",
        ""AM_DISC"" : 10000
      }, {
        ""RT_DISC"" : 0,
        ""NM_TYPE_COUPON"" : ""정액"",
        ""NM_MAN_COUPON"" : ""202603_일반회원_생일쿠폰"",
        ""DT_STR_EXP"" : ""20260301"",
        ""DT_END_EXP"" : ""20270228"",
        ""AM_DISC"" : 30000
      }, {
        ""RT_DISC"" : 0,
        ""NM_TYPE_COUPON"" : ""정액"",
        ""NM_MAN_COUPON"" : ""재발행(1월_일반생일)_2026"",
        ""DT_STR_EXP"" : ""20260101"",
        ""DT_END_EXP"" : ""20261231"",
        ""AM_DISC"" : 30000
      }, {
        ""RT_DISC"" : 0,
        ""NM_TYPE_COUPON"" : ""정액"",
        ""NM_MAN_COUPON"" : ""2만원우대권_하나카드VIP_2026"",
        ""DT_STR_EXP"" : ""20260101"",
        ""DT_END_EXP"" : ""20261231"",
        ""AM_DISC"" : 20000
      }, {
        ""RT_DISC"" : 0,
        ""NM_TYPE_COUPON"" : ""정액"",
        ""NM_MAN_COUPON"" : ""5만원우대권_하나카드VIP_2026"",
        ""DT_STR_EXP"" : ""20260101"",
        ""DT_END_EXP"" : ""20261231"",
        ""AM_DISC"" : 50000
      }, {
        ""RT_DISC"" : 10,
        ""NM_TYPE_COUPON"" : ""정률"",
        ""NM_MAN_COUPON"" : ""10%할인_SVIP특별바우처1 (2)"",
        ""DT_STR_EXP"" : ""20260201"",
        ""DT_END_EXP"" : ""20270131"",
        ""AM_DISC"" : 0
      }, {
        ""RT_DISC"" : 10,
        ""NM_TYPE_COUPON"" : ""정률"",
        ""NM_MAN_COUPON"" : ""10%할인_SVIP특별바우처2 (2)"",
        ""DT_STR_EXP"" : ""20260201"",
        ""DT_END_EXP"" : ""20270131"",
        ""AM_DISC"" : 0
      }, {
        ""RT_DISC"" : 10,
        ""NM_TYPE_COUPON"" : ""정률"",
        ""NM_MAN_COUPON"" : ""10%할인_SVIP특별바우처3 (2)"",
        ""DT_STR_EXP"" : ""20260201"",
        ""DT_END_EXP"" : ""20270131"",
        ""AM_DISC"" : 0
      }, {
        ""RT_DISC"" : 5,
        ""NM_TYPE_COUPON"" : ""정률"",
        ""NM_MAN_COUPON"" : ""5%할인_VVIP특별바우처1"",
        ""DT_STR_EXP"" : ""20260201"",
        ""DT_END_EXP"" : ""20270131"",
        ""AM_DISC"" : 0
      }, {
        ""RT_DISC"" : 5,
        ""NM_TYPE_COUPON"" : ""정률"",
        ""NM_MAN_COUPON"" : ""5%할인_VVIP특별바우처2"",
        ""DT_STR_EXP"" : ""20260201"",
        ""DT_END_EXP"" : ""20270131"",
        ""AM_DISC"" : 0
      }, {
        ""RT_DISC"" : 5,
        ""NM_TYPE_COUPON"" : ""정률"",
        ""NM_MAN_COUPON"" : ""5%할인_VVIP특별바우처3"",
        ""DT_STR_EXP"" : ""20260201"",
        ""DT_END_EXP"" : ""20270131"",
        ""AM_DISC"" : 0
      }, {
        ""RT_DISC"" : 3,
        ""NM_TYPE_COUPON"" : ""정률"",
        ""NM_MAN_COUPON"" : ""3%할인_VIP특별바우처1"",
        ""DT_STR_EXP"" : ""20260201"",
        ""DT_END_EXP"" : ""20270131"",
        ""AM_DISC"" : 0
      }, {
        ""RT_DISC"" : 3,
        ""NM_TYPE_COUPON"" : ""정률"",
        ""NM_MAN_COUPON"" : ""3%할인_VIP특별바우처2"",
        ""DT_STR_EXP"" : ""20260201"",
        ""DT_END_EXP"" : ""20270131"",
        ""AM_DISC"" : 0
      }, {
        ""RT_DISC"" : 3,
        ""NM_TYPE_COUPON"" : ""정률"",
        ""NM_MAN_COUPON"" : ""3%할인_VIP특별바우처3"",
        ""DT_STR_EXP"" : ""20260201"",
        ""DT_END_EXP"" : ""20270131"",
        ""AM_DISC"" : 0
      }, {
        ""RT_DISC"" : 0,
        ""NM_TYPE_COUPON"" : ""정액"",
        ""NM_MAN_COUPON"" : ""202602_신규1만원"",
        ""DT_STR_EXP"" : ""20260201"",
        ""DT_END_EXP"" : ""20260731"",
        ""AM_DISC"" : 10000
      }, {
        ""RT_DISC"" : 0,
        ""NM_TYPE_COUPON"" : ""정액"",
        ""NM_MAN_COUPON"" : ""재발행(202602_신규1만원)"",
        ""DT_STR_EXP"" : ""20260201"",
        ""DT_END_EXP"" : ""20260731"",
        ""AM_DISC"" : 10000
      }, {
        ""RT_DISC"" : 0,
        ""NM_TYPE_COUPON"" : ""정액"",
        ""NM_MAN_COUPON"" : ""2026_SVIP_승격축하쿠폰"",
        ""DT_STR_EXP"" : ""20260201"",
        ""DT_END_EXP"" : ""20270131"",
        ""AM_DISC"" : 100000
      }, {
        ""RT_DISC"" : 0,
        ""NM_TYPE_COUPON"" : ""정액"",
        ""NM_MAN_COUPON"" : ""2026_VVIP_승격축하쿠폰"",
        ""DT_STR_EXP"" : ""20260201"",
        ""DT_END_EXP"" : ""20270131"",
        ""AM_DISC"" : 50000
      }, {
        ""RT_DISC"" : 0,
        ""NM_TYPE_COUPON"" : ""정액"",
        ""NM_MAN_COUPON"" : ""2026_VIP_승격축하쿠폰"",
        ""DT_STR_EXP"" : ""20260201"",
        ""DT_END_EXP"" : ""20270131"",
        ""AM_DISC"" : 50000
      }, {
        ""RT_DISC"" : 0,
        ""NM_TYPE_COUPON"" : ""정액"",
        ""NM_MAN_COUPON"" : ""202602_수선3만원쿠폰"",
        ""DT_STR_EXP"" : ""20260201"",
        ""DT_END_EXP"" : ""20260731"",
        ""AM_DISC"" : 30000
      }, {
        ""RT_DISC"" : 0,
        ""NM_TYPE_COUPON"" : ""정액"",
        ""NM_MAN_COUPON"" : ""2026수선3만원쿠폰1_직원 (2)"",
        ""DT_STR_EXP"" : ""20260201"",
        ""DT_END_EXP"" : ""20260731"",
        ""AM_DISC"" : 30000
      }, {
        ""RT_DISC"" : 0,
        ""NM_TYPE_COUPON"" : ""정액"",
        ""NM_MAN_COUPON"" : ""202602_SVIP회원_생일쿠폰"",
        ""DT_STR_EXP"" : ""20260201"",
        ""DT_END_EXP"" : ""20270131"",
        ""AM_DISC"" : 100000
      }, {
        ""RT_DISC"" : 0,
        ""NM_TYPE_COUPON"" : ""정액"",
        ""NM_MAN_COUPON"" : ""202602_VVIP회원_생일쿠폰"",
        ""DT_STR_EXP"" : ""20260201"",
        ""DT_END_EXP"" : ""20270131"",
        ""AM_DISC"" : 100000
      }, {
        ""RT_DISC"" : 0,
        ""NM_TYPE_COUPON"" : ""정액"",
        ""NM_MAN_COUPON"" : ""202602_VIP회원_생일쿠폰"",
        ""DT_STR_EXP"" : ""20260201"",
        ""DT_END_EXP"" : ""20270131"",
        ""AM_DISC"" : 50000
      }, {
        ""RT_DISC"" : 0,
        ""NM_TYPE_COUPON"" : ""정액"",
        ""NM_MAN_COUPON"" : ""202602_일반회원_생일쿠폰"",
        ""DT_STR_EXP"" : ""20260201"",
        ""DT_END_EXP"" : ""20270131"",
        ""AM_DISC"" : 30000
      }, {
        ""RT_DISC"" : 0,
        ""NM_TYPE_COUPON"" : ""정액"",
        ""NM_MAN_COUPON"" : ""재발행(2026_VIP_승격축하쿠폰)"",
        ""DT_STR_EXP"" : ""20260201"",
        ""DT_END_EXP"" : ""20270131"",
        ""AM_DISC"" : 50000
      }, {
        ""RT_DISC"" : 0,
        ""NM_TYPE_COUPON"" : ""정액"",
        ""NM_MAN_COUPON"" : ""202603_수선3만원쿠폰"",
        ""DT_STR_EXP"" : ""20260301"",
        ""DT_END_EXP"" : ""20260731"",
        ""AM_DISC"" : 30000
      }, {
        ""RT_DISC"" : 3,
        ""NM_TYPE_COUPON"" : ""정률"",
        ""NM_MAN_COUPON"" : ""3%할인_VIP특별바우처4"",
        ""DT_STR_EXP"" : ""20260201"",
        ""DT_END_EXP"" : ""20270131"",
        ""AM_DISC"" : 0
      }, {
        ""RT_DISC"" : 10,
        ""NM_TYPE_COUPON"" : ""정률"",
        ""NM_MAN_COUPON"" : ""10%할인_SVIP특별바우처4 (2)"",
        ""DT_STR_EXP"" : ""20260201"",
        ""DT_END_EXP"" : ""20270131"",
        ""AM_DISC"" : 0
      }, {
        ""RT_DISC"" : 0,
        ""NM_TYPE_COUPON"" : ""정액"",
        ""NM_MAN_COUPON"" : ""상반기재발행_VVIP생일쿠폰_2026"",
        ""DT_STR_EXP"" : ""20260101"",
        ""DT_END_EXP"" : ""20260630"",
        ""AM_DISC"" : 100000
      }, {
        ""RT_DISC"" : 0,
        ""NM_TYPE_COUPON"" : ""정액"",
        ""NM_MAN_COUPON"" : ""재발행(8월_VIP생일)_2025"",
        ""DT_STR_EXP"" : ""20250801"",
        ""DT_END_EXP"" : ""20260731"",
        ""AM_DISC"" : 50000
      }, {
        ""RT_DISC"" : 10,
        ""NM_TYPE_COUPON"" : ""정률"",
        ""NM_MAN_COUPON"" : ""10%할인_SVIP특별바우처5 (2)"",
        ""DT_STR_EXP"" : ""20260201"",
        ""DT_END_EXP"" : ""20270131"",
        ""AM_DISC"" : 0
      }, {
        ""RT_DISC"" : 10,
        ""NM_TYPE_COUPON"" : ""정률"",
        ""NM_MAN_COUPON"" : ""10%할인_SVIP특별바우처6 (2)"",
        ""DT_STR_EXP"" : ""20260201"",
        ""DT_END_EXP"" : ""20270131"",
        ""AM_DISC"" : 0
      }, {
        ""RT_DISC"" : 10,
        ""NM_TYPE_COUPON"" : ""정률"",
        ""NM_MAN_COUPON"" : ""10%할인_SVIP특별바우처7 (2)"",
        ""DT_STR_EXP"" : ""20260201"",
        ""DT_END_EXP"" : ""20270131"",
        ""AM_DISC"" : 0
      }, {
        ""RT_DISC"" : 10,
        ""NM_TYPE_COUPON"" : ""정률"",
        ""NM_MAN_COUPON"" : ""10%할인_SVIP특별바우처8 (3)"",
        ""DT_STR_EXP"" : ""20260201"",
        ""DT_END_EXP"" : ""20270131"",
        ""AM_DISC"" : 0
      }, {
        ""RT_DISC"" : 3,
        ""NM_TYPE_COUPON"" : ""정률"",
        ""NM_MAN_COUPON"" : ""3%할인_VIP특별바우처5"",
        ""DT_STR_EXP"" : ""20260201"",
        ""DT_END_EXP"" : ""20270131"",
        ""AM_DISC"" : 0
      }, {
        ""RT_DISC"" : 3,
        ""NM_TYPE_COUPON"" : ""정률"",
        ""NM_MAN_COUPON"" : ""3%할인_VIP특별바우처6"",
        ""DT_STR_EXP"" : ""20260201"",
        ""DT_END_EXP"" : ""20270131"",
        ""AM_DISC"" : 0
      }, {
        ""RT_DISC"" : 5,
        ""NM_TYPE_COUPON"" : ""정률"",
        ""NM_MAN_COUPON"" : ""5%할인_VVIP특별바우처4"",
        ""DT_STR_EXP"" : ""20260201"",
        ""DT_END_EXP"" : ""20270131"",
        ""AM_DISC"" : 0
      }, {
        ""RT_DISC"" : 0,
        ""NM_TYPE_COUPON"" : ""정액"",
        ""NM_MAN_COUPON"" : ""재발행(3월_일반생일)_2026"",
        ""DT_STR_EXP"" : ""20260301"",
        ""DT_END_EXP"" : ""20270228"",
        ""AM_DISC"" : 30000
      }, {
        ""RT_DISC"" : 0,
        ""NM_TYPE_COUPON"" : ""정액"",
        ""NM_MAN_COUPON"" : ""202604_일반회원_생일쿠폰"",
        ""DT_STR_EXP"" : ""20260401"",
        ""DT_END_EXP"" : ""20270331"",
        ""AM_DISC"" : 30000
      }, {
        ""RT_DISC"" : 0,
        ""NM_TYPE_COUPON"" : ""정액"",
        ""NM_MAN_COUPON"" : ""202604_SVIP회원_생일쿠폰"",
        ""DT_STR_EXP"" : ""20260401"",
        ""DT_END_EXP"" : ""20270331"",
        ""AM_DISC"" : 100000
      }, {
        ""RT_DISC"" : 0,
        ""NM_TYPE_COUPON"" : ""정액"",
        ""NM_MAN_COUPON"" : ""202604_VVIP회원_생일쿠폰"",
        ""DT_STR_EXP"" : ""20260401"",
        ""DT_END_EXP"" : ""20270331"",
        ""AM_DISC"" : 100000
      }, {
        ""RT_DISC"" : 0,
        ""NM_TYPE_COUPON"" : ""정액"",
        ""NM_MAN_COUPON"" : ""202604_VIP회원_생일쿠폰"",
        ""DT_STR_EXP"" : ""20260401"",
        ""DT_END_EXP"" : ""20270331"",
        ""AM_DISC"" : 50000
      }, {
        ""RT_DISC"" : 0,
        ""NM_TYPE_COUPON"" : ""정액"",
        ""NM_MAN_COUPON"" : ""202604_신규1만원"",
        ""DT_STR_EXP"" : ""20260401"",
        ""DT_END_EXP"" : ""20260930"",
        ""AM_DISC"" : 10000
      }, {
        ""RT_DISC"" : 0,
        ""NM_TYPE_COUPON"" : ""정액"",
        ""NM_MAN_COUPON"" : ""202604_수선3만원쿠폰"",
        ""DT_STR_EXP"" : ""20260401"",
        ""DT_END_EXP"" : ""20260731"",
        ""AM_DISC"" : 30000
      }, {
        ""RT_DISC"" : 0,
        ""NM_TYPE_COUPON"" : ""정액"",
        ""NM_MAN_COUPON"" : ""재발행(202604_신규1만원)"",
        ""DT_STR_EXP"" : ""20260401"",
        ""DT_END_EXP"" : ""20260930"",
        ""AM_DISC"" : 10000
      }, {
        ""RT_DISC"" : 0,
        ""NM_TYPE_COUPON"" : ""정액"",
        ""NM_MAN_COUPON"" : ""재발행(4월_일반생일)_2026"",
        ""DT_STR_EXP"" : ""20260401"",
        ""DT_END_EXP"" : ""20270331"",
        ""AM_DISC"" : 30000
      }, {
        ""RT_DISC"" : 0,
        ""NM_TYPE_COUPON"" : ""정액"",
        ""NM_MAN_COUPON"" : ""[TEST] 쿠폰_정액_5만원"",
        ""DT_STR_EXP"" : ""20260430"",
        ""DT_END_EXP"" : ""20260531"",
        ""AM_DISC"" : 30000
      }, {
        ""RT_DISC"" : 0,
        ""NM_TYPE_COUPON"" : ""정액"",
        ""NM_MAN_COUPON"" : ""[TEST] VIP_수선쿠폰"",
        ""DT_STR_EXP"" : ""20260501"",
        ""DT_END_EXP"" : ""20260531"",
        ""AM_DISC"" : 30000
      }, {
        ""RT_DISC"" : 10,
        ""NM_TYPE_COUPON"" : ""정률"",
        ""NM_MAN_COUPON"" : ""[TEST] 정률_10%"",
        ""DT_STR_EXP"" : ""20260501"",
        ""DT_END_EXP"" : ""20260531"",
        ""AM_DISC"" : 0
      }, {
        ""RT_DISC"" : 0,
        ""NM_TYPE_COUPON"" : ""정액"",
        ""NM_MAN_COUPON"" : ""[TEST] 정액_3만원"",
        ""DT_STR_EXP"" : ""20260501"",
        ""DT_END_EXP"" : ""20260531"",
        ""AM_DISC"" : 30000
      }, {
        ""RT_DISC"" : 0,
        ""NM_TYPE_COUPON"" : ""정액"",
        ""NM_MAN_COUPON"" : ""[TEST] 정액_5만원"",
        ""DT_STR_EXP"" : ""20260501"",
        ""DT_END_EXP"" : ""20260531"",
        ""AM_DISC"" : 50000
      }, {
        ""RT_DISC"" : 0,
        ""NM_TYPE_COUPON"" : ""정액"",
        ""NM_MAN_COUPON"" : ""[TEST] 신규_1만원"",
        ""DT_STR_EXP"" : ""20260501"",
        ""DT_END_EXP"" : ""20260531"",
        ""AM_DISC"" : 10000
      }, {
        ""RT_DISC"" : 0,
        ""NM_TYPE_COUPON"" : ""정액"",
        ""NM_MAN_COUPON"" : ""[TEST] 조회용_쿠폰_UPDATED"",
        ""DT_STR_EXP"" : ""20260502"",
        ""DT_END_EXP"" : ""20260630"",
        ""AM_DISC"" : 20000
      }, {
        ""RT_DISC"" : 0,
        ""NM_TYPE_COUPON"" : ""정액"",
        ""NM_MAN_COUPON"" : ""[TEST] 테스트 쿠폰 수정하지마세용"",
        ""DT_STR_EXP"" : ""20260501"",
        ""DT_END_EXP"" : ""20260530"",
        ""AM_DISC"" : 20000
      }, {
        ""RT_DISC"" : 10,
        ""NM_TYPE_COUPON"" : ""정률"",
        ""NM_MAN_COUPON"" : ""[TEST] VVIP_무제한정률"",
        ""DT_STR_EXP"" : ""20260502"",
        ""DT_END_EXP"" : ""20260531"",
        ""AM_DISC"" : 0
      }, {
        ""RT_DISC"" : 0,
        ""NM_TYPE_COUPON"" : ""정액"",
        ""NM_MAN_COUPON"" : ""[TEST] VVIP 생일쿠폰"",
        ""DT_STR_EXP"" : ""20260201"",
        ""DT_END_EXP"" : ""20260531"",
        ""AM_DISC"" : 100000
      }, {
        ""RT_DISC"" : 0,
        ""NM_TYPE_COUPON"" : ""정액"",
        ""NM_MAN_COUPON"" : ""[TEST] 신규가입쿠폰_아울렛"",
        ""DT_STR_EXP"" : ""20260501"",
        ""DT_END_EXP"" : ""20280501"",
        ""AM_DISC"" : 10000
      }, {
        ""RT_DISC"" : 3,
        ""NM_TYPE_COUPON"" : ""정률"",
        ""NM_MAN_COUPON"" : ""[TEST]_정률3%쿠폰"",
        ""DT_STR_EXP"" : ""20260503"",
        ""DT_END_EXP"" : """",
        ""AM_DISC"" : 0
      }, {
        ""RT_DISC"" : 0,
        ""NM_TYPE_COUPON"" : ""정액"",
        ""NM_MAN_COUPON"" : ""[TEST]_GIP 생일쿠폰"",
        ""DT_STR_EXP"" : ""20260503"",
        ""DT_END_EXP"" : """",
        ""AM_DISC"" : 30000
      }, {
        ""RT_DISC"" : 3,
        ""NM_TYPE_COUPON"" : ""정률"",
        ""NM_MAN_COUPON"" : ""[TEST] 신규가입쿠폰_백화점"",
        ""DT_STR_EXP"" : ""20260501"",
        ""DT_END_EXP"" : ""20280531"",
        ""AM_DISC"" : 0
      }, {
        ""RT_DISC"" : 5,
        ""NM_TYPE_COUPON"" : ""정률"",
        ""NM_MAN_COUPON"" : ""[TEST] VVIP_5%"",
        ""DT_STR_EXP"" : ""20260504"",
        ""DT_END_EXP"" : ""20260531"",
        ""AM_DISC"" : 0
      }, {
        ""RT_DISC"" : 0,
        ""NM_TYPE_COUPON"" : ""정액"",
        ""NM_MAN_COUPON"" : ""[TEST] SVIP_생일쿠폰"",
        ""DT_STR_EXP"" : ""20260504"",
        ""DT_END_EXP"" : ""20260531"",
        ""AM_DISC"" : 100000
      }, {
        ""RT_DISC"" : 0,
        ""NM_TYPE_COUPON"" : ""정액"",
        ""NM_MAN_COUPON"" : ""밀버스테스트_3만원"",
        ""DT_STR_EXP"" : ""20260201"",
        ""DT_END_EXP"" : ""20261231"",
        ""AM_DISC"" : 30000
      }, {
        ""RT_DISC"" : 0,
        ""NM_TYPE_COUPON"" : ""정액"",
        ""NM_MAN_COUPON"" : ""[TEST]_VVIP 수선쿠폰"",
        ""DT_STR_EXP"" : ""20260508"",
        ""DT_END_EXP"" : ""20260531"",
        ""AM_DISC"" : 100000
      }, {
        ""RT_DISC"" : 3,
        ""NM_TYPE_COUPON"" : ""정률"",
        ""NM_MAN_COUPON"" : ""142000000679_정률테스트"",
        ""DT_STR_EXP"" : ""20260501"",
        ""DT_END_EXP"" : ""20260531"",
        ""AM_DISC"" : 0
      }, {
        ""RT_DISC"" : 0,
        ""NM_TYPE_COUPON"" : ""정액"",
        ""NM_MAN_COUPON"" : ""[TEST]_SVIP수선쿠폰"",
        ""DT_STR_EXP"" : ""20260509"",
        ""DT_END_EXP"" : ""20260531"",
        ""AM_DISC"" : 150000
      }, {
        ""RT_DISC"" : 0,
        ""NM_TYPE_COUPON"" : ""정액"",
        ""NM_MAN_COUPON"" : ""[TEST] 10만원"",
        ""DT_STR_EXP"" : ""20260509"",
        ""DT_END_EXP"" : ""20260531"",
        ""AM_DISC"" : 100000
      }, {
        ""RT_DISC"" : 5,
        ""NM_TYPE_COUPON"" : ""정률"",
        ""NM_MAN_COUPON"" : ""[TEST]_5%할인쿠폰"",
        ""DT_STR_EXP"" : ""20260509"",
        ""DT_END_EXP"" : ""20260531"",
        ""AM_DISC"" : 0
      } ]
    }
  },
  ""code"" : 200
}"
a12JO000000MlzZYAS,2026-05-11T00:58:03.000+0000,GdPromotionDetailApiControllerV1,"{""PromotionNo__c"":""PRO202604161041""}",,"{
  ""success"" : true,
  ""message"" : ""프로모션 상세 조회 성공"",
  ""data"" : {
    ""PromotionDetail"" : {
      ""YN_PROM_DC"" : ""N"",
      ""YN_ALL_ITEM"" : ""Y"",
      ""YN_ACTIVE"" : true,
      ""STORES"" : [ ],
      ""POINTS"" : [ ],
      ""NO_PROM"" : ""PRO202604161041"",
      ""NM_PROM"" : ""[TEST]_프로모션없음"",
      ""ITEMS"" : [ ],
      ""DT_PUBLISH_START"" : ""20260401"",
      ""DT_PUBLISH_END"" : ""20260531"",
      ""COUPONS"" : [ {
        ""RT_DISC"" : 0,
        ""NM_TYPE_COUPON"" : ""정액"",
        ""NM_MAN_COUPON"" : ""재발행(8월_일반생일)_2025"",
        ""DT_STR_EXP"" : ""20250801"",
        ""DT_END_EXP"" : ""20260731"",
        ""AM_DISC"" : 30000
      }, {
        ""RT_DISC"" : 0,
        ""NM_TYPE_COUPON"" : ""정액"",
        ""NM_MAN_COUPON"" : ""202509_일반회원_생일쿠폰"",
        ""DT_STR_EXP"" : ""20250901"",
        ""DT_END_EXP"" : ""20260831"",
        ""AM_DISC"" : 30000
      }, {
        ""RT_DISC"" : 0,
        ""NM_TYPE_COUPON"" : ""정액"",
        ""NM_MAN_COUPON"" : ""202509_VIP회원_생일쿠폰"",
        ""DT_STR_EXP"" : ""20250901"",
        ""DT_END_EXP"" : ""20260831"",
        ""AM_DISC"" : 50000
      }, {
        ""RT_DISC"" : 0,
        ""NM_TYPE_COUPON"" : ""정액"",
        ""NM_MAN_COUPON"" : ""202509_VVIP회원_생일쿠폰"",
        ""DT_STR_EXP"" : ""20250901"",
        ""DT_END_EXP"" : ""20260831"",
        ""AM_DISC"" : 100000
      }, {
        ""RT_DISC"" : 0,
        ""NM_TYPE_COUPON"" : ""정액"",
        ""NM_MAN_COUPON"" : ""202509_SVIP회원_생일쿠폰"",
        ""DT_STR_EXP"" : ""20250901"",
        ""DT_END_EXP"" : ""20260831"",
        ""AM_DISC"" : 100000
      }, {
        ""RT_DISC"" : 0,
        ""NM_TYPE_COUPON"" : ""정액"",
        ""NM_MAN_COUPON"" : ""재발행(12월_일반생일)_2025"",
        ""DT_STR_EXP"" : ""20251201"",
        ""DT_END_EXP"" : ""20261130"",
        ""AM_DISC"" : 30000
      }, {
        ""RT_DISC"" : 0,
        ""NM_TYPE_COUPON"" : ""정액"",
        ""NM_MAN_COUPON"" : ""재발행(10월_VVIP생일)_2025"",
        ""DT_STR_EXP"" : ""20251001"",
        ""DT_END_EXP"" : ""20260930"",
        ""AM_DISC"" : 100000
      }, {
        ""RT_DISC"" : 0,
        ""NM_TYPE_COUPON"" : ""정액"",
        ""NM_MAN_COUPON"" : ""202601_SVIP회원_생일쿠폰"",
        ""DT_STR_EXP"" : ""20260101"",
        ""DT_END_EXP"" : ""20261231"",
        ""AM_DISC"" : 100000
      }, {
        ""RT_DISC"" : 0,
        ""NM_TYPE_COUPON"" : ""정액"",
        ""NM_MAN_COUPON"" : ""202601_VVIP회원_생일쿠폰"",
        ""DT_STR_EXP"" : ""20260101"",
        ""DT_END_EXP"" : ""20261231"",
        ""AM_DISC"" : 100000
      }, {
        ""RT_DISC"" : 0,
        ""NM_TYPE_COUPON"" : ""정액"",
        ""NM_MAN_COUPON"" : ""202601_VIP회원_생일쿠폰"",
        ""DT_STR_EXP"" : ""20260101"",
        ""DT_END_EXP"" : ""20261231"",
        ""AM_DISC"" : 50000
      }, {
        ""RT_DISC"" : 0,
        ""NM_TYPE_COUPON"" : ""정액"",
        ""NM_MAN_COUPON"" : ""202601_일반회원_생일쿠폰"",
        ""DT_STR_EXP"" : ""20260101"",
        ""DT_END_EXP"" : ""20261231"",
        ""AM_DISC"" : 30000
      }, {
        ""RT_DISC"" : 0,
        ""NM_TYPE_COUPON"" : ""정액"",
        ""NM_MAN_COUPON"" : ""202601_신규1만원"",
        ""DT_STR_EXP"" : ""20260101"",
        ""DT_END_EXP"" : ""20260630"",
        ""AM_DISC"" : 10000
      }, {
        ""RT_DISC"" : 0,
        ""NM_TYPE_COUPON"" : ""정액"",
        ""NM_MAN_COUPON"" : ""재발행(202601_신규1만원)"",
        ""DT_STR_EXP"" : ""20260101"",
        ""DT_END_EXP"" : ""20260630"",
        ""AM_DISC"" : 10000
      }, {
        ""RT_DISC"" : 0,
        ""NM_TYPE_COUPON"" : ""정액"",
        ""NM_MAN_COUPON"" : ""202508_일반회원_생일쿠폰"",
        ""DT_STR_EXP"" : ""20250801"",
        ""DT_END_EXP"" : ""20260731"",
        ""AM_DISC"" : 30000
      }, {
        ""RT_DISC"" : 0,
        ""NM_TYPE_COUPON"" : ""정액"",
        ""NM_MAN_COUPON"" : ""202508_VIP회원_생일쿠폰"",
        ""DT_STR_EXP"" : ""20250801"",
        ""DT_END_EXP"" : ""20260731"",
        ""AM_DISC"" : 50000
      }, {
        ""RT_DISC"" : 0,
        ""NM_TYPE_COUPON"" : ""정액"",
        ""NM_MAN_COUPON"" : ""202508_VVIP회원_생일쿠폰"",
        ""DT_STR_EXP"" : ""20250801"",
        ""DT_END_EXP"" : ""20260731"",
        ""AM_DISC"" : 100000
      }, {
        ""RT_DISC"" : 0,
        ""NM_TYPE_COUPON"" : ""정액"",
        ""NM_MAN_COUPON"" : ""202508_SVIP회원_생일쿠폰"",
        ""DT_STR_EXP"" : ""20250801"",
        ""DT_END_EXP"" : ""20260731"",
        ""AM_DISC"" : 100000
      }, {
        ""RT_DISC"" : 0,
        ""NM_TYPE_COUPON"" : ""정액"",
        ""NM_MAN_COUPON"" : ""202507_일반회원_생일쿠폰"",
        ""DT_STR_EXP"" : ""20250701"",
        ""DT_END_EXP"" : ""20260630"",
        ""AM_DISC"" : 30000
      }, {
        ""RT_DISC"" : 0,
        ""NM_TYPE_COUPON"" : ""정액"",
        ""NM_MAN_COUPON"" : ""202507_SVIP회원_생일쿠폰"",
        ""DT_STR_EXP"" : ""20250701"",
        ""DT_END_EXP"" : ""20260630"",
        ""AM_DISC"" : 100000
      }, {
        ""RT_DISC"" : 0,
        ""NM_TYPE_COUPON"" : ""정액"",
        ""NM_MAN_COUPON"" : ""202507_VIP회원_생일쿠폰"",
        ""DT_STR_EXP"" : ""20250701"",
        ""DT_END_EXP"" : ""20260630"",
        ""AM_DISC"" : 50000
      }, {
        ""RT_DISC"" : 0,
        ""NM_TYPE_COUPON"" : ""정액"",
        ""NM_MAN_COUPON"" : ""202507_VVIP회원_생일쿠폰"",
        ""DT_STR_EXP"" : ""20250701"",
        ""DT_END_EXP"" : ""20260630"",
        ""AM_DISC"" : 100000
      }, {
        ""RT_DISC"" : 0,
        ""NM_TYPE_COUPON"" : ""정액"",
        ""NM_MAN_COUPON"" : ""재발행(7월_일반생일)_2025"",
        ""DT_STR_EXP"" : ""20250701"",
        ""DT_END_EXP"" : ""20260630"",
        ""AM_DISC"" : 30000
      }, {
        ""RT_DISC"" : 0,
        ""NM_TYPE_COUPON"" : ""정액"",
        ""NM_MAN_COUPON"" : ""202506_SVIP회원_생일쿠폰"",
        ""DT_STR_EXP"" : ""20250601"",
        ""DT_END_EXP"" : ""20260531"",
        ""AM_DISC"" : 100000
      }, {
        ""RT_DISC"" : 0,
        ""NM_TYPE_COUPON"" : ""정액"",
        ""NM_MAN_COUPON"" : ""202506_VVIP회원_생일쿠폰"",
        ""DT_STR_EXP"" : ""20250601"",
        ""DT_END_EXP"" : ""20260531"",
        ""AM_DISC"" : 100000
      }, {
        ""RT_DISC"" : 0,
        ""NM_TYPE_COUPON"" : ""정액"",
        ""NM_MAN_COUPON"" : ""202506_VIP회원_생일쿠폰"",
        ""DT_STR_EXP"" : ""20250601"",
        ""DT_END_EXP"" : ""20260531"",
        ""AM_DISC"" : 50000
      }, {
        ""RT_DISC"" : 0,
        ""NM_TYPE_COUPON"" : ""정액"",
        ""NM_MAN_COUPON"" : ""재발행(6월_일반생일)_2025"",
        ""DT_STR_EXP"" : ""20250601"",
        ""DT_END_EXP"" : ""20260531"",
        ""AM_DISC"" : 30000
      }, {
        ""RT_DISC"" : 0,
        ""NM_TYPE_COUPON"" : ""정액"",
        ""NM_MAN_COUPON"" : ""202506_일반회원_생일쿠폰"",
        ""DT_STR_EXP"" : ""20250601"",
        ""DT_END_EXP"" : ""20260531"",
        ""AM_DISC"" : 30000
      }, {
        ""RT_DISC"" : 0,
        ""NM_TYPE_COUPON"" : ""정액"",
        ""NM_MAN_COUPON"" : ""재발행(11월_일반생일)_2025"",
        ""DT_STR_EXP"" : ""20251101"",
        ""DT_END_EXP"" : ""20261031"",
        ""AM_DISC"" : 30000
      }, {
        ""RT_DISC"" : 0,
        ""NM_TYPE_COUPON"" : ""정액"",
        ""NM_MAN_COUPON"" : ""재발행(11월_VVIP생일)_2025"",
        ""DT_STR_EXP"" : ""20251101"",
        ""DT_END_EXP"" : ""20261031"",
        ""AM_DISC"" : 100000
      }, {
        ""RT_DISC"" : 0,
        ""NM_TYPE_COUPON"" : ""정액"",
        ""NM_MAN_COUPON"" : ""재발행(6월_VVIP생일)_2025"",
        ""DT_STR_EXP"" : ""20250601"",
        ""DT_END_EXP"" : ""20260531"",
        ""AM_DISC"" : 100000
      }, {
        ""RT_DISC"" : 0,
        ""NM_TYPE_COUPON"" : ""정액"",
        ""NM_MAN_COUPON"" : ""202512_일반회원_생일쿠폰"",
        ""DT_STR_EXP"" : ""20251201"",
        ""DT_END_EXP"" : ""20261130"",
        ""AM_DISC"" : 30000
      }, {
        ""RT_DISC"" : 0,
        ""NM_TYPE_COUPON"" : ""정액"",
        ""NM_MAN_COUPON"" : ""202512_SVIP회원_생일쿠폰"",
        ""DT_STR_EXP"" : ""20251201"",
        ""DT_END_EXP"" : ""20261130"",
        ""AM_DISC"" : 100000
      }, {
        ""RT_DISC"" : 0,
        ""NM_TYPE_COUPON"" : ""정액"",
        ""NM_MAN_COUPON"" : ""202512_VVIP회원_생일쿠폰"",
        ""DT_STR_EXP"" : ""20251201"",
        ""DT_END_EXP"" : ""20261130"",
        ""AM_DISC"" : 100000
      }, {
        ""RT_DISC"" : 0,
        ""NM_TYPE_COUPON"" : ""정액"",
        ""NM_MAN_COUPON"" : ""202512_VIP회원_생일쿠폰"",
        ""DT_STR_EXP"" : ""20251201"",
        ""DT_END_EXP"" : ""20261130"",
        ""AM_DISC"" : 50000
      }, {
        ""RT_DISC"" : 0,
        ""NM_TYPE_COUPON"" : ""정액"",
        ""NM_MAN_COUPON"" : ""202512_신규1만원"",
        ""DT_STR_EXP"" : ""20251201"",
        ""DT_END_EXP"" : ""20260531"",
        ""AM_DISC"" : 10000
      }, {
        ""RT_DISC"" : 0,
        ""NM_TYPE_COUPON"" : ""정액"",
        ""NM_MAN_COUPON"" : ""재발행(202512_신규1만원)"",
        ""DT_STR_EXP"" : ""20251201"",
        ""DT_END_EXP"" : ""20260531"",
        ""AM_DISC"" : 10000
      }, {
        ""RT_DISC"" : 0,
        ""NM_TYPE_COUPON"" : ""정액"",
        ""NM_MAN_COUPON"" : ""202511_일반회원_생일쿠폰"",
        ""DT_STR_EXP"" : ""20251101"",
        ""DT_END_EXP"" : ""20261031"",
        ""AM_DISC"" : 30000
      }, {
        ""RT_DISC"" : 0,
        ""NM_TYPE_COUPON"" : ""정액"",
        ""NM_MAN_COUPON"" : ""202511_VIP회원_생일쿠폰"",
        ""DT_STR_EXP"" : ""20251101"",
        ""DT_END_EXP"" : ""20261031"",
        ""AM_DISC"" : 50000
      }, {
        ""RT_DISC"" : 0,
        ""NM_TYPE_COUPON"" : ""정액"",
        ""NM_MAN_COUPON"" : ""202511_VVIP회원_생일쿠폰"",
        ""DT_STR_EXP"" : ""20251101"",
        ""DT_END_EXP"" : ""20261031"",
        ""AM_DISC"" : 100000
      }, {
        ""RT_DISC"" : 0,
        ""NM_TYPE_COUPON"" : ""정액"",
        ""NM_MAN_COUPON"" : ""202511_SVIP회원_생일쿠폰"",
        ""DT_STR_EXP"" : ""20251101"",
        ""DT_END_EXP"" : ""20261031"",
        ""AM_DISC"" : 100000
      }, {
        ""RT_DISC"" : 0,
        ""NM_TYPE_COUPON"" : ""정액"",
        ""NM_MAN_COUPON"" : ""재발행(7월_VIP생일)_2025"",
        ""DT_STR_EXP"" : ""20250701"",
        ""DT_END_EXP"" : ""20260630"",
        ""AM_DISC"" : 50000
      }, {
        ""RT_DISC"" : 0,
        ""NM_TYPE_COUPON"" : ""정액"",
        ""NM_MAN_COUPON"" : ""재발행(9월_일반생일)_2025"",
        ""DT_STR_EXP"" : ""20250901"",
        ""DT_END_EXP"" : ""20260831"",
        ""AM_DISC"" : 30000
      }, {
        ""RT_DISC"" : 0,
        ""NM_TYPE_COUPON"" : ""정액"",
        ""NM_MAN_COUPON"" : ""202510_일반회원_생일쿠폰"",
        ""DT_STR_EXP"" : ""20251001"",
        ""DT_END_EXP"" : ""20260930"",
        ""AM_DISC"" : 30000
      }, {
        ""RT_DISC"" : 0,
        ""NM_TYPE_COUPON"" : ""정액"",
        ""NM_MAN_COUPON"" : ""202510_VIP회원_생일쿠폰"",
        ""DT_STR_EXP"" : ""20251001"",
        ""DT_END_EXP"" : ""20260930"",
        ""AM_DISC"" : 50000
      }, {
        ""RT_DISC"" : 0,
        ""NM_TYPE_COUPON"" : ""정액"",
        ""NM_MAN_COUPON"" : ""202510_VVIP회원_생일쿠폰"",
        ""DT_STR_EXP"" : ""20251001"",
        ""DT_END_EXP"" : ""20260930"",
        ""AM_DISC"" : 100000
      }, {
        ""RT_DISC"" : 0,
        ""NM_TYPE_COUPON"" : ""정액"",
        ""NM_MAN_COUPON"" : ""202510_SVIP회원_생일쿠폰"",
        ""DT_STR_EXP"" : ""20251001"",
        ""DT_END_EXP"" : ""20260930"",
        ""AM_DISC"" : 100000
      }, {
        ""RT_DISC"" : 0,
        ""NM_TYPE_COUPON"" : ""정액"",
        ""NM_MAN_COUPON"" : ""재발행(10월_일반생일)_2025"",
        ""DT_STR_EXP"" : ""20251001"",
        ""DT_END_EXP"" : ""20260930"",
        ""AM_DISC"" : 30000
      }, {
        ""RT_DISC"" : 5,
        ""NM_TYPE_COUPON"" : ""정률"",
        ""NM_MAN_COUPON"" : ""5%할인_VVIP특별바우처5"",
        ""DT_STR_EXP"" : ""20260201"",
        ""DT_END_EXP"" : ""20270131"",
        ""AM_DISC"" : 0
      }, {
        ""RT_DISC"" : 0,
        ""NM_TYPE_COUPON"" : ""정액"",
        ""NM_MAN_COUPON"" : ""202605_SVIP회원_생일쿠폰"",
        ""DT_STR_EXP"" : ""20260501"",
        ""DT_END_EXP"" : ""20270430"",
        ""AM_DISC"" : 100000
      }, {
        ""RT_DISC"" : 0,
        ""NM_TYPE_COUPON"" : ""정액"",
        ""NM_MAN_COUPON"" : ""202605_VVIP회원_생일쿠폰"",
        ""DT_STR_EXP"" : ""20260501"",
        ""DT_END_EXP"" : ""20270430"",
        ""AM_DISC"" : 100000
      }, {
        ""RT_DISC"" : 0,
        ""NM_TYPE_COUPON"" : ""정액"",
        ""NM_MAN_COUPON"" : ""202605_VIP회원_생일쿠폰"",
        ""DT_STR_EXP"" : ""20260501"",
        ""DT_END_EXP"" : ""20270430"",
        ""AM_DISC"" : 50000
      }, {
        ""RT_DISC"" : 0,
        ""NM_TYPE_COUPON"" : ""정액"",
        ""NM_MAN_COUPON"" : ""202605_일반회원_생일쿠폰"",
        ""DT_STR_EXP"" : ""20260501"",
        ""DT_END_EXP"" : ""20270430"",
        ""AM_DISC"" : 30000
      }, {
        ""RT_DISC"" : 0,
        ""NM_TYPE_COUPON"" : ""정액"",
        ""NM_MAN_COUPON"" : ""202605_SVIP회원_수선15만원쿠폰"",
        ""DT_STR_EXP"" : ""20260501"",
        ""DT_END_EXP"" : ""20260531"",
        ""AM_DISC"" : 150000
      }, {
        ""RT_DISC"" : 0,
        ""NM_TYPE_COUPON"" : ""정액"",
        ""NM_MAN_COUPON"" : ""202605_VVIP회원_수선15만원쿠폰"",
        ""DT_STR_EXP"" : ""20260501"",
        ""DT_END_EXP"" : ""20260531"",
        ""AM_DISC"" : 150000
      }, {
        ""RT_DISC"" : 0,
        ""NM_TYPE_COUPON"" : ""정액"",
        ""NM_MAN_COUPON"" : ""202605_VIP회원_수선10만원쿠폰"",
        ""DT_STR_EXP"" : ""20260501"",
        ""DT_END_EXP"" : ""20260531"",
        ""AM_DISC"" : 100000
      }, {
        ""RT_DISC"" : 0,
        ""NM_TYPE_COUPON"" : ""정액"",
        ""NM_MAN_COUPON"" : ""202605_수선3만원쿠폰"",
        ""DT_STR_EXP"" : ""20260501"",
        ""DT_END_EXP"" : ""20260731"",
        ""AM_DISC"" : 30000
      }, {
        ""RT_DISC"" : 0,
        ""NM_TYPE_COUPON"" : ""정액"",
        ""NM_MAN_COUPON"" : ""202605_신규1만원"",
        ""DT_STR_EXP"" : ""20260501"",
        ""DT_END_EXP"" : ""20261031"",
        ""AM_DISC"" : 10000
      }, {
        ""RT_DISC"" : 0,
        ""NM_TYPE_COUPON"" : ""정액"",
        ""NM_MAN_COUPON"" : ""재발행(202605_신규1만원)"",
        ""DT_STR_EXP"" : ""20260501"",
        ""DT_END_EXP"" : ""20261031"",
        ""AM_DISC"" : 10000
      }, {
        ""RT_DISC"" : 0,
        ""NM_TYPE_COUPON"" : ""정액"",
        ""NM_MAN_COUPON"" : ""2026수선3만원쿠폰1_GIP"",
        ""DT_STR_EXP"" : ""20260201"",
        ""DT_END_EXP"" : ""20260731"",
        ""AM_DISC"" : 30000
      }, {
        ""RT_DISC"" : 0,
        ""NM_TYPE_COUPON"" : ""정액"",
        ""NM_MAN_COUPON"" : ""3%할인_VIP특별바우처_특수_송은경님"",
        ""DT_STR_EXP"" : ""20260201"",
        ""DT_END_EXP"" : ""20270131"",
        ""AM_DISC"" : 80400
      }, {
        ""RT_DISC"" : 0,
        ""NM_TYPE_COUPON"" : ""정액"",
        ""NM_MAN_COUPON"" : ""5만원우대권2_하나카드VIP_2026"",
        ""DT_STR_EXP"" : ""20260101"",
        ""DT_END_EXP"" : ""20261231"",
        ""AM_DISC"" : 50000
      }, {
        ""RT_DISC"" : 0,
        ""NM_TYPE_COUPON"" : ""정액"",
        ""NM_MAN_COUPON"" : ""상반기재발행_일반생일_2026"",
        ""DT_STR_EXP"" : ""20260101"",
        ""DT_END_EXP"" : ""20260630"",
        ""AM_DISC"" : 30000
      }, {
        ""RT_DISC"" : 0,
        ""NM_TYPE_COUPON"" : ""정액"",
        ""NM_MAN_COUPON"" : ""재발행(2월_일반생일)_2026"",
        ""DT_STR_EXP"" : ""20260201"",
        ""DT_END_EXP"" : ""20270131"",
        ""AM_DISC"" : 30000
      }, {
        ""RT_DISC"" : 0,
        ""NM_TYPE_COUPON"" : ""정액"",
        ""NM_MAN_COUPON"" : ""2026수선3만원쿠폰1_직원"",
        ""DT_STR_EXP"" : ""20260201"",
        ""DT_END_EXP"" : ""20260731"",
        ""AM_DISC"" : 30000
      }, {
        ""RT_DISC"" : 0,
        ""NM_TYPE_COUPON"" : ""정액"",
        ""NM_MAN_COUPON"" : ""202603_SVIP회원_생일쿠폰"",
        ""DT_STR_EXP"" : ""20260301"",
        ""DT_END_EXP"" : ""20270228"",
        ""AM_DISC"" : 100000
      }, {
        ""RT_DISC"" : 0,
        ""NM_TYPE_COUPON"" : ""정액"",
        ""NM_MAN_COUPON"" : ""202603_VVIP회원_생일쿠폰"",
        ""DT_STR_EXP"" : ""20260301"",
        ""DT_END_EXP"" : ""20270228"",
        ""AM_DISC"" : 100000
      }, {
        ""RT_DISC"" : 0,
        ""NM_TYPE_COUPON"" : ""정액"",
        ""NM_MAN_COUPON"" : ""202603_VIP회원_생일쿠폰"",
        ""DT_STR_EXP"" : ""20260301"",
        ""DT_END_EXP"" : ""20270228"",
        ""AM_DISC"" : 50000
      }, {
        ""RT_DISC"" : 0,
        ""NM_TYPE_COUPON"" : ""정액"",
        ""NM_MAN_COUPON"" : ""202603_신규1만원"",
        ""DT_STR_EXP"" : ""20260301"",
        ""DT_END_EXP"" : ""20260831"",
        ""AM_DISC"" : 10000
      }, {
        ""RT_DISC"" : 0,
        ""NM_TYPE_COUPON"" : ""정액"",
        ""NM_MAN_COUPON"" : ""재발행(202603_신규1만원)"",
        ""DT_STR_EXP"" : ""20260301"",
        ""DT_END_EXP"" : ""20260831"",
        ""AM_DISC"" : 10000
      }, {
        ""RT_DISC"" : 0,
        ""NM_TYPE_COUPON"" : ""정액"",
        ""NM_MAN_COUPON"" : ""202603_일반회원_생일쿠폰"",
        ""DT_STR_EXP"" : ""20260301"",
        ""DT_END_EXP"" : ""20270228"",
        ""AM_DISC"" : 30000
      }, {
        ""RT_DISC"" : 0,
        ""NM_TYPE_COUPON"" : ""정액"",
        ""NM_MAN_COUPON"" : ""재발행(1월_일반생일)_2026"",
        ""DT_STR_EXP"" : ""20260101"",
        ""DT_END_EXP"" : ""20261231"",
        ""AM_DISC"" : 30000
      }, {
        ""RT_DISC"" : 0,
        ""NM_TYPE_COUPON"" : ""정액"",
        ""NM_MAN_COUPON"" : ""2만원우대권_하나카드VIP_2026"",
        ""DT_STR_EXP"" : ""20260101"",
        ""DT_END_EXP"" : ""20261231"",
        ""AM_DISC"" : 20000
      }, {
        ""RT_DISC"" : 0,
        ""NM_TYPE_COUPON"" : ""정액"",
        ""NM_MAN_COUPON"" : ""5만원우대권_하나카드VIP_2026"",
        ""DT_STR_EXP"" : ""20260101"",
        ""DT_END_EXP"" : ""20261231"",
        ""AM_DISC"" : 50000
      }, {
        ""RT_DISC"" : 10,
        ""NM_TYPE_COUPON"" : ""정률"",
        ""NM_MAN_COUPON"" : ""10%할인_SVIP특별바우처1 (2)"",
        ""DT_STR_EXP"" : ""20260201"",
        ""DT_END_EXP"" : ""20270131"",
        ""AM_DISC"" : 0
      }, {
        ""RT_DISC"" : 10,
        ""NM_TYPE_COUPON"" : ""정률"",
        ""NM_MAN_COUPON"" : ""10%할인_SVIP특별바우처2 (2)"",
        ""DT_STR_EXP"" : ""20260201"",
        ""DT_END_EXP"" : ""20270131"",
        ""AM_DISC"" : 0
      }, {
        ""RT_DISC"" : 10,
        ""NM_TYPE_COUPON"" : ""정률"",
        ""NM_MAN_COUPON"" : ""10%할인_SVIP특별바우처3 (2)"",
        ""DT_STR_EXP"" : ""20260201"",
        ""DT_END_EXP"" : ""20270131"",
        ""AM_DISC"" : 0
      }, {
        ""RT_DISC"" : 5,
        ""NM_TYPE_COUPON"" : ""정률"",
        ""NM_MAN_COUPON"" : ""5%할인_VVIP특별바우처1"",
        ""DT_STR_EXP"" : ""20260201"",
        ""DT_END_EXP"" : ""20270131"",
        ""AM_DISC"" : 0
      }, {
        ""RT_DISC"" : 5,
        ""NM_TYPE_COUPON"" : ""정률"",
        ""NM_MAN_COUPON"" : ""5%할인_VVIP특별바우처2"",
        ""DT_STR_EXP"" : ""20260201"",
        ""DT_END_EXP"" : ""20270131"",
        ""AM_DISC"" : 0
      }, {
        ""RT_DISC"" : 5,
        ""NM_TYPE_COUPON"" : ""정률"",
        ""NM_MAN_COUPON"" : ""5%할인_VVIP특별바우처3"",
        ""DT_STR_EXP"" : ""20260201"",
        ""DT_END_EXP"" : ""20270131"",
        ""AM_DISC"" : 0
      }, {
        ""RT_DISC"" : 3,
        ""NM_TYPE_COUPON"" : ""정률"",
        ""NM_MAN_COUPON"" : ""3%할인_VIP특별바우처1"",
        ""DT_STR_EXP"" : ""20260201"",
        ""DT_END_EXP"" : ""20270131"",
        ""AM_DISC"" : 0
      }, {
        ""RT_DISC"" : 3,
        ""NM_TYPE_COUPON"" : ""정률"",
        ""NM_MAN_COUPON"" : ""3%할인_VIP특별바우처2"",
        ""DT_STR_EXP"" : ""20260201"",
        ""DT_END_EXP"" : ""20270131"",
        ""AM_DISC"" : 0
      }, {
        ""RT_DISC"" : 3,
        ""NM_TYPE_COUPON"" : ""정률"",
        ""NM_MAN_COUPON"" : ""3%할인_VIP특별바우처3"",
        ""DT_STR_EXP"" : ""20260201"",
        ""DT_END_EXP"" : ""20270131"",
        ""AM_DISC"" : 0
      }, {
        ""RT_DISC"" : 0,
        ""NM_TYPE_COUPON"" : ""정액"",
        ""NM_MAN_COUPON"" : ""202602_신규1만원"",
        ""DT_STR_EXP"" : ""20260201"",
        ""DT_END_EXP"" : ""20260731"",
        ""AM_DISC"" : 10000
      }, {
        ""RT_DISC"" : 0,
        ""NM_TYPE_COUPON"" : ""정액"",
        ""NM_MAN_COUPON"" : ""재발행(202602_신규1만원)"",
        ""DT_STR_EXP"" : ""20260201"",
        ""DT_END_EXP"" : ""20260731"",
        ""AM_DISC"" : 10000
      }, {
        ""RT_DISC"" : 0,
        ""NM_TYPE_COUPON"" : ""정액"",
        ""NM_MAN_COUPON"" : ""2026_SVIP_승격축하쿠폰"",
        ""DT_STR_EXP"" : ""20260201"",
        ""DT_END_EXP"" : ""20270131"",
        ""AM_DISC"" : 100000
      }, {
        ""RT_DISC"" : 0,
        ""NM_TYPE_COUPON"" : ""정액"",
        ""NM_MAN_COUPON"" : ""2026_VVIP_승격축하쿠폰"",
        ""DT_STR_EXP"" : ""20260201"",
        ""DT_END_EXP"" : ""20270131"",
        ""AM_DISC"" : 50000
      }, {
        ""RT_DISC"" : 0,
        ""NM_TYPE_COUPON"" : ""정액"",
        ""NM_MAN_COUPON"" : ""2026_VIP_승격축하쿠폰"",
        ""DT_STR_EXP"" : ""20260201"",
        ""DT_END_EXP"" : ""20270131"",
        ""AM_DISC"" : 50000
      }, {
        ""RT_DISC"" : 0,
        ""NM_TYPE_COUPON"" : ""정액"",
        ""NM_MAN_COUPON"" : ""202602_수선3만원쿠폰"",
        ""DT_STR_EXP"" : ""20260201"",
        ""DT_END_EXP"" : ""20260731"",
        ""AM_DISC"" : 30000
      }, {
        ""RT_DISC"" : 0,
        ""NM_TYPE_COUPON"" : ""정액"",
        ""NM_MAN_COUPON"" : ""2026수선3만원쿠폰1_직원 (2)"",
        ""DT_STR_EXP"" : ""20260201"",
        ""DT_END_EXP"" : ""20260731"",
        ""AM_DISC"" : 30000
      }, {
        ""RT_DISC"" : 0,
        ""NM_TYPE_COUPON"" : ""정액"",
        ""NM_MAN_COUPON"" : ""202602_SVIP회원_생일쿠폰"",
        ""DT_STR_EXP"" : ""20260201"",
        ""DT_END_EXP"" : ""20270131"",
        ""AM_DISC"" : 100000
      }, {
        ""RT_DISC"" : 0,
        ""NM_TYPE_COUPON"" : ""정액"",
        ""NM_MAN_COUPON"" : ""202602_VVIP회원_생일쿠폰"",
        ""DT_STR_EXP"" : ""20260201"",
        ""DT_END_EXP"" : ""20270131"",
        ""AM_DISC"" : 100000
      }, {
        ""RT_DISC"" : 0,
        ""NM_TYPE_COUPON"" : ""정액"",
        ""NM_MAN_COUPON"" : ""202602_VIP회원_생일쿠폰"",
        ""DT_STR_EXP"" : ""20260201"",
        ""DT_END_EXP"" : ""20270131"",
        ""AM_DISC"" : 50000
      }, {
        ""RT_DISC"" : 0,
        ""NM_TYPE_COUPON"" : ""정액"",
        ""NM_MAN_COUPON"" : ""202602_일반회원_생일쿠폰"",
        ""DT_STR_EXP"" : ""20260201"",
        ""DT_END_EXP"" : ""20270131"",
        ""AM_DISC"" : 30000
      }, {
        ""RT_DISC"" : 0,
        ""NM_TYPE_COUPON"" : ""정액"",
        ""NM_MAN_COUPON"" : ""재발행(2026_VIP_승격축하쿠폰)"",
        ""DT_STR_EXP"" : ""20260201"",
        ""DT_END_EXP"" : ""20270131"",
        ""AM_DISC"" : 50000
      }, {
        ""RT_DISC"" : 0,
        ""NM_TYPE_COUPON"" : ""정액"",
        ""NM_MAN_COUPON"" : ""202603_수선3만원쿠폰"",
        ""DT_STR_EXP"" : ""20260301"",
        ""DT_END_EXP"" : ""20260731"",
        ""AM_DISC"" : 30000
      }, {
        ""RT_DISC"" : 3,
        ""NM_TYPE_COUPON"" : ""정률"",
        ""NM_MAN_COUPON"" : ""3%할인_VIP특별바우처4"",
        ""DT_STR_EXP"" : ""20260201"",
        ""DT_END_EXP"" : ""20270131"",
        ""AM_DISC"" : 0
      }, {
        ""RT_DISC"" : 10,
        ""NM_TYPE_COUPON"" : ""정률"",
        ""NM_MAN_COUPON"" : ""10%할인_SVIP특별바우처4 (2)"",
        ""DT_STR_EXP"" : ""20260201"",
        ""DT_END_EXP"" : ""20270131"",
        ""AM_DISC"" : 0
      }, {
        ""RT_DISC"" : 0,
        ""NM_TYPE_COUPON"" : ""정액"",
        ""NM_MAN_COUPON"" : ""상반기재발행_VVIP생일쿠폰_2026"",
        ""DT_STR_EXP"" : ""20260101"",
        ""DT_END_EXP"" : ""20260630"",
        ""AM_DISC"" : 100000
      }, {
        ""RT_DISC"" : 0,
        ""NM_TYPE_COUPON"" : ""정액"",
        ""NM_MAN_COUPON"" : ""재발행(8월_VIP생일)_2025"",
        ""DT_STR_EXP"" : ""20250801"",
        ""DT_END_EXP"" : ""20260731"",
        ""AM_DISC"" : 50000
      }, {
        ""RT_DISC"" : 10,
        ""NM_TYPE_COUPON"" : ""정률"",
        ""NM_MAN_COUPON"" : ""10%할인_SVIP특별바우처5 (2)"",
        ""DT_STR_EXP"" : ""20260201"",
        ""DT_END_EXP"" : ""20270131"",
        ""AM_DISC"" : 0
      }, {
        ""RT_DISC"" : 10,
        ""NM_TYPE_COUPON"" : ""정률"",
        ""NM_MAN_COUPON"" : ""10%할인_SVIP특별바우처6 (2)"",
        ""DT_STR_EXP"" : ""20260201"",
        ""DT_END_EXP"" : ""20270131"",
        ""AM_DISC"" : 0
      }, {
        ""RT_DISC"" : 10,
        ""NM_TYPE_COUPON"" : ""정률"",
        ""NM_MAN_COUPON"" : ""10%할인_SVIP특별바우처7 (2)"",
        ""DT_STR_EXP"" : ""20260201"",
        ""DT_END_EXP"" : ""20270131"",
        ""AM_DISC"" : 0
      }, {
        ""RT_DISC"" : 10,
        ""NM_TYPE_COUPON"" : ""정률"",
        ""NM_MAN_COUPON"" : ""10%할인_SVIP특별바우처8 (3)"",
        ""DT_STR_EXP"" : ""20260201"",
        ""DT_END_EXP"" : ""20270131"",
        ""AM_DISC"" : 0
      }, {
        ""RT_DISC"" : 3,
        ""NM_TYPE_COUPON"" : ""정률"",
        ""NM_MAN_COUPON"" : ""3%할인_VIP특별바우처5"",
        ""DT_STR_EXP"" : ""20260201"",
        ""DT_END_EXP"" : ""20270131"",
        ""AM_DISC"" : 0
      }, {
        ""RT_DISC"" : 3,
        ""NM_TYPE_COUPON"" : ""정률"",
        ""NM_MAN_COUPON"" : ""3%할인_VIP특별바우처6"",
        ""DT_STR_EXP"" : ""20260201"",
        ""DT_END_EXP"" : ""20270131"",
        ""AM_DISC"" : 0
      }, {
        ""RT_DISC"" : 5,
        ""NM_TYPE_COUPON"" : ""정률"",
        ""NM_MAN_COUPON"" : ""5%할인_VVIP특별바우처4"",
        ""DT_STR_EXP"" : ""20260201"",
        ""DT_END_EXP"" : ""20270131"",
        ""AM_DISC"" : 0
      }, {
        ""RT_DISC"" : 0,
        ""NM_TYPE_COUPON"" : ""정액"",
        ""NM_MAN_COUPON"" : ""재발행(3월_일반생일)_2026"",
        ""DT_STR_EXP"" : ""20260301"",
        ""DT_END_EXP"" : ""20270228"",
        ""AM_DISC"" : 30000
      }, {
        ""RT_DISC"" : 0,
        ""NM_TYPE_COUPON"" : ""정액"",
        ""NM_MAN_COUPON"" : ""202604_일반회원_생일쿠폰"",
        ""DT_STR_EXP"" : ""20260401"",
        ""DT_END_EXP"" : ""20270331"",
        ""AM_DISC"" : 30000
      }, {
        ""RT_DISC"" : 0,
        ""NM_TYPE_COUPON"" : ""정액"",
        ""NM_MAN_COUPON"" : ""202604_SVIP회원_생일쿠폰"",
        ""DT_STR_EXP"" : ""20260401"",
        ""DT_END_EXP"" : ""20270331"",
        ""AM_DISC"" : 100000
      }, {
        ""RT_DISC"" : 0,
        ""NM_TYPE_COUPON"" : ""정액"",
        ""NM_MAN_COUPON"" : ""202604_VVIP회원_생일쿠폰"",
        ""DT_STR_EXP"" : ""20260401"",
        ""DT_END_EXP"" : ""20270331"",
        ""AM_DISC"" : 100000
      }, {
        ""RT_DISC"" : 0,
        ""NM_TYPE_COUPON"" : ""정액"",
        ""NM_MAN_COUPON"" : ""202604_VIP회원_생일쿠폰"",
        ""DT_STR_EXP"" : ""20260401"",
        ""DT_END_EXP"" : ""20270331"",
        ""AM_DISC"" : 50000
      }, {
        ""RT_DISC"" : 0,
        ""NM_TYPE_COUPON"" : ""정액"",
        ""NM_MAN_COUPON"" : ""202604_신규1만원"",
        ""DT_STR_EXP"" : ""20260401"",
        ""DT_END_EXP"" : ""20260930"",
        ""AM_DISC"" : 10000
      }, {
        ""RT_DISC"" : 0,
        ""NM_TYPE_COUPON"" : ""정액"",
        ""NM_MAN_COUPON"" : ""202604_수선3만원쿠폰"",
        ""DT_STR_EXP"" : ""20260401"",
        ""DT_END_EXP"" : ""20260731"",
        ""AM_DISC"" : 30000
      }, {
        ""RT_DISC"" : 0,
        ""NM_TYPE_COUPON"" : ""정액"",
        ""NM_MAN_COUPON"" : ""재발행(202604_신규1만원)"",
        ""DT_STR_EXP"" : ""20260401"",
        ""DT_END_EXP"" : ""20260930"",
        ""AM_DISC"" : 10000
      }, {
        ""RT_DISC"" : 0,
        ""NM_TYPE_COUPON"" : ""정액"",
        ""NM_MAN_COUPON"" : ""재발행(4월_일반생일)_2026"",
        ""DT_STR_EXP"" : ""20260401"",
        ""DT_END_EXP"" : ""20270331"",
        ""AM_DISC"" : 30000
      }, {
        ""RT_DISC"" : 0,
        ""NM_TYPE_COUPON"" : ""정액"",
        ""NM_MAN_COUPON"" : ""[TEST] 쿠폰_정액_5만원"",
        ""DT_STR_EXP"" : ""20260430"",
        ""DT_END_EXP"" : ""20260531"",
        ""AM_DISC"" : 30000
      }, {
        ""RT_DISC"" : 0,
        ""NM_TYPE_COUPON"" : ""정액"",
        ""NM_MAN_COUPON"" : ""[TEST] VIP_수선쿠폰"",
        ""DT_STR_EXP"" : ""20260501"",
        ""DT_END_EXP"" : ""20260531"",
        ""AM_DISC"" : 30000
      }, {
        ""RT_DISC"" : 10,
        ""NM_TYPE_COUPON"" : ""정률"",
        ""NM_MAN_COUPON"" : ""[TEST] 정률_10%"",
        ""DT_STR_EXP"" : ""20260501"",
        ""DT_END_EXP"" : ""20260531"",
        ""AM_DISC"" : 0
      }, {
        ""RT_DISC"" : 0,
        ""NM_TYPE_COUPON"" : ""정액"",
        ""NM_MAN_COUPON"" : ""[TEST] 정액_3만원"",
        ""DT_STR_EXP"" : ""20260501"",
        ""DT_END_EXP"" : ""20260531"",
        ""AM_DISC"" : 30000
      }, {
        ""RT_DISC"" : 0,
        ""NM_TYPE_COUPON"" : ""정액"",
        ""NM_MAN_COUPON"" : ""[TEST] 정액_5만원"",
        ""DT_STR_EXP"" : ""20260501"",
        ""DT_END_EXP"" : ""20260531"",
        ""AM_DISC"" : 50000
      }, {
        ""RT_DISC"" : 0,
        ""NM_TYPE_COUPON"" : ""정액"",
        ""NM_MAN_COUPON"" : ""[TEST] 신규_1만원"",
        ""DT_STR_EXP"" : ""20260501"",
        ""DT_END_EXP"" : ""20260531"",
        ""AM_DISC"" : 10000
      }, {
        ""RT_DISC"" : 0,
        ""NM_TYPE_COUPON"" : ""정액"",
        ""NM_MAN_COUPON"" : ""[TEST] 조회용_쿠폰_UPDATED"",
        ""DT_STR_EXP"" : ""20260502"",
        ""DT_END_EXP"" : ""20260630"",
        ""AM_DISC"" : 20000
      }, {
        ""RT_DISC"" : 0,
        ""NM_TYPE_COUPON"" : ""정액"",
        ""NM_MAN_COUPON"" : ""[TEST] 테스트 쿠폰 수정하지마세용"",
        ""DT_STR_EXP"" : ""20260501"",
        ""DT_END_EXP"" : ""20260530"",
        ""AM_DISC"" : 20000
      }, {
        ""RT_DISC"" : 10,
        ""NM_TYPE_COUPON"" : ""정률"",
        ""NM_MAN_COUPON"" : ""[TEST] VVIP_무제한정률"",
        ""DT_STR_EXP"" : ""20260502"",
        ""DT_END_EXP"" : ""20260531"",
        ""AM_DISC"" : 0
      }, {
        ""RT_DISC"" : 0,
        ""NM_TYPE_COUPON"" : ""정액"",
        ""NM_MAN_COUPON"" : ""[TEST] VVIP 생일쿠폰"",
        ""DT_STR_EXP"" : ""20260201"",
        ""DT_END_EXP"" : ""20260531"",
        ""AM_DISC"" : 100000
      }, {
        ""RT_DISC"" : 0,
        ""NM_TYPE_COUPON"" : ""정액"",
        ""NM_MAN_COUPON"" : ""[TEST] 신규가입쿠폰_아울렛"",
        ""DT_STR_EXP"" : ""20260501"",
        ""DT_END_EXP"" : ""20280501"",
        ""AM_DISC"" : 10000
      }, {
        ""RT_DISC"" : 3,
        ""NM_TYPE_COUPON"" : ""정률"",
        ""NM_MAN_COUPON"" : ""[TEST]_정률3%쿠폰"",
        ""DT_STR_EXP"" : ""20260503"",
        ""DT_END_EXP"" : """",
        ""AM_DISC"" : 0
      }, {
        ""RT_DISC"" : 0,
        ""NM_TYPE_COUPON"" : ""정액"",
        ""NM_MAN_COUPON"" : ""[TEST]_GIP 생일쿠폰"",
        ""DT_STR_EXP"" : ""20260503"",
        ""DT_END_EXP"" : """",
        ""AM_DISC"" : 30000
      }, {
        ""RT_DISC"" : 3,
        ""NM_TYPE_COUPON"" : ""정률"",
        ""NM_MAN_COUPON"" : ""[TEST] 신규가입쿠폰_백화점"",
        ""DT_STR_EXP"" : ""20260501"",
        ""DT_END_EXP"" : ""20280531"",
        ""AM_DISC"" : 0
      }, {
        ""RT_DISC"" : 5,
        ""NM_TYPE_COUPON"" : ""정률"",
        ""NM_MAN_COUPON"" : ""[TEST] VVIP_5%"",
        ""DT_STR_EXP"" : ""20260504"",
        ""DT_END_EXP"" : ""20260531"",
        ""AM_DISC"" : 0
      }, {
        ""RT_DISC"" : 0,
        ""NM_TYPE_COUPON"" : ""정액"",
        ""NM_MAN_COUPON"" : ""[TEST] SVIP_생일쿠폰"",
        ""DT_STR_EXP"" : ""20260504"",
        ""DT_END_EXP"" : ""20260531"",
        ""AM_DISC"" : 100000
      }, {
        ""RT_DISC"" : 0,
        ""NM_TYPE_COUPON"" : ""정액"",
        ""NM_MAN_COUPON"" : ""밀버스테스트_3만원"",
        ""DT_STR_EXP"" : ""20260201"",
        ""DT_END_EXP"" : ""20261231"",
        ""AM_DISC"" : 30000
      }, {
        ""RT_DISC"" : 0,
        ""NM_TYPE_COUPON"" : ""정액"",
        ""NM_MAN_COUPON"" : ""[TEST]_VVIP 수선쿠폰"",
        ""DT_STR_EXP"" : ""20260508"",
        ""DT_END_EXP"" : ""20260531"",
        ""AM_DISC"" : 100000
      }, {
        ""RT_DISC"" : 3,
        ""NM_TYPE_COUPON"" : ""정률"",
        ""NM_MAN_COUPON"" : ""142000000679_정률테스트"",
        ""DT_STR_EXP"" : ""20260501"",
        ""DT_END_EXP"" : ""20260531"",
        ""AM_DISC"" : 0
      }, {
        ""RT_DISC"" : 0,
        ""NM_TYPE_COUPON"" : ""정액"",
        ""NM_MAN_COUPON"" : ""[TEST]_SVIP수선쿠폰"",
        ""DT_STR_EXP"" : ""20260509"",
        ""DT_END_EXP"" : ""20260531"",
        ""AM_DISC"" : 150000
      }, {
        ""RT_DISC"" : 0,
        ""NM_TYPE_COUPON"" : ""정액"",
        ""NM_MAN_COUPON"" : ""[TEST] 10만원"",
        ""DT_STR_EXP"" : ""20260509"",
        ""DT_END_EXP"" : ""20260531"",
        ""AM_DISC"" : 100000
      }, {
        ""RT_DISC"" : 5,
        ""NM_TYPE_COUPON"" : ""정률"",
        ""NM_MAN_COUPON"" : ""[TEST]_5%할인쿠폰"",
        ""DT_STR_EXP"" : ""20260509"",
        ""DT_END_EXP"" : ""20260531"",
        ""AM_DISC"" : 0
      } ]
    }
  },
  ""code"" : 200
}"
a12JO000000Mm1BYAS,2026-05-11T00:58:09.000+0000,GdPromotionDetailApiControllerV1,"{""PromotionNo__c"":""PRO202604161041""}",,"{
  ""success"" : true,
  ""message"" : ""프로모션 상세 조회 성공"",
  ""data"" : {
    ""PromotionDetail"" : {
      ""YN_PROM_DC"" : ""N"",
      ""YN_ALL_ITEM"" : ""Y"",
      ""YN_ACTIVE"" : true,
      ""STORES"" : [ ],
      ""POINTS"" : [ ],
      ""NO_PROM"" : ""PRO202604161041"",
      ""NM_PROM"" : ""[TEST]_프로모션없음"",
      ""ITEMS"" : [ ],
      ""DT_PUBLISH_START"" : ""20260401"",
      ""DT_PUBLISH_END"" : ""20260531"",
      ""COUPONS"" : [ {
        ""RT_DISC"" : 0,
        ""NM_TYPE_COUPON"" : ""정액"",
        ""NM_MAN_COUPON"" : ""재발행(8월_일반생일)_2025"",
        ""DT_STR_EXP"" : ""20250801"",
        ""DT_END_EXP"" : ""20260731"",
        ""AM_DISC"" : 30000
      }, {
        ""RT_DISC"" : 0,
        ""NM_TYPE_COUPON"" : ""정액"",
        ""NM_MAN_COUPON"" : ""202509_일반회원_생일쿠폰"",
        ""DT_STR_EXP"" : ""20250901"",
        ""DT_END_EXP"" : ""20260831"",
        ""AM_DISC"" : 30000
      }, {
        ""RT_DISC"" : 0,
        ""NM_TYPE_COUPON"" : ""정액"",
        ""NM_MAN_COUPON"" : ""202509_VIP회원_생일쿠폰"",
        ""DT_STR_EXP"" : ""20250901"",
        ""DT_END_EXP"" : ""20260831"",
        ""AM_DISC"" : 50000
      }, {
        ""RT_DISC"" : 0,
        ""NM_TYPE_COUPON"" : ""정액"",
        ""NM_MAN_COUPON"" : ""202509_VVIP회원_생일쿠폰"",
        ""DT_STR_EXP"" : ""20250901"",
        ""DT_END_EXP"" : ""20260831"",
        ""AM_DISC"" : 100000
      }, {
        ""RT_DISC"" : 0,
        ""NM_TYPE_COUPON"" : ""정액"",
        ""NM_MAN_COUPON"" : ""202509_SVIP회원_생일쿠폰"",
        ""DT_STR_EXP"" : ""20250901"",
        ""DT_END_EXP"" : ""20260831"",
        ""AM_DISC"" : 100000
      }, {
        ""RT_DISC"" : 0,
        ""NM_TYPE_COUPON"" : ""정액"",
        ""NM_MAN_COUPON"" : ""재발행(12월_일반생일)_2025"",
        ""DT_STR_EXP"" : ""20251201"",
        ""DT_END_EXP"" : ""20261130"",
        ""AM_DISC"" : 30000
      }, {
        ""RT_DISC"" : 0,
        ""NM_TYPE_COUPON"" : ""정액"",
        ""NM_MAN_COUPON"" : ""재발행(10월_VVIP생일)_2025"",
        ""DT_STR_EXP"" : ""20251001"",
        ""DT_END_EXP"" : ""20260930"",
        ""AM_DISC"" : 100000
      }, {
        ""RT_DISC"" : 0,
        ""NM_TYPE_COUPON"" : ""정액"",
        ""NM_MAN_COUPON"" : ""202601_SVIP회원_생일쿠폰"",
        ""DT_STR_EXP"" : ""20260101"",
        ""DT_END_EXP"" : ""20261231"",
        ""AM_DISC"" : 100000
      }, {
        ""RT_DISC"" : 0,
        ""NM_TYPE_COUPON"" : ""정액"",
        ""NM_MAN_COUPON"" : ""202601_VVIP회원_생일쿠폰"",
        ""DT_STR_EXP"" : ""20260101"",
        ""DT_END_EXP"" : ""20261231"",
        ""AM_DISC"" : 100000
      }, {
        ""RT_DISC"" : 0,
        ""NM_TYPE_COUPON"" : ""정액"",
        ""NM_MAN_COUPON"" : ""202601_VIP회원_생일쿠폰"",
        ""DT_STR_EXP"" : ""20260101"",
        ""DT_END_EXP"" : ""20261231"",
        ""AM_DISC"" : 50000
      }, {
        ""RT_DISC"" : 0,
        ""NM_TYPE_COUPON"" : ""정액"",
        ""NM_MAN_COUPON"" : ""202601_일반회원_생일쿠폰"",
        ""DT_STR_EXP"" : ""20260101"",
        ""DT_END_EXP"" : ""20261231"",
        ""AM_DISC"" : 30000
      }, {
        ""RT_DISC"" : 0,
        ""NM_TYPE_COUPON"" : ""정액"",
        ""NM_MAN_COUPON"" : ""202601_신규1만원"",
        ""DT_STR_EXP"" : ""20260101"",
        ""DT_END_EXP"" : ""20260630"",
        ""AM_DISC"" : 10000
      }, {
        ""RT_DISC"" : 0,
        ""NM_TYPE_COUPON"" : ""정액"",
        ""NM_MAN_COUPON"" : ""재발행(202601_신규1만원)"",
        ""DT_STR_EXP"" : ""20260101"",
        ""DT_END_EXP"" : ""20260630"",
        ""AM_DISC"" : 10000
      }, {
        ""RT_DISC"" : 0,
        ""NM_TYPE_COUPON"" : ""정액"",
        ""NM_MAN_COUPON"" : ""202508_일반회원_생일쿠폰"",
        ""DT_STR_EXP"" : ""20250801"",
        ""DT_END_EXP"" : ""20260731"",
        ""AM_DISC"" : 30000
      }, {
        ""RT_DISC"" : 0,
        ""NM_TYPE_COUPON"" : ""정액"",
        ""NM_MAN_COUPON"" : ""202508_VIP회원_생일쿠폰"",
        ""DT_STR_EXP"" : ""20250801"",
        ""DT_END_EXP"" : ""20260731"",
        ""AM_DISC"" : 50000
      }, {
        ""RT_DISC"" : 0,
        ""NM_TYPE_COUPON"" : ""정액"",
        ""NM_MAN_COUPON"" : ""202508_VVIP회원_생일쿠폰"",
        ""DT_STR_EXP"" : ""20250801"",
        ""DT_END_EXP"" : ""20260731"",
        ""AM_DISC"" : 100000
      }, {
        ""RT_DISC"" : 0,
        ""NM_TYPE_COUPON"" : ""정액"",
        ""NM_MAN_COUPON"" : ""202508_SVIP회원_생일쿠폰"",
        ""DT_STR_EXP"" : ""20250801"",
        ""DT_END_EXP"" : ""20260731"",
        ""AM_DISC"" : 100000
      }, {
        ""RT_DISC"" : 0,
        ""NM_TYPE_COUPON"" : ""정액"",
        ""NM_MAN_COUPON"" : ""202507_일반회원_생일쿠폰"",
        ""DT_STR_EXP"" : ""20250701"",
        ""DT_END_EXP"" : ""20260630"",
        ""AM_DISC"" : 30000
      }, {
        ""RT_DISC"" : 0,
        ""NM_TYPE_COUPON"" : ""정액"",
        ""NM_MAN_COUPON"" : ""202507_SVIP회원_생일쿠폰"",
        ""DT_STR_EXP"" : ""20250701"",
        ""DT_END_EXP"" : ""20260630"",
        ""AM_DISC"" : 100000
      }, {
        ""RT_DISC"" : 0,
        ""NM_TYPE_COUPON"" : ""정액"",
        ""NM_MAN_COUPON"" : ""202507_VIP회원_생일쿠폰"",
        ""DT_STR_EXP"" : ""20250701"",
        ""DT_END_EXP"" : ""20260630"",
        ""AM_DISC"" : 50000
      }, {
        ""RT_DISC"" : 0,
        ""NM_TYPE_COUPON"" : ""정액"",
        ""NM_MAN_COUPON"" : ""202507_VVIP회원_생일쿠폰"",
        ""DT_STR_EXP"" : ""20250701"",
        ""DT_END_EXP"" : ""20260630"",
        ""AM_DISC"" : 100000
      }, {
        ""RT_DISC"" : 0,
        ""NM_TYPE_COUPON"" : ""정액"",
        ""NM_MAN_COUPON"" : ""재발행(7월_일반생일)_2025"",
        ""DT_STR_EXP"" : ""20250701"",
        ""DT_END_EXP"" : ""20260630"",
        ""AM_DISC"" : 30000
      }, {
        ""RT_DISC"" : 0,
        ""NM_TYPE_COUPON"" : ""정액"",
        ""NM_MAN_COUPON"" : ""202506_SVIP회원_생일쿠폰"",
        ""DT_STR_EXP"" : ""20250601"",
        ""DT_END_EXP"" : ""20260531"",
        ""AM_DISC"" : 100000
      }, {
        ""RT_DISC"" : 0,
        ""NM_TYPE_COUPON"" : ""정액"",
        ""NM_MAN_COUPON"" : ""202506_VVIP회원_생일쿠폰"",
        ""DT_STR_EXP"" : ""20250601"",
        ""DT_END_EXP"" : ""20260531"",
        ""AM_DISC"" : 100000
      }, {
        ""RT_DISC"" : 0,
        ""NM_TYPE_COUPON"" : ""정액"",
        ""NM_MAN_COUPON"" : ""202506_VIP회원_생일쿠폰"",
        ""DT_STR_EXP"" : ""20250601"",
        ""DT_END_EXP"" : ""20260531"",
        ""AM_DISC"" : 50000
      }, {
        ""RT_DISC"" : 0,
        ""NM_TYPE_COUPON"" : ""정액"",
        ""NM_MAN_COUPON"" : ""재발행(6월_일반생일)_2025"",
        ""DT_STR_EXP"" : ""20250601"",
        ""DT_END_EXP"" : ""20260531"",
        ""AM_DISC"" : 30000
      }, {
        ""RT_DISC"" : 0,
        ""NM_TYPE_COUPON"" : ""정액"",
        ""NM_MAN_COUPON"" : ""202506_일반회원_생일쿠폰"",
        ""DT_STR_EXP"" : ""20250601"",
        ""DT_END_EXP"" : ""20260531"",
        ""AM_DISC"" : 30000
      }, {
        ""RT_DISC"" : 0,
        ""NM_TYPE_COUPON"" : ""정액"",
        ""NM_MAN_COUPON"" : ""재발행(11월_일반생일)_2025"",
        ""DT_STR_EXP"" : ""20251101"",
        ""DT_END_EXP"" : ""20261031"",
        ""AM_DISC"" : 30000
      }, {
        ""RT_DISC"" : 0,
        ""NM_TYPE_COUPON"" : ""정액"",
        ""NM_MAN_COUPON"" : ""재발행(11월_VVIP생일)_2025"",
        ""DT_STR_EXP"" : ""20251101"",
        ""DT_END_EXP"" : ""20261031"",
        ""AM_DISC"" : 100000
      }, {
        ""RT_DISC"" : 0,
        ""NM_TYPE_COUPON"" : ""정액"",
        ""NM_MAN_COUPON"" : ""재발행(6월_VVIP생일)_2025"",
        ""DT_STR_EXP"" : ""20250601"",
        ""DT_END_EXP"" : ""20260531"",
        ""AM_DISC"" : 100000
      }, {
        ""RT_DISC"" : 0,
        ""NM_TYPE_COUPON"" : ""정액"",
        ""NM_MAN_COUPON"" : ""202512_일반회원_생일쿠폰"",
        ""DT_STR_EXP"" : ""20251201"",
        ""DT_END_EXP"" : ""20261130"",
        ""AM_DISC"" : 30000
      }, {
        ""RT_DISC"" : 0,
        ""NM_TYPE_COUPON"" : ""정액"",
        ""NM_MAN_COUPON"" : ""202512_SVIP회원_생일쿠폰"",
        ""DT_STR_EXP"" : ""20251201"",
        ""DT_END_EXP"" : ""20261130"",
        ""AM_DISC"" : 100000
      }, {
        ""RT_DISC"" : 0,
        ""NM_TYPE_COUPON"" : ""정액"",
        ""NM_MAN_COUPON"" : ""202512_VVIP회원_생일쿠폰"",
        ""DT_STR_EXP"" : ""20251201"",
        ""DT_END_EXP"" : ""20261130"",
        ""AM_DISC"" : 100000
      }, {
        ""RT_DISC"" : 0,
        ""NM_TYPE_COUPON"" : ""정액"",
        ""NM_MAN_COUPON"" : ""202512_VIP회원_생일쿠폰"",
        ""DT_STR_EXP"" : ""20251201"",
        ""DT_END_EXP"" : ""20261130"",
        ""AM_DISC"" : 50000
      }, {
        ""RT_DISC"" : 0,
        ""NM_TYPE_COUPON"" : ""정액"",
        ""NM_MAN_COUPON"" : ""202512_신규1만원"",
        ""DT_STR_EXP"" : ""20251201"",
        ""DT_END_EXP"" : ""20260531"",
        ""AM_DISC"" : 10000
      }, {
        ""RT_DISC"" : 0,
        ""NM_TYPE_COUPON"" : ""정액"",
        ""NM_MAN_COUPON"" : ""재발행(202512_신규1만원)"",
        ""DT_STR_EXP"" : ""20251201"",
        ""DT_END_EXP"" : ""20260531"",
        ""AM_DISC"" : 10000
      }, {
        ""RT_DISC"" : 0,
        ""NM_TYPE_COUPON"" : ""정액"",
        ""NM_MAN_COUPON"" : ""202511_일반회원_생일쿠폰"",
        ""DT_STR_EXP"" : ""20251101"",
        ""DT_END_EXP"" : ""20261031"",
        ""AM_DISC"" : 30000
      }, {
        ""RT_DISC"" : 0,
        ""NM_TYPE_COUPON"" : ""정액"",
        ""NM_MAN_COUPON"" : ""202511_VIP회원_생일쿠폰"",
        ""DT_STR_EXP"" : ""20251101"",
        ""DT_END_EXP"" : ""20261031"",
        ""AM_DISC"" : 50000
      }, {
        ""RT_DISC"" : 0,
        ""NM_TYPE_COUPON"" : ""정액"",
        ""NM_MAN_COUPON"" : ""202511_VVIP회원_생일쿠폰"",
        ""DT_STR_EXP"" : ""20251101"",
        ""DT_END_EXP"" : ""20261031"",
        ""AM_DISC"" : 100000
      }, {
        ""RT_DISC"" : 0,
        ""NM_TYPE_COUPON"" : ""정액"",
        ""NM_MAN_COUPON"" : ""202511_SVIP회원_생일쿠폰"",
        ""DT_STR_EXP"" : ""20251101"",
        ""DT_END_EXP"" : ""20261031"",
        ""AM_DISC"" : 100000
      }, {
        ""RT_DISC"" : 0,
        ""NM_TYPE_COUPON"" : ""정액"",
        ""NM_MAN_COUPON"" : ""재발행(7월_VIP생일)_2025"",
        ""DT_STR_EXP"" : ""20250701"",
        ""DT_END_EXP"" : ""20260630"",
        ""AM_DISC"" : 50000
      }, {
        ""RT_DISC"" : 0,
        ""NM_TYPE_COUPON"" : ""정액"",
        ""NM_MAN_COUPON"" : ""재발행(9월_일반생일)_2025"",
        ""DT_STR_EXP"" : ""20250901"",
        ""DT_END_EXP"" : ""20260831"",
        ""AM_DISC"" : 30000
      }, {
        ""RT_DISC"" : 0,
        ""NM_TYPE_COUPON"" : ""정액"",
        ""NM_MAN_COUPON"" : ""202510_일반회원_생일쿠폰"",
        ""DT_STR_EXP"" : ""20251001"",
        ""DT_END_EXP"" : ""20260930"",
        ""AM_DISC"" : 30000
      }, {
        ""RT_DISC"" : 0,
        ""NM_TYPE_COUPON"" : ""정액"",
        ""NM_MAN_COUPON"" : ""202510_VIP회원_생일쿠폰"",
        ""DT_STR_EXP"" : ""20251001"",
        ""DT_END_EXP"" : ""20260930"",
        ""AM_DISC"" : 50000
      }, {
        ""RT_DISC"" : 0,
        ""NM_TYPE_COUPON"" : ""정액"",
        ""NM_MAN_COUPON"" : ""202510_VVIP회원_생일쿠폰"",
        ""DT_STR_EXP"" : ""20251001"",
        ""DT_END_EXP"" : ""20260930"",
        ""AM_DISC"" : 100000
      }, {
        ""RT_DISC"" : 0,
        ""NM_TYPE_COUPON"" : ""정액"",
        ""NM_MAN_COUPON"" : ""202510_SVIP회원_생일쿠폰"",
        ""DT_STR_EXP"" : ""20251001"",
        ""DT_END_EXP"" : ""20260930"",
        ""AM_DISC"" : 100000
      }, {
        ""RT_DISC"" : 0,
        ""NM_TYPE_COUPON"" : ""정액"",
        ""NM_MAN_COUPON"" : ""재발행(10월_일반생일)_2025"",
        ""DT_STR_EXP"" : ""20251001"",
        ""DT_END_EXP"" : ""20260930"",
        ""AM_DISC"" : 30000
      }, {
        ""RT_DISC"" : 5,
        ""NM_TYPE_COUPON"" : ""정률"",
        ""NM_MAN_COUPON"" : ""5%할인_VVIP특별바우처5"",
        ""DT_STR_EXP"" : ""20260201"",
        ""DT_END_EXP"" : ""20270131"",
        ""AM_DISC"" : 0
      }, {
        ""RT_DISC"" : 0,
        ""NM_TYPE_COUPON"" : ""정액"",
        ""NM_MAN_COUPON"" : ""202605_SVIP회원_생일쿠폰"",
        ""DT_STR_EXP"" : ""20260501"",
        ""DT_END_EXP"" : ""20270430"",
        ""AM_DISC"" : 100000
      }, {
        ""RT_DISC"" : 0,
        ""NM_TYPE_COUPON"" : ""정액"",
        ""NM_MAN_COUPON"" : ""202605_VVIP회원_생일쿠폰"",
        ""DT_STR_EXP"" : ""20260501"",
        ""DT_END_EXP"" : ""20270430"",
        ""AM_DISC"" : 100000
      }, {
        ""RT_DISC"" : 0,
        ""NM_TYPE_COUPON"" : ""정액"",
        ""NM_MAN_COUPON"" : ""202605_VIP회원_생일쿠폰"",
        ""DT_STR_EXP"" : ""20260501"",
        ""DT_END_EXP"" : ""20270430"",
        ""AM_DISC"" : 50000
      }, {
        ""RT_DISC"" : 0,
        ""NM_TYPE_COUPON"" : ""정액"",
        ""NM_MAN_COUPON"" : ""202605_일반회원_생일쿠폰"",
        ""DT_STR_EXP"" : ""20260501"",
        ""DT_END_EXP"" : ""20270430"",
        ""AM_DISC"" : 30000
      }, {
        ""RT_DISC"" : 0,
        ""NM_TYPE_COUPON"" : ""정액"",
        ""NM_MAN_COUPON"" : ""202605_SVIP회원_수선15만원쿠폰"",
        ""DT_STR_EXP"" : ""20260501"",
        ""DT_END_EXP"" : ""20260531"",
        ""AM_DISC"" : 150000
      }, {
        ""RT_DISC"" : 0,
        ""NM_TYPE_COUPON"" : ""정액"",
        ""NM_MAN_COUPON"" : ""202605_VVIP회원_수선15만원쿠폰"",
        ""DT_STR_EXP"" : ""20260501"",
        ""DT_END_EXP"" : ""20260531"",
        ""AM_DISC"" : 150000
      }, {
        ""RT_DISC"" : 0,
        ""NM_TYPE_COUPON"" : ""정액"",
        ""NM_MAN_COUPON"" : ""202605_VIP회원_수선10만원쿠폰"",
        ""DT_STR_EXP"" : ""20260501"",
        ""DT_END_EXP"" : ""20260531"",
        ""AM_DISC"" : 100000
      }, {
        ""RT_DISC"" : 0,
        ""NM_TYPE_COUPON"" : ""정액"",
        ""NM_MAN_COUPON"" : ""202605_수선3만원쿠폰"",
        ""DT_STR_EXP"" : ""20260501"",
        ""DT_END_EXP"" : ""20260731"",
        ""AM_DISC"" : 30000
      }, {
        ""RT_DISC"" : 0,
        ""NM_TYPE_COUPON"" : ""정액"",
        ""NM_MAN_COUPON"" : ""202605_신규1만원"",
        ""DT_STR_EXP"" : ""20260501"",
        ""DT_END_EXP"" : ""20261031"",
        ""AM_DISC"" : 10000
      }, {
        ""RT_DISC"" : 0,
        ""NM_TYPE_COUPON"" : ""정액"",
        ""NM_MAN_COUPON"" : ""재발행(202605_신규1만원)"",
        ""DT_STR_EXP"" : ""20260501"",
        ""DT_END_EXP"" : ""20261031"",
        ""AM_DISC"" : 10000
      }, {
        ""RT_DISC"" : 0,
        ""NM_TYPE_COUPON"" : ""정액"",
        ""NM_MAN_COUPON"" : ""2026수선3만원쿠폰1_GIP"",
        ""DT_STR_EXP"" : ""20260201"",
        ""DT_END_EXP"" : ""20260731"",
        ""AM_DISC"" : 30000
      }, {
        ""RT_DISC"" : 0,
        ""NM_TYPE_COUPON"" : ""정액"",
        ""NM_MAN_COUPON"" : ""3%할인_VIP특별바우처_특수_송은경님"",
        ""DT_STR_EXP"" : ""20260201"",
        ""DT_END_EXP"" : ""20270131"",
        ""AM_DISC"" : 80400
      }, {
        ""RT_DISC"" : 0,
        ""NM_TYPE_COUPON"" : ""정액"",
        ""NM_MAN_COUPON"" : ""5만원우대권2_하나카드VIP_2026"",
        ""DT_STR_EXP"" : ""20260101"",
        ""DT_END_EXP"" : ""20261231"",
        ""AM_DISC"" : 50000
      }, {
        ""RT_DISC"" : 0,
        ""NM_TYPE_COUPON"" : ""정액"",
        ""NM_MAN_COUPON"" : ""상반기재발행_일반생일_2026"",
        ""DT_STR_EXP"" : ""20260101"",
        ""DT_END_EXP"" : ""20260630"",
        ""AM_DISC"" : 30000
      }, {
        ""RT_DISC"" : 0,
        ""NM_TYPE_COUPON"" : ""정액"",
        ""NM_MAN_COUPON"" : ""재발행(2월_일반생일)_2026"",
        ""DT_STR_EXP"" : ""20260201"",
        ""DT_END_EXP"" : ""20270131"",
        ""AM_DISC"" : 30000
      }, {
        ""RT_DISC"" : 0,
        ""NM_TYPE_COUPON"" : ""정액"",
        ""NM_MAN_COUPON"" : ""2026수선3만원쿠폰1_직원"",
        ""DT_STR_EXP"" : ""20260201"",
        ""DT_END_EXP"" : ""20260731"",
        ""AM_DISC"" : 30000
      }, {
        ""RT_DISC"" : 0,
        ""NM_TYPE_COUPON"" : ""정액"",
        ""NM_MAN_COUPON"" : ""202603_SVIP회원_생일쿠폰"",
        ""DT_STR_EXP"" : ""20260301"",
        ""DT_END_EXP"" : ""20270228"",
        ""AM_DISC"" : 100000
      }, {
        ""RT_DISC"" : 0,
        ""NM_TYPE_COUPON"" : ""정액"",
        ""NM_MAN_COUPON"" : ""202603_VVIP회원_생일쿠폰"",
        ""DT_STR_EXP"" : ""20260301"",
        ""DT_END_EXP"" : ""20270228"",
        ""AM_DISC"" : 100000
      }, {
        ""RT_DISC"" : 0,
        ""NM_TYPE_COUPON"" : ""정액"",
        ""NM_MAN_COUPON"" : ""202603_VIP회원_생일쿠폰"",
        ""DT_STR_EXP"" : ""20260301"",
        ""DT_END_EXP"" : ""20270228"",
        ""AM_DISC"" : 50000
      }, {
        ""RT_DISC"" : 0,
        ""NM_TYPE_COUPON"" : ""정액"",
        ""NM_MAN_COUPON"" : ""202603_신규1만원"",
        ""DT_STR_EXP"" : ""20260301"",
        ""DT_END_EXP"" : ""20260831"",
        ""AM_DISC"" : 10000
      }, {
        ""RT_DISC"" : 0,
        ""NM_TYPE_COUPON"" : ""정액"",
        ""NM_MAN_COUPON"" : ""재발행(202603_신규1만원)"",
        ""DT_STR_EXP"" : ""20260301"",
        ""DT_END_EXP"" : ""20260831"",
        ""AM_DISC"" : 10000
      }, {
        ""RT_DISC"" : 0,
        ""NM_TYPE_COUPON"" : ""정액"",
        ""NM_MAN_COUPON"" : ""202603_일반회원_생일쿠폰"",
        ""DT_STR_EXP"" : ""20260301"",
        ""DT_END_EXP"" : ""20270228"",
        ""AM_DISC"" : 30000
      }, {
        ""RT_DISC"" : 0,
        ""NM_TYPE_COUPON"" : ""정액"",
        ""NM_MAN_COUPON"" : ""재발행(1월_일반생일)_2026"",
        ""DT_STR_EXP"" : ""20260101"",
        ""DT_END_EXP"" : ""20261231"",
        ""AM_DISC"" : 30000
      }, {
        ""RT_DISC"" : 0,
        ""NM_TYPE_COUPON"" : ""정액"",
        ""NM_MAN_COUPON"" : ""2만원우대권_하나카드VIP_2026"",
        ""DT_STR_EXP"" : ""20260101"",
        ""DT_END_EXP"" : ""20261231"",
        ""AM_DISC"" : 20000
      }, {
        ""RT_DISC"" : 0,
        ""NM_TYPE_COUPON"" : ""정액"",
        ""NM_MAN_COUPON"" : ""5만원우대권_하나카드VIP_2026"",
        ""DT_STR_EXP"" : ""20260101"",
        ""DT_END_EXP"" : ""20261231"",
        ""AM_DISC"" : 50000
      }, {
        ""RT_DISC"" : 10,
        ""NM_TYPE_COUPON"" : ""정률"",
        ""NM_MAN_COUPON"" : ""10%할인_SVIP특별바우처1 (2)"",
        ""DT_STR_EXP"" : ""20260201"",
        ""DT_END_EXP"" : ""20270131"",
        ""AM_DISC"" : 0
      }, {
        ""RT_DISC"" : 10,
        ""NM_TYPE_COUPON"" : ""정률"",
        ""NM_MAN_COUPON"" : ""10%할인_SVIP특별바우처2 (2)"",
        ""DT_STR_EXP"" : ""20260201"",
        ""DT_END_EXP"" : ""20270131"",
        ""AM_DISC"" : 0
      }, {
        ""RT_DISC"" : 10,
        ""NM_TYPE_COUPON"" : ""정률"",
        ""NM_MAN_COUPON"" : ""10%할인_SVIP특별바우처3 (2)"",
        ""DT_STR_EXP"" : ""20260201"",
        ""DT_END_EXP"" : ""20270131"",
        ""AM_DISC"" : 0
      }, {
        ""RT_DISC"" : 5,
        ""NM_TYPE_COUPON"" : ""정률"",
        ""NM_MAN_COUPON"" : ""5%할인_VVIP특별바우처1"",
        ""DT_STR_EXP"" : ""20260201"",
        ""DT_END_EXP"" : ""20270131"",
        ""AM_DISC"" : 0
      }, {
        ""RT_DISC"" : 5,
        ""NM_TYPE_COUPON"" : ""정률"",
        ""NM_MAN_COUPON"" : ""5%할인_VVIP특별바우처2"",
        ""DT_STR_EXP"" : ""20260201"",
        ""DT_END_EXP"" : ""20270131"",
        ""AM_DISC"" : 0
      }, {
        ""RT_DISC"" : 5,
        ""NM_TYPE_COUPON"" : ""정률"",
        ""NM_MAN_COUPON"" : ""5%할인_VVIP특별바우처3"",
        ""DT_STR_EXP"" : ""20260201"",
        ""DT_END_EXP"" : ""20270131"",
        ""AM_DISC"" : 0
      }, {
        ""RT_DISC"" : 3,
        ""NM_TYPE_COUPON"" : ""정률"",
        ""NM_MAN_COUPON"" : ""3%할인_VIP특별바우처1"",
        ""DT_STR_EXP"" : ""20260201"",
        ""DT_END_EXP"" : ""20270131"",
        ""AM_DISC"" : 0
      }, {
        ""RT_DISC"" : 3,
        ""NM_TYPE_COUPON"" : ""정률"",
        ""NM_MAN_COUPON"" : ""3%할인_VIP특별바우처2"",
        ""DT_STR_EXP"" : ""20260201"",
        ""DT_END_EXP"" : ""20270131"",
        ""AM_DISC"" : 0
      }, {
        ""RT_DISC"" : 3,
        ""NM_TYPE_COUPON"" : ""정률"",
        ""NM_MAN_COUPON"" : ""3%할인_VIP특별바우처3"",
        ""DT_STR_EXP"" : ""20260201"",
        ""DT_END_EXP"" : ""20270131"",
        ""AM_DISC"" : 0
      }, {
        ""RT_DISC"" : 0,
        ""NM_TYPE_COUPON"" : ""정액"",
        ""NM_MAN_COUPON"" : ""202602_신규1만원"",
        ""DT_STR_EXP"" : ""20260201"",
        ""DT_END_EXP"" : ""20260731"",
        ""AM_DISC"" : 10000
      }, {
        ""RT_DISC"" : 0,
        ""NM_TYPE_COUPON"" : ""정액"",
        ""NM_MAN_COUPON"" : ""재발행(202602_신규1만원)"",
        ""DT_STR_EXP"" : ""20260201"",
        ""DT_END_EXP"" : ""20260731"",
        ""AM_DISC"" : 10000
      }, {
        ""RT_DISC"" : 0,
        ""NM_TYPE_COUPON"" : ""정액"",
        ""NM_MAN_COUPON"" : ""2026_SVIP_승격축하쿠폰"",
        ""DT_STR_EXP"" : ""20260201"",
        ""DT_END_EXP"" : ""20270131"",
        ""AM_DISC"" : 100000
      }, {
        ""RT_DISC"" : 0,
        ""NM_TYPE_COUPON"" : ""정액"",
        ""NM_MAN_COUPON"" : ""2026_VVIP_승격축하쿠폰"",
        ""DT_STR_EXP"" : ""20260201"",
        ""DT_END_EXP"" : ""20270131"",
        ""AM_DISC"" : 50000
      }, {
        ""RT_DISC"" : 0,
        ""NM_TYPE_COUPON"" : ""정액"",
        ""NM_MAN_COUPON"" : ""2026_VIP_승격축하쿠폰"",
        ""DT_STR_EXP"" : ""20260201"",
        ""DT_END_EXP"" : ""20270131"",
        ""AM_DISC"" : 50000
      }, {
        ""RT_DISC"" : 0,
        ""NM_TYPE_COUPON"" : ""정액"",
        ""NM_MAN_COUPON"" : ""202602_수선3만원쿠폰"",
        ""DT_STR_EXP"" : ""20260201"",
        ""DT_END_EXP"" : ""20260731"",
        ""AM_DISC"" : 30000
      }, {
        ""RT_DISC"" : 0,
        ""NM_TYPE_COUPON"" : ""정액"",
        ""NM_MAN_COUPON"" : ""2026수선3만원쿠폰1_직원 (2)"",
        ""DT_STR_EXP"" : ""20260201"",
        ""DT_END_EXP"" : ""20260731"",
        ""AM_DISC"" : 30000
      }, {
        ""RT_DISC"" : 0,
        ""NM_TYPE_COUPON"" : ""정액"",
        ""NM_MAN_COUPON"" : ""202602_SVIP회원_생일쿠폰"",
        ""DT_STR_EXP"" : ""20260201"",
        ""DT_END_EXP"" : ""20270131"",
        ""AM_DISC"" : 100000
      }, {
        ""RT_DISC"" : 0,
        ""NM_TYPE_COUPON"" : ""정액"",
        ""NM_MAN_COUPON"" : ""202602_VVIP회원_생일쿠폰"",
        ""DT_STR_EXP"" : ""20260201"",
        ""DT_END_EXP"" : ""20270131"",
        ""AM_DISC"" : 100000
      }, {
        ""RT_DISC"" : 0,
        ""NM_TYPE_COUPON"" : ""정액"",
        ""NM_MAN_COUPON"" : ""202602_VIP회원_생일쿠폰"",
        ""DT_STR_EXP"" : ""20260201"",
        ""DT_END_EXP"" : ""20270131"",
        ""AM_DISC"" : 50000
      }, {
        ""RT_DISC"" : 0,
        ""NM_TYPE_COUPON"" : ""정액"",
        ""NM_MAN_COUPON"" : ""202602_일반회원_생일쿠폰"",
        ""DT_STR_EXP"" : ""20260201"",
        ""DT_END_EXP"" : ""20270131"",
        ""AM_DISC"" : 30000
      }, {
        ""RT_DISC"" : 0,
        ""NM_TYPE_COUPON"" : ""정액"",
        ""NM_MAN_COUPON"" : ""재발행(2026_VIP_승격축하쿠폰)"",
        ""DT_STR_EXP"" : ""20260201"",
        ""DT_END_EXP"" : ""20270131"",
        ""AM_DISC"" : 50000
      }, {
        ""RT_DISC"" : 0,
        ""NM_TYPE_COUPON"" : ""정액"",
        ""NM_MAN_COUPON"" : ""202603_수선3만원쿠폰"",
        ""DT_STR_EXP"" : ""20260301"",
        ""DT_END_EXP"" : ""20260731"",
        ""AM_DISC"" : 30000
      }, {
        ""RT_DISC"" : 3,
        ""NM_TYPE_COUPON"" : ""정률"",
        ""NM_MAN_COUPON"" : ""3%할인_VIP특별바우처4"",
        ""DT_STR_EXP"" : ""20260201"",
        ""DT_END_EXP"" : ""20270131"",
        ""AM_DISC"" : 0
      }, {
        ""RT_DISC"" : 10,
        ""NM_TYPE_COUPON"" : ""정률"",
        ""NM_MAN_COUPON"" : ""10%할인_SVIP특별바우처4 (2)"",
        ""DT_STR_EXP"" : ""20260201"",
        ""DT_END_EXP"" : ""20270131"",
        ""AM_DISC"" : 0
      }, {
        ""RT_DISC"" : 0,
        ""NM_TYPE_COUPON"" : ""정액"",
        ""NM_MAN_COUPON"" : ""상반기재발행_VVIP생일쿠폰_2026"",
        ""DT_STR_EXP"" : ""20260101"",
        ""DT_END_EXP"" : ""20260630"",
        ""AM_DISC"" : 100000
      }, {
        ""RT_DISC"" : 0,
        ""NM_TYPE_COUPON"" : ""정액"",
        ""NM_MAN_COUPON"" : ""재발행(8월_VIP생일)_2025"",
        ""DT_STR_EXP"" : ""20250801"",
        ""DT_END_EXP"" : ""20260731"",
        ""AM_DISC"" : 50000
      }, {
        ""RT_DISC"" : 10,
        ""NM_TYPE_COUPON"" : ""정률"",
        ""NM_MAN_COUPON"" : ""10%할인_SVIP특별바우처5 (2)"",
        ""DT_STR_EXP"" : ""20260201"",
        ""DT_END_EXP"" : ""20270131"",
        ""AM_DISC"" : 0
      }, {
        ""RT_DISC"" : 10,
        ""NM_TYPE_COUPON"" : ""정률"",
        ""NM_MAN_COUPON"" : ""10%할인_SVIP특별바우처6 (2)"",
        ""DT_STR_EXP"" : ""20260201"",
        ""DT_END_EXP"" : ""20270131"",
        ""AM_DISC"" : 0
      }, {
        ""RT_DISC"" : 10,
        ""NM_TYPE_COUPON"" : ""정률"",
        ""NM_MAN_COUPON"" : ""10%할인_SVIP특별바우처7 (2)"",
        ""DT_STR_EXP"" : ""20260201"",
        ""DT_END_EXP"" : ""20270131"",
        ""AM_DISC"" : 0
      }, {
        ""RT_DISC"" : 10,
        ""NM_TYPE_COUPON"" : ""정률"",
        ""NM_MAN_COUPON"" : ""10%할인_SVIP특별바우처8 (3)"",
        ""DT_STR_EXP"" : ""20260201"",
        ""DT_END_EXP"" : ""20270131"",
        ""AM_DISC"" : 0
      }, {
        ""RT_DISC"" : 3,
        ""NM_TYPE_COUPON"" : ""정률"",
        ""NM_MAN_COUPON"" : ""3%할인_VIP특별바우처5"",
        ""DT_STR_EXP"" : ""20260201"",
        ""DT_END_EXP"" : ""20270131"",
        ""AM_DISC"" : 0
      }, {
        ""RT_DISC"" : 3,
        ""NM_TYPE_COUPON"" : ""정률"",
        ""NM_MAN_COUPON"" : ""3%할인_VIP특별바우처6"",
        ""DT_STR_EXP"" : ""20260201"",
        ""DT_END_EXP"" : ""20270131"",
        ""AM_DISC"" : 0
      }, {
        ""RT_DISC"" : 5,
        ""NM_TYPE_COUPON"" : ""정률"",
        ""NM_MAN_COUPON"" : ""5%할인_VVIP특별바우처4"",
        ""DT_STR_EXP"" : ""20260201"",
        ""DT_END_EXP"" : ""20270131"",
        ""AM_DISC"" : 0
      }, {
        ""RT_DISC"" : 0,
        ""NM_TYPE_COUPON"" : ""정액"",
        ""NM_MAN_COUPON"" : ""재발행(3월_일반생일)_2026"",
        ""DT_STR_EXP"" : ""20260301"",
        ""DT_END_EXP"" : ""20270228"",
        ""AM_DISC"" : 30000
      }, {
        ""RT_DISC"" : 0,
        ""NM_TYPE_COUPON"" : ""정액"",
        ""NM_MAN_COUPON"" : ""202604_일반회원_생일쿠폰"",
        ""DT_STR_EXP"" : ""20260401"",
        ""DT_END_EXP"" : ""20270331"",
        ""AM_DISC"" : 30000
      }, {
        ""RT_DISC"" : 0,
        ""NM_TYPE_COUPON"" : ""정액"",
        ""NM_MAN_COUPON"" : ""202604_SVIP회원_생일쿠폰"",
        ""DT_STR_EXP"" : ""20260401"",
        ""DT_END_EXP"" : ""20270331"",
        ""AM_DISC"" : 100000
      }, {
        ""RT_DISC"" : 0,
        ""NM_TYPE_COUPON"" : ""정액"",
        ""NM_MAN_COUPON"" : ""202604_VVIP회원_생일쿠폰"",
        ""DT_STR_EXP"" : ""20260401"",
        ""DT_END_EXP"" : ""20270331"",
        ""AM_DISC"" : 100000
      }, {
        ""RT_DISC"" : 0,
        ""NM_TYPE_COUPON"" : ""정액"",
        ""NM_MAN_COUPON"" : ""202604_VIP회원_생일쿠폰"",
        ""DT_STR_EXP"" : ""20260401"",
        ""DT_END_EXP"" : ""20270331"",
        ""AM_DISC"" : 50000
      }, {
        ""RT_DISC"" : 0,
        ""NM_TYPE_COUPON"" : ""정액"",
        ""NM_MAN_COUPON"" : ""202604_신규1만원"",
        ""DT_STR_EXP"" : ""20260401"",
        ""DT_END_EXP"" : ""20260930"",
        ""AM_DISC"" : 10000
      }, {
        ""RT_DISC"" : 0,
        ""NM_TYPE_COUPON"" : ""정액"",
        ""NM_MAN_COUPON"" : ""202604_수선3만원쿠폰"",
        ""DT_STR_EXP"" : ""20260401"",
        ""DT_END_EXP"" : ""20260731"",
        ""AM_DISC"" : 30000
      }, {
        ""RT_DISC"" : 0,
        ""NM_TYPE_COUPON"" : ""정액"",
        ""NM_MAN_COUPON"" : ""재발행(202604_신규1만원)"",
        ""DT_STR_EXP"" : ""20260401"",
        ""DT_END_EXP"" : ""20260930"",
        ""AM_DISC"" : 10000
      }, {
        ""RT_DISC"" : 0,
        ""NM_TYPE_COUPON"" : ""정액"",
        ""NM_MAN_COUPON"" : ""재발행(4월_일반생일)_2026"",
        ""DT_STR_EXP"" : ""20260401"",
        ""DT_END_EXP"" : ""20270331"",
        ""AM_DISC"" : 30000
      }, {
        ""RT_DISC"" : 0,
        ""NM_TYPE_COUPON"" : ""정액"",
        ""NM_MAN_COUPON"" : ""[TEST] 쿠폰_정액_5만원"",
        ""DT_STR_EXP"" : ""20260430"",
        ""DT_END_EXP"" : ""20260531"",
        ""AM_DISC"" : 30000
      }, {
        ""RT_DISC"" : 0,
        ""NM_TYPE_COUPON"" : ""정액"",
        ""NM_MAN_COUPON"" : ""[TEST] VIP_수선쿠폰"",
        ""DT_STR_EXP"" : ""20260501"",
        ""DT_END_EXP"" : ""20260531"",
        ""AM_DISC"" : 30000
      }, {
        ""RT_DISC"" : 10,
        ""NM_TYPE_COUPON"" : ""정률"",
        ""NM_MAN_COUPON"" : ""[TEST] 정률_10%"",
        ""DT_STR_EXP"" : ""20260501"",
        ""DT_END_EXP"" : ""20260531"",
        ""AM_DISC"" : 0
      }, {
        ""RT_DISC"" : 0,
        ""NM_TYPE_COUPON"" : ""정액"",
        ""NM_MAN_COUPON"" : ""[TEST] 정액_3만원"",
        ""DT_STR_EXP"" : ""20260501"",
        ""DT_END_EXP"" : ""20260531"",
        ""AM_DISC"" : 30000
      }, {
        ""RT_DISC"" : 0,
        ""NM_TYPE_COUPON"" : ""정액"",
        ""NM_MAN_COUPON"" : ""[TEST] 정액_5만원"",
        ""DT_STR_EXP"" : ""20260501"",
        ""DT_END_EXP"" : ""20260531"",
        ""AM_DISC"" : 50000
      }, {
        ""RT_DISC"" : 0,
        ""NM_TYPE_COUPON"" : ""정액"",
        ""NM_MAN_COUPON"" : ""[TEST] 신규_1만원"",
        ""DT_STR_EXP"" : ""20260501"",
        ""DT_END_EXP"" : ""20260531"",
        ""AM_DISC"" : 10000
      }, {
        ""RT_DISC"" : 0,
        ""NM_TYPE_COUPON"" : ""정액"",
        ""NM_MAN_COUPON"" : ""[TEST] 조회용_쿠폰_UPDATED"",
        ""DT_STR_EXP"" : ""20260502"",
        ""DT_END_EXP"" : ""20260630"",
        ""AM_DISC"" : 20000
      }, {
        ""RT_DISC"" : 0,
        ""NM_TYPE_COUPON"" : ""정액"",
        ""NM_MAN_COUPON"" : ""[TEST] 테스트 쿠폰 수정하지마세용"",
        ""DT_STR_EXP"" : ""20260501"",
        ""DT_END_EXP"" : ""20260530"",
        ""AM_DISC"" : 20000
      }, {
        ""RT_DISC"" : 10,
        ""NM_TYPE_COUPON"" : ""정률"",
        ""NM_MAN_COUPON"" : ""[TEST] VVIP_무제한정률"",
        ""DT_STR_EXP"" : ""20260502"",
        ""DT_END_EXP"" : ""20260531"",
        ""AM_DISC"" : 0
      }, {
        ""RT_DISC"" : 0,
        ""NM_TYPE_COUPON"" : ""정액"",
        ""NM_MAN_COUPON"" : ""[TEST] VVIP 생일쿠폰"",
        ""DT_STR_EXP"" : ""20260201"",
        ""DT_END_EXP"" : ""20260531"",
        ""AM_DISC"" : 100000
      }, {
        ""RT_DISC"" : 0,
        ""NM_TYPE_COUPON"" : ""정액"",
        ""NM_MAN_COUPON"" : ""[TEST] 신규가입쿠폰_아울렛"",
        ""DT_STR_EXP"" : ""20260501"",
        ""DT_END_EXP"" : ""20280501"",
        ""AM_DISC"" : 10000
      }, {
        ""RT_DISC"" : 3,
        ""NM_TYPE_COUPON"" : ""정률"",
        ""NM_MAN_COUPON"" : ""[TEST]_정률3%쿠폰"",
        ""DT_STR_EXP"" : ""20260503"",
        ""DT_END_EXP"" : """",
        ""AM_DISC"" : 0
      }, {
        ""RT_DISC"" : 0,
        ""NM_TYPE_COUPON"" : ""정액"",
        ""NM_MAN_COUPON"" : ""[TEST]_GIP 생일쿠폰"",
        ""DT_STR_EXP"" : ""20260503"",
        ""DT_END_EXP"" : """",
        ""AM_DISC"" : 30000
      }, {
        ""RT_DISC"" : 3,
        ""NM_TYPE_COUPON"" : ""정률"",
        ""NM_MAN_COUPON"" : ""[TEST] 신규가입쿠폰_백화점"",
        ""DT_STR_EXP"" : ""20260501"",
        ""DT_END_EXP"" : ""20280531"",
        ""AM_DISC"" : 0
      }, {
        ""RT_DISC"" : 5,
        ""NM_TYPE_COUPON"" : ""정률"",
        ""NM_MAN_COUPON"" : ""[TEST] VVIP_5%"",
        ""DT_STR_EXP"" : ""20260504"",
        ""DT_END_EXP"" : ""20260531"",
        ""AM_DISC"" : 0
      }, {
        ""RT_DISC"" : 0,
        ""NM_TYPE_COUPON"" : ""정액"",
        ""NM_MAN_COUPON"" : ""[TEST] SVIP_생일쿠폰"",
        ""DT_STR_EXP"" : ""20260504"",
        ""DT_END_EXP"" : ""20260531"",
        ""AM_DISC"" : 100000
      }, {
        ""RT_DISC"" : 0,
        ""NM_TYPE_COUPON"" : ""정액"",
        ""NM_MAN_COUPON"" : ""밀버스테스트_3만원"",
        ""DT_STR_EXP"" : ""20260201"",
        ""DT_END_EXP"" : ""20261231"",
        ""AM_DISC"" : 30000
      }, {
        ""RT_DISC"" : 0,
        ""NM_TYPE_COUPON"" : ""정액"",
        ""NM_MAN_COUPON"" : ""[TEST]_VVIP 수선쿠폰"",
        ""DT_STR_EXP"" : ""20260508"",
        ""DT_END_EXP"" : ""20260531"",
        ""AM_DISC"" : 100000
      }, {
        ""RT_DISC"" : 3,
        ""NM_TYPE_COUPON"" : ""정률"",
        ""NM_MAN_COUPON"" : ""142000000679_정률테스트"",
        ""DT_STR_EXP"" : ""20260501"",
        ""DT_END_EXP"" : ""20260531"",
        ""AM_DISC"" : 0
      }, {
        ""RT_DISC"" : 0,
        ""NM_TYPE_COUPON"" : ""정액"",
        ""NM_MAN_COUPON"" : ""[TEST]_SVIP수선쿠폰"",
        ""DT_STR_EXP"" : ""20260509"",
        ""DT_END_EXP"" : ""20260531"",
        ""AM_DISC"" : 150000
      }, {
        ""RT_DISC"" : 0,
        ""NM_TYPE_COUPON"" : ""정액"",
        ""NM_MAN_COUPON"" : ""[TEST] 10만원"",
        ""DT_STR_EXP"" : ""20260509"",
        ""DT_END_EXP"" : ""20260531"",
        ""AM_DISC"" : 100000
      }, {
        ""RT_DISC"" : 5,
        ""NM_TYPE_COUPON"" : ""정률"",
        ""NM_MAN_COUPON"" : ""[TEST]_5%할인쿠폰"",
        ""DT_STR_EXP"" : ""20260509"",
        ""DT_END_EXP"" : ""20260531"",
        ""AM_DISC"" : 0
      } ]
    }
  },
  ""code"" : 200
}"
a12JO000000Mm2nYAC,2026-05-11T00:58:16.000+0000,OrderTrigger,,,
a12JO000000Mm2oYAC,2026-05-11T00:58:17.000+0000,OrderTriggerHandler,,,
a12JO000000Mm2pYAC,2026-05-11T00:58:17.000+0000,OrderTrigger,,,
a12JO000000Mm2qYAC,2026-05-11T00:58:17.000+0000,GdSaleApiControllerV1,/gd/v1/sale,"{""AccountId"":""1000"",""StoreCode__c"":""99998"",""MemberNo__c"":""269999800203"",""SaleNo__c"":""SAL202605110002"",""ActualPaymentAmount__c"":500000.0,""EndDate"":""20260511"",""SaleStatus__c"":""01"",""PromotionNo__c"":""PRO202604161041"",""OrderItem"":[{""SaleSeqNo__c"":""1"",""OrderNo__c"":null,""ProductCode"":""2A2600001"",""Quantity"":1,""isExclude"":false,""NetSalesUnitPrice__c"":500000.0000,""DiscountRate__c"":0.0000}],""TransactionJournal"":[{""DepositNo__c"":""DEP202605110004"",""DeposiSeqNo__c"":""1"",""ActivityDate"":""20260511"",""PaymentMethod"":""01"",""DepositType__c"":""02"",""TransactionAmount"":500000.0000,""CouponNo"":"""",""OrderNo__c"":null}]}","{
  ""success"" : true,
  ""message"" : ""판매 등록 완료"",
  ""data"" : {
    ""CreditPointList"" : [ {
      ""TX_REMARK"" : ""구매포인트|11cJO000001BAZlYAO|1.00"",
      ""PT_TARGET"" : 5000.0000,
      ""NO_SAL"" : null,
      ""NO_PROM_MBR"" : ""PRO202604161041"",
      ""NO_MBR"" : ""269999800203"",
      ""NO_GRADE_ADVAN"" : ""01"",
      ""ID_INSERT"" : null,
      ""DTS_INSERT"" : ""2026-05-11 09:58:16"",
      ""DT_SAVE_PLAN"" : null,
      ""DT_LIMIT_START"" : ""2026-05-11 09:00:00"",
      ""DT_LIMIT_END"" : ""2028-05-11"",
      ""DT_DESTROY_PLAN"" : ""2028-05-12"",
      ""CD_TYPE_SAVE"" : ""Credit"",
      ""CD_TYPE_POINT"" : ""01"",
      ""CD_JOURNAL"" : ""05wJO0000004UcDYAU"",
      ""AM_SAL"" : 500000.0
    }, {
      ""TX_REMARK"" : ""사은포인트|11cJO000001BAY9YAO|3.00"",
      ""PT_TARGET"" : 15000.0000,
      ""NO_SAL"" : null,
      ""NO_PROM_MBR"" : ""PRO202604161041"",
      ""NO_MBR"" : ""269999800203"",
      ""NO_GRADE_ADVAN"" : ""01"",
      ""ID_INSERT"" : null,
      ""DTS_INSERT"" : ""2026-05-11 09:58:16"",
      ""DT_SAVE_PLAN"" : null,
      ""DT_LIMIT_START"" : ""2026-05-11 09:00:00"",
      ""DT_LIMIT_END"" : ""2028-05-11"",
      ""DT_DESTROY_PLAN"" : ""2028-05-12"",
      ""CD_TYPE_SAVE"" : ""Credit"",
      ""CD_TYPE_POINT"" : ""01"",
      ""CD_JOURNAL"" : ""05wJO0000004UcEYAU"",
      ""AM_SAL"" : 500000.0
    } ],
    ""oiList"" : [ {
      ""attributes"" : {
        ""type"" : ""OrderItem"",
        ""url"" : ""/services/data/v67.0/sobjects/OrderItem/802JO0000054WHKYA2""
      },
      ""OrderId"" : ""801JO00000IC8AwYAL"",
      ""PricebookEntryId"" : ""01uJO000001R0w4YAC"",
      ""Quantity"" : 1,
      ""UnitPrice"" : 500000,
      ""SaleSeqNo__c"" : ""1"",
      ""SaleItemNo__c"" : ""801JO00000IC8AwYAL-1"",
      ""IsExclude__c"" : false,
      ""NetSalesUnitPrice__c"" : 500000.0000,
      ""DiscountRate__c"" : 0.0000,
      ""Id"" : ""802JO0000054WHKYA2""
    } ],
    ""storeType"" : ""09"",
    ""storeTypeFour"" : ""NULL"",
    ""orderId"" : ""801JO00000IC8AwYAL"",
    ""TransactionJournal"" : [ {
      ""OrderNo__c"" : null,
      ""CouponNo"" : """",
      ""TransactionAmount"" : 500000.0000,
      ""DepositType__c"" : ""02"",
      ""PaymentMethod"" : ""01"",
      ""ActivityDate"" : ""20260511"",
      ""DeposiSeqNo__c"" : ""1"",
      ""DepositNo__c"" : ""DEP202605110004""
    } ],
    ""OrderItem"" : [ {
      ""DiscountRate__c"" : 0.0000,
      ""NetSalesUnitPrice__c"" : 500000.0000,
      ""isExclude"" : false,
      ""Quantity"" : 1,
      ""ProductCode"" : ""2A2600001"",
      ""OrderNo__c"" : null,
      ""SaleSeqNo__c"" : ""1""
    } ],
    ""PromotionNo__c"" : ""PRO202604161041"",
    ""SaleStatus__c"" : ""01"",
    ""EndDate"" : ""20260511"",
    ""ActualPaymentAmount__c"" : 500000.0,
    ""SaleNo__c"" : ""SAL202605110002"",
    ""MemberNo__c"" : ""269999800203"",
    ""StoreCode__c"" : ""99998"",
    ""AccountId"" : ""1000""
  },
  ""code"" : 200
}"
