Id,CreatedDate,ApexClass__c,RequestUrl__c,RequestBody__c,ResponseBody__c
a12JO000000Mdp7YAC,2026-05-10T09:00:03.000+0000,GdSaleApiControllerV1,/gd/v1/sale,"{
    ""AccountId"": ""1000"",
    ""StoreCode__c"": ""99998"",
    ""MemberNo__c"": ""TEST02005"",
    ""SaleNo__c"": ""SAL02101"",
    ""ActualPaymentAmount__c"": 10000000.0,
    ""EndDate"": ""20260510"",
    ""SaleStatus__c"": ""01"",
    ""PromotionNo__c"": ""PRO202604161041"",
    ""OrderItem"": [
        {
            ""SaleSeqNo__c"": ""1"",
            ""OrderNo__c"": null,
            ""ProductCode"": ""2A2600001"",
            ""Quantity"": 20,
            ""isExclude"": false,
            ""NetSalesUnitPrice__c"": 500000.0000,
            ""DiscountRate__c"": 0.0000
        }
        
        
        
        
        
        
        
        
        
        
    ],
    ""TransactionJournal"": [
        
        
        
        
        
        
        
        
        
        
        {
            ""DepositNo__c"": ""DEP02100"",
            ""DeposiSeqNo__c"": ""1"",
            ""ActivityDate"": ""20260510"",
            ""PaymentMethod"": ""01"",
            ""DepositType__c"": ""02"",
            ""TransactionAmount"": 10000000.0000,
            ""CouponNo"": """",
            ""OrderNo__c"": null
        }
        
        
        
        
        
        
        
        
        
        
        
        
        
        
        
        
        
        
        
        
        
        
    ]
}","{
  ""success"" : false,
  ""message"" : ""SaleNo__c already exists."",
  ""code"" : 400
}"
a12JO000000MdqkYAC,2026-05-10T09:00:14.000+0000,GdSaleApiControllerV1,/gd/v1/sale,"{
    ""AccountId"": ""1000"",
    ""StoreCode__c"": ""99998"",
    ""MemberNo__c"": ""TEST02005"",
    ""SaleNo__c"": ""SAL02V001"",
    ""ActualPaymentAmount__c"": 10000000.0,
    ""EndDate"": ""20260510"",
    ""SaleStatus__c"": ""01"",
    ""PromotionNo__c"": ""PRO202604161041"",
    ""OrderItem"": [
        {
            ""SaleSeqNo__c"": ""1"",
            ""OrderNo__c"": null,
            ""ProductCode"": ""2A2600001"",
            ""Quantity"": 20,
            ""isExclude"": false,
            ""NetSalesUnitPrice__c"": 500000.0000,
            ""DiscountRate__c"": 0.0000
        }
        
        
        
        
        
        
        
        
        
        
    ],
    ""TransactionJournal"": [
        
        
        
        
        
        
        
        
        
        
        {
            ""DepositNo__c"": ""DEP02100"",
            ""DeposiSeqNo__c"": ""1"",
            ""ActivityDate"": ""20260510"",
            ""PaymentMethod"": ""01"",
            ""DepositType__c"": ""02"",
            ""TransactionAmount"": 10000000.0000,
            ""CouponNo"": """",
            ""OrderNo__c"": null
        }
        
        
        
        
        
        
        
        
        
        
        
        
        
        
        
        
        
        
        
        
        
        
    ]
}","{
  ""success"" : false,
  ""message"" : ""Insert failed. First exception on row 0; first error: DUPLICATE_VALUE, 중복 값 발견: DepositNo__c이(가) ID가 다음과 같은 레코드의 값과 중복됩니다. 0lVJO000000CFkc2AG: []"",
  ""code"" : 500
}"
a12JO000000Mdu0YAC,2026-05-10T09:00:27.000+0000,GdSaleApiControllerV1,/gd/v1/sale,"{
    ""AccountId"": ""1000"",
    ""StoreCode__c"": ""99998"",
    ""MemberNo__c"": ""TEST02005"",
    ""SaleNo__c"": ""SAL02V001"",
    ""ActualPaymentAmount__c"": 10000000.0,
    ""EndDate"": ""20260510"",
    ""SaleStatus__c"": ""01"",
    ""PromotionNo__c"": ""PRO202604161041"",
    ""OrderItem"": [
        {
            ""SaleSeqNo__c"": ""1"",
            ""OrderNo__c"": null,
            ""ProductCode"": ""2A2600001"",
            ""Quantity"": 20,
            ""isExclude"": false,
            ""NetSalesUnitPrice__c"": 500000.0000,
            ""DiscountRate__c"": 0.0000
        }
        
        
        
        
        
        
        
        
        
        
    ],
    ""TransactionJournal"": [
        
        
        
        
        
        
        
        
        
        
        {
            ""DepositNo__c"": ""DEP02V001"",
            ""DeposiSeqNo__c"": ""1"",
            ""ActivityDate"": ""20260510"",
            ""PaymentMethod"": ""01"",
            ""DepositType__c"": ""02"",
            ""TransactionAmount"": 10000000.0000,
            ""CouponNo"": """",
            ""OrderNo__c"": null
        }
        
        
        
        
        
        
        
        
        
        
        
        
        
        
        
        
        
        
        
        
        
        
    ]
}","{
  ""success"" : true,
  ""message"" : ""판매 등록 완료"",
  ""data"" : {
    ""CreditPointList"" : [ {
      ""TX_REMARK"" : ""구매포인트|11cJO000001BAZlYAO|2.00"",
      ""PT_TARGET"" : 200000.0000,
      ""NO_SAL"" : null,
      ""NO_PROM_MBR"" : ""PRO202604161041"",
      ""NO_MBR"" : ""TEST02005"",
      ""NO_GRADE_ADVAN"" : ""03"",
      ""ID_INSERT"" : null,
      ""DTS_INSERT"" : ""2026-05-10 18:00:26"",
      ""DT_SAVE_PLAN"" : null,
      ""DT_LIMIT_START"" : ""2026-05-10 09:00:00"",
      ""DT_LIMIT_END"" : ""2028-05-10"",
      ""DT_DESTROY_PLAN"" : ""2028-05-11"",
      ""CD_TYPE_SAVE"" : ""Credit"",
      ""CD_TYPE_POINT"" : ""01"",
      ""CD_JOURNAL"" : ""05wJO0000004PxVYAU"",
      ""AM_SAL"" : 10000000.0
    }, {
      ""TX_REMARK"" : ""사은포인트|11cJO000001BAY9YAO|3.00"",
      ""PT_TARGET"" : 300000.0000,
      ""NO_SAL"" : null,
      ""NO_PROM_MBR"" : ""PRO202604161041"",
      ""NO_MBR"" : ""TEST02005"",
      ""NO_GRADE_ADVAN"" : ""03"",
      ""ID_INSERT"" : null,
      ""DTS_INSERT"" : ""2026-05-10 18:00:26"",
      ""DT_SAVE_PLAN"" : null,
      ""DT_LIMIT_START"" : ""2026-05-10 09:00:00"",
      ""DT_LIMIT_END"" : ""2028-05-10"",
      ""DT_DESTROY_PLAN"" : ""2028-05-11"",
      ""CD_TYPE_SAVE"" : ""Credit"",
      ""CD_TYPE_POINT"" : ""01"",
      ""CD_JOURNAL"" : ""05wJO0000004PxWYAU"",
      ""AM_SAL"" : 10000000.0
    } ],
    ""oiList"" : [ {
      ""attributes"" : {
        ""type"" : ""OrderItem"",
        ""url"" : ""/services/data/v67.0/sobjects/OrderItem/802JO00000546APYAY""
      },
      ""OrderId"" : ""801JO00000IBafRYAT"",
      ""PricebookEntryId"" : ""01uJO000001R0w4YAC"",
      ""Quantity"" : 20,
      ""UnitPrice"" : 500000,
      ""SaleSeqNo__c"" : ""1"",
      ""SaleItemNo__c"" : ""801JO00000IBafRYAT-1"",
      ""IsExclude__c"" : false,
      ""NetSalesUnitPrice__c"" : 500000.0000,
      ""DiscountRate__c"" : 0.0000,
      ""Id"" : ""802JO00000546APYAY""
    } ],
    ""storeType"" : ""09"",
    ""storeTypeFour"" : ""NULL"",
    ""orderId"" : ""801JO00000IBafRYAT"",
    ""TransactionJournal"" : [ {
      ""OrderNo__c"" : null,
      ""CouponNo"" : """",
      ""TransactionAmount"" : 10000000.0000,
      ""DepositType__c"" : ""02"",
      ""PaymentMethod"" : ""01"",
      ""ActivityDate"" : ""20260510"",
      ""DeposiSeqNo__c"" : ""1"",
      ""DepositNo__c"" : ""DEP02V001""
    } ],
    ""OrderItem"" : [ {
      ""DiscountRate__c"" : 0.0000,
      ""NetSalesUnitPrice__c"" : 500000.0000,
      ""isExclude"" : false,
      ""Quantity"" : 20,
      ""ProductCode"" : ""2A2600001"",
      ""OrderNo__c"" : null,
      ""SaleSeqNo__c"" : ""1""
    } ],
    ""PromotionNo__c"" : ""PRO202604161041"",
    ""SaleStatus__c"" : ""01"",
    ""EndDate"" : ""20260510"",
    ""ActualPaymentAmount__c"" : 10000000.0,
    ""SaleNo__c"" : ""SAL02V001"",
    ""MemberNo__c"" : ""TEST02005"",
    ""StoreCode__c"" : ""99998"",
    ""AccountId"" : ""1000""
  },
  ""code"" : 200
}"
a12JO000000MdvZYAS,2026-05-10T09:00:46.000+0000,GdVoucherHelpApiControllerV1,/gd/v1/voucher/help,"{
    ""StoreCode__c"": ""99998"",
    ""MemberNo__c"": ""TEST01100"",
    ""ActualPaymentAmount__c"": 1000000.00000000,
    ""OrderStatus__c"": null,
    ""Type"": ""01"",
    ""PromotionNo__c"": ""PRO202604161041"",
    ""OrderItem"": [
        {
            ""OrderSeqNo__c"": null,
            ""Status__c"": null,
            ""ProductCode"": ""2A2600001"",
            ""Quantity"": 1,
            ""isExclude"": null,
            ""NetSalesUnitPrice__c"": 0.0,
            ""DiscountRate__c"": 0.0
        },
        {
            ""OrderSeqNo__c"": null,
            ""Status__c"": null,
            ""ProductCode"": ""3A2600005"",
            ""Quantity"": 1,
            ""isExclude"": null,
            ""NetSalesUnitPrice__c"": 0.0,
            ""DiscountRate__c"": 0.0
        }
    ],
    ""TransactionJournal"": null
}","{
  ""success"" : true,
  ""message"" : ""사용 가능한 쿠폰 조회 성공"",
  ""data"" : {
    ""voucherList"" : [ {
      ""TX_COUPON"" : """",
      ""RT_DISC"" : 3,
      ""NO_MAN_COUPON"" : ""COP2026MY0017"",
      ""NO_COUPON"" : ""TEYT578N"",
      ""NM_RESPON"" : ""밀버스"",
      ""NM_DEPT"" : ""밀버스"",
      ""NM_COUPON"" : ""[TEST] 신규가입쿠폰_백화점"",
      ""ID_INSERT"" : ""milvus"",
      ""DTS_INSERT"" : ""20260510175558"",
      ""DT_USE"" : """",
      ""DT_STR_EXP"" : ""20260501"",
      ""DT_ISSUE"" : ""20260510"",
      ""DT_END_EXP"" : ""20280531"",
      ""DS_MON_EXP"" : 0,
      ""CD_TYPE_DAY_EXP"" : ""02"",
      ""CD_TYPE_COUPON"" : ""03"",
      ""CD_STAT_COUPON"" : ""02"",
      ""CD_BRAND"" : ""01"",
      ""AM_DISC"" : 0
    } ]
  },
  ""code"" : 200
}"
a12JO000000Me0SYAS,2026-05-10T09:02:50.000+0000,GdSaleApiControllerV1,/gd/v1/sale,"{
    ""AccountId"": ""1000"",
    ""StoreCode__c"": ""99998"",
    ""MemberNo__c"": ""TEST01100"",
    ""SaleNo__c"": ""SAL01V001"",
    ""ActualPaymentAmount__c"": 500000.0,
    ""EndDate"": ""20260508"",
    ""SaleStatus__c"": ""01"",
    ""PromotionNo__c"": ""PRO202604161041"",
    ""OrderItem"": [
        {
            ""SaleSeqNo__c"": ""1"",
            ""OrderNo__c"": ""SOR01V002"",
            ""ProductCode"": ""2A2600001"",
            ""Quantity"": 1,
            ""isExclude"": false,
            ""NetSalesUnitPrice__c"": 500000.0000,
            ""DiscountRate__c"": 0.0000
        }
    ],
    ""TransactionJournal"": [
        {
            ""DepositNo__c"": ""DEP01V002"",
            ""DeposiSeqNo__c"": ""1"",
            ""ActivityDate"": ""20260508"",
            ""PaymentMethod"": ""01"",
            ""DepositType__c"": ""01"",
            ""TransactionAmount"": 100000.0000,
            ""CouponNo"": """",
            ""OrderNo__c"": ""SOR01V002""
        },
        {
            ""DepositNo__c"": ""DEP01V003"",
            ""DeposiSeqNo__c"": ""1"",
            ""ActivityDate"": ""20260508"",
            ""PaymentMethod"": ""01"",
            ""DepositType__c"": ""02"",
            ""TransactionAmount"": 370000.0000,
            ""CouponNo"": """",
            ""OrderNo__c"": null
        },
        {
            ""DepositNo__c"": ""DEP01V003"",
            ""DeposiSeqNo__c"": ""2"",
            ""ActivityDate"": ""20260508"",
            ""PaymentMethod"": ""90"",
            ""DepositType__c"": ""02"",
            ""TransactionAmount"": 30000.0000,
            ""CouponNo"": ""COP2026MY0017;-;TEYT578N"",
            ""OrderNo__c"": null
        }
    ]
}","{
  ""success"" : true,
  ""message"" : ""판매 등록 완료"",
  ""data"" : {
    ""CreditPointList"" : [ {
      ""TX_REMARK"" : ""구매포인트|11cJO000001BAZlYAO|1.00"",
      ""PT_TARGET"" : 4700.0000,
      ""NO_SAL"" : null,
      ""NO_PROM_MBR"" : ""PRO202604161041"",
      ""NO_MBR"" : ""TEST01100"",
      ""NO_GRADE_ADVAN"" : ""01"",
      ""ID_INSERT"" : null,
      ""DTS_INSERT"" : ""2026-05-10 18:02:49"",
      ""DT_SAVE_PLAN"" : null,
      ""DT_LIMIT_START"" : ""2026-05-08 09:00:00"",
      ""DT_LIMIT_END"" : ""2028-05-08"",
      ""DT_DESTROY_PLAN"" : ""2028-05-09"",
      ""CD_TYPE_SAVE"" : ""Credit"",
      ""CD_TYPE_POINT"" : ""01"",
      ""CD_JOURNAL"" : ""05wJO0000004Q2LYAU"",
      ""AM_SAL"" : 500000.0
    }, {
      ""TX_REMARK"" : ""사은포인트|11cJO000001BAY9YAO|3.00"",
      ""PT_TARGET"" : 14100.0000,
      ""NO_SAL"" : null,
      ""NO_PROM_MBR"" : ""PRO202604161041"",
      ""NO_MBR"" : ""TEST01100"",
      ""NO_GRADE_ADVAN"" : ""01"",
      ""ID_INSERT"" : null,
      ""DTS_INSERT"" : ""2026-05-10 18:02:49"",
      ""DT_SAVE_PLAN"" : null,
      ""DT_LIMIT_START"" : ""2026-05-08 09:00:00"",
      ""DT_LIMIT_END"" : ""2028-05-08"",
      ""DT_DESTROY_PLAN"" : ""2028-05-09"",
      ""CD_TYPE_SAVE"" : ""Credit"",
      ""CD_TYPE_POINT"" : ""01"",
      ""CD_JOURNAL"" : ""05wJO0000004Q2MYAU"",
      ""AM_SAL"" : 500000.0
    } ],
    ""oiList"" : [ {
      ""attributes"" : {
        ""type"" : ""OrderItem"",
        ""url"" : ""/services/data/v67.0/sobjects/OrderItem/802JO00000546FFYAY""
      },
      ""OrderId"" : ""801JO00000IBe6FYAT"",
      ""PricebookEntryId"" : ""01uJO000001R0w4YAC"",
      ""Quantity"" : 1,
      ""UnitPrice"" : 500000,
      ""SaleSeqNo__c"" : ""1"",
      ""SaleItemNo__c"" : ""801JO00000IBe6FYAT-1"",
      ""IsExclude__c"" : false,
      ""NetSalesUnitPrice__c"" : 500000.0000,
      ""DiscountRate__c"" : 0.0000,
      ""OrderId__c"" : ""801JO00000IBMr8YAH"",
      ""Id"" : ""802JO00000546FFYAY""
    } ],
    ""storeType"" : ""09"",
    ""storeTypeFour"" : ""NULL"",
    ""orderId"" : ""801JO00000IBe6FYAT"",
    ""TransactionJournal"" : [ {
      ""OrderNo__c"" : ""SOR01V002"",
      ""CouponNo"" : """",
      ""TransactionAmount"" : 100000.0000,
      ""DepositType__c"" : ""01"",
      ""PaymentMethod"" : ""01"",
      ""ActivityDate"" : ""20260508"",
      ""DeposiSeqNo__c"" : ""1"",
      ""DepositNo__c"" : ""DEP01V002""
    }, {
      ""OrderNo__c"" : null,
      ""CouponNo"" : """",
      ""TransactionAmount"" : 370000.0000,
      ""DepositType__c"" : ""02"",
      ""PaymentMethod"" : ""01"",
      ""ActivityDate"" : ""20260508"",
      ""DeposiSeqNo__c"" : ""1"",
      ""DepositNo__c"" : ""DEP01V003""
    }, {
      ""OrderNo__c"" : null,
      ""CouponNo"" : ""COP2026MY0017;-;TEYT578N"",
      ""TransactionAmount"" : 30000.0000,
      ""DepositType__c"" : ""02"",
      ""PaymentMethod"" : ""90"",
      ""ActivityDate"" : ""20260508"",
      ""DeposiSeqNo__c"" : ""2"",
      ""DepositNo__c"" : ""DEP01V003""
    } ],
    ""OrderItem"" : [ {
      ""DiscountRate__c"" : 0.0000,
      ""NetSalesUnitPrice__c"" : 500000.0000,
      ""isExclude"" : false,
      ""Quantity"" : 1,
      ""ProductCode"" : ""2A2600001"",
      ""OrderNo__c"" : ""SOR01V002"",
      ""SaleSeqNo__c"" : ""1""
    } ],
    ""PromotionNo__c"" : ""PRO202604161041"",
    ""SaleStatus__c"" : ""01"",
    ""EndDate"" : ""20260508"",
    ""ActualPaymentAmount__c"" : 500000.0,
    ""SaleNo__c"" : ""SAL01V001"",
    ""MemberNo__c"" : ""TEST01100"",
    ""StoreCode__c"" : ""99998"",
    ""AccountId"" : ""1000""
  },
  ""code"" : 200
}"
a12JO000000Me3gYAC,2026-05-10T09:03:59.000+0000,GdSaleApiControllerV1,/gd/v1/sale,"{
    ""AccountId"": ""1000"",
    ""StoreCode__c"": ""99998"",
    ""MemberNo__c"": ""TEST02006"",
    ""SaleNo__c"": ""SAL02V002"",
    ""ActualPaymentAmount__c"": 10000000.0,
    ""EndDate"": ""20260510"",
    ""SaleStatus__c"": ""01"",
    ""PromotionNo__c"": ""PRO202604161041"",
    ""OrderItem"": [
        {
            ""SaleSeqNo__c"": ""1"",
            ""OrderNo__c"": null,
            ""ProductCode"": ""2A2600001"",
            ""Quantity"": 20,
            ""isExclude"": false,
            ""NetSalesUnitPrice__c"": 500000.0000,
            ""DiscountRate__c"": 0.0000
        }
        
        
        
        
        
        
        
        
        
        
    ],
    ""TransactionJournal"": [
        
        
        
        
        
        
        
        
        
        
        {
            ""DepositNo__c"": ""DEP02V002"",
            ""DeposiSeqNo__c"": ""1"",
            ""ActivityDate"": ""20260510"",
            ""PaymentMethod"": ""01"",
            ""DepositType__c"": ""02"",
            ""TransactionAmount"": 10000000.0000,
            ""CouponNo"": """",
            ""OrderNo__c"": null
        }
        
        
        
        
        
        
        
        
        
        
        
        
        
        
        
        
        
        
        
        
        
        
    ]
}","{
  ""success"" : true,
  ""message"" : ""판매 등록 완료"",
  ""data"" : {
    ""CreditPointList"" : [ {
      ""TX_REMARK"" : ""구매포인트|11cJO000001BAZlYAO|2.00"",
      ""PT_TARGET"" : 200000.0000,
      ""NO_SAL"" : null,
      ""NO_PROM_MBR"" : ""PRO202604161041"",
      ""NO_MBR"" : ""TEST02006"",
      ""NO_GRADE_ADVAN"" : ""04"",
      ""ID_INSERT"" : null,
      ""DTS_INSERT"" : ""2026-05-10 18:03:58"",
      ""DT_SAVE_PLAN"" : null,
      ""DT_LIMIT_START"" : ""2026-05-10 09:00:00"",
      ""DT_LIMIT_END"" : ""2028-05-10"",
      ""DT_DESTROY_PLAN"" : ""2028-05-11"",
      ""CD_TYPE_SAVE"" : ""Credit"",
      ""CD_TYPE_POINT"" : ""01"",
      ""CD_JOURNAL"" : ""05wJO0000004Q5ZYAU"",
      ""AM_SAL"" : 10000000.0
    }, {
      ""TX_REMARK"" : ""사은포인트|11cJO000001BAY9YAO|3.00"",
      ""PT_TARGET"" : 300000.0000,
      ""NO_SAL"" : null,
      ""NO_PROM_MBR"" : ""PRO202604161041"",
      ""NO_MBR"" : ""TEST02006"",
      ""NO_GRADE_ADVAN"" : ""04"",
      ""ID_INSERT"" : null,
      ""DTS_INSERT"" : ""2026-05-10 18:03:58"",
      ""DT_SAVE_PLAN"" : null,
      ""DT_LIMIT_START"" : ""2026-05-10 09:00:00"",
      ""DT_LIMIT_END"" : ""2028-05-10"",
      ""DT_DESTROY_PLAN"" : ""2028-05-11"",
      ""CD_TYPE_SAVE"" : ""Credit"",
      ""CD_TYPE_POINT"" : ""01"",
      ""CD_JOURNAL"" : ""05wJO0000004Q5aYAE"",
      ""AM_SAL"" : 10000000.0
    } ],
    ""oiList"" : [ {
      ""attributes"" : {
        ""type"" : ""OrderItem"",
        ""url"" : ""/services/data/v67.0/sobjects/OrderItem/802JO00000545xXYAQ""
      },
      ""OrderId"" : ""801JO00000IBe4fYAD"",
      ""PricebookEntryId"" : ""01uJO000001R0w4YAC"",
      ""Quantity"" : 20,
      ""UnitPrice"" : 500000,
      ""SaleSeqNo__c"" : ""1"",
      ""SaleItemNo__c"" : ""801JO00000IBe4fYAD-1"",
      ""IsExclude__c"" : false,
      ""NetSalesUnitPrice__c"" : 500000.0000,
      ""DiscountRate__c"" : 0.0000,
      ""Id"" : ""802JO00000545xXYAQ""
    } ],
    ""storeType"" : ""09"",
    ""storeTypeFour"" : ""NULL"",
    ""orderId"" : ""801JO00000IBe4fYAD"",
    ""TransactionJournal"" : [ {
      ""OrderNo__c"" : null,
      ""CouponNo"" : """",
      ""TransactionAmount"" : 10000000.0000,
      ""DepositType__c"" : ""02"",
      ""PaymentMethod"" : ""01"",
      ""ActivityDate"" : ""20260510"",
      ""DeposiSeqNo__c"" : ""1"",
      ""DepositNo__c"" : ""DEP02V002""
    } ],
    ""OrderItem"" : [ {
      ""DiscountRate__c"" : 0.0000,
      ""NetSalesUnitPrice__c"" : 500000.0000,
      ""isExclude"" : false,
      ""Quantity"" : 20,
      ""ProductCode"" : ""2A2600001"",
      ""OrderNo__c"" : null,
      ""SaleSeqNo__c"" : ""1""
    } ],
    ""PromotionNo__c"" : ""PRO202604161041"",
    ""SaleStatus__c"" : ""01"",
    ""EndDate"" : ""20260510"",
    ""ActualPaymentAmount__c"" : 10000000.0,
    ""SaleNo__c"" : ""SAL02V002"",
    ""MemberNo__c"" : ""TEST02006"",
    ""StoreCode__c"" : ""99998"",
    ""AccountId"" : ""1000""
  },
  ""code"" : 200
}"
a12JO000000Me8WYAS,2026-05-10T09:06:53.000+0000,GdSaleApiControllerV1,/gd/v1/sale,"{
    ""AccountId"": ""1000"",
    ""StoreCode__c"": ""99998"",
    ""MemberNo__c"": ""TEST01100"",
    ""SaleNo__c"": ""SAL01V002"",
    ""ActualPaymentAmount__c"": 500000.0,
    ""EndDate"": ""20260508"",
    ""SaleStatus__c"": ""01"",
    ""PromotionNo__c"": ""PRO202604161041"",
    ""OrderItem"": [
        {
            ""SaleSeqNo__c"": ""1"",
            ""OrderNo__c"": ""SOR01V002"",
            ""ProductCode"": ""3A2600005"",
            ""Quantity"": 1,
            ""isExclude"": false,
            ""NetSalesUnitPrice__c"": 500000.0000,
            ""DiscountRate__c"": 0.0000
        }
    ],
    ""TransactionJournal"": [
        {
            ""DepositNo__c"": ""DEP01V004"",
            ""DeposiSeqNo__c"": ""1"",
            ""ActivityDate"": ""20260508"",
            ""PaymentMethod"": ""01"",
            ""DepositType__c"": ""02"",
            ""TransactionAmount"": 500000.0000,
            ""CouponNo"": """",
            ""OrderNo__c"": null
        }
    ]
}","{
  ""success"" : true,
  ""message"" : ""판매 등록 완료"",
  ""data"" : {
    ""CreditPointList"" : [ {
      ""TX_REMARK"" : ""구매포인트|11cJO000001BAZlYAO|1.00"",
      ""PT_TARGET"" : 5000.0000,
      ""NO_SAL"" : null,
      ""NO_PROM_MBR"" : ""PRO202604161041"",
      ""NO_MBR"" : ""TEST01100"",
      ""NO_GRADE_ADVAN"" : ""01"",
      ""ID_INSERT"" : null,
      ""DTS_INSERT"" : ""2026-05-10 18:06:53"",
      ""DT_SAVE_PLAN"" : null,
      ""DT_LIMIT_START"" : ""2026-05-08 09:00:00"",
      ""DT_LIMIT_END"" : ""2028-05-08"",
      ""DT_DESTROY_PLAN"" : ""2028-05-09"",
      ""CD_TYPE_SAVE"" : ""Credit"",
      ""CD_TYPE_POINT"" : ""01"",
      ""CD_JOURNAL"" : ""05wJO0000004Q8nYAE"",
      ""AM_SAL"" : 500000.0
    }, {
      ""TX_REMARK"" : ""사은포인트|11cJO000001BAY9YAO|3.00"",
      ""PT_TARGET"" : 15000.0000,
      ""NO_SAL"" : null,
      ""NO_PROM_MBR"" : ""PRO202604161041"",
      ""NO_MBR"" : ""TEST01100"",
      ""NO_GRADE_ADVAN"" : ""01"",
      ""ID_INSERT"" : null,
      ""DTS_INSERT"" : ""2026-05-10 18:06:53"",
      ""DT_SAVE_PLAN"" : null,
      ""DT_LIMIT_START"" : ""2026-05-08 09:00:00"",
      ""DT_LIMIT_END"" : ""2028-05-08"",
      ""DT_DESTROY_PLAN"" : ""2028-05-09"",
      ""CD_TYPE_SAVE"" : ""Credit"",
      ""CD_TYPE_POINT"" : ""01"",
      ""CD_JOURNAL"" : ""05wJO0000004Q8oYAE"",
      ""AM_SAL"" : 500000.0
    } ],
    ""oiList"" : [ {
      ""attributes"" : {
        ""type"" : ""OrderItem"",
        ""url"" : ""/services/data/v67.0/sobjects/OrderItem/802JO000005445mYAA""
      },
      ""OrderId"" : ""801JO00000IBcCdYAL"",
      ""PricebookEntryId"" : ""01uJO000001RG0OYAW"",
      ""Quantity"" : 1,
      ""UnitPrice"" : 500000,
      ""SaleSeqNo__c"" : ""1"",
      ""SaleItemNo__c"" : ""801JO00000IBcCdYAL-1"",
      ""IsExclude__c"" : false,
      ""NetSalesUnitPrice__c"" : 500000.0000,
      ""DiscountRate__c"" : 0.0000,
      ""OrderId__c"" : ""801JO00000IBMr8YAH"",
      ""Id"" : ""802JO000005445mYAA""
    } ],
    ""storeType"" : ""09"",
    ""storeTypeFour"" : ""NULL"",
    ""orderId"" : ""801JO00000IBcCdYAL"",
    ""TransactionJournal"" : [ {
      ""OrderNo__c"" : null,
      ""CouponNo"" : """",
      ""TransactionAmount"" : 500000.0000,
      ""DepositType__c"" : ""02"",
      ""PaymentMethod"" : ""01"",
      ""ActivityDate"" : ""20260508"",
      ""DeposiSeqNo__c"" : ""1"",
      ""DepositNo__c"" : ""DEP01V004""
    } ],
    ""OrderItem"" : [ {
      ""DiscountRate__c"" : 0.0000,
      ""NetSalesUnitPrice__c"" : 500000.0000,
      ""isExclude"" : false,
      ""Quantity"" : 1,
      ""ProductCode"" : ""3A2600005"",
      ""OrderNo__c"" : ""SOR01V002"",
      ""SaleSeqNo__c"" : ""1""
    } ],
    ""PromotionNo__c"" : ""PRO202604161041"",
    ""SaleStatus__c"" : ""01"",
    ""EndDate"" : ""20260508"",
    ""ActualPaymentAmount__c"" : 500000.0,
    ""SaleNo__c"" : ""SAL01V002"",
    ""MemberNo__c"" : ""TEST01100"",
    ""StoreCode__c"" : ""99998"",
    ""AccountId"" : ""1000""
  },
  ""code"" : 200
}"
a12JO000000MeA6YAK,2026-05-10T09:07:41.000+0000,GdSaleApiControllerV1,/gd/v1/sale,"{
    ""AccountId"": ""1000"",
    ""StoreCode__c"": ""99998"",
    ""MemberNo__c"": ""TEST02006"",
    ""SaleNo__c"": ""SAL02V003"",
    ""ActualPaymentAmount__c"": 1000000.0,
    ""EndDate"": ""20260510"",
    ""SaleStatus__c"": ""01"",
    ""PromotionNo__c"": ""PRO202604161041"",
    ""OrderItem"": [
        {
            ""SaleSeqNo__c"": ""1"",
            ""OrderNo__c"": null,
            ""ProductCode"": ""2A2600001"",
            ""Quantity"": 2,
            ""isExclude"": false,
            ""NetSalesUnitPrice__c"": 500000.0000,
            ""DiscountRate__c"": 0.0000
        }
        
        
        
        
        
        
        
        
        
        
    ],
    ""TransactionJournal"": [
        
        
        
        
        
        
        
        
        
        
        {
            ""DepositNo__c"": ""DEP02V003"",
            ""DeposiSeqNo__c"": ""1"",
            ""ActivityDate"": ""20260510"",
            ""PaymentMethod"": ""01"",
            ""DepositType__c"": ""02"",
            ""TransactionAmount"": 670000.0000,
            ""CouponNo"": """",
            ""OrderNo__c"": null
        }
        ,
        {
            ""DepositNo__c"": ""DEP02V003"",
            ""DeposiSeqNo__c"": ""2"",
            ""ActivityDate"": ""20260510"",
            ""PaymentMethod"": ""90"",
            ""DepositType__c"": ""02"",
            ""TransactionAmount"": 30000.0000,
            ""CouponNo"": ""COP2025AG0015;-;01"",
            ""OrderNo__c"": null
        }
        ,
        {
            ""DepositNo__c"": ""DEP02V003"",
            ""DeposiSeqNo__c"": ""2"",
            ""ActivityDate"": ""20260510"",
            ""PaymentMethod"": ""81"",
            ""DepositType__c"": ""02"",
            ""TransactionAmount"": 300000.0000,
            ""CouponNo"": """",
            ""OrderNo__c"": null
        }
    ]
}","{
  ""success"" : false,
  ""message"" : ""Insert failed. First exception on row 0; first error: DUPLICATE_VALUE, 중복 값 발견: DepositNo__c이(가) ID가 다음과 같은 레코드의 값과 중복됩니다. 0lVJO000000CH3V2AW: []"",
  ""code"" : 500
}"
a12JO000000MeBkYAK,2026-05-10T09:07:50.000+0000,GdSaleApiControllerV1,/gd/v1/sale,"{
    ""AccountId"": ""1000"",
    ""StoreCode__c"": ""99998"",
    ""MemberNo__c"": ""TEST02006"",
    ""SaleNo__c"": ""SAL02V003"",
    ""ActualPaymentAmount__c"": 1000000.0,
    ""EndDate"": ""20260510"",
    ""SaleStatus__c"": ""01"",
    ""PromotionNo__c"": ""PRO202604161041"",
    ""OrderItem"": [
        {
            ""SaleSeqNo__c"": ""1"",
            ""OrderNo__c"": null,
            ""ProductCode"": ""2A2600001"",
            ""Quantity"": 2,
            ""isExclude"": false,
            ""NetSalesUnitPrice__c"": 500000.0000,
            ""DiscountRate__c"": 0.0000
        }
        
        
        
        
        
        
        
        
        
        
    ],
    ""TransactionJournal"": [
        
        
        
        
        
        
        
        
        
        
        {
            ""DepositNo__c"": ""DEP02V003"",
            ""DeposiSeqNo__c"": ""1"",
            ""ActivityDate"": ""20260510"",
            ""PaymentMethod"": ""01"",
            ""DepositType__c"": ""02"",
            ""TransactionAmount"": 670000.0000,
            ""CouponNo"": """",
            ""OrderNo__c"": null
        }
        ,
        {
            ""DepositNo__c"": ""DEP02V003"",
            ""DeposiSeqNo__c"": ""2"",
            ""ActivityDate"": ""20260510"",
            ""PaymentMethod"": ""90"",
            ""DepositType__c"": ""02"",
            ""TransactionAmount"": 30000.0000,
            ""CouponNo"": ""COP2025AG0015;-;01"",
            ""OrderNo__c"": null
        }
        ,
        {
            ""DepositNo__c"": ""DEP02V003"",
            ""DeposiSeqNo__c"": ""3"",
            ""ActivityDate"": ""20260510"",
            ""PaymentMethod"": ""81"",
            ""DepositType__c"": ""02"",
            ""TransactionAmount"": 300000.0000,
            ""CouponNo"": """",
            ""OrderNo__c"": null
        }
    ]
}","{
  ""success"" : true,
  ""message"" : ""판매 등록 완료"",
  ""data"" : {
    ""CreditPointList"" : [ {
      ""TX_REMARK"" : ""구매포인트|11cJO000001BAZlYAO|2.00"",
      ""PT_TARGET"" : 13400.0000,
      ""NO_SAL"" : null,
      ""NO_PROM_MBR"" : ""PRO202604161041"",
      ""NO_MBR"" : ""TEST02006"",
      ""NO_GRADE_ADVAN"" : ""04"",
      ""ID_INSERT"" : null,
      ""DTS_INSERT"" : ""2026-05-10 18:07:50"",
      ""DT_SAVE_PLAN"" : null,
      ""DT_LIMIT_START"" : ""2026-05-10 09:00:00"",
      ""DT_LIMIT_END"" : ""2028-05-10"",
      ""DT_DESTROY_PLAN"" : ""2028-05-11"",
      ""CD_TYPE_SAVE"" : ""Credit"",
      ""CD_TYPE_POINT"" : ""01"",
      ""CD_JOURNAL"" : ""05wJO0000004QAQYA2"",
      ""AM_SAL"" : 1000000.0
    }, {
      ""TX_REMARK"" : ""사은포인트|11cJO000001BAY9YAO|3.00"",
      ""PT_TARGET"" : 20100.0000,
      ""NO_SAL"" : null,
      ""NO_PROM_MBR"" : ""PRO202604161041"",
      ""NO_MBR"" : ""TEST02006"",
      ""NO_GRADE_ADVAN"" : ""04"",
      ""ID_INSERT"" : null,
      ""DTS_INSERT"" : ""2026-05-10 18:07:50"",
      ""DT_SAVE_PLAN"" : null,
      ""DT_LIMIT_START"" : ""2026-05-10 09:00:00"",
      ""DT_LIMIT_END"" : ""2028-05-10"",
      ""DT_DESTROY_PLAN"" : ""2028-05-11"",
      ""CD_TYPE_SAVE"" : ""Credit"",
      ""CD_TYPE_POINT"" : ""01"",
      ""CD_JOURNAL"" : ""05wJO0000004QARYA2"",
      ""AM_SAL"" : 1000000.0
    } ],
    ""DebitPointList"" : [ {
      ""PT_USE"" : 300000.0000,
      ""NO_SAL_RTN"" : null,
      ""NO_SAL"" : ""SAL02V003"",
      ""NO_MBR"" : ""TEST02006"",
      ""ID_INSERT"" : null,
      ""DTS_INSERT"" : ""2026-05-10 18:07:49"",
      ""CD_TYPE_POINT"" : ""04"",
      ""CD_RESON"" : ""1"",
      ""CD_LEDGER"" : ""05wJO0000004QAPYA2"",
      ""CD_JOURNAL"" : ""05wJO0000004PpXYAU"",
      ""AM_SAL"" : 1000000.0
    } ],
    ""oiList"" : [ {
      ""attributes"" : {
        ""type"" : ""OrderItem"",
        ""url"" : ""/services/data/v67.0/sobjects/OrderItem/802JO0000054470YAA""
      },
      ""OrderId"" : ""801JO00000IBcXXYA1"",
      ""PricebookEntryId"" : ""01uJO000001R0w4YAC"",
      ""Quantity"" : 2,
      ""UnitPrice"" : 500000,
      ""SaleSeqNo__c"" : ""1"",
      ""SaleItemNo__c"" : ""801JO00000IBcXXYA1-1"",
      ""IsExclude__c"" : false,
      ""NetSalesUnitPrice__c"" : 500000.0000,
      ""DiscountRate__c"" : 0.0000,
      ""Id"" : ""802JO0000054470YAA""
    } ],
    ""storeType"" : ""09"",
    ""storeTypeFour"" : ""NULL"",
    ""orderId"" : ""801JO00000IBcXXYA1"",
    ""TransactionJournal"" : [ {
      ""OrderNo__c"" : null,
      ""CouponNo"" : """",
      ""TransactionAmount"" : 670000.0000,
      ""DepositType__c"" : ""02"",
      ""PaymentMethod"" : ""01"",
      ""ActivityDate"" : ""20260510"",
      ""DeposiSeqNo__c"" : ""1"",
      ""DepositNo__c"" : ""DEP02V003""
    }, {
      ""OrderNo__c"" : null,
      ""CouponNo"" : ""COP2025AG0015;-;01"",
      ""TransactionAmount"" : 30000.0000,
      ""DepositType__c"" : ""02"",
      ""PaymentMethod"" : ""90"",
      ""ActivityDate"" : ""20260510"",
      ""DeposiSeqNo__c"" : ""2"",
      ""DepositNo__c"" : ""DEP02V003""
    }, {
      ""OrderNo__c"" : null,
      ""CouponNo"" : """",
      ""TransactionAmount"" : 300000.0000,
      ""DepositType__c"" : ""02"",
      ""PaymentMethod"" : ""81"",
      ""ActivityDate"" : ""20260510"",
      ""DeposiSeqNo__c"" : ""3"",
      ""DepositNo__c"" : ""DEP02V003""
    } ],
    ""OrderItem"" : [ {
      ""DiscountRate__c"" : 0.0000,
      ""NetSalesUnitPrice__c"" : 500000.0000,
      ""isExclude"" : false,
      ""Quantity"" : 2,
      ""ProductCode"" : ""2A2600001"",
      ""OrderNo__c"" : null,
      ""SaleSeqNo__c"" : ""1""
    } ],
    ""PromotionNo__c"" : ""PRO202604161041"",
    ""SaleStatus__c"" : ""01"",
    ""EndDate"" : ""20260510"",
    ""ActualPaymentAmount__c"" : 1000000.0,
    ""SaleNo__c"" : ""SAL02V003"",
    ""MemberNo__c"" : ""TEST02006"",
    ""StoreCode__c"" : ""99998"",
    ""AccountId"" : ""1000""
  },
  ""code"" : 200
}"
a12JO000000MeDKYA0,2026-05-10T09:09:58.000+0000,GdSaleApiControllerV1,/gd/v1/sale,"{
    ""AccountId"": ""1000"",
    ""StoreCode__c"": ""99998"",
    ""MemberNo__c"": ""TEST02006"",
    ""SaleNo__c"": ""SAL02V004"",
    ""ActualPaymentAmount__c"": 2000000.0,
    ""EndDate"": ""20260510"",
    ""SaleStatus__c"": ""01"",
    ""PromotionNo__c"": ""PRO202604161041"",
    ""OrderItem"": [
        {
            ""SaleSeqNo__c"": ""1"",
            ""OrderNo__c"": null,
            ""ProductCode"": ""2A2600001"",
            ""Quantity"": 4,
            ""isExclude"": false,
            ""NetSalesUnitPrice__c"": 500000.0000,
            ""DiscountRate__c"": 0.0000
        }
        
        
        
        
        
        
        
        
        
        
    ],
    ""TransactionJournal"": [
        
        
        
        
        
        
        
        
        
        
        {
            ""DepositNo__c"": ""DEP02V004"",
            ""DeposiSeqNo__c"": ""1"",
            ""ActivityDate"": ""20260510"",
            ""PaymentMethod"": ""01"",
            ""DepositType__c"": ""02"",
            ""TransactionAmount"": 1000000.0000,
            ""CouponNo"": """",
            ""OrderNo__c"": null
        }
        
        
        
        
        
        
        
        
        
        
        
        ,
        {
            ""DepositNo__c"": ""DEP02V004"",
            ""DeposiSeqNo__c"": ""2"",
            ""ActivityDate"": ""20260510"",
            ""PaymentMethod"": ""81"",
            ""DepositType__c"": ""02"",
            ""TransactionAmount"": 1000000.0000,
            ""CouponNo"": """",
            ""OrderNo__c"": null
        }
    ]
}","{
  ""success"" : false,
  ""message"" : ""포인트 잔액이 부족합니다. 사용 가능 금액: 878652P (요청: 1000000P)"",
  ""code"" : 400
}"
a12JO000000MdnZYAS,2026-05-10T09:10:32.000+0000,GdSaleApiControllerV1,/gd/v1/sale,"{
    ""AccountId"": ""1000"",
    ""StoreCode__c"": ""99998"",
    ""MemberNo__c"": ""TEST02006"",
    ""SaleNo__c"": ""SAL02V004"",
    ""ActualPaymentAmount__c"": 2000000.0,
    ""EndDate"": ""20260510"",
    ""SaleStatus__c"": ""01"",
    ""PromotionNo__c"": ""PRO202604161041"",
    ""OrderItem"": [
        {
            ""SaleSeqNo__c"": ""1"",
            ""OrderNo__c"": null,
            ""ProductCode"": ""2A2600001"",
            ""Quantity"": 4,
            ""isExclude"": false,
            ""NetSalesUnitPrice__c"": 500000.0000,
            ""DiscountRate__c"": 0.0000
        }
        
        
        
        
        
        
        
        
        
        
    ],
    ""TransactionJournal"": [
        
        
        
        
        
        
        
        
        
        
        {
            ""DepositNo__c"": ""DEP02V004"",
            ""DeposiSeqNo__c"": ""1"",
            ""ActivityDate"": ""20260510"",
            ""PaymentMethod"": ""01"",
            ""DepositType__c"": ""02"",
            ""TransactionAmount"": 1130000.0000,
            ""CouponNo"": """",
            ""OrderNo__c"": null
        }
        
        
        
        
        
        
        
        
        
        
        
        ,
        {
            ""DepositNo__c"": ""DEP02V004"",
            ""DeposiSeqNo__c"": ""2"",
            ""ActivityDate"": ""20260510"",
            ""PaymentMethod"": ""81"",
            ""DepositType__c"": ""02"",
            ""TransactionAmount"": 870000.0000,
            ""CouponNo"": """",
            ""OrderNo__c"": null
        }
    ]
}","{
  ""success"" : true,
  ""message"" : ""판매 등록 완료"",
  ""data"" : {
    ""CreditPointList"" : [ {
      ""TX_REMARK"" : ""구매포인트|11cJO000001BAZlYAO|2.00"",
      ""PT_TARGET"" : 22600.0000,
      ""NO_SAL"" : null,
      ""NO_PROM_MBR"" : ""PRO202604161041"",
      ""NO_MBR"" : ""TEST02006"",
      ""NO_GRADE_ADVAN"" : ""04"",
      ""ID_INSERT"" : null,
      ""DTS_INSERT"" : ""2026-05-10 18:10:32"",
      ""DT_SAVE_PLAN"" : null,
      ""DT_LIMIT_START"" : ""2026-05-10 09:00:00"",
      ""DT_LIMIT_END"" : ""2028-05-10"",
      ""DT_DESTROY_PLAN"" : ""2028-05-11"",
      ""CD_TYPE_SAVE"" : ""Credit"",
      ""CD_TYPE_POINT"" : ""01"",
      ""CD_JOURNAL"" : ""05wJO0000004QDhYAM"",
      ""AM_SAL"" : 2000000.0
    }, {
      ""TX_REMARK"" : ""사은포인트|11cJO000001BAY9YAO|3.00"",
      ""PT_TARGET"" : 33900.0000,
      ""NO_SAL"" : null,
      ""NO_PROM_MBR"" : ""PRO202604161041"",
      ""NO_MBR"" : ""TEST02006"",
      ""NO_GRADE_ADVAN"" : ""04"",
      ""ID_INSERT"" : null,
      ""DTS_INSERT"" : ""2026-05-10 18:10:32"",
      ""DT_SAVE_PLAN"" : null,
      ""DT_LIMIT_START"" : ""2026-05-10 09:00:00"",
      ""DT_LIMIT_END"" : ""2028-05-10"",
      ""DT_DESTROY_PLAN"" : ""2028-05-11"",
      ""CD_TYPE_SAVE"" : ""Credit"",
      ""CD_TYPE_POINT"" : ""01"",
      ""CD_JOURNAL"" : ""05wJO0000004QDiYAM"",
      ""AM_SAL"" : 2000000.0
    } ],
    ""DebitPointList"" : [ {
      ""PT_USE"" : 300000.0000,
      ""NO_SAL_RTN"" : null,
      ""NO_SAL"" : ""SAL02V004"",
      ""NO_MBR"" : ""TEST02006"",
      ""ID_INSERT"" : null,
      ""DTS_INSERT"" : ""2026-05-10 18:10:32"",
      ""CD_TYPE_POINT"" : ""06"",
      ""CD_RESON"" : ""1"",
      ""CD_LEDGER"" : ""05wJO0000004QDdYAM"",
      ""CD_JOURNAL"" : ""05wJO0000004Q5aYAE"",
      ""AM_SAL"" : 2000000.0
    }, {
      ""PT_USE"" : 20100.0000,
      ""NO_SAL_RTN"" : null,
      ""NO_SAL"" : ""SAL02V004"",
      ""NO_MBR"" : ""TEST02006"",
      ""ID_INSERT"" : null,
      ""DTS_INSERT"" : ""2026-05-10 18:10:32"",
      ""CD_TYPE_POINT"" : ""06"",
      ""CD_RESON"" : ""1"",
      ""CD_LEDGER"" : ""05wJO0000004QDdYAM"",
      ""CD_JOURNAL"" : ""05wJO0000004QARYA2"",
      ""AM_SAL"" : 2000000.0
    }, {
      ""PT_USE"" : 200000.0000,
      ""NO_SAL_RTN"" : null,
      ""NO_SAL"" : ""SAL02V004"",
      ""NO_MBR"" : ""TEST02006"",
      ""ID_INSERT"" : null,
      ""DTS_INSERT"" : ""2026-05-10 18:10:32"",
      ""CD_TYPE_POINT"" : ""01"",
      ""CD_RESON"" : ""1"",
      ""CD_LEDGER"" : ""05wJO0000004QDeYAM"",
      ""CD_JOURNAL"" : ""05wJO0000004Q5ZYAU"",
      ""AM_SAL"" : 2000000.0
    }, {
      ""PT_USE"" : 4748.0000,
      ""NO_SAL_RTN"" : null,
      ""NO_SAL"" : ""SAL02V004"",
      ""NO_MBR"" : ""TEST02006"",
      ""ID_INSERT"" : null,
      ""DTS_INSERT"" : ""2026-05-10 18:10:32"",
      ""CD_TYPE_POINT"" : ""01"",
      ""CD_RESON"" : ""1"",
      ""CD_LEDGER"" : ""05wJO0000004QDeYAM"",
      ""CD_JOURNAL"" : ""05wJO0000004QAQYA2"",
      ""AM_SAL"" : 2000000.0
    }, {
      ""PT_USE"" : 9000.0000,
      ""NO_SAL_RTN"" : null,
      ""NO_SAL"" : ""SAL02V004"",
      ""NO_MBR"" : ""TEST02006"",
      ""ID_INSERT"" : null,
      ""DTS_INSERT"" : ""2026-05-10 18:10:32"",
      ""CD_TYPE_POINT"" : ""05"",
      ""CD_RESON"" : ""1"",
      ""CD_LEDGER"" : ""05wJO0000004QDfYAM"",
      ""CD_JOURNAL"" : ""05wJO0000004Q7BYAU"",
      ""AM_SAL"" : 2000000.0
    }, {
      ""PT_USE"" : 336152.0000,
      ""NO_SAL_RTN"" : null,
      ""NO_SAL"" : ""SAL02V004"",
      ""NO_MBR"" : ""TEST02006"",
      ""ID_INSERT"" : null,
      ""DTS_INSERT"" : ""2026-05-10 18:10:32"",
      ""CD_TYPE_POINT"" : ""04"",
      ""CD_RESON"" : ""1"",
      ""CD_LEDGER"" : ""05wJO0000004QDgYAM"",
      ""CD_JOURNAL"" : ""05wJO0000004PpXYAU"",
      ""AM_SAL"" : 2000000.0
    } ],
    ""oiList"" : [ {
      ""attributes"" : {
        ""type"" : ""OrderItem"",
        ""url"" : ""/services/data/v67.0/sobjects/OrderItem/802JO00000542QJYAY""
      },
      ""OrderId"" : ""801JO00000IBZTYYA5"",
      ""PricebookEntryId"" : ""01uJO000001R0w4YAC"",
      ""Quantity"" : 4,
      ""UnitPrice"" : 500000,
      ""SaleSeqNo__c"" : ""1"",
      ""SaleItemNo__c"" : ""801JO00000IBZTYYA5-1"",
      ""IsExclude__c"" : false,
      ""NetSalesUnitPrice__c"" : 500000.0000,
      ""DiscountRate__c"" : 0.0000,
      ""Id"" : ""802JO00000542QJYAY""
    } ],
    ""storeType"" : ""09"",
    ""storeTypeFour"" : ""NULL"",
    ""orderId"" : ""801JO00000IBZTYYA5"",
    ""TransactionJournal"" : [ {
      ""OrderNo__c"" : null,
      ""CouponNo"" : """",
      ""TransactionAmount"" : 1130000.0000,
      ""DepositType__c"" : ""02"",
      ""PaymentMethod"" : ""01"",
      ""ActivityDate"" : ""20260510"",
      ""DeposiSeqNo__c"" : ""1"",
      ""DepositNo__c"" : ""DEP02V004""
    }, {
      ""OrderNo__c"" : null,
      ""CouponNo"" : """",
      ""TransactionAmount"" : 870000.0000,
      ""DepositType__c"" : ""02"",
      ""PaymentMethod"" : ""81"",
      ""ActivityDate"" : ""20260510"",
      ""DeposiSeqNo__c"" : ""2"",
      ""DepositNo__c"" : ""DEP02V004""
    } ],
    ""OrderItem"" : [ {
      ""DiscountRate__c"" : 0.0000,
      ""NetSalesUnitPrice__c"" : 500000.0000,
      ""isExclude"" : false,
      ""Quantity"" : 4,
      ""ProductCode"" : ""2A2600001"",
      ""OrderNo__c"" : null,
      ""SaleSeqNo__c"" : ""1""
    } ],
    ""PromotionNo__c"" : ""PRO202604161041"",
    ""SaleStatus__c"" : ""01"",
    ""EndDate"" : ""20260510"",
    ""ActualPaymentAmount__c"" : 2000000.0,
    ""SaleNo__c"" : ""SAL02V004"",
    ""MemberNo__c"" : ""TEST02006"",
    ""StoreCode__c"" : ""99998"",
    ""AccountId"" : ""1000""
  },
  ""code"" : 200
}"
a12JO000000Mc6xYAC,2026-05-10T09:17:42.000+0000,GdSaleApiControllerV1,/gd/v1/sale,"{
    ""AccountId"": ""1000"",
    ""StoreCode__c"": ""99997"",
    ""MemberNo__c"": ""TEST01100"",
    ""SaleNo__c"": ""SAL01V006"",
    ""ActualPaymentAmount__c"": 500000.0,
    ""EndDate"": ""20260508"",
    ""SaleStatus__c"": ""01"",
    ""PromotionNo__c"": ""PRO202604161041"",
    ""OrderItem"": [
        {
            ""SaleSeqNo__c"": ""1"",
            ""OrderNo__c"": ""SOR01V001"",
            ""ProductCode"": ""2A2600001"",
            ""Quantity"": 1,
            ""isExclude"": false,
            ""NetSalesUnitPrice__c"": 500000.0000,
            ""DiscountRate__c"": 0.0000
        }
    ],
    ""TransactionJournal"": [
        {
            ""DepositNo__c"": ""DEP01V001"",
            ""DeposiSeqNo__c"": ""1"",
            ""ActivityDate"": ""20260508"",
            ""PaymentMethod"": ""01"",
            ""DepositType__c"": ""01"",
            ""TransactionAmount"": 50000.0000,
            ""CouponNo"": """",
            ""OrderNo__c"": ""SOR01V001""
        },
        {
            ""DepositNo__c"": ""DEP01V008"",
            ""DeposiSeqNo__c"": ""1"",
            ""ActivityDate"": ""20260508"",
            ""PaymentMethod"": ""01"",
            ""DepositType__c"": ""02"",
            ""TransactionAmount"": 440000.0000,
            ""CouponNo"": """",
            ""OrderNo__c"": null
        }
    ]
}","{
  ""success"" : true,
  ""message"" : ""판매 등록 완료"",
  ""data"" : {
    ""oiList"" : [ {
      ""attributes"" : {
        ""type"" : ""OrderItem"",
        ""url"" : ""/services/data/v67.0/sobjects/OrderItem/802JO00000540eWYAQ""
      },
      ""OrderId"" : ""801JO00000IBZmfYAH"",
      ""PricebookEntryId"" : ""01uJO000001R0w4YAC"",
      ""Quantity"" : 1,
      ""UnitPrice"" : 500000,
      ""SaleSeqNo__c"" : ""1"",
      ""SaleItemNo__c"" : ""801JO00000IBZmfYAH-1"",
      ""IsExclude__c"" : false,
      ""NetSalesUnitPrice__c"" : 500000.0000,
      ""DiscountRate__c"" : 0.0000,
      ""OrderId__c"" : ""801JO00000IBchAYAT"",
      ""Id"" : ""802JO00000540eWYAQ""
    } ],
    ""storeType"" : ""20"",
    ""storeTypeFour"" : ""NULL"",
    ""orderId"" : ""801JO00000IBZmfYAH"",
    ""TransactionJournal"" : [ {
      ""OrderNo__c"" : ""SOR01V001"",
      ""CouponNo"" : """",
      ""TransactionAmount"" : 50000.0000,
      ""DepositType__c"" : ""01"",
      ""PaymentMethod"" : ""01"",
      ""ActivityDate"" : ""20260508"",
      ""DeposiSeqNo__c"" : ""1"",
      ""DepositNo__c"" : ""DEP01V001""
    }, {
      ""OrderNo__c"" : null,
      ""CouponNo"" : """",
      ""TransactionAmount"" : 440000.0000,
      ""DepositType__c"" : ""02"",
      ""PaymentMethod"" : ""01"",
      ""ActivityDate"" : ""20260508"",
      ""DeposiSeqNo__c"" : ""1"",
      ""DepositNo__c"" : ""DEP01V008""
    } ],
    ""OrderItem"" : [ {
      ""DiscountRate__c"" : 0.0000,
      ""NetSalesUnitPrice__c"" : 500000.0000,
      ""isExclude"" : false,
      ""Quantity"" : 1,
      ""ProductCode"" : ""2A2600001"",
      ""OrderNo__c"" : ""SOR01V001"",
      ""SaleSeqNo__c"" : ""1""
    } ],
    ""PromotionNo__c"" : ""PRO202604161041"",
    ""SaleStatus__c"" : ""01"",
    ""EndDate"" : ""20260508"",
    ""ActualPaymentAmount__c"" : 500000.0,
    ""SaleNo__c"" : ""SAL01V006"",
    ""MemberNo__c"" : ""TEST01100"",
    ""StoreCode__c"" : ""99997"",
    ""AccountId"" : ""1000""
  },
  ""code"" : 200
}"
a12JO000000Me8aYAC,2026-05-10T09:18:37.000+0000,GdSaleApiControllerV1,/gd/v1/sale,"{
    ""AccountId"": ""1000"",
    ""StoreCode__c"": ""99998"",
    ""MemberNo__c"": ""TEST02006"",
    ""SaleNo__c"": ""SAL02V006"",
    ""ActualPaymentAmount__c"": 1000000.0,
    ""EndDate"": ""20260510"",
    ""SaleStatus__c"": ""01"",
    ""PromotionNo__c"": ""PRO202604161041"",
    ""OrderItem"": [
        {
            ""SaleSeqNo__c"": ""1"",
            ""OrderNo__c"": null,
            ""ProductCode"": ""2A2600001"",
            ""Quantity"": 2,
            ""isExclude"": false,
            ""NetSalesUnitPrice__c"": 500000.0000,
            ""DiscountRate__c"": 0.0000
        }
        
        
        
        
        
        
        
        
        
        
    ],
    ""TransactionJournal"": [
        
        
        
        
        
        
        
        
        
        
        {
            ""DepositNo__c"": ""DEP02V006"",
            ""DeposiSeqNo__c"": ""1"",
            ""ActivityDate"": ""20260510"",
            ""PaymentMethod"": ""01"",
            ""DepositType__c"": ""02"",
            ""TransactionAmount"": 900000.0000,
            ""CouponNo"": """",
            ""OrderNo__c"": null
        }
        ,
        {
            ""DepositNo__c"": ""DEP02V006"",
            ""DeposiSeqNo__c"": ""2"",
            ""ActivityDate"": ""20260510"",
            ""PaymentMethod"": ""90"",
            ""DepositType__c"": ""02"",
            ""TransactionAmount"": 100000.0000,
            ""CouponNo"": ""COP2026MY0011;-;9TKSHRYN"",
            ""OrderNo__c"": null
        }
        
        
        
        
        
        
        
        
        
        
        
    ]
}","{
  ""success"" : true,
  ""message"" : ""판매 등록 완료"",
  ""data"" : {
    ""CreditPointList"" : [ {
      ""TX_REMARK"" : ""구매포인트|11cJO000001BAZlYAO|2.00"",
      ""PT_TARGET"" : 18000.0000,
      ""NO_SAL"" : null,
      ""NO_PROM_MBR"" : ""PRO202604161041"",
      ""NO_MBR"" : ""TEST02006"",
      ""NO_GRADE_ADVAN"" : ""04"",
      ""ID_INSERT"" : null,
      ""DTS_INSERT"" : ""2026-05-10 18:18:36"",
      ""DT_SAVE_PLAN"" : null,
      ""DT_LIMIT_START"" : ""2026-05-10 09:00:00"",
      ""DT_LIMIT_END"" : ""2028-05-10"",
      ""DT_DESTROY_PLAN"" : ""2028-05-11"",
      ""CD_TYPE_SAVE"" : ""Credit"",
      ""CD_TYPE_POINT"" : ""01"",
      ""CD_JOURNAL"" : ""05wJO0000004Q8pYAE"",
      ""AM_SAL"" : 1000000.0
    }, {
      ""TX_REMARK"" : ""사은포인트|11cJO000001BAY9YAO|3.00"",
      ""PT_TARGET"" : 27000.0000,
      ""NO_SAL"" : null,
      ""NO_PROM_MBR"" : ""PRO202604161041"",
      ""NO_MBR"" : ""TEST02006"",
      ""NO_GRADE_ADVAN"" : ""04"",
      ""ID_INSERT"" : null,
      ""DTS_INSERT"" : ""2026-05-10 18:18:36"",
      ""DT_SAVE_PLAN"" : null,
      ""DT_LIMIT_START"" : ""2026-05-10 09:00:00"",
      ""DT_LIMIT_END"" : ""2028-05-10"",
      ""DT_DESTROY_PLAN"" : ""2028-05-11"",
      ""CD_TYPE_SAVE"" : ""Credit"",
      ""CD_TYPE_POINT"" : ""01"",
      ""CD_JOURNAL"" : ""05wJO0000004Q8qYAE"",
      ""AM_SAL"" : 1000000.0
    } ],
    ""oiList"" : [ {
      ""attributes"" : {
        ""type"" : ""OrderItem"",
        ""url"" : ""/services/data/v67.0/sobjects/OrderItem/802JO000005445nYAA""
      },
      ""OrderId"" : ""801JO00000IBcCgYAL"",
      ""PricebookEntryId"" : ""01uJO000001R0w4YAC"",
      ""Quantity"" : 2,
      ""UnitPrice"" : 500000,
      ""SaleSeqNo__c"" : ""1"",
      ""SaleItemNo__c"" : ""801JO00000IBcCgYAL-1"",
      ""IsExclude__c"" : false,
      ""NetSalesUnitPrice__c"" : 500000.0000,
      ""DiscountRate__c"" : 0.0000,
      ""Id"" : ""802JO000005445nYAA""
    } ],
    ""storeType"" : ""09"",
    ""storeTypeFour"" : ""NULL"",
    ""orderId"" : ""801JO00000IBcCgYAL"",
    ""TransactionJournal"" : [ {
      ""OrderNo__c"" : null,
      ""CouponNo"" : """",
      ""TransactionAmount"" : 900000.0000,
      ""DepositType__c"" : ""02"",
      ""PaymentMethod"" : ""01"",
      ""ActivityDate"" : ""20260510"",
      ""DeposiSeqNo__c"" : ""1"",
      ""DepositNo__c"" : ""DEP02V006""
    }, {
      ""OrderNo__c"" : null,
      ""CouponNo"" : ""COP2026MY0011;-;9TKSHRYN"",
      ""TransactionAmount"" : 100000.0000,
      ""DepositType__c"" : ""02"",
      ""PaymentMethod"" : ""90"",
      ""ActivityDate"" : ""20260510"",
      ""DeposiSeqNo__c"" : ""2"",
      ""DepositNo__c"" : ""DEP02V006""
    } ],
    ""OrderItem"" : [ {
      ""DiscountRate__c"" : 0.0000,
      ""NetSalesUnitPrice__c"" : 500000.0000,
      ""isExclude"" : false,
      ""Quantity"" : 2,
      ""ProductCode"" : ""2A2600001"",
      ""OrderNo__c"" : null,
      ""SaleSeqNo__c"" : ""1""
    } ],
    ""PromotionNo__c"" : ""PRO202604161041"",
    ""SaleStatus__c"" : ""01"",
    ""EndDate"" : ""20260510"",
    ""ActualPaymentAmount__c"" : 1000000.0,
    ""SaleNo__c"" : ""SAL02V006"",
    ""MemberNo__c"" : ""TEST02006"",
    ""StoreCode__c"" : ""99998"",
    ""AccountId"" : ""1000""
  },
  ""code"" : 200
}"
a12JO000000MeLQYA0,2026-05-10T09:26:01.000+0000,GdOrderApiControllerV1,/gd/v1/order,"{
    ""AccountId"": ""GOLDENDEW"", 
    ""StoreCode__c"": ""99998"", 
    ""MemberNo__c"": ""TEST03006"", 
    ""OrderNo__c"": ""SOR04012"", 
    ""ActualPaymentAmount__c"": 500000, 
    ""OrderStatus__c"": ""01"", 
    ""Type"": ""01"", 
    ""PromotionNo__c"": ""PRO202604161041"", 
    ""OrderItem"": [ 
        {
            ""OrderSeqNo__c"": ""1"", 
            ""Status__c"": ""01"", 
            ""ProductCode"": ""TEST-001"", 
            ""Quantity"": 1, 
            ""isExclude"": false, 
            ""NetSalesUnitPrice__c"": 500000.0, 
            ""DiscountRate__c"": 0.0 
        }
        
        
        
        
        
        
        
        
        
        

    ],
    ""TransactionJournal"": [ 
        
        
        
        
        
        
        
        
        
        
        {
            ""DepositNo__c"": ""DEP04090"",
            ""DeposiSeqNo__c"": ""1"",
            ""ActivityDate"": ""20260510"",
            ""PaymentMethod"": ""81"",
            ""DepositType__c"": ""01"",
            ""TransactionAmount"": 10000.0,
            ""CouponNo"": """",
            ""OrderNo__c"": null
        }
        ,
          {
            ""DepositNo__c"": ""DEP04091"",
            ""DeposiSeqNo__c"": ""2"",
            ""ActivityDate"": ""20260510"",
            ""PaymentMethod"": ""90"",
            ""DepositType__c"": ""01"",
            ""TransactionAmount"": 5000.0,
            ""CouponNo"": ""COP2026MY0003;-;QJ0IHQIH"",
            ""OrderNo__c"": null
        }
        ,
          {
            ""DepositNo__c"": ""DEP04092"",
            ""DeposiSeqNo__c"": ""3"",
            ""ActivityDate"": ""20260510"",
            ""PaymentMethod"": ""01"",
            ""DepositType__c"": ""01"",
            ""TransactionAmount"": 48500.0,
            ""CouponNo"": """",
            ""OrderNo__c"": null
        }
    ],
    ""InsertId__c"": """" 
}","{
  ""success"" : true,
  ""message"" : ""주문 등록 완료"",
  ""data"" : {
    ""DebitPointList"" : [ {
      ""PT_USE"" : 10000.0000,
      ""NO_SAL_RTN"" : null,
      ""NO_SAL"" : ""SOR04012"",
      ""NO_MBR"" : ""TEST03006"",
      ""ID_INSERT"" : null,
      ""DTS_INSERT"" : ""2026-05-10 18:26:01"",
      ""CD_TYPE_POINT"" : ""07"",
      ""CD_RESON"" : ""1"",
      ""CD_LEDGER"" : ""05wJO0000004QK5YAM"",
      ""CD_JOURNAL"" : ""05wJO0000004PvtYAE"",
      ""AM_SAL"" : null
    } ],
    ""isGoldenBar"" : false,
    ""oiList"" : [ {
      ""attributes"" : {
        ""type"" : ""OrderItem"",
        ""url"" : ""/services/data/v67.0/sobjects/OrderItem/802JO00000546QYYAY""
      },
      ""OrderId"" : ""801JO00000IBevrYAD"",
      ""Status__c"" : ""01"",
      ""PricebookEntryId"" : ""01uJO0000011vRvYAI"",
      ""Quantity"" : 1,
      ""UnitPrice"" : 1000,
      ""OrderItemNo__c"" : ""801JO00000IBevrYAD-1"",
      ""IsExclude__c"" : false,
      ""NetSalesUnitPrice__c"" : 500000.0,
      ""DiscountRate__c"" : 0.0,
      ""Id"" : ""802JO00000546QYYAY""
    } ],
    ""storeType"" : ""09"",
    ""storeTypeFour"" : ""NULL"",
    ""orderId"" : ""801JO00000IBevrYAD"",
    ""InsertId__c"" : """",
    ""TransactionJournal"" : [ {
      ""OrderNo__c"" : null,
      ""CouponNo"" : """",
      ""TransactionAmount"" : 10000.0,
      ""DepositType__c"" : ""01"",
      ""PaymentMethod"" : ""81"",
      ""ActivityDate"" : ""20260510"",
      ""DeposiSeqNo__c"" : ""1"",
      ""DepositNo__c"" : ""DEP04090""
    }, {
      ""OrderNo__c"" : null,
      ""CouponNo"" : ""COP2026MY0003;-;QJ0IHQIH"",
      ""TransactionAmount"" : 5000.0,
      ""DepositType__c"" : ""01"",
      ""PaymentMethod"" : ""90"",
      ""ActivityDate"" : ""20260510"",
      ""DeposiSeqNo__c"" : ""2"",
      ""DepositNo__c"" : ""DEP04091""
    }, {
      ""OrderNo__c"" : null,
      ""CouponNo"" : """",
      ""TransactionAmount"" : 48500.0,
      ""DepositType__c"" : ""01"",
      ""PaymentMethod"" : ""01"",
      ""ActivityDate"" : ""20260510"",
      ""DeposiSeqNo__c"" : ""3"",
      ""DepositNo__c"" : ""DEP04092""
    } ],
    ""OrderItem"" : [ {
      ""DiscountRate__c"" : 0.0,
      ""NetSalesUnitPrice__c"" : 500000.0,
      ""isExclude"" : false,
      ""Quantity"" : 1,
      ""ProductCode"" : ""TEST-001"",
      ""Status__c"" : ""01"",
      ""OrderSeqNo__c"" : ""1""
    } ],
    ""PromotionNo__c"" : ""PRO202604161041"",
    ""Type"" : ""01"",
    ""OrderStatus__c"" : ""01"",
    ""ActualPaymentAmount__c"" : 500000,
    ""OrderNo__c"" : ""SOR04012"",
    ""MemberNo__c"" : ""TEST03006"",
    ""StoreCode__c"" : ""99998"",
    ""AccountId"" : ""GOLDENDEW""
  },
  ""code"" : 200
}"
a12JO000000MeQGYA0,2026-05-10T09:30:51.000+0000,GdSaleApiControllerV1,/gd/v1/sale,"{
    ""AccountId"": ""GOLDENDEW"", 
    ""StoreCode__c"": ""99998"", 
    ""MemberNo__c"": ""TEST03006"", 
    ""SaleNo__c"": ""SAL04046"", 
    ""EndDate"": ""20260510"", 
    ""ActualPaymentAmount__c"": 500000.0, 
    ""SaleStatus__c"": ""01"", 
    ""PromotionNo__c"": ""PRO202604161041"", 
    ""OrderItem"": [ 
         {
            ""SaleSeqNo__c"": ""1"", 
            ""Status__c"": ""01"", 
            ""ProductCode"": ""TEST-001"", 
            ""Quantity"": 1, 
            ""isExclude"": false, 
            ""NetSalesUnitPrice__c"": 500000.0 
            
        }
        
        
        
        
        
        
        
        
        
        
        
        
        
        
        
        
        
        
        
    ],
    ""TransactionJournal"": [ 
        {
            ""DepositNo__c"": ""DEP04093"",
            ""DeposiSeqNo__c"": ""4"",
            ""ActivityDate"": ""20260510"",
            ""PaymentMethod"": ""03"",
            ""DepositType__c"": ""02"",
            ""TransactionAmount"": 436500.0,
            ""CouponNo"": """",
            ""OrderNo__c"": """"
        },
        {
            ""DepositNo__c"": ""DEP04090"",
            ""DeposiSeqNo__c"": ""1"",
            ""ActivityDate"": ""20260510"",
            ""PaymentMethod"": ""81"",
            ""DepositType__c"": ""01"",
            ""TransactionAmount"": 10000.0,
            ""CouponNo"": """",
            ""OrderNo__c"": ""SOR04012""
        }
        ,
          {
            ""DepositNo__c"": ""DEP04091"",
            ""DeposiSeqNo__c"": ""2"",
            ""ActivityDate"": ""20260510"",
            ""PaymentMethod"": ""90"",
            ""DepositType__c"": ""01"",
            ""TransactionAmount"": 5000.0,
            ""CouponNo"": ""COP2026MY0003;-;QJ0IHQIH"",
            ""OrderNo__c"": ""SOR04012""
        }
        ,
          {
            ""DepositNo__c"": ""DEP04092"",
            ""DeposiSeqNo__c"": ""3"",
            ""ActivityDate"": ""20260510"",
            ""PaymentMethod"": ""01"",
            ""DepositType__c"": ""01"",
            ""TransactionAmount"": 48500.0,
            ""CouponNo"": """",
            ""OrderNo__c"": ""SOR04012""
        }
        
        
        
        
        
        
        
        
        
        
        
        
        
        
        
        
        
        
        
        
        
        
        
        
        
        
        
        
        
        
        
        
        
    ],
    ""InsertId__c"": ""골든듀"" 
}","{
  ""success"" : true,
  ""message"" : ""판매 등록 완료"",
  ""data"" : {
    ""CreditPointList"" : [ {
      ""TX_REMARK"" : ""구매포인트|11cJO000001BAZlYAO|1.00"",
      ""PT_TARGET"" : 4850.0000,
      ""NO_SAL"" : null,
      ""NO_PROM_MBR"" : ""PRO202604161041"",
      ""NO_MBR"" : ""TEST03006"",
      ""NO_GRADE_ADVAN"" : ""01"",
      ""ID_INSERT"" : ""골든듀"",
      ""DTS_INSERT"" : ""2026-05-10 18:30:50"",
      ""DT_SAVE_PLAN"" : null,
      ""DT_LIMIT_START"" : ""2026-05-10 09:00:00"",
      ""DT_LIMIT_END"" : ""2028-05-10"",
      ""DT_DESTROY_PLAN"" : ""2028-05-11"",
      ""CD_TYPE_SAVE"" : ""Credit"",
      ""CD_TYPE_POINT"" : ""01"",
      ""CD_JOURNAL"" : ""05wJO0000004QOvYAM"",
      ""AM_SAL"" : 500000.0
    }, {
      ""TX_REMARK"" : ""사은포인트|11cJO000001BAY9YAO|3.00"",
      ""PT_TARGET"" : 14550.0000,
      ""NO_SAL"" : null,
      ""NO_PROM_MBR"" : ""PRO202604161041"",
      ""NO_MBR"" : ""TEST03006"",
      ""NO_GRADE_ADVAN"" : ""01"",
      ""ID_INSERT"" : ""골든듀"",
      ""DTS_INSERT"" : ""2026-05-10 18:30:50"",
      ""DT_SAVE_PLAN"" : null,
      ""DT_LIMIT_START"" : ""2026-05-10 09:00:00"",
      ""DT_LIMIT_END"" : ""2028-05-10"",
      ""DT_DESTROY_PLAN"" : ""2028-05-11"",
      ""CD_TYPE_SAVE"" : ""Credit"",
      ""CD_TYPE_POINT"" : ""01"",
      ""CD_JOURNAL"" : ""05wJO0000004QOwYAM"",
      ""AM_SAL"" : 500000.0
    } ],
    ""oiList"" : [ {
      ""attributes"" : {
        ""type"" : ""OrderItem"",
        ""url"" : ""/services/data/v67.0/sobjects/OrderItem/802JO000005462TYAQ""
      },
      ""OrderId"" : ""801JO00000IBe9UYAT"",
      ""PricebookEntryId"" : ""01uJO0000011vRvYAI"",
      ""Quantity"" : 1,
      ""UnitPrice"" : 1000,
      ""SaleSeqNo__c"" : ""1"",
      ""SaleItemNo__c"" : ""801JO00000IBe9UYAT-1"",
      ""IsExclude__c"" : false,
      ""NetSalesUnitPrice__c"" : 500000.0,
      ""DiscountRate__c"" : null,
      ""Id"" : ""802JO000005462TYAQ""
    } ],
    ""storeType"" : ""09"",
    ""storeTypeFour"" : ""NULL"",
    ""orderId"" : ""801JO00000IBe9UYAT"",
    ""InsertId__c"" : ""골든듀"",
    ""TransactionJournal"" : [ {
      ""OrderNo__c"" : """",
      ""CouponNo"" : """",
      ""TransactionAmount"" : 436500.0,
      ""DepositType__c"" : ""02"",
      ""PaymentMethod"" : ""03"",
      ""ActivityDate"" : ""20260510"",
      ""DeposiSeqNo__c"" : ""4"",
      ""DepositNo__c"" : ""DEP04093""
    }, {
      ""OrderNo__c"" : ""SOR04012"",
      ""CouponNo"" : """",
      ""TransactionAmount"" : 10000.0,
      ""DepositType__c"" : ""01"",
      ""PaymentMethod"" : ""81"",
      ""ActivityDate"" : ""20260510"",
      ""DeposiSeqNo__c"" : ""1"",
      ""DepositNo__c"" : ""DEP04090""
    }, {
      ""OrderNo__c"" : ""SOR04012"",
      ""CouponNo"" : ""COP2026MY0003;-;QJ0IHQIH"",
      ""TransactionAmount"" : 5000.0,
      ""DepositType__c"" : ""01"",
      ""PaymentMethod"" : ""90"",
      ""ActivityDate"" : ""20260510"",
      ""DeposiSeqNo__c"" : ""2"",
      ""DepositNo__c"" : ""DEP04091""
    }, {
      ""OrderNo__c"" : ""SOR04012"",
      ""CouponNo"" : """",
      ""TransactionAmount"" : 48500.0,
      ""DepositType__c"" : ""01"",
      ""PaymentMethod"" : ""01"",
      ""ActivityDate"" : ""20260510"",
      ""DeposiSeqNo__c"" : ""3"",
      ""DepositNo__c"" : ""DEP04092""
    } ],
    ""OrderItem"" : [ {
      ""NetSalesUnitPrice__c"" : 500000.0,
      ""isExclude"" : false,
      ""Quantity"" : 1,
      ""ProductCode"" : ""TEST-001"",
      ""Status__c"" : ""01"",
      ""SaleSeqNo__c"" : ""1""
    } ],
    ""PromotionNo__c"" : ""PRO202604161041"",
    ""SaleStatus__c"" : ""01"",
    ""ActualPaymentAmount__c"" : 500000.0,
    ""EndDate"" : ""20260510"",
    ""SaleNo__c"" : ""SAL04046"",
    ""MemberNo__c"" : ""TEST03006"",
    ""StoreCode__c"" : ""99998"",
    ""AccountId"" : ""GOLDENDEW""
  },
  ""code"" : 200
}"
a12JO000000Me8eYAC,2026-05-10T09:34:14.000+0000,GdOrderApiControllerV1,/gd/v1/order,"{
    ""AccountId"": ""1000"",
    ""StoreCode__c"": ""99998"",
    ""MemberNo__c"": ""TEST01005"",
    ""OrderNo__c"": ""SOR01V003"",
    ""ActualPaymentAmount__c"": 500000.0,
    ""OrderStatus__c"": ""01"",
    ""Type"": ""01"",
    ""PromotionNo__c"": ""PRO202604161041"",
    ""OrderItem"": [
        {
            ""OrderSeqNo__c"": ""1"",
            ""Status__c"": ""01"",
            ""ProductCode"": ""2A2600001"",
            ""Quantity"": 1,
            ""isExclude"": false,
            ""NetSalesUnitPrice__c"": 500000.0000,
            ""DiscountRate__c"": 0.0000
        }
    ],
    ""TransactionJournal"": [
        {
            ""DepositNo__c"": ""DEP01V009"",
            ""DeposiSeqNo__c"": ""1"",
            ""ActivityDate"": ""20260508"",
            ""PaymentMethod"": ""03"",
            ""DepositType__c"": ""01"",
            ""TransactionAmount"": 50000.0000,
            ""CouponNo"": """",
            ""OrderNo__c"": null
        },
        {
            ""DepositNo__c"": ""DEP01V009"",
            ""DeposiSeqNo__c"": ""2"",
            ""ActivityDate"": ""20260508"",
            ""PaymentMethod"": ""90"",
            ""DepositType__c"": ""01"",
            ""TransactionAmount"": 70000.0000,
            ""CouponNo"": ""COP2026JA0028;-;29"",
            ""OrderNo__c"": null
        }
    ]
}","{
  ""success"" : true,
  ""message"" : ""주문 등록 완료"",
  ""data"" : {
    ""DebitPointList"" : [ ],
    ""isGoldenBar"" : false,
    ""oiList"" : [ {
      ""attributes"" : {
        ""type"" : ""OrderItem"",
        ""url"" : ""/services/data/v67.0/sobjects/OrderItem/802JO0000054468YAA""
      },
      ""OrderId"" : ""801JO00000IBcChYAL"",
      ""Status__c"" : ""01"",
      ""PricebookEntryId"" : ""01uJO000001R0w4YAC"",
      ""Quantity"" : 1,
      ""UnitPrice"" : 500000,
      ""OrderItemNo__c"" : ""801JO00000IBcChYAL-1"",
      ""IsExclude__c"" : false,
      ""NetSalesUnitPrice__c"" : 500000.0000,
      ""DiscountRate__c"" : 0.0000,
      ""Id"" : ""802JO0000054468YAA""
    } ],
    ""storeType"" : ""09"",
    ""storeTypeFour"" : ""NULL"",
    ""orderId"" : ""801JO00000IBcChYAL"",
    ""TransactionJournal"" : [ {
      ""OrderNo__c"" : null,
      ""CouponNo"" : """",
      ""TransactionAmount"" : 50000.0000,
      ""DepositType__c"" : ""01"",
      ""PaymentMethod"" : ""03"",
      ""ActivityDate"" : ""20260508"",
      ""DeposiSeqNo__c"" : ""1"",
      ""DepositNo__c"" : ""DEP01V009""
    }, {
      ""OrderNo__c"" : null,
      ""CouponNo"" : ""COP2026JA0028;-;29"",
      ""TransactionAmount"" : 70000.0000,
      ""DepositType__c"" : ""01"",
      ""PaymentMethod"" : ""90"",
      ""ActivityDate"" : ""20260508"",
      ""DeposiSeqNo__c"" : ""2"",
      ""DepositNo__c"" : ""DEP01V009""
    } ],
    ""OrderItem"" : [ {
      ""DiscountRate__c"" : 0.0000,
      ""NetSalesUnitPrice__c"" : 500000.0000,
      ""isExclude"" : false,
      ""Quantity"" : 1,
      ""ProductCode"" : ""2A2600001"",
      ""Status__c"" : ""01"",
      ""OrderSeqNo__c"" : ""1""
    } ],
    ""PromotionNo__c"" : ""PRO202604161041"",
    ""Type"" : ""01"",
    ""OrderStatus__c"" : ""01"",
    ""ActualPaymentAmount__c"" : 500000.0,
    ""OrderNo__c"" : ""SOR01V003"",
    ""MemberNo__c"" : ""TEST01005"",
    ""StoreCode__c"" : ""99998"",
    ""AccountId"" : ""1000""
  },
  ""code"" : 200
}"
a12JO000000MeZwYAK,2026-05-10T09:36:28.000+0000,GdSaleApiControllerV1,/gd/v1/sale,"{
    ""AccountId"": ""1000"",
    ""StoreCode__c"": ""99998"",
    ""MemberNo__c"": ""TEST01005"",
    ""SaleNo__c"": ""SAL01V007"",
    ""ActualPaymentAmount__c"": 500000.0,
    ""EndDate"": ""20260508"",
    ""SaleStatus__c"": ""01"",
    ""PromotionNo__c"": ""PRO202604161041"",
    ""OrderItem"": [
        {
            ""SaleSeqNo__c"": ""1"",
            ""OrderNo__c"": ""SOR01V003"",
            ""ProductCode"": ""2A2600001"",
            ""Quantity"": 1,
            ""isExclude"": false,
            ""NetSalesUnitPrice__c"": 500000.0000,
            ""DiscountRate__c"": 0.0000
        }
    ],
    ""TransactionJournal"": [
        {
            ""DepositNo__c"": ""DEP01V009"",
            ""DeposiSeqNo__c"": ""1"",
            ""ActivityDate"": ""20260508"",
            ""PaymentMethod"": ""03"",
            ""DepositType__c"": ""01"",
            ""TransactionAmount"": 50000.0000,
            ""CouponNo"": """",
            ""OrderNo__c"": ""SOR01V003""
        },
        {
            ""DepositNo__c"": ""DEP01V009"",
            ""DeposiSeqNo__c"": ""2"",
            ""ActivityDate"": ""20260508"",
            ""PaymentMethod"": ""90"",
            ""DepositType__c"": ""01"",
            ""TransactionAmount"": 70000.0000,
            ""CouponNo"": ""COP2026JA0028;-;29"",
            ""OrderNo__c"": ""SOR01V003""
        },
        {
            ""DepositNo__c"": ""DEP01V010"",
            ""DeposiSeqNo__c"": ""1"",
            ""ActivityDate"": ""20260508"",
            ""PaymentMethod"": ""01"",
            ""DepositType__c"": ""02"",
            ""TransactionAmount"": 380000.0000,
            ""CouponNo"": """",
            ""OrderNo__c"": null
        }
    ]
}","{
  ""success"" : true,
  ""message"" : ""판매 등록 완료"",
  ""data"" : {
    ""CreditPointList"" : [ {
      ""TX_REMARK"" : ""구매포인트|11cJO000001BAZlYAO|2.00"",
      ""PT_TARGET"" : 8600.0000,
      ""NO_SAL"" : null,
      ""NO_PROM_MBR"" : ""PRO202604161041"",
      ""NO_MBR"" : ""TEST01005"",
      ""NO_GRADE_ADVAN"" : ""04"",
      ""ID_INSERT"" : null,
      ""DTS_INSERT"" : ""2026-05-10 18:36:28"",
      ""DT_SAVE_PLAN"" : null,
      ""DT_LIMIT_START"" : ""2026-05-08 09:00:00"",
      ""DT_LIMIT_END"" : ""2028-05-08"",
      ""DT_DESTROY_PLAN"" : ""2028-05-09"",
      ""CD_TYPE_SAVE"" : ""Credit"",
      ""CD_TYPE_POINT"" : ""01"",
      ""CD_JOURNAL"" : ""05wJO0000004QWzYAM"",
      ""AM_SAL"" : 500000.0
    }, {
      ""TX_REMARK"" : ""사은포인트|11cJO000001BAY9YAO|3.00"",
      ""PT_TARGET"" : 12900.0000,
      ""NO_SAL"" : null,
      ""NO_PROM_MBR"" : ""PRO202604161041"",
      ""NO_MBR"" : ""TEST01005"",
      ""NO_GRADE_ADVAN"" : ""04"",
      ""ID_INSERT"" : null,
      ""DTS_INSERT"" : ""2026-05-10 18:36:28"",
      ""DT_SAVE_PLAN"" : null,
      ""DT_LIMIT_START"" : ""2026-05-08 09:00:00"",
      ""DT_LIMIT_END"" : ""2028-05-08"",
      ""DT_DESTROY_PLAN"" : ""2028-05-09"",
      ""CD_TYPE_SAVE"" : ""Credit"",
      ""CD_TYPE_POINT"" : ""01"",
      ""CD_JOURNAL"" : ""05wJO0000004QX0YAM"",
      ""AM_SAL"" : 500000.0
    } ],
    ""oiList"" : [ {
      ""attributes"" : {
        ""type"" : ""OrderItem"",
        ""url"" : ""/services/data/v67.0/sobjects/OrderItem/802JO00000546K6YAI""
      },
      ""OrderId"" : ""801JO00000IBcfbYAD"",
      ""PricebookEntryId"" : ""01uJO000001R0w4YAC"",
      ""Quantity"" : 1,
      ""UnitPrice"" : 500000,
      ""SaleSeqNo__c"" : ""1"",
      ""SaleItemNo__c"" : ""801JO00000IBcfbYAD-1"",
      ""IsExclude__c"" : false,
      ""NetSalesUnitPrice__c"" : 500000.0000,
      ""DiscountRate__c"" : 0.0000,
      ""OrderId__c"" : ""801JO00000IBcChYAL"",
      ""Id"" : ""802JO00000546K6YAI""
    } ],
    ""storeType"" : ""09"",
    ""storeTypeFour"" : ""NULL"",
    ""orderId"" : ""801JO00000IBcfbYAD"",
    ""TransactionJournal"" : [ {
      ""OrderNo__c"" : ""SOR01V003"",
      ""CouponNo"" : """",
      ""TransactionAmount"" : 50000.0000,
      ""DepositType__c"" : ""01"",
      ""PaymentMethod"" : ""03"",
      ""ActivityDate"" : ""20260508"",
      ""DeposiSeqNo__c"" : ""1"",
      ""DepositNo__c"" : ""DEP01V009""
    }, {
      ""OrderNo__c"" : ""SOR01V003"",
      ""CouponNo"" : ""COP2026JA0028;-;29"",
      ""TransactionAmount"" : 70000.0000,
      ""DepositType__c"" : ""01"",
      ""PaymentMethod"" : ""90"",
      ""ActivityDate"" : ""20260508"",
      ""DeposiSeqNo__c"" : ""2"",
      ""DepositNo__c"" : ""DEP01V009""
    }, {
      ""OrderNo__c"" : null,
      ""CouponNo"" : """",
      ""TransactionAmount"" : 380000.0000,
      ""DepositType__c"" : ""02"",
      ""PaymentMethod"" : ""01"",
      ""ActivityDate"" : ""20260508"",
      ""DeposiSeqNo__c"" : ""1"",
      ""DepositNo__c"" : ""DEP01V010""
    } ],
    ""OrderItem"" : [ {
      ""DiscountRate__c"" : 0.0000,
      ""NetSalesUnitPrice__c"" : 500000.0000,
      ""isExclude"" : false,
      ""Quantity"" : 1,
      ""ProductCode"" : ""2A2600001"",
      ""OrderNo__c"" : ""SOR01V003"",
      ""SaleSeqNo__c"" : ""1""
    } ],
    ""PromotionNo__c"" : ""PRO202604161041"",
    ""SaleStatus__c"" : ""01"",
    ""EndDate"" : ""20260508"",
    ""ActualPaymentAmount__c"" : 500000.0,
    ""SaleNo__c"" : ""SAL01V007"",
    ""MemberNo__c"" : ""TEST01005"",
    ""StoreCode__c"" : ""99998"",
    ""AccountId"" : ""1000""
  },
  ""code"" : 200
}"
a12JO000000MeTVYA0,2026-05-10T09:43:45.000+0000,GdSaleApiControllerV1,/gd/v1/sale,"{
    ""AccountId"": ""1000"",
    ""StoreCode__c"": ""99998"",
    ""MemberNo__c"": ""TEST01005"",
    ""SaleNo__c"": ""SAL01V009"",
    ""ActualPaymentAmount__c"": 500000.0,
    ""EndDate"": ""20260508"",
    ""SaleStatus__c"": ""01"",
    ""PromotionNo__c"": ""PRO202604161041"",
    ""OrderItem"": [
        {
            ""SaleSeqNo__c"": ""1"",
            ""OrderNo__c"": null,
            ""ProductCode"": ""2A2600001"",
            ""Quantity"": 1,
            ""isExclude"": false,
            ""NetSalesUnitPrice__c"": 500000.0000,
            ""DiscountRate__c"": 0.0000
        }
    ],
    ""TransactionJournal"": [
        {
            ""DepositNo__c"": ""DEP01V012"",
            ""DeposiSeqNo__c"": ""1"",
            ""ActivityDate"": ""20260508"",
            ""PaymentMethod"": ""01"",
            ""DepositType__c"": ""02"",
            ""TransactionAmount"": 430000.0000,
            ""CouponNo"": """",
            ""OrderNo__c"": null
        },
        {
            ""DepositNo__c"": ""DEP01V012"",
            ""DeposiSeqNo__c"": ""2"",
            ""ActivityDate"": ""20260508"",
            ""PaymentMethod"": ""90"",
            ""DepositType__c"": ""02"",
            ""TransactionAmount"": 70000.0000,
            ""CouponNo"": ""COP2026JA0028;-;29"",
            ""OrderNo__c"": null
        }
    ]
}","{
  ""success"" : true,
  ""message"" : ""판매 등록 완료"",
  ""data"" : {
    ""CreditPointList"" : [ {
      ""TX_REMARK"" : ""구매포인트|11cJO000001BAZlYAO|2.00"",
      ""PT_TARGET"" : 8600.0000,
      ""NO_SAL"" : null,
      ""NO_PROM_MBR"" : ""PRO202604161041"",
      ""NO_MBR"" : ""TEST01005"",
      ""NO_GRADE_ADVAN"" : ""04"",
      ""ID_INSERT"" : null,
      ""DTS_INSERT"" : ""2026-05-10 18:43:44"",
      ""DT_SAVE_PLAN"" : null,
      ""DT_LIMIT_START"" : ""2026-05-08 09:00:00"",
      ""DT_LIMIT_END"" : ""2028-05-08"",
      ""DT_DESTROY_PLAN"" : ""2028-05-09"",
      ""CD_TYPE_SAVE"" : ""Credit"",
      ""CD_TYPE_POINT"" : ""01"",
      ""CD_JOURNAL"" : ""05wJO0000004Qf3YAE"",
      ""AM_SAL"" : 500000.0
    }, {
      ""TX_REMARK"" : ""사은포인트|11cJO000001BAY9YAO|3.00"",
      ""PT_TARGET"" : 12900.0000,
      ""NO_SAL"" : null,
      ""NO_PROM_MBR"" : ""PRO202604161041"",
      ""NO_MBR"" : ""TEST01005"",
      ""NO_GRADE_ADVAN"" : ""04"",
      ""ID_INSERT"" : null,
      ""DTS_INSERT"" : ""2026-05-10 18:43:44"",
      ""DT_SAVE_PLAN"" : null,
      ""DT_LIMIT_START"" : ""2026-05-08 09:00:00"",
      ""DT_LIMIT_END"" : ""2028-05-08"",
      ""DT_DESTROY_PLAN"" : ""2028-05-09"",
      ""CD_TYPE_SAVE"" : ""Credit"",
      ""CD_TYPE_POINT"" : ""01"",
      ""CD_JOURNAL"" : ""05wJO0000004Qf4YAE"",
      ""AM_SAL"" : 500000.0
    } ],
    ""oiList"" : [ {
      ""attributes"" : {
        ""type"" : ""OrderItem"",
        ""url"" : ""/services/data/v67.0/sobjects/OrderItem/802JO000005471dYAA""
      },
      ""OrderId"" : ""801JO00000IBfGtYAL"",
      ""PricebookEntryId"" : ""01uJO000001R0w4YAC"",
      ""Quantity"" : 1,
      ""UnitPrice"" : 500000,
      ""SaleSeqNo__c"" : ""1"",
      ""SaleItemNo__c"" : ""801JO00000IBfGtYAL-1"",
      ""IsExclude__c"" : false,
      ""NetSalesUnitPrice__c"" : 500000.0000,
      ""DiscountRate__c"" : 0.0000,
      ""Id"" : ""802JO000005471dYAA""
    } ],
    ""storeType"" : ""09"",
    ""storeTypeFour"" : ""NULL"",
    ""orderId"" : ""801JO00000IBfGtYAL"",
    ""TransactionJournal"" : [ {
      ""OrderNo__c"" : null,
      ""CouponNo"" : """",
      ""TransactionAmount"" : 430000.0000,
      ""DepositType__c"" : ""02"",
      ""PaymentMethod"" : ""01"",
      ""ActivityDate"" : ""20260508"",
      ""DeposiSeqNo__c"" : ""1"",
      ""DepositNo__c"" : ""DEP01V012""
    }, {
      ""OrderNo__c"" : null,
      ""CouponNo"" : ""COP2026JA0028;-;29"",
      ""TransactionAmount"" : 70000.0000,
      ""DepositType__c"" : ""02"",
      ""PaymentMethod"" : ""90"",
      ""ActivityDate"" : ""20260508"",
      ""DeposiSeqNo__c"" : ""2"",
      ""DepositNo__c"" : ""DEP01V012""
    } ],
    ""OrderItem"" : [ {
      ""DiscountRate__c"" : 0.0000,
      ""NetSalesUnitPrice__c"" : 500000.0000,
      ""isExclude"" : false,
      ""Quantity"" : 1,
      ""ProductCode"" : ""2A2600001"",
      ""OrderNo__c"" : null,
      ""SaleSeqNo__c"" : ""1""
    } ],
    ""PromotionNo__c"" : ""PRO202604161041"",
    ""SaleStatus__c"" : ""01"",
    ""EndDate"" : ""20260508"",
    ""ActualPaymentAmount__c"" : 500000.0,
    ""SaleNo__c"" : ""SAL01V009"",
    ""MemberNo__c"" : ""TEST01005"",
    ""StoreCode__c"" : ""99998"",
    ""AccountId"" : ""1000""
  },
  ""code"" : 200
}"
a12JO000000MdxDYAS,2026-05-10T09:44:56.000+0000,GdOrderApiControllerV1,/gd/v1/order,"{
    ""AccountId"": ""1000"",
    ""StoreCode__c"": ""99998"",
    ""MemberNo__c"": ""TEST02006"",
    ""OrderNo__c"": ""SOR02V013"",
    ""ActualPaymentAmount__c"": 1000000.0,
    ""OrderStatus__c"": ""01"",
    ""Type"": ""01"",
    ""PromotionNo__c"": ""PRO202604161041"",
    ""OrderItem"": [
        {
            ""OrderSeqNo__c"": ""1"",
            ""Status__c"": ""01"",
            ""ProductCode"": ""2A2600001"",
            ""Quantity"": 2,
            ""isExclude"": false,
            ""NetSalesUnitPrice__c"": 500000.0000,
            ""DiscountRate__c"": 0.0000
        }
        
        
        
        
        
        
        
        
        
        
    ],
    ""TransactionJournal"": [
        {
            ""DepositNo__c"": ""DEP02V013"",
            ""DeposiSeqNo__c"": ""1"",
            ""ActivityDate"": ""20260510"",
            ""PaymentMethod"": ""01"",
            ""DepositType__c"": ""01"",
            ""TransactionAmount"": 100000.0000,
            ""CouponNo"": """",
            ""OrderNo__c"": null
        }
    ]
}","{
  ""success"" : false,
  ""message"" : ""Insert failed. First exception on row 0; first error: DUPLICATE_VALUE, 중복 값 발견: DepositNo__c이(가) ID가 다음과 같은 레코드의 값과 중복됩니다. 0lVJO000000CHZl2AO: []"",
  ""code"" : 500
}"
a12JO000000Mei0YAC,2026-05-10T09:45:08.000+0000,GdOrderApiControllerV1,/gd/v1/order,"{
    ""AccountId"": ""1000"",
    ""StoreCode__c"": ""99998"",
    ""MemberNo__c"": ""TEST02006"",
    ""OrderNo__c"": ""SOR02V014"",
    ""ActualPaymentAmount__c"": 1000000.0,
    ""OrderStatus__c"": ""01"",
    ""Type"": ""01"",
    ""PromotionNo__c"": ""PRO202604161041"",
    ""OrderItem"": [
        {
            ""OrderSeqNo__c"": ""1"",
            ""Status__c"": ""01"",
            ""ProductCode"": ""2A2600001"",
            ""Quantity"": 2,
            ""isExclude"": false,
            ""NetSalesUnitPrice__c"": 500000.0000,
            ""DiscountRate__c"": 0.0000
        }
        
        
        
        
        
        
        
        
        
        
    ],
    ""TransactionJournal"": [
        {
            ""DepositNo__c"": ""DEP02V014"",
            ""DeposiSeqNo__c"": ""1"",
            ""ActivityDate"": ""20260510"",
            ""PaymentMethod"": ""01"",
            ""DepositType__c"": ""01"",
            ""TransactionAmount"": 100000.0000,
            ""CouponNo"": """",
            ""OrderNo__c"": null
        }
    ]
}","{
  ""success"" : true,
  ""message"" : ""주문 등록 완료"",
  ""data"" : {
    ""DebitPointList"" : [ ],
    ""isGoldenBar"" : false,
    ""oiList"" : [ {
      ""attributes"" : {
        ""type"" : ""OrderItem"",
        ""url"" : ""/services/data/v67.0/sobjects/OrderItem/802JO0000054690YAA""
      },
      ""OrderId"" : ""801JO00000IBeflYAD"",
      ""Status__c"" : ""01"",
      ""PricebookEntryId"" : ""01uJO000001R0w4YAC"",
      ""Quantity"" : 2,
      ""UnitPrice"" : 500000,
      ""OrderItemNo__c"" : ""801JO00000IBeflYAD-1"",
      ""IsExclude__c"" : false,
      ""NetSalesUnitPrice__c"" : 500000.0000,
      ""DiscountRate__c"" : 0.0000,
      ""Id"" : ""802JO0000054690YAA""
    } ],
    ""storeType"" : ""09"",
    ""storeTypeFour"" : ""NULL"",
    ""orderId"" : ""801JO00000IBeflYAD"",
    ""TransactionJournal"" : [ {
      ""OrderNo__c"" : null,
      ""CouponNo"" : """",
      ""TransactionAmount"" : 100000.0000,
      ""DepositType__c"" : ""01"",
      ""PaymentMethod"" : ""01"",
      ""ActivityDate"" : ""20260510"",
      ""DeposiSeqNo__c"" : ""1"",
      ""DepositNo__c"" : ""DEP02V014""
    } ],
    ""OrderItem"" : [ {
      ""DiscountRate__c"" : 0.0000,
      ""NetSalesUnitPrice__c"" : 500000.0000,
      ""isExclude"" : false,
      ""Quantity"" : 2,
      ""ProductCode"" : ""2A2600001"",
      ""Status__c"" : ""01"",
      ""OrderSeqNo__c"" : ""1""
    } ],
    ""PromotionNo__c"" : ""PRO202604161041"",
    ""Type"" : ""01"",
    ""OrderStatus__c"" : ""01"",
    ""ActualPaymentAmount__c"" : 1000000.0,
    ""OrderNo__c"" : ""SOR02V014"",
    ""MemberNo__c"" : ""TEST02006"",
    ""StoreCode__c"" : ""99998"",
    ""AccountId"" : ""1000""
  },
  ""code"" : 200
}"
a12JO000000MelEYAS,2026-05-10T09:47:52.000+0000,GdSaleApiControllerV1,/gd/v1/sale,"{
    ""AccountId"": ""1000"",
    ""StoreCode__c"": ""99998"",
    ""MemberNo__c"": ""TEST02006"",
    ""SaleNo__c"": ""SAL02V015"",
    ""ActualPaymentAmount__c"": 1000000.0,
    ""EndDate"": ""20260510"",
    ""SaleStatus__c"": ""01"",
    ""PromotionNo__c"": ""PRO202604161041"",
    ""OrderItem"": [
        {
            ""SaleSeqNo__c"": ""1"",
            ""OrderNo__c"": null,
            ""ProductCode"": ""2A2600001"",
            ""Quantity"": 2,
            ""isExclude"": false,
            ""NetSalesUnitPrice__c"": 500000.0000,
            ""DiscountRate__c"": 0.0000
        }
        
        
        
        
        
        
        
        
        
        
    ],
    ""TransactionJournal"": [
        {
            ""DepositNo__c"": ""DEP02V014"",
            ""DeposiSeqNo__c"": ""1"",
            ""ActivityDate"": ""20260510"",
            ""PaymentMethod"": ""01"",
            ""DepositType__c"": ""01"",
            ""TransactionAmount"": 100000.0000,
            ""CouponNo"": """",
            ""OrderNo__c"": ""SOR02V014""
        }
        ,
        {
            ""DepositNo__c"": ""DEP02V015"",
            ""DeposiSeqNo__c"": ""2"",
            ""ActivityDate"": ""20260510"",
            ""PaymentMethod"": ""01"",
            ""DepositType__c"": ""02"",
            ""TransactionAmount"": 800000.0000,
            ""CouponNo"": """",
            ""OrderNo__c"": null
        }
        ,
        {
            ""DepositNo__c"": ""DEP02V015"",
            ""DeposiSeqNo__c"": ""3"",
            ""ActivityDate"": ""20260510"",
            ""PaymentMethod"": ""90"",
            ""DepositType__c"": ""02"",
            ""TransactionAmount"": 50000.0000,
            ""CouponNo"": ""COP2026JA0028;-;36"",
            ""OrderNo__c"": null
        }
        ,
        {
            ""DepositNo__c"": ""DEP02V015"",
            ""DeposiSeqNo__c"": ""4"",
            ""ActivityDate"": ""20260510"",
            ""PaymentMethod"": ""81"",
            ""DepositType__c"": ""02"",
            ""TransactionAmount"": 50000.0000,
            ""CouponNo"": """",
            ""OrderNo__c"": null
        }
    ]
}","{
  ""success"" : true,
  ""message"" : ""판매 등록 완료"",
  ""data"" : {
    ""CreditPointList"" : [ {
      ""TX_REMARK"" : ""구매포인트|11cJO000001BAZlYAO|2.00"",
      ""PT_TARGET"" : 18000.0000,
      ""NO_SAL"" : null,
      ""NO_PROM_MBR"" : ""PRO202604161041"",
      ""NO_MBR"" : ""TEST02006"",
      ""NO_GRADE_ADVAN"" : ""04"",
      ""ID_INSERT"" : null,
      ""DTS_INSERT"" : ""2026-05-10 18:47:52"",
      ""DT_SAVE_PLAN"" : null,
      ""DT_LIMIT_START"" : ""2026-05-10 09:00:00"",
      ""DT_LIMIT_END"" : ""2028-05-10"",
      ""DT_DESTROY_PLAN"" : ""2028-05-11"",
      ""CD_TYPE_SAVE"" : ""Credit"",
      ""CD_TYPE_POINT"" : ""01"",
      ""CD_JOURNAL"" : ""05wJO0000004QjvYAE"",
      ""AM_SAL"" : 1000000.0
    }, {
      ""TX_REMARK"" : ""사은포인트|11cJO000001BAY9YAO|3.00"",
      ""PT_TARGET"" : 27000.0000,
      ""NO_SAL"" : null,
      ""NO_PROM_MBR"" : ""PRO202604161041"",
      ""NO_MBR"" : ""TEST02006"",
      ""NO_GRADE_ADVAN"" : ""04"",
      ""ID_INSERT"" : null,
      ""DTS_INSERT"" : ""2026-05-10 18:47:52"",
      ""DT_SAVE_PLAN"" : null,
      ""DT_LIMIT_START"" : ""2026-05-10 09:00:00"",
      ""DT_LIMIT_END"" : ""2028-05-10"",
      ""DT_DESTROY_PLAN"" : ""2028-05-11"",
      ""CD_TYPE_SAVE"" : ""Credit"",
      ""CD_TYPE_POINT"" : ""01"",
      ""CD_JOURNAL"" : ""05wJO0000004QjwYAE"",
      ""AM_SAL"" : 1000000.0
    } ],
    ""DebitPointList"" : [ {
      ""PT_USE"" : 8652.0000,
      ""NO_SAL_RTN"" : null,
      ""NO_SAL"" : ""SAL02V015"",
      ""NO_MBR"" : ""TEST02006"",
      ""ID_INSERT"" : null,
      ""DTS_INSERT"" : ""2026-05-10 18:47:51"",
      ""CD_TYPE_POINT"" : ""01"",
      ""CD_RESON"" : ""1"",
      ""CD_LEDGER"" : ""05wJO0000004QjtYAE"",
      ""CD_JOURNAL"" : ""05wJO0000004QAQYA2"",
      ""AM_SAL"" : 1000000.0
    }, {
      ""PT_USE"" : 7448.0000,
      ""NO_SAL_RTN"" : null,
      ""NO_SAL"" : ""SAL02V015"",
      ""NO_MBR"" : ""TEST02006"",
      ""ID_INSERT"" : null,
      ""DTS_INSERT"" : ""2026-05-10 18:47:51"",
      ""CD_TYPE_POINT"" : ""01"",
      ""CD_RESON"" : ""1"",
      ""CD_LEDGER"" : ""05wJO0000004QjtYAE"",
      ""CD_JOURNAL"" : ""05wJO0000004QDhYAM"",
      ""AM_SAL"" : 1000000.0
    }, {
      ""PT_USE"" : 33900.0000,
      ""NO_SAL_RTN"" : null,
      ""NO_SAL"" : ""SAL02V015"",
      ""NO_MBR"" : ""TEST02006"",
      ""ID_INSERT"" : null,
      ""DTS_INSERT"" : ""2026-05-10 18:47:51"",
      ""CD_TYPE_POINT"" : ""06"",
      ""CD_RESON"" : ""1"",
      ""CD_LEDGER"" : ""05wJO0000004QjuYAE"",
      ""CD_JOURNAL"" : ""05wJO0000004QaDYAU"",
      ""AM_SAL"" : 1000000.0
    } ],
    ""oiList"" : [ {
      ""attributes"" : {
        ""type"" : ""OrderItem"",
        ""url"" : ""/services/data/v67.0/sobjects/OrderItem/802JO00000545pTYAQ""
      },
      ""OrderId"" : ""801JO00000IBcz1YAD"",
      ""PricebookEntryId"" : ""01uJO000001R0w4YAC"",
      ""Quantity"" : 2,
      ""UnitPrice"" : 500000,
      ""SaleSeqNo__c"" : ""1"",
      ""SaleItemNo__c"" : ""801JO00000IBcz1YAD-1"",
      ""IsExclude__c"" : false,
      ""NetSalesUnitPrice__c"" : 500000.0000,
      ""DiscountRate__c"" : 0.0000,
      ""Id"" : ""802JO00000545pTYAQ""
    } ],
    ""storeType"" : ""09"",
    ""storeTypeFour"" : ""NULL"",
    ""orderId"" : ""801JO00000IBcz1YAD"",
    ""TransactionJournal"" : [ {
      ""OrderNo__c"" : ""SOR02V014"",
      ""CouponNo"" : """",
      ""TransactionAmount"" : 100000.0000,
      ""DepositType__c"" : ""01"",
      ""PaymentMethod"" : ""01"",
      ""ActivityDate"" : ""20260510"",
      ""DeposiSeqNo__c"" : ""1"",
      ""DepositNo__c"" : ""DEP02V014""
    }, {
      ""OrderNo__c"" : null,
      ""CouponNo"" : """",
      ""TransactionAmount"" : 800000.0000,
      ""DepositType__c"" : ""02"",
      ""PaymentMethod"" : ""01"",
      ""ActivityDate"" : ""20260510"",
      ""DeposiSeqNo__c"" : ""2"",
      ""DepositNo__c"" : ""DEP02V015""
    }, {
      ""OrderNo__c"" : null,
      ""CouponNo"" : ""COP2026JA0028;-;36"",
      ""TransactionAmount"" : 50000.0000,
      ""DepositType__c"" : ""02"",
      ""PaymentMethod"" : ""90"",
      ""ActivityDate"" : ""20260510"",
      ""DeposiSeqNo__c"" : ""3"",
      ""DepositNo__c"" : ""DEP02V015""
    }, {
      ""OrderNo__c"" : null,
      ""CouponNo"" : """",
      ""TransactionAmount"" : 50000.0000,
      ""DepositType__c"" : ""02"",
      ""PaymentMethod"" : ""81"",
      ""ActivityDate"" : ""20260510"",
      ""DeposiSeqNo__c"" : ""4"",
      ""DepositNo__c"" : ""DEP02V015""
    } ],
    ""OrderItem"" : [ {
      ""DiscountRate__c"" : 0.0000,
      ""NetSalesUnitPrice__c"" : 500000.0000,
      ""isExclude"" : false,
      ""Quantity"" : 2,
      ""ProductCode"" : ""2A2600001"",
      ""OrderNo__c"" : null,
      ""SaleSeqNo__c"" : ""1""
    } ],
    ""PromotionNo__c"" : ""PRO202604161041"",
    ""SaleStatus__c"" : ""01"",
    ""EndDate"" : ""20260510"",
    ""ActualPaymentAmount__c"" : 1000000.0,
    ""SaleNo__c"" : ""SAL02V015"",
    ""MemberNo__c"" : ""TEST02006"",
    ""StoreCode__c"" : ""99998"",
    ""AccountId"" : ""1000""
  },
  ""code"" : 200
}"
a12JO000000MdlxYAC,2026-05-10T09:47:58.000+0000,GdOrderApiControllerV1,/gd/v1/order,"{
    ""AccountId"": ""GOLDENDEW"", 
    ""StoreCode__c"": ""99998"", 
    ""MemberNo__c"": ""TEST03005"", 
    ""OrderNo__c"": ""SOR04013"", 
    ""ActualPaymentAmount__c"": 500000, 
    ""OrderStatus__c"": ""01"", 
    ""Type"": ""01"", 
    ""PromotionNo__c"": ""PRO202604161041"", 
    ""OrderItem"": [ 
        {
            ""OrderSeqNo__c"": ""1"", 
            ""Status__c"": ""01"", 
            ""ProductCode"": ""TEST-001"", 
            ""Quantity"": 1, 
            ""isExclude"": false, 
            ""NetSalesUnitPrice__c"": 500000.0, 
            ""DiscountRate__c"": 0.0 
        }
        
        
        
        
        
        
        
        
        
        

    ],
    ""TransactionJournal"": [ 
        
        
        
        
        
        
        
        
        
        
        {
            ""DepositNo__c"": ""DEP04095"",
            ""DeposiSeqNo__c"": ""1"",
            ""ActivityDate"": ""20260510"",
            ""PaymentMethod"": ""81"",
            ""DepositType__c"": ""01"",
            ""TransactionAmount"": 10000.0,
            ""CouponNo"": """",
            ""OrderNo__c"": null
        }
        ,
          {
            ""DepositNo__c"": ""DEP04096"",
            ""DeposiSeqNo__c"": ""2"",
            ""ActivityDate"": ""20260510"",
            ""PaymentMethod"": ""90"",
            ""DepositType__c"": ""01"",
            ""TransactionAmount"": 50000.0,
            ""CouponNo"": ""COP2026MY0003;-;7YDITWGH"",
            ""OrderNo__c"": null
        }
        ,
          {
            ""DepositNo__c"": ""DEP04097"",
            ""DeposiSeqNo__c"": ""3"",
            ""ActivityDate"": ""20260510"",
            ""PaymentMethod"": ""01"",
            ""DepositType__c"": ""01"",
            ""TransactionAmount"": 44000.0,
            ""CouponNo"": """",
            ""OrderNo__c"": null
        }
    ],
    ""InsertId__c"": """" 
}","{
  ""success"" : true,
  ""message"" : ""주문 등록 완료"",
  ""data"" : {
    ""DebitPointList"" : [ {
      ""PT_USE"" : 10000.0000,
      ""NO_SAL_RTN"" : null,
      ""NO_SAL"" : ""SOR04013"",
      ""NO_MBR"" : ""TEST03005"",
      ""ID_INSERT"" : null,
      ""DTS_INSERT"" : ""2026-05-10 18:47:58"",
      ""CD_TYPE_POINT"" : ""04"",
      ""CD_RESON"" : ""1"",
      ""CD_LEDGER"" : ""05wJO0000004QlVYAU"",
      ""CD_JOURNAL"" : ""05wJO0000004PpbYAE"",
      ""AM_SAL"" : null
    } ],
    ""isGoldenBar"" : false,
    ""oiList"" : [ {
      ""attributes"" : {
        ""type"" : ""OrderItem"",
        ""url"" : ""/services/data/v67.0/sobjects/OrderItem/802JO00000542KBYAY""
      },
      ""OrderId"" : ""801JO00000IBa4TYAT"",
      ""Status__c"" : ""01"",
      ""PricebookEntryId"" : ""01uJO0000011vRvYAI"",
      ""Quantity"" : 1,
      ""UnitPrice"" : 1000,
      ""OrderItemNo__c"" : ""801JO00000IBa4TYAT-1"",
      ""IsExclude__c"" : false,
      ""NetSalesUnitPrice__c"" : 500000.0,
      ""DiscountRate__c"" : 0.0,
      ""Id"" : ""802JO00000542KBYAY""
    } ],
    ""storeType"" : ""09"",
    ""storeTypeFour"" : ""NULL"",
    ""orderId"" : ""801JO00000IBa4TYAT"",
    ""InsertId__c"" : """",
    ""TransactionJournal"" : [ {
      ""OrderNo__c"" : null,
      ""CouponNo"" : """",
      ""TransactionAmount"" : 10000.0,
      ""DepositType__c"" : ""01"",
      ""PaymentMethod"" : ""81"",
      ""ActivityDate"" : ""20260510"",
      ""DeposiSeqNo__c"" : ""1"",
      ""DepositNo__c"" : ""DEP04095""
    }, {
      ""OrderNo__c"" : null,
      ""CouponNo"" : ""COP2026MY0003;-;7YDITWGH"",
      ""TransactionAmount"" : 50000.0,
      ""DepositType__c"" : ""01"",
      ""PaymentMethod"" : ""90"",
      ""ActivityDate"" : ""20260510"",
      ""DeposiSeqNo__c"" : ""2"",
      ""DepositNo__c"" : ""DEP04096""
    }, {
      ""OrderNo__c"" : null,
      ""CouponNo"" : """",
      ""TransactionAmount"" : 44000.0,
      ""DepositType__c"" : ""01"",
      ""PaymentMethod"" : ""01"",
      ""ActivityDate"" : ""20260510"",
      ""DeposiSeqNo__c"" : ""3"",
      ""DepositNo__c"" : ""DEP04097""
    } ],
    ""OrderItem"" : [ {
      ""DiscountRate__c"" : 0.0,
      ""NetSalesUnitPrice__c"" : 500000.0,
      ""isExclude"" : false,
      ""Quantity"" : 1,
      ""ProductCode"" : ""TEST-001"",
      ""Status__c"" : ""01"",
      ""OrderSeqNo__c"" : ""1""
    } ],
    ""PromotionNo__c"" : ""PRO202604161041"",
    ""Type"" : ""01"",
    ""OrderStatus__c"" : ""01"",
    ""ActualPaymentAmount__c"" : 500000,
    ""OrderNo__c"" : ""SOR04013"",
    ""MemberNo__c"" : ""TEST03005"",
    ""StoreCode__c"" : ""99998"",
    ""AccountId"" : ""GOLDENDEW""
  },
  ""code"" : 200
}"
a12JO000000Mei4YAC,2026-05-10T09:50:44.000+0000,GdOrderApiControllerV1,/gd/v1/order,"{
    ""AccountId"": ""1000"",
    ""StoreCode__c"": ""99997"",
    ""MemberNo__c"": ""TEST01005"",
    ""OrderNo__c"": ""SOR01V004"",
    ""ActualPaymentAmount__c"": 70000.0,
    ""OrderStatus__c"": ""03"",
    ""Type"": ""01"",
    ""PromotionNo__c"": ""PRO202604161041"",
    ""OrderItem"": [
        {
            ""OrderSeqNo__c"": ""1"",
            ""Status__c"": ""01"",
            ""ProductCode"": ""2A2600001"",
            ""Quantity"": 1,
            ""isExclude"": false,
            ""NetSalesUnitPrice__c"": 70000.0000,
            ""DiscountRate__c"": 0.0000
        }
    ],
    ""TransactionJournal"": [
        {
            ""DepositNo__c"": ""DEP01V014"",
            ""DeposiSeqNo__c"": ""1"",
            ""ActivityDate"": ""20260508"",
            ""PaymentMethod"": ""01"",
            ""DepositType__c"": ""01"",
            ""TransactionAmount"": 7000.0000,
            ""CouponNo"": """",
            ""OrderNo__c"": null
        },
        {
            ""DepositNo__c"": ""DEP01V014"",
            ""DeposiSeqNo__c"": ""2"",
            ""ActivityDate"": ""20260508"",
            ""PaymentMethod"": ""90"",
            ""DepositType__c"": ""01"",
            ""TransactionAmount"": 63000.0000,
            ""CouponNo"": ""COP2026MY0024;-;TE8MOI89"",
            ""OrderNo__c"": null
        }
    ]
}","{
  ""success"" : true,
  ""message"" : ""주문 등록 완료"",
  ""data"" : {
    ""DebitPointList"" : [ ],
    ""isGoldenBar"" : false,
    ""oiList"" : [ {
      ""attributes"" : {
        ""type"" : ""OrderItem"",
        ""url"" : ""/services/data/v67.0/sobjects/OrderItem/802JO0000054699YAA""
      },
      ""OrderId"" : ""801JO00000IBefmYAD"",
      ""Status__c"" : ""01"",
      ""PricebookEntryId"" : ""01uJO000001R0w4YAC"",
      ""Quantity"" : 1,
      ""UnitPrice"" : 500000,
      ""OrderItemNo__c"" : ""801JO00000IBefmYAD-1"",
      ""IsExclude__c"" : false,
      ""NetSalesUnitPrice__c"" : 70000.0000,
      ""DiscountRate__c"" : 0.0000,
      ""Id"" : ""802JO0000054699YAA""
    } ],
    ""storeType"" : ""20"",
    ""storeTypeFour"" : ""NULL"",
    ""orderId"" : ""801JO00000IBefmYAD"",
    ""TransactionJournal"" : [ {
      ""OrderNo__c"" : null,
      ""CouponNo"" : """",
      ""TransactionAmount"" : 7000.0000,
      ""DepositType__c"" : ""01"",
      ""PaymentMethod"" : ""01"",
      ""ActivityDate"" : ""20260508"",
      ""DeposiSeqNo__c"" : ""1"",
      ""DepositNo__c"" : ""DEP01V014""
    }, {
      ""OrderNo__c"" : null,
      ""CouponNo"" : ""COP2026MY0024;-;TE8MOI89"",
      ""TransactionAmount"" : 63000.0000,
      ""DepositType__c"" : ""01"",
      ""PaymentMethod"" : ""90"",
      ""ActivityDate"" : ""20260508"",
      ""DeposiSeqNo__c"" : ""2"",
      ""DepositNo__c"" : ""DEP01V014""
    } ],
    ""OrderItem"" : [ {
      ""DiscountRate__c"" : 0.0000,
      ""NetSalesUnitPrice__c"" : 70000.0000,
      ""isExclude"" : false,
      ""Quantity"" : 1,
      ""ProductCode"" : ""2A2600001"",
      ""Status__c"" : ""01"",
      ""OrderSeqNo__c"" : ""1""
    } ],
    ""PromotionNo__c"" : ""PRO202604161041"",
    ""Type"" : ""01"",
    ""OrderStatus__c"" : ""03"",
    ""ActualPaymentAmount__c"" : 70000.0,
    ""OrderNo__c"" : ""SOR01V004"",
    ""MemberNo__c"" : ""TEST01005"",
    ""StoreCode__c"" : ""99997"",
    ""AccountId"" : ""1000""
  },
  ""code"" : 200
}"
a12JO000000MeLUYA0,2026-05-10T09:51:13.000+0000,GdSaleApiControllerV1,/gd/v1/sale,"{
    ""AccountId"": ""GOLDENDEW"", 
    ""StoreCode__c"": ""99998"", 
    ""MemberNo__c"": ""TEST03005"", 
    ""SaleNo__c"": ""SAL04047"", 
    ""EndDate"": ""20260510"", 
    ""ActualPaymentAmount__c"": 500000.0, 
    ""SaleStatus__c"": ""01"", 
    ""PromotionNo__c"": ""PRO202604161041"", 
    ""OrderItem"": [ 
         {
            ""SaleSeqNo__c"": ""1"", 
            ""Status__c"": ""01"", 
            ""ProductCode"": ""TEST-001"", 
            ""Quantity"": 1, 
            ""isExclude"": false, 
            ""NetSalesUnitPrice__c"": 500000.0 
            
        }
        
        
        
        
        
        
        
        
        
        
        
        
        
        
        
        
        
        
        
    ],
    ""TransactionJournal"": [ 
        {
            ""DepositNo__c"": ""DEP04095"",
            ""DeposiSeqNo__c"": ""1"",
            ""ActivityDate"": ""20260510"",
            ""PaymentMethod"": ""81"",
            ""DepositType__c"": ""01"",
            ""TransactionAmount"": 10000.0,
            ""CouponNo"": """",
            ""OrderNo__c"": ""SOR04013""
        }
        ,
          {
            ""DepositNo__c"": ""DEP04096"",
            ""DeposiSeqNo__c"": ""2"",
            ""ActivityDate"": ""20260510"",
            ""PaymentMethod"": ""90"",
            ""DepositType__c"": ""01"",
            ""TransactionAmount"": 50000.0,
            ""CouponNo"": ""COP2026MY0003;-;7YDITWGH"",
            ""OrderNo__c"": ""SOR04013""
        }
        ,
          {
            ""DepositNo__c"": ""DEP04097"",
            ""DeposiSeqNo__c"": ""3"",
            ""ActivityDate"": ""20260510"",
            ""PaymentMethod"": ""01"",
            ""DepositType__c"": ""01"",
            ""TransactionAmount"": 44000.0,
            ""CouponNo"": """",
            ""OrderNo__c"": ""SOR04013""
        }
        ,
          {
            ""DepositNo__c"": ""DEP040001"",
            ""DeposiSeqNo__c"": ""4"",
            ""ActivityDate"": ""20260510"",
            ""PaymentMethod"": ""03"",
            ""DepositType__c"": ""02"",
            ""TransactionAmount"": 396000.0,
            ""CouponNo"": """",
            ""OrderNo__c"": """"
        }
        
        
        
        
        
        
        
        
        
        
        
        
        
        
        
        
        
        
        
        
        
        
        
        
        
        
        
        
        
        
        
        
        
    ],
    ""InsertId__c"": ""골든듀"" 
}","{
  ""success"" : true,
  ""message"" : ""판매 등록 완료"",
  ""data"" : {
    ""CreditPointList"" : [ {
      ""TX_REMARK"" : ""구매포인트|11cJO000001BAZlYAO|1.00"",
      ""PT_TARGET"" : 4400.0000,
      ""NO_SAL"" : null,
      ""NO_PROM_MBR"" : ""PRO202604161041"",
      ""NO_MBR"" : ""TEST03005"",
      ""NO_GRADE_ADVAN"" : ""01"",
      ""ID_INSERT"" : ""골든듀"",
      ""DTS_INSERT"" : ""2026-05-10 18:51:13"",
      ""DT_SAVE_PLAN"" : null,
      ""DT_LIMIT_START"" : ""2026-05-10 09:00:00"",
      ""DT_LIMIT_END"" : ""2028-05-10"",
      ""DT_DESTROY_PLAN"" : ""2028-05-11"",
      ""CD_TYPE_SAVE"" : ""Credit"",
      ""CD_TYPE_POINT"" : ""01"",
      ""CD_JOURNAL"" : ""05wJO0000004QK6YAM"",
      ""AM_SAL"" : 500000.0
    }, {
      ""TX_REMARK"" : ""사은포인트|11cJO000001BAY9YAO|3.00"",
      ""PT_TARGET"" : 13200.0000,
      ""NO_SAL"" : null,
      ""NO_PROM_MBR"" : ""PRO202604161041"",
      ""NO_MBR"" : ""TEST03005"",
      ""NO_GRADE_ADVAN"" : ""01"",
      ""ID_INSERT"" : ""골든듀"",
      ""DTS_INSERT"" : ""2026-05-10 18:51:13"",
      ""DT_SAVE_PLAN"" : null,
      ""DT_LIMIT_START"" : ""2026-05-10 09:00:00"",
      ""DT_LIMIT_END"" : ""2028-05-10"",
      ""DT_DESTROY_PLAN"" : ""2028-05-11"",
      ""CD_TYPE_SAVE"" : ""Credit"",
      ""CD_TYPE_POINT"" : ""01"",
      ""CD_JOURNAL"" : ""05wJO0000004QK7YAM"",
      ""AM_SAL"" : 500000.0
    } ],
    ""oiList"" : [ {
      ""attributes"" : {
        ""type"" : ""OrderItem"",
        ""url"" : ""/services/data/v67.0/sobjects/OrderItem/802JO00000546QZYAY""
      },
      ""OrderId"" : ""801JO00000IBewSYAT"",
      ""PricebookEntryId"" : ""01uJO0000011vRvYAI"",
      ""Quantity"" : 1,
      ""UnitPrice"" : 1000,
      ""SaleSeqNo__c"" : ""1"",
      ""SaleItemNo__c"" : ""801JO00000IBewSYAT-1"",
      ""IsExclude__c"" : false,
      ""NetSalesUnitPrice__c"" : 500000.0,
      ""DiscountRate__c"" : null,
      ""Id"" : ""802JO00000546QZYAY""
    } ],
    ""storeType"" : ""09"",
    ""storeTypeFour"" : ""NULL"",
    ""orderId"" : ""801JO00000IBewSYAT"",
    ""InsertId__c"" : ""골든듀"",
    ""TransactionJournal"" : [ {
      ""OrderNo__c"" : ""SOR04013"",
      ""CouponNo"" : """",
      ""TransactionAmount"" : 10000.0,
      ""DepositType__c"" : ""01"",
      ""PaymentMethod"" : ""81"",
      ""ActivityDate"" : ""20260510"",
      ""DeposiSeqNo__c"" : ""1"",
      ""DepositNo__c"" : ""DEP04095""
    }, {
      ""OrderNo__c"" : ""SOR04013"",
      ""CouponNo"" : ""COP2026MY0003;-;7YDITWGH"",
      ""TransactionAmount"" : 50000.0,
      ""DepositType__c"" : ""01"",
      ""PaymentMethod"" : ""90"",
      ""ActivityDate"" : ""20260510"",
      ""DeposiSeqNo__c"" : ""2"",
      ""DepositNo__c"" : ""DEP04096""
    }, {
      ""OrderNo__c"" : ""SOR04013"",
      ""CouponNo"" : """",
      ""TransactionAmount"" : 44000.0,
      ""DepositType__c"" : ""01"",
      ""PaymentMethod"" : ""01"",
      ""ActivityDate"" : ""20260510"",
      ""DeposiSeqNo__c"" : ""3"",
      ""DepositNo__c"" : ""DEP04097""
    }, {
      ""OrderNo__c"" : """",
      ""CouponNo"" : """",
      ""TransactionAmount"" : 396000.0,
      ""DepositType__c"" : ""02"",
      ""PaymentMethod"" : ""03"",
      ""ActivityDate"" : ""20260510"",
      ""DeposiSeqNo__c"" : ""4"",
      ""DepositNo__c"" : ""DEP040001""
    } ],
    ""OrderItem"" : [ {
      ""NetSalesUnitPrice__c"" : 500000.0,
      ""isExclude"" : false,
      ""Quantity"" : 1,
      ""ProductCode"" : ""TEST-001"",
      ""Status__c"" : ""01"",
      ""SaleSeqNo__c"" : ""1""
    } ],
    ""PromotionNo__c"" : ""PRO202604161041"",
    ""SaleStatus__c"" : ""01"",
    ""ActualPaymentAmount__c"" : 500000.0,
    ""EndDate"" : ""20260510"",
    ""SaleNo__c"" : ""SAL04047"",
    ""MemberNo__c"" : ""TEST03005"",
    ""StoreCode__c"" : ""99998"",
    ""AccountId"" : ""GOLDENDEW""
  },
  ""code"" : 200
}"
a12JO000000MdVpYAK,2026-05-10T09:58:46.000+0000,GdSaleApiControllerV1,/gd/v1/sale,"{
    ""AccountId"": ""1000"",
    ""StoreCode__c"": ""99997"",
    ""MemberNo__c"": ""TEST01005"",
    ""SaleNo__c"": ""SAL01V011"",
    ""ActualPaymentAmount__c"": 70000.0,
    ""EndDate"": ""20260508"",
    ""SaleStatus__c"": ""01"",
    ""PromotionNo__c"": ""PRO202604161041"",
    ""OrderItem"": [
        {
            ""SaleSeqNo__c"": ""1"",
            ""OrderNo__c"": ""SOR01V004"",
            ""ProductCode"": ""2A2600001"",
            ""Quantity"": 1,
            ""isExclude"": false,
            ""NetSalesUnitPrice__c"": 70000.0000,
            ""DiscountRate__c"": 0.0000
        }
    ],
    ""TransactionJournal"": [
        {
            ""DepositNo__c"": ""DEP01V015"",
            ""DeposiSeqNo__c"": ""1"",
            ""ActivityDate"": ""20260508"",
            ""PaymentMethod"": ""01"",
            ""DepositType__c"": ""02"",
            ""TransactionAmount"": 7000.0000,
            ""CouponNo"": """",
            ""OrderNo__c"": ""SOR01V004""
        },
        {
            ""DepositNo__c"": ""DEP01V015"",
            ""DeposiSeqNo__c"": ""2"",
            ""ActivityDate"": ""20260508"",
            ""PaymentMethod"": ""90"",
            ""DepositType__c"": ""02"",
            ""TransactionAmount"": 63000.0000,
            ""CouponNo"": ""COP2026MY0024;-;TE8MOI89"",
            ""OrderNo__c"": ""SOR01V004""
        }
    ]
}","{
  ""success"" : true,
  ""message"" : ""판매 등록 완료"",
  ""data"" : {
    ""oiList"" : [ {
      ""attributes"" : {
        ""type"" : ""OrderItem"",
        ""url"" : ""/services/data/v67.0/sobjects/OrderItem/802JO00000541RPYAY""
      },
      ""OrderId"" : ""801JO00000IBHYCYA5"",
      ""PricebookEntryId"" : ""01uJO000001R0w4YAC"",
      ""Quantity"" : 1,
      ""UnitPrice"" : 500000,
      ""SaleSeqNo__c"" : ""1"",
      ""SaleItemNo__c"" : ""801JO00000IBHYCYA5-1"",
      ""IsExclude__c"" : false,
      ""NetSalesUnitPrice__c"" : 70000.0000,
      ""DiscountRate__c"" : 0.0000,
      ""OrderId__c"" : ""801JO00000IBefmYAD"",
      ""Id"" : ""802JO00000541RPYAY""
    } ],
    ""storeType"" : ""20"",
    ""storeTypeFour"" : ""NULL"",
    ""orderId"" : ""801JO00000IBHYCYA5"",
    ""TransactionJournal"" : [ {
      ""OrderNo__c"" : ""SOR01V004"",
      ""CouponNo"" : """",
      ""TransactionAmount"" : 7000.0000,
      ""DepositType__c"" : ""02"",
      ""PaymentMethod"" : ""01"",
      ""ActivityDate"" : ""20260508"",
      ""DeposiSeqNo__c"" : ""1"",
      ""DepositNo__c"" : ""DEP01V015""
    }, {
      ""OrderNo__c"" : ""SOR01V004"",
      ""CouponNo"" : ""COP2026MY0024;-;TE8MOI89"",
      ""TransactionAmount"" : 63000.0000,
      ""DepositType__c"" : ""02"",
      ""PaymentMethod"" : ""90"",
      ""ActivityDate"" : ""20260508"",
      ""DeposiSeqNo__c"" : ""2"",
      ""DepositNo__c"" : ""DEP01V015""
    } ],
    ""OrderItem"" : [ {
      ""DiscountRate__c"" : 0.0000,
      ""NetSalesUnitPrice__c"" : 70000.0000,
      ""isExclude"" : false,
      ""Quantity"" : 1,
      ""ProductCode"" : ""2A2600001"",
      ""OrderNo__c"" : ""SOR01V004"",
      ""SaleSeqNo__c"" : ""1""
    } ],
    ""PromotionNo__c"" : ""PRO202604161041"",
    ""SaleStatus__c"" : ""01"",
    ""EndDate"" : ""20260508"",
    ""ActualPaymentAmount__c"" : 70000.0,
    ""SaleNo__c"" : ""SAL01V011"",
    ""MemberNo__c"" : ""TEST01005"",
    ""StoreCode__c"" : ""99997"",
    ""AccountId"" : ""1000""
  },
  ""code"" : 200
}"
a12JO000000Mf69YAC,2026-05-10T10:27:37.000+0000,GdSaleApiControllerV1,/gd/v1/sale,"{
    ""AccountId"": ""1000"",
    ""StoreCode__c"": ""99998"",
    ""MemberNo__c"": ""TEST02007"",
    ""SaleNo__c"": ""SAL02V016"",
    ""ActualPaymentAmount__c"": 1000000.0,
    ""EndDate"": ""20260510"",
    ""SaleStatus__c"": ""01"",
    ""PromotionNo__c"": ""PRO202604161041"",
    ""OrderItem"": [
        {
            ""SaleSeqNo__c"": ""1"",
            ""OrderNo__c"": null,
            ""ProductCode"": ""2A2600001"",
            ""Quantity"": 2,
            ""isExclude"": false,
            ""NetSalesUnitPrice__c"": 500000.0000,
            ""DiscountRate__c"": 0.0000
        }
        
        
        
        
        
        
        
        
        
        
    ],
    ""TransactionJournal"": [
        
        
        
        
        
        
        
        
        
        
        ,
        {
            ""DepositNo__c"": ""DEP02V016"",
            ""DeposiSeqNo__c"": ""1"",
            ""ActivityDate"": ""20260510"",
            ""PaymentMethod"": ""01"",
            ""DepositType__c"": ""02"",
            ""TransactionAmount"": 950000.0000,
            ""CouponNo"": """",
            ""OrderNo__c"": null
        }
        ,
        {
            ""DepositNo__c"": ""DEP02V016"",
            ""DeposiSeqNo__c"": ""2"",
            ""ActivityDate"": ""20260510"",
            ""PaymentMethod"": ""90"",
            ""DepositType__c"": ""02"",
            ""TransactionAmount"": 50000.0000,
            ""CouponNo"": ""COP2026JA0022;-;169"",
            ""OrderNo__c"": null
        }
        
        
        
        
        
        
        
        
        
        
        
    ]
}","{
  ""success"" : false,
  ""message"" : ""JSON 역직렬화 실패: Unexpected character (',' (code 44)): expected a valid value (number, String, array, object, 'true', 'false' or 'null') at [line:42, column:10]"",
  ""code"" : 400
}"
a12JO000000Mf1KYAS,2026-05-10T10:27:46.000+0000,GdSaleApiControllerV1,/gd/v1/sale,"{
    ""AccountId"": ""1000"",
    ""StoreCode__c"": ""99998"",
    ""MemberNo__c"": ""TEST02007"",
    ""SaleNo__c"": ""SAL02V016"",
    ""ActualPaymentAmount__c"": 1000000.0,
    ""EndDate"": ""20260510"",
    ""SaleStatus__c"": ""01"",
    ""PromotionNo__c"": ""PRO202604161041"",
    ""OrderItem"": [
        {
            ""SaleSeqNo__c"": ""1"",
            ""OrderNo__c"": null,
            ""ProductCode"": ""2A2600001"",
            ""Quantity"": 2,
            ""isExclude"": false,
            ""NetSalesUnitPrice__c"": 500000.0000,
            ""DiscountRate__c"": 0.0000
        }
        
        
        
        
        
        
        
        
        
        
    ],
    ""TransactionJournal"": [
        
        
        
        
        
        
        
        
        
        
        
        {
            ""DepositNo__c"": ""DEP02V016"",
            ""DeposiSeqNo__c"": ""1"",
            ""ActivityDate"": ""20260510"",
            ""PaymentMethod"": ""01"",
            ""DepositType__c"": ""02"",
            ""TransactionAmount"": 950000.0000,
            ""CouponNo"": """",
            ""OrderNo__c"": null
        }
        ,
        {
            ""DepositNo__c"": ""DEP02V016"",
            ""DeposiSeqNo__c"": ""2"",
            ""ActivityDate"": ""20260510"",
            ""PaymentMethod"": ""90"",
            ""DepositType__c"": ""02"",
            ""TransactionAmount"": 50000.0000,
            ""CouponNo"": ""COP2026JA0022;-;169"",
            ""OrderNo__c"": null
        }
        
        
        
        
        
        
        
        
        
        
        
    ]
}","{
  ""success"" : false,
  ""message"" : ""SaleNo__c already exists."",
  ""code"" : 400
}"
a12JO000000Mf7mYAC,2026-05-10T10:27:52.000+0000,GdSaleApiControllerV1,/gd/v1/sale,"{
    ""AccountId"": ""1000"",
    ""StoreCode__c"": ""99998"",
    ""MemberNo__c"": ""TEST02007"",
    ""SaleNo__c"": ""SAL02V017"",
    ""ActualPaymentAmount__c"": 1000000.0,
    ""EndDate"": ""20260510"",
    ""SaleStatus__c"": ""01"",
    ""PromotionNo__c"": ""PRO202604161041"",
    ""OrderItem"": [
        {
            ""SaleSeqNo__c"": ""1"",
            ""OrderNo__c"": null,
            ""ProductCode"": ""2A2600001"",
            ""Quantity"": 2,
            ""isExclude"": false,
            ""NetSalesUnitPrice__c"": 500000.0000,
            ""DiscountRate__c"": 0.0000
        }
        
        
        
        
        
        
        
        
        
        
    ],
    ""TransactionJournal"": [
        
        
        
        
        
        
        
        
        
        
        
        {
            ""DepositNo__c"": ""DEP02V016"",
            ""DeposiSeqNo__c"": ""1"",
            ""ActivityDate"": ""20260510"",
            ""PaymentMethod"": ""01"",
            ""DepositType__c"": ""02"",
            ""TransactionAmount"": 950000.0000,
            ""CouponNo"": """",
            ""OrderNo__c"": null
        }
        ,
        {
            ""DepositNo__c"": ""DEP02V016"",
            ""DeposiSeqNo__c"": ""2"",
            ""ActivityDate"": ""20260510"",
            ""PaymentMethod"": ""90"",
            ""DepositType__c"": ""02"",
            ""TransactionAmount"": 50000.0000,
            ""CouponNo"": ""COP2026JA0022;-;169"",
            ""OrderNo__c"": null
        }
        
        
        
        
        
        
        
        
        
        
        
    ]
}","{
  ""success"" : false,
  ""message"" : ""Insert failed. First exception on row 0; first error: DUPLICATE_VALUE, 중복 값 발견: DepositNo__c이(가) ID가 다음과 같은 레코드의 값과 중복됩니다. 0lVJO000000CHoH2AW: []"",
  ""code"" : 500
}"
a12JO000000Mf9QYAS,2026-05-10T10:28:05.000+0000,GdSaleApiControllerV1,/gd/v1/sale,"{
    ""AccountId"": ""1000"",
    ""StoreCode__c"": ""99998"",
    ""MemberNo__c"": ""TEST02007"",
    ""SaleNo__c"": ""SAL02V017"",
    ""ActualPaymentAmount__c"": 1000000.0,
    ""EndDate"": ""20260510"",
    ""SaleStatus__c"": ""01"",
    ""PromotionNo__c"": ""PRO202604161041"",
    ""OrderItem"": [
        {
            ""SaleSeqNo__c"": ""1"",
            ""OrderNo__c"": null,
            ""ProductCode"": ""2A2600001"",
            ""Quantity"": 2,
            ""isExclude"": false,
            ""NetSalesUnitPrice__c"": 500000.0000,
            ""DiscountRate__c"": 0.0000
        }
        
        
        
        
        
        
        
        
        
        
    ],
    ""TransactionJournal"": [
        
        
        
        
        
        
        
        
        
        
        
        {
            ""DepositNo__c"": ""DEP02V076"",
            ""DeposiSeqNo__c"": ""1"",
            ""ActivityDate"": ""20260510"",
            ""PaymentMethod"": ""01"",
            ""DepositType__c"": ""02"",
            ""TransactionAmount"": 950000.0000,
            ""CouponNo"": """",
            ""OrderNo__c"": null
        }
        ,
        {
            ""DepositNo__c"": ""DEP02V017"",
            ""DeposiSeqNo__c"": ""2"",
            ""ActivityDate"": ""20260510"",
            ""PaymentMethod"": ""90"",
            ""DepositType__c"": ""02"",
            ""TransactionAmount"": 50000.0000,
            ""CouponNo"": ""COP2026JA0022;-;169"",
            ""OrderNo__c"": null
        }
        
        
        
        
        
        
        
        
        
        
        
    ]
}","{
  ""success"" : true,
  ""message"" : ""판매 등록 완료"",
  ""data"" : {
    ""CreditPointList"" : [ {
      ""TX_REMARK"" : ""구매포인트|11cJO000001BAZlYAO|2.00"",
      ""PT_TARGET"" : 19000.0000,
      ""NO_SAL"" : null,
      ""NO_PROM_MBR"" : ""PRO202604161041"",
      ""NO_MBR"" : ""TEST02007"",
      ""NO_GRADE_ADVAN"" : ""03"",
      ""ID_INSERT"" : null,
      ""DTS_INSERT"" : ""2026-05-10 19:28:05"",
      ""DT_SAVE_PLAN"" : null,
      ""DT_LIMIT_START"" : ""2026-05-10 09:00:00"",
      ""DT_LIMIT_END"" : ""2028-05-10"",
      ""DT_DESTROY_PLAN"" : ""2028-05-11"",
      ""CD_TYPE_SAVE"" : ""Credit"",
      ""CD_TYPE_POINT"" : ""01"",
      ""CD_JOURNAL"" : ""05wJO0000004QrxYAE"",
      ""AM_SAL"" : 1000000.0
    }, {
      ""TX_REMARK"" : ""사은포인트|11cJO000001BAY9YAO|3.00"",
      ""PT_TARGET"" : 28500.0000,
      ""NO_SAL"" : null,
      ""NO_PROM_MBR"" : ""PRO202604161041"",
      ""NO_MBR"" : ""TEST02007"",
      ""NO_GRADE_ADVAN"" : ""03"",
      ""ID_INSERT"" : null,
      ""DTS_INSERT"" : ""2026-05-10 19:28:05"",
      ""DT_SAVE_PLAN"" : null,
      ""DT_LIMIT_START"" : ""2026-05-10 09:00:00"",
      ""DT_LIMIT_END"" : ""2028-05-10"",
      ""DT_DESTROY_PLAN"" : ""2028-05-11"",
      ""CD_TYPE_SAVE"" : ""Credit"",
      ""CD_TYPE_POINT"" : ""01"",
      ""CD_JOURNAL"" : ""05wJO0000004QryYAE"",
      ""AM_SAL"" : 1000000.0
    } ],
    ""oiList"" : [ {
      ""attributes"" : {
        ""type"" : ""OrderItem"",
        ""url"" : ""/services/data/v67.0/sobjects/OrderItem/802JO00000547mRYAQ""
      },
      ""OrderId"" : ""801JO00000IBg3CYAT"",
      ""PricebookEntryId"" : ""01uJO000001R0w4YAC"",
      ""Quantity"" : 2,
      ""UnitPrice"" : 500000,
      ""SaleSeqNo__c"" : ""1"",
      ""SaleItemNo__c"" : ""801JO00000IBg3CYAT-1"",
      ""IsExclude__c"" : false,
      ""NetSalesUnitPrice__c"" : 500000.0000,
      ""DiscountRate__c"" : 0.0000,
      ""Id"" : ""802JO00000547mRYAQ""
    } ],
    ""storeType"" : ""09"",
    ""storeTypeFour"" : ""NULL"",
    ""orderId"" : ""801JO00000IBg3CYAT"",
    ""TransactionJournal"" : [ {
      ""OrderNo__c"" : null,
      ""CouponNo"" : """",
      ""TransactionAmount"" : 950000.0000,
      ""DepositType__c"" : ""02"",
      ""PaymentMethod"" : ""01"",
      ""ActivityDate"" : ""20260510"",
      ""DeposiSeqNo__c"" : ""1"",
      ""DepositNo__c"" : ""DEP02V076""
    }, {
      ""OrderNo__c"" : null,
      ""CouponNo"" : ""COP2026JA0022;-;169"",
      ""TransactionAmount"" : 50000.0000,
      ""DepositType__c"" : ""02"",
      ""PaymentMethod"" : ""90"",
      ""ActivityDate"" : ""20260510"",
      ""DeposiSeqNo__c"" : ""2"",
      ""DepositNo__c"" : ""DEP02V017""
    } ],
    ""OrderItem"" : [ {
      ""DiscountRate__c"" : 0.0000,
      ""NetSalesUnitPrice__c"" : 500000.0000,
      ""isExclude"" : false,
      ""Quantity"" : 2,
      ""ProductCode"" : ""2A2600001"",
      ""OrderNo__c"" : null,
      ""SaleSeqNo__c"" : ""1""
    } ],
    ""PromotionNo__c"" : ""PRO202604161041"",
    ""SaleStatus__c"" : ""01"",
    ""EndDate"" : ""20260510"",
    ""ActualPaymentAmount__c"" : 1000000.0,
    ""SaleNo__c"" : ""SAL02V017"",
    ""MemberNo__c"" : ""TEST02007"",
    ""StoreCode__c"" : ""99998"",
    ""AccountId"" : ""1000""
  },
  ""code"" : 200
}"
a12JO000000MfB0YAK,2026-05-10T10:30:17.000+0000,GdOrderApiControllerV1,/gd/v1/order,"{
    ""AccountId"": ""1000"",
    ""StoreCode__c"": ""99997"",
    ""MemberNo__c"": ""TEST01300"",
    ""OrderNo__c"": ""SOR01V304"",
    ""ActualPaymentAmount__c"": 70000.0,
    ""OrderStatus__c"": ""01"",
    ""Type"": ""03"",
    ""PromotionNo__c"": ""PRO202604161041"",
    ""OrderItem"": [
        {
            ""OrderSeqNo__c"": ""1"",
            ""Status__c"": ""01"",
            ""ProductCode"": ""2A2600001"",
            ""Quantity"": 1,
            ""isExclude"": false,
            ""NetSalesUnitPrice__c"": 70000.0000,
            ""DiscountRate__c"": 0.0000
        }
    ],
    ""TransactionJournal"": [
        {
            ""DepositNo__c"": ""DEP01V314"",
            ""DeposiSeqNo__c"": ""1"",
            ""ActivityDate"": ""20260508"",
            ""PaymentMethod"": ""01"",
            ""DepositType__c"": ""01"",
            ""TransactionAmount"": 7000.0000,
            ""CouponNo"": """",
            ""OrderNo__c"": null
        },
        {
            ""DepositNo__c"": ""DEP01V314"",
            ""DeposiSeqNo__c"": ""2"",
            ""ActivityDate"": ""20260508"",
            ""PaymentMethod"": ""90"",
            ""DepositType__c"": ""01"",
            ""TransactionAmount"": 63000.0000,
            ""CouponNo"": ""COP2026MY0024;-;TE8MOI89"",
            ""OrderNo__c"": null
        }
    ]
}","{
  ""success"" : false,
  ""message"" : ""존재하지 않거나 이미 만료된 쿠폰입니다. COP2026MY0024;-;TE8MOI89"",
  ""code"" : 400
}"
a12JO000000MfCeYAK,2026-05-10T10:30:29.000+0000,GdOrderApiControllerV1,/gd/v1/order,"{
    ""AccountId"": ""1000"",
    ""StoreCode__c"": ""99997"",
    ""MemberNo__c"": ""TEST01300"",
    ""OrderNo__c"": ""SOR01V304"",
    ""ActualPaymentAmount__c"": 70000.0,
    ""OrderStatus__c"": ""01"",
    ""Type"": ""03"",
    ""PromotionNo__c"": ""PRO202604161041"",
    ""OrderItem"": [
        {
            ""OrderSeqNo__c"": ""1"",
            ""Status__c"": ""01"",
            ""ProductCode"": ""2A2600001"",
            ""Quantity"": 1,
            ""isExclude"": false,
            ""NetSalesUnitPrice__c"": 70000.0000,
            ""DiscountRate__c"": 0.0000
        }
    ],
    ""TransactionJournal"": [
        {
            ""DepositNo__c"": ""DEP01V314"",
            ""DeposiSeqNo__c"": ""1"",
            ""ActivityDate"": ""20260508"",
            ""PaymentMethod"": ""01"",
            ""DepositType__c"": ""01"",
            ""TransactionAmount"": 7000.0000,
            ""CouponNo"": """",
            ""OrderNo__c"": null
        }
    ]
}","{
  ""success"" : true,
  ""message"" : ""주문 등록 완료"",
  ""data"" : {
    ""DebitPointList"" : [ ],
    ""isGoldenBar"" : false,
    ""oiList"" : [ {
      ""attributes"" : {
        ""type"" : ""OrderItem"",
        ""url"" : ""/services/data/v67.0/sobjects/OrderItem/802JO00000541mbYAA""
      },
      ""OrderId"" : ""801JO00000IBaMDYA1"",
      ""Status__c"" : ""01"",
      ""PricebookEntryId"" : ""01uJO000001R0w4YAC"",
      ""Quantity"" : 1,
      ""UnitPrice"" : 500000,
      ""OrderItemNo__c"" : ""801JO00000IBaMDYA1-1"",
      ""IsExclude__c"" : false,
      ""NetSalesUnitPrice__c"" : 70000.0000,
      ""DiscountRate__c"" : 0.0000,
      ""Id"" : ""802JO00000541mbYAA""
    } ],
    ""storeType"" : ""20"",
    ""storeTypeFour"" : ""NULL"",
    ""orderId"" : ""801JO00000IBaMDYA1"",
    ""TransactionJournal"" : [ {
      ""OrderNo__c"" : null,
      ""CouponNo"" : """",
      ""TransactionAmount"" : 7000.0000,
      ""DepositType__c"" : ""01"",
      ""PaymentMethod"" : ""01"",
      ""ActivityDate"" : ""20260508"",
      ""DeposiSeqNo__c"" : ""1"",
      ""DepositNo__c"" : ""DEP01V314""
    } ],
    ""OrderItem"" : [ {
      ""DiscountRate__c"" : 0.0000,
      ""NetSalesUnitPrice__c"" : 70000.0000,
      ""isExclude"" : false,
      ""Quantity"" : 1,
      ""ProductCode"" : ""2A2600001"",
      ""Status__c"" : ""01"",
      ""OrderSeqNo__c"" : ""1""
    } ],
    ""PromotionNo__c"" : ""PRO202604161041"",
    ""Type"" : ""03"",
    ""OrderStatus__c"" : ""01"",
    ""ActualPaymentAmount__c"" : 70000.0,
    ""OrderNo__c"" : ""SOR01V304"",
    ""MemberNo__c"" : ""TEST01300"",
    ""StoreCode__c"" : ""99997"",
    ""AccountId"" : ""1000""
  },
  ""code"" : 200
}"
a12JO000000MdUFYA0,2026-05-10T10:31:20.000+0000,GdSaleApiControllerV1,/gd/v1/sale,"{
    ""AccountId"": ""1000"",
    ""StoreCode__c"": ""99997"",
    ""MemberNo__c"": ""TEST01300"",
    ""SaleNo__c"": ""SAL01V311"",
    ""ActualPaymentAmount__c"": 70000.0,
    ""EndDate"": ""20260508"",
    ""SaleStatus__c"": ""01"",
    ""PromotionNo__c"": ""PRO202604161041"",
    ""OrderItem"": [
        {
            ""SaleSeqNo__c"": ""1"",
            ""OrderNo__c"": ""SOR01V004"",
            ""ProductCode"": ""2A2600001"",
            ""Quantity"": 1,
            ""isExclude"": false,
            ""NetSalesUnitPrice__c"": 70000.0000,
            ""DiscountRate__c"": 0.0000
        }
    ],
    ""TransactionJournal"": [
        {
            ""DepositNo__c"": ""DEP01V314"",
            ""DeposiSeqNo__c"": ""1"",
            ""ActivityDate"": ""20260508"",
            ""PaymentMethod"": ""01"",
            ""DepositType__c"": ""02"",
            ""TransactionAmount"": 7000.0000,
            ""CouponNo"": """",
            ""OrderNo__c"": ""SOR01V004""
        }
    ]
}","{
  ""success"" : true,
  ""message"" : ""판매 등록 완료"",
  ""data"" : {
    ""oiList"" : [ {
      ""attributes"" : {
        ""type"" : ""OrderItem"",
        ""url"" : ""/services/data/v67.0/sobjects/OrderItem/802JO00000540mbYAA""
      },
      ""OrderId"" : ""801JO00000IBZxvYAH"",
      ""PricebookEntryId"" : ""01uJO000001R0w4YAC"",
      ""Quantity"" : 1,
      ""UnitPrice"" : 500000,
      ""SaleSeqNo__c"" : ""1"",
      ""SaleItemNo__c"" : ""801JO00000IBZxvYAH-1"",
      ""IsExclude__c"" : false,
      ""NetSalesUnitPrice__c"" : 70000.0000,
      ""DiscountRate__c"" : 0.0000,
      ""OrderId__c"" : ""801JO00000IBefmYAD"",
      ""Id"" : ""802JO00000540mbYAA""
    } ],
    ""storeType"" : ""20"",
    ""storeTypeFour"" : ""NULL"",
    ""orderId"" : ""801JO00000IBZxvYAH"",
    ""TransactionJournal"" : [ {
      ""OrderNo__c"" : ""SOR01V004"",
      ""CouponNo"" : """",
      ""TransactionAmount"" : 7000.0000,
      ""DepositType__c"" : ""02"",
      ""PaymentMethod"" : ""01"",
      ""ActivityDate"" : ""20260508"",
      ""DeposiSeqNo__c"" : ""1"",
      ""DepositNo__c"" : ""DEP01V314""
    } ],
    ""OrderItem"" : [ {
      ""DiscountRate__c"" : 0.0000,
      ""NetSalesUnitPrice__c"" : 70000.0000,
      ""isExclude"" : false,
      ""Quantity"" : 1,
      ""ProductCode"" : ""2A2600001"",
      ""OrderNo__c"" : ""SOR01V004"",
      ""SaleSeqNo__c"" : ""1""
    } ],
    ""PromotionNo__c"" : ""PRO202604161041"",
    ""SaleStatus__c"" : ""01"",
    ""EndDate"" : ""20260508"",
    ""ActualPaymentAmount__c"" : 70000.0,
    ""SaleNo__c"" : ""SAL01V311"",
    ""MemberNo__c"" : ""TEST01300"",
    ""StoreCode__c"" : ""99997"",
    ""AccountId"" : ""1000""
  },
  ""code"" : 200
}"
a12JO000000MfEGYA0,2026-05-10T10:32:18.000+0000,GdSaleApiControllerV1,/gd/v1/sale,"{
    ""AccountId"": ""1000"",
    ""StoreCode__c"": ""99997"",
    ""MemberNo__c"": ""TEST01300"",
    ""SaleNo__c"": ""SAL01V312"",
    ""ActualPaymentAmount__c"": 70000.0,
    ""EndDate"": ""20260508"",
    ""SaleStatus__c"": ""01"",
    ""PromotionNo__c"": ""PRO202604161041"",
    ""OrderItem"": [
        {
            ""SaleSeqNo__c"": ""1"",
            ""OrderNo__c"": ""SOR01V304"",
            ""ProductCode"": ""2A2600001"",
            ""Quantity"": 1,
            ""isExclude"": false,
            ""NetSalesUnitPrice__c"": 70000.0000,
            ""DiscountRate__c"": 0.0000
        }
    ],
    ""TransactionJournal"": [
        {
            ""DepositNo__c"": ""DEP01V314"",
            ""DeposiSeqNo__c"": ""1"",
            ""ActivityDate"": ""20260508"",
            ""PaymentMethod"": ""01"",
            ""DepositType__c"": ""02"",
            ""TransactionAmount"": 7000.0000,
            ""CouponNo"": """",
            ""OrderNo__c"": ""SOR01V304""
        }
    ]
}","{
  ""success"" : true,
  ""message"" : ""판매 등록 완료"",
  ""data"" : {
    ""oiList"" : [ {
      ""attributes"" : {
        ""type"" : ""OrderItem"",
        ""url"" : ""/services/data/v67.0/sobjects/OrderItem/802JO00000541vXYAQ""
      },
      ""OrderId"" : ""801JO00000IBandYAD"",
      ""PricebookEntryId"" : ""01uJO000001R0w4YAC"",
      ""Quantity"" : 1,
      ""UnitPrice"" : 500000,
      ""SaleSeqNo__c"" : ""1"",
      ""SaleItemNo__c"" : ""801JO00000IBandYAD-1"",
      ""IsExclude__c"" : false,
      ""NetSalesUnitPrice__c"" : 70000.0000,
      ""DiscountRate__c"" : 0.0000,
      ""OrderId__c"" : ""801JO00000IBaMDYA1"",
      ""Id"" : ""802JO00000541vXYAQ""
    } ],
    ""storeType"" : ""20"",
    ""storeTypeFour"" : ""NULL"",
    ""orderId"" : ""801JO00000IBandYAD"",
    ""TransactionJournal"" : [ {
      ""OrderNo__c"" : ""SOR01V304"",
      ""CouponNo"" : """",
      ""TransactionAmount"" : 7000.0000,
      ""DepositType__c"" : ""02"",
      ""PaymentMethod"" : ""01"",
      ""ActivityDate"" : ""20260508"",
      ""DeposiSeqNo__c"" : ""1"",
      ""DepositNo__c"" : ""DEP01V314""
    } ],
    ""OrderItem"" : [ {
      ""DiscountRate__c"" : 0.0000,
      ""NetSalesUnitPrice__c"" : 70000.0000,
      ""isExclude"" : false,
      ""Quantity"" : 1,
      ""ProductCode"" : ""2A2600001"",
      ""OrderNo__c"" : ""SOR01V304"",
      ""SaleSeqNo__c"" : ""1""
    } ],
    ""PromotionNo__c"" : ""PRO202604161041"",
    ""SaleStatus__c"" : ""01"",
    ""EndDate"" : ""20260508"",
    ""ActualPaymentAmount__c"" : 70000.0,
    ""SaleNo__c"" : ""SAL01V312"",
    ""MemberNo__c"" : ""TEST01300"",
    ""StoreCode__c"" : ""99997"",
    ""AccountId"" : ""1000""
  },
  ""code"" : 200
}"
a12JO000000MfMKYA0,2026-05-10T10:37:01.000+0000,GdSaleApiControllerV1,/gd/v1/sale,"{
    ""AccountId"": ""1000"",
    ""StoreCode__c"": ""99997"",
    ""MemberNo__c"": ""TEST01005"",
    ""SaleNo__c"": ""SAL01V511"",
    ""ActualPaymentAmount__c"": 70000.0,
    ""EndDate"": ""20260508"",
    ""SaleStatus__c"": ""01"",
    ""PromotionNo__c"": ""PRO202604161041"",
    ""OrderItem"": [
        {
            ""SaleSeqNo__c"": ""1"",
            ""OrderNo__c"": ""SOR01V004"",
            ""ProductCode"": ""2A2600001"",
            ""Quantity"": 1,
            ""isExclude"": false,
            ""NetSalesUnitPrice__c"": 70000.0000,
            ""DiscountRate__c"": 0.0000
        }
    ],
    ""TransactionJournal"": [
        {
            ""DepositNo__c"": ""DEP01V514"",
            ""DeposiSeqNo__c"": ""1"",
            ""ActivityDate"": ""20260508"",
            ""PaymentMethod"": ""01"",
            ""DepositType__c"": ""02"",
            ""TransactionAmount"": 7000.0000,
            ""CouponNo"": """",
            ""OrderNo__c"": ""SOR01V004""
        },
        {
            ""DepositNo__c"": ""DEP01V514"",
            ""DeposiSeqNo__c"": ""2"",
            ""ActivityDate"": ""20260508"",
            ""PaymentMethod"": ""90"",
            ""DepositType__c"": ""02"",
            ""TransactionAmount"": 63000.0000,
            ""CouponNo"": ""COP2026MY0024;-;TE8MOI89"",
            ""OrderNo__c"": ""SOR01V004""
        }
    ]
}","{
  ""success"" : true,
  ""message"" : ""판매 등록 완료"",
  ""data"" : {
    ""oiList"" : [ {
      ""attributes"" : {
        ""type"" : ""OrderItem"",
        ""url"" : ""/services/data/v67.0/sobjects/OrderItem/802JO00000547uTYAQ""
      },
      ""OrderId"" : ""801JO00000IBg9fYAD"",
      ""PricebookEntryId"" : ""01uJO000001R0w4YAC"",
      ""Quantity"" : 1,
      ""UnitPrice"" : 500000,
      ""SaleSeqNo__c"" : ""1"",
      ""SaleItemNo__c"" : ""801JO00000IBg9fYAD-1"",
      ""IsExclude__c"" : false,
      ""NetSalesUnitPrice__c"" : 70000.0000,
      ""DiscountRate__c"" : 0.0000,
      ""OrderId__c"" : ""801JO00000IBefmYAD"",
      ""Id"" : ""802JO00000547uTYAQ""
    } ],
    ""storeType"" : ""20"",
    ""storeTypeFour"" : ""NULL"",
    ""orderId"" : ""801JO00000IBg9fYAD"",
    ""TransactionJournal"" : [ {
      ""OrderNo__c"" : ""SOR01V004"",
      ""CouponNo"" : """",
      ""TransactionAmount"" : 7000.0000,
      ""DepositType__c"" : ""02"",
      ""PaymentMethod"" : ""01"",
      ""ActivityDate"" : ""20260508"",
      ""DeposiSeqNo__c"" : ""1"",
      ""DepositNo__c"" : ""DEP01V514""
    }, {
      ""OrderNo__c"" : ""SOR01V004"",
      ""CouponNo"" : ""COP2026MY0024;-;TE8MOI89"",
      ""TransactionAmount"" : 63000.0000,
      ""DepositType__c"" : ""02"",
      ""PaymentMethod"" : ""90"",
      ""ActivityDate"" : ""20260508"",
      ""DeposiSeqNo__c"" : ""2"",
      ""DepositNo__c"" : ""DEP01V514""
    } ],
    ""OrderItem"" : [ {
      ""DiscountRate__c"" : 0.0000,
      ""NetSalesUnitPrice__c"" : 70000.0000,
      ""isExclude"" : false,
      ""Quantity"" : 1,
      ""ProductCode"" : ""2A2600001"",
      ""OrderNo__c"" : ""SOR01V004"",
      ""SaleSeqNo__c"" : ""1""
    } ],
    ""PromotionNo__c"" : ""PRO202604161041"",
    ""SaleStatus__c"" : ""01"",
    ""EndDate"" : ""20260508"",
    ""ActualPaymentAmount__c"" : 70000.0,
    ""SaleNo__c"" : ""SAL01V511"",
    ""MemberNo__c"" : ""TEST01005"",
    ""StoreCode__c"" : ""99997"",
    ""AccountId"" : ""1000""
  },
  ""code"" : 200
}"
a12JO000000MfNwYAK,2026-05-10T10:38:15.000+0000,GdSaleApiControllerV1,/gd/v1/sale,"{
    ""AccountId"": ""1000"",
    ""StoreCode__c"": ""99998"",
    ""MemberNo__c"": ""TEST02007"",
    ""SaleNo__c"": ""SAL02V019"",
    ""ActualPaymentAmount__c"": 1000000.0,
    ""EndDate"": ""20260510"",
    ""SaleStatus__c"": ""01"",
    ""PromotionNo__c"": ""PRO202604161041"",
    ""OrderItem"": [
        {
            ""SaleSeqNo__c"": ""1"",
            ""OrderNo__c"": null,
            ""ProductCode"": ""2A2600001"",
            ""Quantity"": 2,
            ""isExclude"": false,
            ""NetSalesUnitPrice__c"": 500000.0000,
            ""DiscountRate__c"": 0.0000
        }
        
        
        
        
        
        
        
        
        
        
    ],
    ""TransactionJournal"": [
        
        
        
        
        
        
        
        
        
        
        
        {
            ""DepositNo__c"": ""DEP02V019"",
            ""DeposiSeqNo__c"": ""1"",
            ""ActivityDate"": ""20260510"",
            ""PaymentMethod"": ""01"",
            ""DepositType__c"": ""02"",
            ""TransactionAmount"": 920000.0000,
            ""CouponNo"": """",
            ""OrderNo__c"": null
        }
        ,
        {
            ""DepositNo__c"": ""DEP02V019"",
            ""DeposiSeqNo__c"": ""2"",
            ""ActivityDate"": ""20260510"",
            ""PaymentMethod"": ""90"",
            ""DepositType__c"": ""02"",
            ""TransactionAmount"": 30000.0000,
            ""CouponNo"": ""COP2026JA0029;-;169"",
            ""OrderNo__c"": null
        }
        ,
        {
            ""DepositNo__c"": ""DEP02V019"",
            ""DeposiSeqNo__c"": ""3"",
            ""ActivityDate"": ""20260510"",
            ""PaymentMethod"": ""81"",
            ""DepositType__c"": ""02"",
            ""TransactionAmount"": 50000.0000,
            ""CouponNo"": """",
            ""OrderNo__c"": null
        }
    ]
}","{
  ""success"" : true,
  ""message"" : ""판매 등록 완료"",
  ""data"" : {
    ""CreditPointList"" : [ {
      ""TX_REMARK"" : ""구매포인트|11cJO000001BAZlYAO|2.00"",
      ""PT_TARGET"" : 18400.0000,
      ""NO_SAL"" : null,
      ""NO_PROM_MBR"" : ""PRO202604161041"",
      ""NO_MBR"" : ""TEST02007"",
      ""NO_GRADE_ADVAN"" : ""03"",
      ""ID_INSERT"" : null,
      ""DTS_INSERT"" : ""2026-05-10 19:38:15"",
      ""DT_SAVE_PLAN"" : null,
      ""DT_LIMIT_START"" : ""2026-05-10 09:00:00"",
      ""DT_LIMIT_END"" : ""2028-05-10"",
      ""DT_DESTROY_PLAN"" : ""2028-05-11"",
      ""CD_TYPE_SAVE"" : ""Credit"",
      ""CD_TYPE_POINT"" : ""01"",
      ""CD_JOURNAL"" : ""05wJO0000004QwpYAE"",
      ""AM_SAL"" : 1000000.0
    }, {
      ""TX_REMARK"" : ""사은포인트|11cJO000001BAY9YAO|3.00"",
      ""PT_TARGET"" : 27600.0000,
      ""NO_SAL"" : null,
      ""NO_PROM_MBR"" : ""PRO202604161041"",
      ""NO_MBR"" : ""TEST02007"",
      ""NO_GRADE_ADVAN"" : ""03"",
      ""ID_INSERT"" : null,
      ""DTS_INSERT"" : ""2026-05-10 19:38:15"",
      ""DT_SAVE_PLAN"" : null,
      ""DT_LIMIT_START"" : ""2026-05-10 09:00:00"",
      ""DT_LIMIT_END"" : ""2028-05-10"",
      ""DT_DESTROY_PLAN"" : ""2028-05-11"",
      ""CD_TYPE_SAVE"" : ""Credit"",
      ""CD_TYPE_POINT"" : ""01"",
      ""CD_JOURNAL"" : ""05wJO0000004QwqYAE"",
      ""AM_SAL"" : 1000000.0
    } ],
    ""DebitPointList"" : [ {
      ""PT_USE"" : 28622.0000,
      ""NO_SAL_RTN"" : null,
      ""NO_SAL"" : ""SAL02V019"",
      ""NO_MBR"" : ""TEST02007"",
      ""ID_INSERT"" : null,
      ""DTS_INSERT"" : ""2026-05-10 19:38:15"",
      ""CD_TYPE_POINT"" : ""04"",
      ""CD_RESON"" : ""1"",
      ""CD_LEDGER"" : ""05wJO0000004QwnYAE"",
      ""CD_JOURNAL"" : ""05wJO0000004PpYYAU"",
      ""AM_SAL"" : 1000000.0
    }, {
      ""PT_USE"" : 21378.0000,
      ""NO_SAL_RTN"" : null,
      ""NO_SAL"" : ""SAL02V019"",
      ""NO_MBR"" : ""TEST02007"",
      ""ID_INSERT"" : null,
      ""DTS_INSERT"" : ""2026-05-10 19:38:15"",
      ""CD_TYPE_POINT"" : ""06"",
      ""CD_RESON"" : ""1"",
      ""CD_LEDGER"" : ""05wJO0000004QwoYAE"",
      ""CD_JOURNAL"" : ""05wJO0000004QryYAE"",
      ""AM_SAL"" : 1000000.0
    } ],
    ""oiList"" : [ {
      ""attributes"" : {
        ""type"" : ""OrderItem"",
        ""url"" : ""/services/data/v67.0/sobjects/OrderItem/802JO00000547xhYAA""
      },
      ""OrderId"" : ""801JO00000IBfC4YAL"",
      ""PricebookEntryId"" : ""01uJO000001R0w4YAC"",
      ""Quantity"" : 2,
      ""UnitPrice"" : 500000,
      ""SaleSeqNo__c"" : ""1"",
      ""SaleItemNo__c"" : ""801JO00000IBfC4YAL-1"",
      ""IsExclude__c"" : false,
      ""NetSalesUnitPrice__c"" : 500000.0000,
      ""DiscountRate__c"" : 0.0000,
      ""Id"" : ""802JO00000547xhYAA""
    } ],
    ""storeType"" : ""09"",
    ""storeTypeFour"" : ""NULL"",
    ""orderId"" : ""801JO00000IBfC4YAL"",
    ""TransactionJournal"" : [ {
      ""OrderNo__c"" : null,
      ""CouponNo"" : """",
      ""TransactionAmount"" : 920000.0000,
      ""DepositType__c"" : ""02"",
      ""PaymentMethod"" : ""01"",
      ""ActivityDate"" : ""20260510"",
      ""DeposiSeqNo__c"" : ""1"",
      ""DepositNo__c"" : ""DEP02V019""
    }, {
      ""OrderNo__c"" : null,
      ""CouponNo"" : ""COP2026JA0029;-;169"",
      ""TransactionAmount"" : 30000.0000,
      ""DepositType__c"" : ""02"",
      ""PaymentMethod"" : ""90"",
      ""ActivityDate"" : ""20260510"",
      ""DeposiSeqNo__c"" : ""2"",
      ""DepositNo__c"" : ""DEP02V019""
    }, {
      ""OrderNo__c"" : null,
      ""CouponNo"" : """",
      ""TransactionAmount"" : 50000.0000,
      ""DepositType__c"" : ""02"",
      ""PaymentMethod"" : ""81"",
      ""ActivityDate"" : ""20260510"",
      ""DeposiSeqNo__c"" : ""3"",
      ""DepositNo__c"" : ""DEP02V019""
    } ],
    ""OrderItem"" : [ {
      ""DiscountRate__c"" : 0.0000,
      ""NetSalesUnitPrice__c"" : 500000.0000,
      ""isExclude"" : false,
      ""Quantity"" : 2,
      ""ProductCode"" : ""2A2600001"",
      ""OrderNo__c"" : null,
      ""SaleSeqNo__c"" : ""1""
    } ],
    ""PromotionNo__c"" : ""PRO202604161041"",
    ""SaleStatus__c"" : ""01"",
    ""EndDate"" : ""20260510"",
    ""ActualPaymentAmount__c"" : 1000000.0,
    ""SaleNo__c"" : ""SAL02V019"",
    ""MemberNo__c"" : ""TEST02007"",
    ""StoreCode__c"" : ""99998"",
    ""AccountId"" : ""1000""
  },
  ""code"" : 200
}"
a12JO000000MfUOYA0,2026-05-10T10:41:47.000+0000,GdSaleApiControllerV1,/gd/v1/sale,"{
    ""AccountId"": ""1000"",
    ""StoreCode__c"": ""99997"",
    ""MemberNo__c"": ""TEST01005"",
    ""SaleNo__c"": ""SAL01V611"",
    ""ActualPaymentAmount__c"": 70000.0,
    ""EndDate"": ""20260508"",
    ""SaleStatus__c"": ""01"",
    ""PromotionNo__c"": ""PRO202604161041"",
    ""OrderItem"": [
        {
            ""SaleSeqNo__c"": ""1"",
            ""OrderNo__c"": ""SOR01V004"",
            ""ProductCode"": ""2A2600001"",
            ""Quantity"": 1,
            ""isExclude"": false,
            ""NetSalesUnitPrice__c"": 70000.0000,
            ""DiscountRate__c"": 0.0000
        }
    ],
    ""TransactionJournal"": [
        {
            ""DepositNo__c"": ""DEP01V014"",
            ""DeposiSeqNo__c"": ""1"",
            ""ActivityDate"": ""20260508"",
            ""PaymentMethod"": ""01"",
            ""DepositType__c"": ""02"",
            ""TransactionAmount"": 7000.0000,
            ""CouponNo"": """",
            ""OrderNo__c"": ""SOR01V004""
        },
        {
            ""DepositNo__c"": ""DEP01V014"",
            ""DeposiSeqNo__c"": ""2"",
            ""ActivityDate"": ""20260508"",
            ""PaymentMethod"": ""90"",
            ""DepositType__c"": ""02"",
            ""TransactionAmount"": 63000.0000,
            ""CouponNo"": ""COP2026MY0024;-;TE8MOI89"",
            ""OrderNo__c"": ""SOR01V004""
        }
    ]
}","{
  ""success"" : true,
  ""message"" : ""판매 등록 완료"",
  ""data"" : {
    ""oiList"" : [ {
      ""attributes"" : {
        ""type"" : ""OrderItem"",
        ""url"" : ""/services/data/v67.0/sobjects/OrderItem/802JO000005485lYAA""
      },
      ""OrderId"" : ""801JO00000IBej1YAD"",
      ""PricebookEntryId"" : ""01uJO000001R0w4YAC"",
      ""Quantity"" : 1,
      ""UnitPrice"" : 500000,
      ""SaleSeqNo__c"" : ""1"",
      ""SaleItemNo__c"" : ""801JO00000IBej1YAD-1"",
      ""IsExclude__c"" : false,
      ""NetSalesUnitPrice__c"" : 70000.0000,
      ""DiscountRate__c"" : 0.0000,
      ""OrderId__c"" : ""801JO00000IBefmYAD"",
      ""Id"" : ""802JO000005485lYAA""
    } ],
    ""storeType"" : ""20"",
    ""storeTypeFour"" : ""NULL"",
    ""orderId"" : ""801JO00000IBej1YAD"",
    ""TransactionJournal"" : [ {
      ""OrderNo__c"" : ""SOR01V004"",
      ""CouponNo"" : """",
      ""TransactionAmount"" : 7000.0000,
      ""DepositType__c"" : ""02"",
      ""PaymentMethod"" : ""01"",
      ""ActivityDate"" : ""20260508"",
      ""DeposiSeqNo__c"" : ""1"",
      ""DepositNo__c"" : ""DEP01V014""
    }, {
      ""OrderNo__c"" : ""SOR01V004"",
      ""CouponNo"" : ""COP2026MY0024;-;TE8MOI89"",
      ""TransactionAmount"" : 63000.0000,
      ""DepositType__c"" : ""02"",
      ""PaymentMethod"" : ""90"",
      ""ActivityDate"" : ""20260508"",
      ""DeposiSeqNo__c"" : ""2"",
      ""DepositNo__c"" : ""DEP01V014""
    } ],
    ""OrderItem"" : [ {
      ""DiscountRate__c"" : 0.0000,
      ""NetSalesUnitPrice__c"" : 70000.0000,
      ""isExclude"" : false,
      ""Quantity"" : 1,
      ""ProductCode"" : ""2A2600001"",
      ""OrderNo__c"" : ""SOR01V004"",
      ""SaleSeqNo__c"" : ""1""
    } ],
    ""PromotionNo__c"" : ""PRO202604161041"",
    ""SaleStatus__c"" : ""01"",
    ""EndDate"" : ""20260508"",
    ""ActualPaymentAmount__c"" : 70000.0,
    ""SaleNo__c"" : ""SAL01V611"",
    ""MemberNo__c"" : ""TEST01005"",
    ""StoreCode__c"" : ""99997"",
    ""AccountId"" : ""1000""
  },
  ""code"" : 200
}"
a12JO000000Mey7YAC,2026-05-10T10:48:49.000+0000,GdReturnDepositApiControllerV1,"{""DeposiSeqNo__c"":""1"",""DepositNo__c"":""DEP02V020""}",,"{
  ""success"" : true,
  ""message"" : ""반품 입금 삭제 완료"",
  ""data"" : {
    ""포인트 지급 내역 복구"" : [ {
      ""TX_REMARK"" : null,
      ""PT_TARGET"" : 9800.0000,
      ""NO_SAL"" : null,
      ""NO_PROM_MBR"" : ""PRO202604161041"",
      ""NO_MBR"" : ""TEST02007"",
      ""NO_GRADE_ADVAN"" : null,
      ""ID_INSERT"" : ""골든듀"",
      ""DTS_INSERT"" : ""2026-05-10 19:48:48"",
      ""DT_SAVE_PLAN"" : null,
      ""DT_LIMIT_START"" : ""2026-05-10 19:48:48"",
      ""DT_LIMIT_END"" : ""2028-05-10"",
      ""DT_DESTROY_PLAN"" : ""2028-05-11"",
      ""CD_TYPE_SAVE"" : ""Credit"",
      ""CD_TYPE_POINT"" : ""01"",
      ""CD_JOURNAL"" : ""05wJO0000004R1dYAE"",
      ""AM_SAL"" : 1000000.0000
    }, {
      ""TX_REMARK"" : null,
      ""PT_TARGET"" : 14700.0000,
      ""NO_SAL"" : null,
      ""NO_PROM_MBR"" : ""PRO202604161041"",
      ""NO_MBR"" : ""TEST02007"",
      ""NO_GRADE_ADVAN"" : null,
      ""ID_INSERT"" : ""골든듀"",
      ""DTS_INSERT"" : ""2026-05-10 19:48:48"",
      ""DT_SAVE_PLAN"" : null,
      ""DT_LIMIT_START"" : ""2026-05-10 19:48:48"",
      ""DT_LIMIT_END"" : ""2028-05-10"",
      ""DT_DESTROY_PLAN"" : ""2028-05-11"",
      ""CD_TYPE_SAVE"" : ""Credit"",
      ""CD_TYPE_POINT"" : ""06"",
      ""CD_JOURNAL"" : ""05wJO0000004R1eYAE"",
      ""AM_SAL"" : 1000000.0000
    } ]
  },
  ""code"" : 200
}"
a12JO000000MffgYAC,2026-05-10T11:01:22.000+0000,GdOrderApiControllerV1,/gd/v1/order,"{
    ""AccountId"": ""1000"",
    ""StoreCode__c"": ""99997"",
    ""MemberNo__c"": ""TEST01005"",
    ""OrderNo__c"": ""SOR01V704"",
    ""ActualPaymentAmount__c"": 70000.0,
    ""OrderStatus__c"": ""01"",
    ""Type"": ""03"",
    ""PromotionNo__c"": ""PRO202604161041"",
    ""OrderItem"": [
        {
            ""OrderSeqNo__c"": ""1"",
            ""Status__c"": ""01"",
            ""ProductCode"": ""2A2600001"",
            ""Quantity"": 1,
            ""isExclude"": false,
            ""NetSalesUnitPrice__c"": 70000.0000,
            ""DiscountRate__c"": 0.0000
        }
    ],
    ""TransactionJournal"": [
        {
            ""DepositNo__c"": ""DEP01V714"",
            ""DeposiSeqNo__c"": ""1"",
            ""ActivityDate"": ""20260508"",
            ""PaymentMethod"": ""01"",
            ""DepositType__c"": ""01"",
            ""TransactionAmount"": 7000.0000,
            ""CouponNo"": """",
            ""OrderNo__c"": null
        },
        {
            ""DepositNo__c"": ""DEP01V714"",
            ""DeposiSeqNo__c"": ""2"",
            ""ActivityDate"": ""20260508"",
            ""PaymentMethod"": ""90"",
            ""DepositType__c"": ""01"",
            ""TransactionAmount"": 63000.0000,
            ""CouponNo"": ""COP2026MY0024;-;TE8MOI89"",
            ""OrderNo__c"": null
        }
    ]
}","{
  ""success"" : true,
  ""message"" : ""주문 등록 완료"",
  ""data"" : {
    ""DebitPointList"" : [ ],
    ""isGoldenBar"" : false,
    ""oiList"" : [ {
      ""attributes"" : {
        ""type"" : ""OrderItem"",
        ""url"" : ""/services/data/v67.0/sobjects/OrderItem/802JO00000548VZYAY""
      },
      ""OrderId"" : ""801JO00000IBgXpYAL"",
      ""Status__c"" : ""01"",
      ""PricebookEntryId"" : ""01uJO000001R0w4YAC"",
      ""Quantity"" : 1,
      ""UnitPrice"" : 500000,
      ""OrderItemNo__c"" : ""801JO00000IBgXpYAL-1"",
      ""IsExclude__c"" : false,
      ""NetSalesUnitPrice__c"" : 70000.0000,
      ""DiscountRate__c"" : 0.0000,
      ""Id"" : ""802JO00000548VZYAY""
    } ],
    ""storeType"" : ""20"",
    ""storeTypeFour"" : ""NULL"",
    ""orderId"" : ""801JO00000IBgXpYAL"",
    ""TransactionJournal"" : [ {
      ""OrderNo__c"" : null,
      ""CouponNo"" : """",
      ""TransactionAmount"" : 7000.0000,
      ""DepositType__c"" : ""01"",
      ""PaymentMethod"" : ""01"",
      ""ActivityDate"" : ""20260508"",
      ""DeposiSeqNo__c"" : ""1"",
      ""DepositNo__c"" : ""DEP01V714""
    }, {
      ""OrderNo__c"" : null,
      ""CouponNo"" : ""COP2026MY0024;-;TE8MOI89"",
      ""TransactionAmount"" : 63000.0000,
      ""DepositType__c"" : ""01"",
      ""PaymentMethod"" : ""90"",
      ""ActivityDate"" : ""20260508"",
      ""DeposiSeqNo__c"" : ""2"",
      ""DepositNo__c"" : ""DEP01V714""
    } ],
    ""OrderItem"" : [ {
      ""DiscountRate__c"" : 0.0000,
      ""NetSalesUnitPrice__c"" : 70000.0000,
      ""isExclude"" : false,
      ""Quantity"" : 1,
      ""ProductCode"" : ""2A2600001"",
      ""Status__c"" : ""01"",
      ""OrderSeqNo__c"" : ""1""
    } ],
    ""PromotionNo__c"" : ""PRO202604161041"",
    ""Type"" : ""03"",
    ""OrderStatus__c"" : ""01"",
    ""ActualPaymentAmount__c"" : 70000.0,
    ""OrderNo__c"" : ""SOR01V704"",
    ""MemberNo__c"" : ""TEST01005"",
    ""StoreCode__c"" : ""99997"",
    ""AccountId"" : ""1000""
  },
  ""code"" : 200
}"
a12JO000000MfhIYAS,2026-05-10T11:02:15.000+0000,GdSaleApiControllerV1,/gd/v1/sale,"{
    ""AccountId"": ""1000"",
    ""StoreCode__c"": ""99997"",
    ""MemberNo__c"": ""TEST01005"",
    ""SaleNo__c"": ""SAL01V711"",
    ""ActualPaymentAmount__c"": 70000.0,
    ""EndDate"": ""20260508"",
    ""SaleStatus__c"": ""01"",
    ""PromotionNo__c"": ""PRO202604161041"",
    ""OrderItem"": [
        {
            ""SaleSeqNo__c"": ""1"",
            ""OrderNo__c"": ""SOR01V704"",
            ""ProductCode"": ""2A2600001"",
            ""Quantity"": 1,
            ""isExclude"": false,
            ""NetSalesUnitPrice__c"": 70000.0000,
            ""DiscountRate__c"": 0.0000
        }
    ],
    ""TransactionJournal"": [
        {
            ""DepositNo__c"": ""DEP01V714"",
            ""DeposiSeqNo__c"": ""1"",
            ""ActivityDate"": ""20260508"",
            ""PaymentMethod"": ""01"",
            ""DepositType__c"": ""02"",
            ""TransactionAmount"": 7000.0000,
            ""CouponNo"": """",
            ""OrderNo__c"": ""SOR01V704""
        },
        {
            ""DepositNo__c"": ""DEP01V714"",
            ""DeposiSeqNo__c"": ""2"",
            ""ActivityDate"": ""20260508"",
            ""PaymentMethod"": ""90"",
            ""DepositType__c"": ""02"",
            ""TransactionAmount"": 63000.0000,
            ""CouponNo"": ""COP2026MY0024;-;TE8MOI89"",
            ""OrderNo__c"": ""SOR01V704""
        }
    ]
}","{
  ""success"" : true,
  ""message"" : ""판매 등록 완료"",
  ""data"" : {
    ""oiList"" : [ {
      ""attributes"" : {
        ""type"" : ""OrderItem"",
        ""url"" : ""/services/data/v67.0/sobjects/OrderItem/802JO00000541h4YAA""
      },
      ""OrderId"" : ""801JO00000IBa67YAD"",
      ""PricebookEntryId"" : ""01uJO000001R0w4YAC"",
      ""Quantity"" : 1,
      ""UnitPrice"" : 500000,
      ""SaleSeqNo__c"" : ""1"",
      ""SaleItemNo__c"" : ""801JO00000IBa67YAD-1"",
      ""IsExclude__c"" : false,
      ""NetSalesUnitPrice__c"" : 70000.0000,
      ""DiscountRate__c"" : 0.0000,
      ""OrderId__c"" : ""801JO00000IBgXpYAL"",
      ""Id"" : ""802JO00000541h4YAA""
    } ],
    ""storeType"" : ""20"",
    ""storeTypeFour"" : ""NULL"",
    ""orderId"" : ""801JO00000IBa67YAD"",
    ""TransactionJournal"" : [ {
      ""OrderNo__c"" : ""SOR01V704"",
      ""CouponNo"" : """",
      ""TransactionAmount"" : 7000.0000,
      ""DepositType__c"" : ""02"",
      ""PaymentMethod"" : ""01"",
      ""ActivityDate"" : ""20260508"",
      ""DeposiSeqNo__c"" : ""1"",
      ""DepositNo__c"" : ""DEP01V714""
    }, {
      ""OrderNo__c"" : ""SOR01V704"",
      ""CouponNo"" : ""COP2026MY0024;-;TE8MOI89"",
      ""TransactionAmount"" : 63000.0000,
      ""DepositType__c"" : ""02"",
      ""PaymentMethod"" : ""90"",
      ""ActivityDate"" : ""20260508"",
      ""DeposiSeqNo__c"" : ""2"",
      ""DepositNo__c"" : ""DEP01V714""
    } ],
    ""OrderItem"" : [ {
      ""DiscountRate__c"" : 0.0000,
      ""NetSalesUnitPrice__c"" : 70000.0000,
      ""isExclude"" : false,
      ""Quantity"" : 1,
      ""ProductCode"" : ""2A2600001"",
      ""OrderNo__c"" : ""SOR01V704"",
      ""SaleSeqNo__c"" : ""1""
    } ],
    ""PromotionNo__c"" : ""PRO202604161041"",
    ""SaleStatus__c"" : ""01"",
    ""EndDate"" : ""20260508"",
    ""ActualPaymentAmount__c"" : 70000.0,
    ""SaleNo__c"" : ""SAL01V711"",
    ""MemberNo__c"" : ""TEST01005"",
    ""StoreCode__c"" : ""99997"",
    ""AccountId"" : ""1000""
  },
  ""code"" : 200
}"
a12JO000000McmgYAC,2026-05-10T11:11:27.000+0000,GdOrderApiControllerV1,/gd/v1/order,"{
    ""AccountId"": ""1000"",
    ""StoreCode__c"": ""99997"",
    ""MemberNo__c"": ""TEST01005"",
    ""OrderNo__c"": ""SOR01V804"",
    ""ActualPaymentAmount__c"": 70000.0,
    ""OrderStatus__c"": ""01"",
    ""Type"": ""03"",
    ""PromotionNo__c"": ""PRO202604161041"",
    ""OrderItem"": [
        {
            ""OrderSeqNo__c"": ""1"",
            ""Status__c"": ""01"",
            ""ProductCode"": ""2A2600001"",
            ""Quantity"": 1,
            ""isExclude"": false,
            ""NetSalesUnitPrice__c"": 70000.0000,
            ""DiscountRate__c"": 0.0000
        }
    ],
    ""TransactionJournal"": [
        {
            ""DepositNo__c"": ""DEP01V814"",
            ""DeposiSeqNo__c"": ""1"",
            ""ActivityDate"": ""20260508"",
            ""PaymentMethod"": ""01"",
            ""DepositType__c"": ""01"",
            ""TransactionAmount"": 7000.0000,
            ""CouponNo"": """",
            ""OrderNo__c"": null
        },
        {
            ""DepositNo__c"": ""DEP01V814"",
            ""DeposiSeqNo__c"": ""2"",
            ""ActivityDate"": ""20260508"",
            ""PaymentMethod"": ""90"",
            ""DepositType__c"": ""01"",
            ""TransactionAmount"": 63000.0000,
            ""CouponNo"": ""COP2026MY0024;-;TE8MOI89"",
            ""OrderNo__c"": null
        }
    ]
}","{
  ""success"" : true,
  ""message"" : ""주문 등록 완료"",
  ""data"" : {
    ""DebitPointList"" : [ ],
    ""isGoldenBar"" : false,
    ""oiList"" : [ {
      ""attributes"" : {
        ""type"" : ""OrderItem"",
        ""url"" : ""/services/data/v67.0/sobjects/OrderItem/802JO0000054167YAA""
      },
      ""OrderId"" : ""801JO00000IBL3sYAH"",
      ""Status__c"" : ""01"",
      ""PricebookEntryId"" : ""01uJO000001R0w4YAC"",
      ""Quantity"" : 1,
      ""UnitPrice"" : 500000,
      ""OrderItemNo__c"" : ""801JO00000IBL3sYAH-1"",
      ""IsExclude__c"" : false,
      ""NetSalesUnitPrice__c"" : 70000.0000,
      ""DiscountRate__c"" : 0.0000,
      ""Id"" : ""802JO0000054167YAA""
    } ],
    ""storeType"" : ""20"",
    ""storeTypeFour"" : ""NULL"",
    ""orderId"" : ""801JO00000IBL3sYAH"",
    ""TransactionJournal"" : [ {
      ""OrderNo__c"" : null,
      ""CouponNo"" : """",
      ""TransactionAmount"" : 7000.0000,
      ""DepositType__c"" : ""01"",
      ""PaymentMethod"" : ""01"",
      ""ActivityDate"" : ""20260508"",
      ""DeposiSeqNo__c"" : ""1"",
      ""DepositNo__c"" : ""DEP01V814""
    }, {
      ""OrderNo__c"" : null,
      ""CouponNo"" : ""COP2026MY0024;-;TE8MOI89"",
      ""TransactionAmount"" : 63000.0000,
      ""DepositType__c"" : ""01"",
      ""PaymentMethod"" : ""90"",
      ""ActivityDate"" : ""20260508"",
      ""DeposiSeqNo__c"" : ""2"",
      ""DepositNo__c"" : ""DEP01V814""
    } ],
    ""OrderItem"" : [ {
      ""DiscountRate__c"" : 0.0000,
      ""NetSalesUnitPrice__c"" : 70000.0000,
      ""isExclude"" : false,
      ""Quantity"" : 1,
      ""ProductCode"" : ""2A2600001"",
      ""Status__c"" : ""01"",
      ""OrderSeqNo__c"" : ""1""
    } ],
    ""PromotionNo__c"" : ""PRO202604161041"",
    ""Type"" : ""03"",
    ""OrderStatus__c"" : ""01"",
    ""ActualPaymentAmount__c"" : 70000.0,
    ""OrderNo__c"" : ""SOR01V804"",
    ""MemberNo__c"" : ""TEST01005"",
    ""StoreCode__c"" : ""99997"",
    ""AccountId"" : ""1000""
  },
  ""code"" : 200
}"
a12JO000000MfxQYAS,2026-05-10T11:12:12.000+0000,GdSaleApiControllerV1,/gd/v1/sale,"{
    ""AccountId"": ""1000"",
    ""StoreCode__c"": ""99997"",
    ""MemberNo__c"": ""TEST01005"",
    ""SaleNo__c"": ""SAL01V811"",
    ""ActualPaymentAmount__c"": 70000.0,
    ""EndDate"": ""20260508"",
    ""SaleStatus__c"": ""01"",
    ""PromotionNo__c"": ""PRO202604161041"",
    ""OrderItem"": [
        {
            ""SaleSeqNo__c"": ""1"",
            ""OrderNo__c"": ""SOR01V804"",
            ""ProductCode"": ""2A2600001"",
            ""Quantity"": 1,
            ""isExclude"": false,
            ""NetSalesUnitPrice__c"": 70000.0000,
            ""DiscountRate__c"": 0.0000
        }
    ],
    ""TransactionJournal"": [
        {
            ""DepositNo__c"": ""DEP01V814"",
            ""DeposiSeqNo__c"": ""1"",
            ""ActivityDate"": ""20260508"",
            ""PaymentMethod"": ""01"",
            ""DepositType__c"": ""01"",
            ""TransactionAmount"": 7000.0000,
            ""CouponNo"": """",
            ""OrderNo__c"": ""SOR01V804""
        },
        {
            ""DepositNo__c"": ""DEP01V814"",
            ""DeposiSeqNo__c"": ""2"",
            ""ActivityDate"": ""20260508"",
            ""PaymentMethod"": ""90"",
            ""DepositType__c"": ""01"",
            ""TransactionAmount"": 63000.0000,
            ""CouponNo"": ""COP2026MY0024;-;TE8MOI89"",
            ""OrderNo__c"": ""SOR01V804""
        }
    ]
}","{
  ""success"" : true,
  ""message"" : ""판매 등록 완료"",
  ""data"" : {
    ""oiList"" : [ {
      ""attributes"" : {
        ""type"" : ""OrderItem"",
        ""url"" : ""/services/data/v67.0/sobjects/OrderItem/802JO00000548fFYAQ""
      },
      ""OrderId"" : ""801JO00000IBgb4YAD"",
      ""PricebookEntryId"" : ""01uJO000001R0w4YAC"",
      ""Quantity"" : 1,
      ""UnitPrice"" : 500000,
      ""SaleSeqNo__c"" : ""1"",
      ""SaleItemNo__c"" : ""801JO00000IBgb4YAD-1"",
      ""IsExclude__c"" : false,
      ""NetSalesUnitPrice__c"" : 70000.0000,
      ""DiscountRate__c"" : 0.0000,
      ""OrderId__c"" : ""801JO00000IBL3sYAH"",
      ""Id"" : ""802JO00000548fFYAQ""
    } ],
    ""storeType"" : ""20"",
    ""storeTypeFour"" : ""NULL"",
    ""orderId"" : ""801JO00000IBgb4YAD"",
    ""TransactionJournal"" : [ {
      ""OrderNo__c"" : ""SOR01V804"",
      ""CouponNo"" : """",
      ""TransactionAmount"" : 7000.0000,
      ""DepositType__c"" : ""01"",
      ""PaymentMethod"" : ""01"",
      ""ActivityDate"" : ""20260508"",
      ""DeposiSeqNo__c"" : ""1"",
      ""DepositNo__c"" : ""DEP01V814""
    }, {
      ""OrderNo__c"" : ""SOR01V804"",
      ""CouponNo"" : ""COP2026MY0024;-;TE8MOI89"",
      ""TransactionAmount"" : 63000.0000,
      ""DepositType__c"" : ""01"",
      ""PaymentMethod"" : ""90"",
      ""ActivityDate"" : ""20260508"",
      ""DeposiSeqNo__c"" : ""2"",
      ""DepositNo__c"" : ""DEP01V814""
    } ],
    ""OrderItem"" : [ {
      ""DiscountRate__c"" : 0.0000,
      ""NetSalesUnitPrice__c"" : 70000.0000,
      ""isExclude"" : false,
      ""Quantity"" : 1,
      ""ProductCode"" : ""2A2600001"",
      ""OrderNo__c"" : ""SOR01V804"",
      ""SaleSeqNo__c"" : ""1""
    } ],
    ""PromotionNo__c"" : ""PRO202604161041"",
    ""SaleStatus__c"" : ""01"",
    ""EndDate"" : ""20260508"",
    ""ActualPaymentAmount__c"" : 70000.0,
    ""SaleNo__c"" : ""SAL01V811"",
    ""MemberNo__c"" : ""TEST01005"",
    ""StoreCode__c"" : ""99997"",
    ""AccountId"" : ""1000""
  },
  ""code"" : 200
}"
a12JO000000Mei8YAC,2026-05-10T11:15:37.000+0000,GdSaleApiControllerV1,/gd/v1/sale,"{
    ""AccountId"": ""1000"",
    ""StoreCode__c"": ""99998"",
    ""MemberNo__c"": ""TEST02008"",
    ""SaleNo__c"": ""SAL02V022"",
    ""ActualPaymentAmount__c"": 1000000.0,
    ""EndDate"": ""20260429"",
    ""SaleStatus__c"": ""01"",
    ""PromotionNo__c"": ""PRO202604161041"",
    ""OrderItem"": [
        {
            ""SaleSeqNo__c"": ""1"",
            ""OrderNo__c"": null,
            ""ProductCode"": ""2A2600001"",
            ""Quantity"": 2,
            ""isExclude"": false,
            ""NetSalesUnitPrice__c"": 500000.0000,
            ""DiscountRate__c"": 0.0000
        }
        
        
        
        
        
        
        
        
        
        
    ],
    ""TransactionJournal"": [
        
        
        
        
        
        
        
        
        
        
        
        {
            ""DepositNo__c"": ""DEP02V022"",
            ""DeposiSeqNo__c"": ""1"",
            ""ActivityDate"": ""20260429"",
            ""PaymentMethod"": ""01"",
            ""DepositType__c"": ""02"",
            ""TransactionAmount"": 1000000.0000,
            ""CouponNo"": """",
            ""OrderNo__c"": null
        }
        
        
        
        
        
        
        
        
        
        
        
        
        
        
        
        
        
        
        
        
        
        
    ]
}","{
  ""success"" : true,
  ""message"" : ""판매 등록 완료"",
  ""data"" : {
    ""CreditPointList"" : [ {
      ""TX_REMARK"" : ""OPTC_OLD_SALE|origin=구매포인트|originSubtypeId=11cJO000001BAZlYAO|rate=2.00|redirectTo=기타포인트"",
      ""PT_TARGET"" : 20000.0000,
      ""NO_SAL"" : null,
      ""NO_PROM_MBR"" : ""PRO202604161041"",
      ""NO_MBR"" : ""TEST02008"",
      ""NO_GRADE_ADVAN"" : ""03"",
      ""ID_INSERT"" : null,
      ""DTS_INSERT"" : ""2026-05-10 20:15:37"",
      ""DT_SAVE_PLAN"" : null,
      ""DT_LIMIT_START"" : ""2026-04-29 09:00:00"",
      ""DT_LIMIT_END"" : ""2028-04-29"",
      ""DT_DESTROY_PLAN"" : ""2028-04-30"",
      ""CD_TYPE_SAVE"" : ""Credit"",
      ""CD_TYPE_POINT"" : ""04"",
      ""CD_JOURNAL"" : ""05wJO0000004RCvYAM"",
      ""AM_SAL"" : 1000000.0
    } ],
    ""oiList"" : [ {
      ""attributes"" : {
        ""type"" : ""OrderItem"",
        ""url"" : ""/services/data/v67.0/sobjects/OrderItem/802JO000005469KYAQ""
      },
      ""OrderId"" : ""801JO00000IBefrYAD"",
      ""PricebookEntryId"" : ""01uJO000001R0w4YAC"",
      ""Quantity"" : 2,
      ""UnitPrice"" : 500000,
      ""SaleSeqNo__c"" : ""1"",
      ""SaleItemNo__c"" : ""801JO00000IBefrYAD-1"",
      ""IsExclude__c"" : false,
      ""NetSalesUnitPrice__c"" : 500000.0000,
      ""DiscountRate__c"" : 0.0000,
      ""Id"" : ""802JO000005469KYAQ""
    } ],
    ""storeType"" : ""09"",
    ""storeTypeFour"" : ""NULL"",
    ""orderId"" : ""801JO00000IBefrYAD"",
    ""TransactionJournal"" : [ {
      ""OrderNo__c"" : null,
      ""CouponNo"" : """",
      ""TransactionAmount"" : 1000000.0000,
      ""DepositType__c"" : ""02"",
      ""PaymentMethod"" : ""01"",
      ""ActivityDate"" : ""20260429"",
      ""DeposiSeqNo__c"" : ""1"",
      ""DepositNo__c"" : ""DEP02V022""
    } ],
    ""OrderItem"" : [ {
      ""DiscountRate__c"" : 0.0000,
      ""NetSalesUnitPrice__c"" : 500000.0000,
      ""isExclude"" : false,
      ""Quantity"" : 2,
      ""ProductCode"" : ""2A2600001"",
      ""OrderNo__c"" : null,
      ""SaleSeqNo__c"" : ""1""
    } ],
    ""PromotionNo__c"" : ""PRO202604161041"",
    ""SaleStatus__c"" : ""01"",
    ""EndDate"" : ""20260429"",
    ""ActualPaymentAmount__c"" : 1000000.0,
    ""SaleNo__c"" : ""SAL02V022"",
    ""MemberNo__c"" : ""TEST02008"",
    ""StoreCode__c"" : ""99998"",
    ""AccountId"" : ""1000""
  },
  ""code"" : 200
}"
a12JO000000MfXcYAK,2026-05-10T11:19:25.000+0000,GdSaleApiControllerV1,/gd/v1/sale,"{
    ""AccountId"": ""1000"",
    ""StoreCode__c"": ""99998"",
    ""MemberNo__c"": ""TEST02008"",
    ""SaleNo__c"": ""SAL02V023"",
    ""ActualPaymentAmount__c"": 1000000.0,
    ""EndDate"": ""20260504"",
    ""SaleStatus__c"": ""01"",
    ""PromotionNo__c"": ""PRO202604161041"",
    ""OrderItem"": [
        {
            ""SaleSeqNo__c"": ""1"",
            ""OrderNo__c"": null,
            ""ProductCode"": ""2A2600001"",
            ""Quantity"": 2,
            ""isExclude"": false,
            ""NetSalesUnitPrice__c"": 500000.0000,
            ""DiscountRate__c"": 0.0000
        }
        
        
        
        
        
        
        
        
        
        
    ],
    ""TransactionJournal"": [
        
        
        
        
        
        
        
        
        
        
        
        {
            ""DepositNo__c"": ""DEP02V022"",
            ""DeposiSeqNo__c"": ""1"",
            ""ActivityDate"": ""20260504"",
            ""PaymentMethod"": ""01"",
            ""DepositType__c"": ""02"",
            ""TransactionAmount"": 1000000.0000,
            ""CouponNo"": """",
            ""OrderNo__c"": null
        }
        
        
        
        
        
        
        
        
        
        
        
        
        
        
        
        
        
        
        
        
        
        
    ]
}","{
  ""success"" : false,
  ""message"" : ""Insert failed. First exception on row 0; first error: DUPLICATE_VALUE, 중복 값 발견: DepositNo__c이(가) ID가 다음과 같은 레코드의 값과 중복됩니다. 0lVJO000000CHd22AG: []"",
  ""code"" : 500
}"
a12JO000000Mfz2YAC,2026-05-10T11:19:39.000+0000,GdSaleApiControllerV1,/gd/v1/sale,"{
    ""AccountId"": ""1000"",
    ""StoreCode__c"": ""99998"",
    ""MemberNo__c"": ""TEST02008"",
    ""SaleNo__c"": ""SAL02V023"",
    ""ActualPaymentAmount__c"": 1000000.0,
    ""EndDate"": ""20260504"",
    ""SaleStatus__c"": ""01"",
    ""PromotionNo__c"": ""PRO202604161041"",
    ""OrderItem"": [
        {
            ""SaleSeqNo__c"": ""1"",
            ""OrderNo__c"": null,
            ""ProductCode"": ""2A2600001"",
            ""Quantity"": 2,
            ""isExclude"": false,
            ""NetSalesUnitPrice__c"": 500000.0000,
            ""DiscountRate__c"": 0.0000
        }
        
        
        
        
        
        
        
        
        
        
    ],
    ""TransactionJournal"": [
        
        
        
        
        
        
        
        
        
        
        
        {
            ""DepositNo__c"": ""DEP02V023"",
            ""DeposiSeqNo__c"": ""1"",
            ""ActivityDate"": ""20260504"",
            ""PaymentMethod"": ""01"",
            ""DepositType__c"": ""02"",
            ""TransactionAmount"": 1000000.0000,
            ""CouponNo"": """",
            ""OrderNo__c"": null
        }
        
        
        
        
        
        
        
        
        
        
        
        
        
        
        
        
        
        
        
        
        
        
    ]
}","{
  ""success"" : true,
  ""message"" : ""판매 등록 완료"",
  ""data"" : {
    ""CreditPointList"" : [ {
      ""TX_REMARK"" : ""구매포인트|11cJO000001BAZlYAO|2.00"",
      ""PT_TARGET"" : 20000.0000,
      ""NO_SAL"" : null,
      ""NO_PROM_MBR"" : ""PRO202604161041"",
      ""NO_MBR"" : ""TEST02008"",
      ""NO_GRADE_ADVAN"" : ""03"",
      ""ID_INSERT"" : null,
      ""DTS_INSERT"" : ""2026-05-10 20:19:39"",
      ""DT_SAVE_PLAN"" : null,
      ""DT_LIMIT_START"" : ""2026-05-04 09:00:00"",
      ""DT_LIMIT_END"" : ""2028-05-04"",
      ""DT_DESTROY_PLAN"" : ""2028-05-05"",
      ""CD_TYPE_SAVE"" : ""Credit"",
      ""CD_TYPE_POINT"" : ""01"",
      ""CD_JOURNAL"" : ""05wJO0000004REXYA2"",
      ""AM_SAL"" : 1000000.0
    }, {
      ""TX_REMARK"" : ""사은포인트|11cJO000001BAY9YAO|3.00"",
      ""PT_TARGET"" : 30000.0000,
      ""NO_SAL"" : null,
      ""NO_PROM_MBR"" : ""PRO202604161041"",
      ""NO_MBR"" : ""TEST02008"",
      ""NO_GRADE_ADVAN"" : ""03"",
      ""ID_INSERT"" : null,
      ""DTS_INSERT"" : ""2026-05-10 20:19:39"",
      ""DT_SAVE_PLAN"" : null,
      ""DT_LIMIT_START"" : ""2026-05-04 09:00:00"",
      ""DT_LIMIT_END"" : ""2028-05-04"",
      ""DT_DESTROY_PLAN"" : ""2028-05-05"",
      ""CD_TYPE_SAVE"" : ""Credit"",
      ""CD_TYPE_POINT"" : ""01"",
      ""CD_JOURNAL"" : ""05wJO0000004REYYA2"",
      ""AM_SAL"" : 1000000.0
    } ],
    ""oiList"" : [ {
      ""attributes"" : {
        ""type"" : ""OrderItem"",
        ""url"" : ""/services/data/v67.0/sobjects/OrderItem/802JO000005422OYAQ""
      },
      ""OrderId"" : ""801JO00000IBaPVYA1"",
      ""PricebookEntryId"" : ""01uJO000001R0w4YAC"",
      ""Quantity"" : 2,
      ""UnitPrice"" : 500000,
      ""SaleSeqNo__c"" : ""1"",
      ""SaleItemNo__c"" : ""801JO00000IBaPVYA1-1"",
      ""IsExclude__c"" : false,
      ""NetSalesUnitPrice__c"" : 500000.0000,
      ""DiscountRate__c"" : 0.0000,
      ""Id"" : ""802JO000005422OYAQ""
    } ],
    ""storeType"" : ""09"",
    ""storeTypeFour"" : ""NULL"",
    ""orderId"" : ""801JO00000IBaPVYA1"",
    ""TransactionJournal"" : [ {
      ""OrderNo__c"" : null,
      ""CouponNo"" : """",
      ""TransactionAmount"" : 1000000.0000,
      ""DepositType__c"" : ""02"",
      ""PaymentMethod"" : ""01"",
      ""ActivityDate"" : ""20260504"",
      ""DeposiSeqNo__c"" : ""1"",
      ""DepositNo__c"" : ""DEP02V023""
    } ],
    ""OrderItem"" : [ {
      ""DiscountRate__c"" : 0.0000,
      ""NetSalesUnitPrice__c"" : 500000.0000,
      ""isExclude"" : false,
      ""Quantity"" : 2,
      ""ProductCode"" : ""2A2600001"",
      ""OrderNo__c"" : null,
      ""SaleSeqNo__c"" : ""1""
    } ],
    ""PromotionNo__c"" : ""PRO202604161041"",
    ""SaleStatus__c"" : ""01"",
    ""EndDate"" : ""20260504"",
    ""ActualPaymentAmount__c"" : 1000000.0,
    ""SaleNo__c"" : ""SAL02V023"",
    ""MemberNo__c"" : ""TEST02008"",
    ""StoreCode__c"" : ""99998"",
    ""AccountId"" : ""1000""
  },
  ""code"" : 200
}"
a12JO000000MgBwYAK,2026-05-10T11:28:15.000+0000,GdOrderApiControllerV1,/gd/v1/order,"{
    ""AccountId"": ""1000"",
    ""StoreCode__c"": ""99998"",
    ""MemberNo__c"": ""TEST01005"",
    ""OrderNo__c"": ""SOR01V005"",
    ""ActualPaymentAmount__c"": 1000000.0,
    ""OrderStatus__c"": ""01"",
    ""Type"": ""01"",
    ""PromotionNo__c"": ""PRO202604161041"",
    ""OrderItem"": [
        {
            ""OrderSeqNo__c"": ""1"",
            ""Status__c"": ""01"",
            ""ProductCode"": ""2A2600001"",
            ""Quantity"": 1,
            ""isExclude"": false,
            ""NetSalesUnitPrice__c"": 500000.0000,
            ""DiscountRate__c"": 0.0000
        },
        {
            ""OrderSeqNo__c"": ""2"",
            ""Status__c"": ""01"",
            ""ProductCode"": ""3A2600005"",
            ""Quantity"": 1,
            ""isExclude"": false,
            ""NetSalesUnitPrice__c"": 500000.0000,
            ""DiscountRate__c"": 0.0000
        }
    ],
    ""TransactionJournal"": [
        {
            ""DepositNo__c"": ""DEP01V017"",
            ""DeposiSeqNo__c"": ""1"",
            ""ActivityDate"": ""20260508"",
            ""PaymentMethod"": ""01"",
            ""DepositType__c"": ""01"",
            ""TransactionAmount"": 100000.0000,
            ""CouponNo"": """",
            ""OrderNo__c"": null
        },
        {
            ""DepositNo__c"": ""DEP01V017"",
            ""DeposiSeqNo__c"": ""2"",
            ""ActivityDate"": ""20260508"",
            ""PaymentMethod"": ""90"",
            ""DepositType__c"": ""01"",
            ""TransactionAmount"": 10000.0000,
            ""CouponNo"": ""COP2026MY0019;-;MIZFIF9N"",
            ""OrderNo__c"": null
        }
    ]
}","{
  ""success"" : true,
  ""message"" : ""주문 등록 완료"",
  ""data"" : {
    ""DebitPointList"" : [ ],
    ""isGoldenBar"" : false,
    ""oiList"" : [ {
      ""attributes"" : {
        ""type"" : ""OrderItem"",
        ""url"" : ""/services/data/v67.0/sobjects/OrderItem/802JO00000548wzYAA""
      },
      ""OrderId"" : ""801JO00000IBh5hYAD"",
      ""Status__c"" : ""01"",
      ""PricebookEntryId"" : ""01uJO000001R0w4YAC"",
      ""Quantity"" : 1,
      ""UnitPrice"" : 500000,
      ""OrderItemNo__c"" : ""801JO00000IBh5hYAD-1"",
      ""IsExclude__c"" : false,
      ""NetSalesUnitPrice__c"" : 500000.0000,
      ""DiscountRate__c"" : 0.0000,
      ""Id"" : ""802JO00000548wzYAA""
    }, {
      ""attributes"" : {
        ""type"" : ""OrderItem"",
        ""url"" : ""/services/data/v67.0/sobjects/OrderItem/802JO00000548x0YAA""
      },
      ""OrderId"" : ""801JO00000IBh5hYAD"",
      ""Status__c"" : ""01"",
      ""PricebookEntryId"" : ""01uJO000001RG0OYAW"",
      ""Quantity"" : 1,
      ""UnitPrice"" : 500000,
      ""OrderItemNo__c"" : ""801JO00000IBh5hYAD-2"",
      ""IsExclude__c"" : false,
      ""NetSalesUnitPrice__c"" : 500000.0000,
      ""DiscountRate__c"" : 0.0000,
      ""Id"" : ""802JO00000548x0YAA""
    } ],
    ""storeType"" : ""09"",
    ""storeTypeFour"" : ""NULL"",
    ""orderId"" : ""801JO00000IBh5hYAD"",
    ""TransactionJournal"" : [ {
      ""OrderNo__c"" : null,
      ""CouponNo"" : """",
      ""TransactionAmount"" : 100000.0000,
      ""DepositType__c"" : ""01"",
      ""PaymentMethod"" : ""01"",
      ""ActivityDate"" : ""20260508"",
      ""DeposiSeqNo__c"" : ""1"",
      ""DepositNo__c"" : ""DEP01V017""
    }, {
      ""OrderNo__c"" : null,
      ""CouponNo"" : ""COP2026MY0019;-;MIZFIF9N"",
      ""TransactionAmount"" : 10000.0000,
      ""DepositType__c"" : ""01"",
      ""PaymentMethod"" : ""90"",
      ""ActivityDate"" : ""20260508"",
      ""DeposiSeqNo__c"" : ""2"",
      ""DepositNo__c"" : ""DEP01V017""
    } ],
    ""OrderItem"" : [ {
      ""DiscountRate__c"" : 0.0000,
      ""NetSalesUnitPrice__c"" : 500000.0000,
      ""isExclude"" : false,
      ""Quantity"" : 1,
      ""ProductCode"" : ""2A2600001"",
      ""Status__c"" : ""01"",
      ""OrderSeqNo__c"" : ""1""
    }, {
      ""DiscountRate__c"" : 0.0000,
      ""NetSalesUnitPrice__c"" : 500000.0000,
      ""isExclude"" : false,
      ""Quantity"" : 1,
      ""ProductCode"" : ""3A2600005"",
      ""Status__c"" : ""01"",
      ""OrderSeqNo__c"" : ""2""
    } ],
    ""PromotionNo__c"" : ""PRO202604161041"",
    ""Type"" : ""01"",
    ""OrderStatus__c"" : ""01"",
    ""ActualPaymentAmount__c"" : 1000000.0,
    ""OrderNo__c"" : ""SOR01V005"",
    ""MemberNo__c"" : ""TEST01005"",
    ""StoreCode__c"" : ""99998"",
    ""AccountId"" : ""1000""
  },
  ""code"" : 200
}"
a12JO000000MgFAYA0,2026-05-10T11:29:28.000+0000,GdSaleApiControllerV1,/gd/v1/sale,"{
    ""AccountId"": ""1000"",
    ""StoreCode__c"": ""99998"",
    ""MemberNo__c"": ""TEST01005"",
    ""SaleNo__c"": ""SAL01V013"",
    ""ActualPaymentAmount__c"": 1000000.0,
    ""EndDate"": ""20260508"",
    ""SaleStatus__c"": ""01"",
    ""PromotionNo__c"": ""PRO202604161041"",
    ""OrderItem"": [
        {
            ""SaleSeqNo__c"": ""1"",
            ""OrderNo__c"": ""SOR01V005"",
            ""ProductCode"": ""2A2600001"",
            ""Quantity"": 1,
            ""isExclude"": false,
            ""NetSalesUnitPrice__c"": 500000.0000,
            ""DiscountRate__c"": 0.0000
        },
        {
            ""SaleSeqNo__c"": ""2"",
            ""OrderNo__c"": ""SOR01V005"",
            ""ProductCode"": ""3A2600005"",
            ""Quantity"": 1,
            ""isExclude"": false,
            ""NetSalesUnitPrice__c"": 500000.0000,
            ""DiscountRate__c"": 0.0000
        }
    ],
    ""TransactionJournal"": [
        {
            ""DepositNo__c"": ""DEP01V017"",
            ""DeposiSeqNo__c"": ""1"",
            ""ActivityDate"": ""20260508"",
            ""PaymentMethod"": ""01"",
            ""DepositType__c"": ""01"",
            ""TransactionAmount"": 100000.0000,
            ""CouponNo"": """",
            ""OrderNo__c"": ""SOR01V005""
        },
        {
            ""DepositNo__c"": ""DEP01V017"",
            ""DeposiSeqNo__c"": ""2"",
            ""ActivityDate"": ""20260508"",
            ""PaymentMethod"": ""90"",
            ""DepositType__c"": ""01"",
            ""TransactionAmount"": 10000.0000,
            ""CouponNo"": ""COP2026MY0019;-;MIZFIF9N"",
            ""OrderNo__c"": ""SOR01V005""
        },
        {
            ""DepositNo__c"": ""DEP01V018"",
            ""DeposiSeqNo__c"": ""1"",
            ""ActivityDate"": ""20260508"",
            ""PaymentMethod"": ""01"",
            ""DepositType__c"": ""02"",
            ""TransactionAmount"": 890000.0000,
            ""CouponNo"": """",
            ""OrderNo__c"": null
        }
    ]
}","{
  ""success"" : true,
  ""message"" : ""판매 등록 완료"",
  ""data"" : {
    ""CreditPointList"" : [ {
      ""TX_REMARK"" : ""구매포인트|11cJO000001BAZlYAO|2.00"",
      ""PT_TARGET"" : 19800.0000,
      ""NO_SAL"" : null,
      ""NO_PROM_MBR"" : ""PRO202604161041"",
      ""NO_MBR"" : ""TEST01005"",
      ""NO_GRADE_ADVAN"" : ""04"",
      ""ID_INSERT"" : null,
      ""DTS_INSERT"" : ""2026-05-10 20:29:28"",
      ""DT_SAVE_PLAN"" : null,
      ""DT_LIMIT_START"" : ""2026-05-08 09:00:00"",
      ""DT_LIMIT_END"" : ""2028-05-08"",
      ""DT_DESTROY_PLAN"" : ""2028-05-09"",
      ""CD_TYPE_SAVE"" : ""Credit"",
      ""CD_TYPE_POINT"" : ""01"",
      ""CD_JOURNAL"" : ""05wJO0000004RRRYA2"",
      ""AM_SAL"" : 1000000.0
    }, {
      ""TX_REMARK"" : ""사은포인트|11cJO000001BAY9YAO|3.00"",
      ""PT_TARGET"" : 29700.0000,
      ""NO_SAL"" : null,
      ""NO_PROM_MBR"" : ""PRO202604161041"",
      ""NO_MBR"" : ""TEST01005"",
      ""NO_GRADE_ADVAN"" : ""04"",
      ""ID_INSERT"" : null,
      ""DTS_INSERT"" : ""2026-05-10 20:29:28"",
      ""DT_SAVE_PLAN"" : null,
      ""DT_LIMIT_START"" : ""2026-05-08 09:00:00"",
      ""DT_LIMIT_END"" : ""2028-05-08"",
      ""DT_DESTROY_PLAN"" : ""2028-05-09"",
      ""CD_TYPE_SAVE"" : ""Credit"",
      ""CD_TYPE_POINT"" : ""01"",
      ""CD_JOURNAL"" : ""05wJO0000004RRSYA2"",
      ""AM_SAL"" : 1000000.0
    } ],
    ""oiList"" : [ {
      ""attributes"" : {
        ""type"" : ""OrderItem"",
        ""url"" : ""/services/data/v67.0/sobjects/OrderItem/802JO000005490DYAQ""
      },
      ""OrderId"" : ""801JO00000IBh7KYAT"",
      ""PricebookEntryId"" : ""01uJO000001R0w4YAC"",
      ""Quantity"" : 1,
      ""UnitPrice"" : 500000,
      ""SaleSeqNo__c"" : ""1"",
      ""SaleItemNo__c"" : ""801JO00000IBh7KYAT-1"",
      ""IsExclude__c"" : false,
      ""NetSalesUnitPrice__c"" : 500000.0000,
      ""DiscountRate__c"" : 0.0000,
      ""OrderId__c"" : ""801JO00000IBh5hYAD"",
      ""Id"" : ""802JO000005490DYAQ""
    }, {
      ""attributes"" : {
        ""type"" : ""OrderItem"",
        ""url"" : ""/services/data/v67.0/sobjects/OrderItem/802JO000005490EYAQ""
      },
      ""OrderId"" : ""801JO00000IBh7KYAT"",
      ""PricebookEntryId"" : ""01uJO000001RG0OYAW"",
      ""Quantity"" : 1,
      ""UnitPrice"" : 500000,
      ""SaleSeqNo__c"" : ""2"",
      ""SaleItemNo__c"" : ""801JO00000IBh7KYAT-2"",
      ""IsExclude__c"" : false,
      ""NetSalesUnitPrice__c"" : 500000.0000,
      ""DiscountRate__c"" : 0.0000,
      ""OrderId__c"" : ""801JO00000IBh5hYAD"",
      ""Id"" : ""802JO000005490EYAQ""
    } ],
    ""storeType"" : ""09"",
    ""storeTypeFour"" : ""NULL"",
    ""orderId"" : ""801JO00000IBh7KYAT"",
    ""TransactionJournal"" : [ {
      ""OrderNo__c"" : ""SOR01V005"",
      ""CouponNo"" : """",
      ""TransactionAmount"" : 100000.0000,
      ""DepositType__c"" : ""01"",
      ""PaymentMethod"" : ""01"",
      ""ActivityDate"" : ""20260508"",
      ""DeposiSeqNo__c"" : ""1"",
      ""DepositNo__c"" : ""DEP01V017""
    }, {
      ""OrderNo__c"" : ""SOR01V005"",
      ""CouponNo"" : ""COP2026MY0019;-;MIZFIF9N"",
      ""TransactionAmount"" : 10000.0000,
      ""DepositType__c"" : ""01"",
      ""PaymentMethod"" : ""90"",
      ""ActivityDate"" : ""20260508"",
      ""DeposiSeqNo__c"" : ""2"",
      ""DepositNo__c"" : ""DEP01V017""
    }, {
      ""OrderNo__c"" : null,
      ""CouponNo"" : """",
      ""TransactionAmount"" : 890000.0000,
      ""DepositType__c"" : ""02"",
      ""PaymentMethod"" : ""01"",
      ""ActivityDate"" : ""20260508"",
      ""DeposiSeqNo__c"" : ""1"",
      ""DepositNo__c"" : ""DEP01V018""
    } ],
    ""OrderItem"" : [ {
      ""DiscountRate__c"" : 0.0000,
      ""NetSalesUnitPrice__c"" : 500000.0000,
      ""isExclude"" : false,
      ""Quantity"" : 1,
      ""ProductCode"" : ""2A2600001"",
      ""OrderNo__c"" : ""SOR01V005"",
      ""SaleSeqNo__c"" : ""1""
    }, {
      ""DiscountRate__c"" : 0.0000,
      ""NetSalesUnitPrice__c"" : 500000.0000,
      ""isExclude"" : false,
      ""Quantity"" : 1,
      ""ProductCode"" : ""3A2600005"",
      ""OrderNo__c"" : ""SOR01V005"",
      ""SaleSeqNo__c"" : ""2""
    } ],
    ""PromotionNo__c"" : ""PRO202604161041"",
    ""SaleStatus__c"" : ""01"",
    ""EndDate"" : ""20260508"",
    ""ActualPaymentAmount__c"" : 1000000.0,
    ""SaleNo__c"" : ""SAL01V013"",
    ""MemberNo__c"" : ""TEST01005"",
    ""StoreCode__c"" : ""99998"",
    ""AccountId"" : ""1000""
  },
  ""code"" : 200
}"
a12JO000000MfxRYAS,2026-05-10T11:34:18.000+0000,GdSaleApiControllerV1,/gd/v1/sale,"{
    ""AccountId"": ""GOLDENDEW"", 
    ""StoreCode__c"": ""99998"", 
    ""MemberNo__c"": ""TEST02009"", 
    ""SaleNo__c"": ""SAL04051"", 
    ""EndDate"": ""20260504"", 
    ""ActualPaymentAmount__c"": 2000000.0, 
    ""SaleStatus__c"": ""01"", 
    ""PromotionNo__c"": ""PRO202604161041"", 
    ""OrderItem"": [ 
         {
            ""SaleSeqNo__c"": ""1"", 
            ""Status__c"": ""01"", 
            ""ProductCode"": ""TEST-001"", 
            ""Quantity"": 1, 
            ""isExclude"": false, 
            ""NetSalesUnitPrice__c"": 2000000.0 
            
        }
        
        
        
        
        
        
        
        
        
        
        
        
        
        
        
        
        
        
        
    ],
    ""TransactionJournal"": [ 
           {
            ""DepositNo__c"": ""DEP040009"",
            ""DeposiSeqNo__c"": ""1"",
            ""ActivityDate"": ""20260504"",
            ""PaymentMethod"": ""03"",
            ""DepositType__c"": ""02"",
            ""TransactionAmount"": 2000000.0,
            ""CouponNo"": """",
            ""OrderNo__c"": """"
        }
        
        
        
        
        
        
        
        
        
        
        
        
        
        
        
        
        
        
        
        
        
        
        
        
        
        
        
        
        
        
        
        
        
        
        
        
        
        
        
        
        
        
        
        
        
        
        
        
        
        
        
        
        
        
        
    ],
    ""InsertId__c"": ""골든듀"" 
}","{
  ""success"" : false,
  ""message"" : ""SaleNo__c already exists."",
  ""code"" : 400
}"
a12JO000000MfvsYAC,2026-05-10T11:34:28.000+0000,GdSaleApiControllerV1,/gd/v1/sale,"{
    ""AccountId"": ""GOLDENDEW"", 
    ""StoreCode__c"": ""99998"", 
    ""MemberNo__c"": ""TEST02009"", 
    ""SaleNo__c"": ""SAL04052"", 
    ""EndDate"": ""20260504"", 
    ""ActualPaymentAmount__c"": 2000000.0, 
    ""SaleStatus__c"": ""01"", 
    ""PromotionNo__c"": ""PRO202604161041"", 
    ""OrderItem"": [ 
         {
            ""SaleSeqNo__c"": ""1"", 
            ""Status__c"": ""01"", 
            ""ProductCode"": ""TEST-001"", 
            ""Quantity"": 1, 
            ""isExclude"": false, 
            ""NetSalesUnitPrice__c"": 2000000.0 
            
        }
        
        
        
        
        
        
        
        
        
        
        
        
        
        
        
        
        
        
        
    ],
    ""TransactionJournal"": [ 
           {
            ""DepositNo__c"": ""DEP040009"",
            ""DeposiSeqNo__c"": ""1"",
            ""ActivityDate"": ""20260504"",
            ""PaymentMethod"": ""03"",
            ""DepositType__c"": ""02"",
            ""TransactionAmount"": 2000000.0,
            ""CouponNo"": """",
            ""OrderNo__c"": """"
        }
        
        
        
        
        
        
        
        
        
        
        
        
        
        
        
        
        
        
        
        
        
        
        
        
        
        
        
        
        
        
        
        
        
        
        
        
        
        
        
        
        
        
        
        
        
        
        
        
        
        
        
        
        
        
        
    ],
    ""InsertId__c"": ""골든듀"" 
}","{
  ""success"" : true,
  ""message"" : ""판매 등록 완료"",
  ""data"" : {
    ""CreditPointList"" : [ {
      ""TX_REMARK"" : ""구매포인트|11cJO000001BAZlYAO|2.00"",
      ""PT_TARGET"" : 40000.0000,
      ""NO_SAL"" : null,
      ""NO_PROM_MBR"" : ""PRO202604161041"",
      ""NO_MBR"" : ""TEST02009"",
      ""NO_GRADE_ADVAN"" : ""03"",
      ""ID_INSERT"" : ""골든듀"",
      ""DTS_INSERT"" : ""2026-05-10 20:34:28"",
      ""DT_SAVE_PLAN"" : null,
      ""DT_LIMIT_START"" : ""2026-05-04 09:00:00"",
      ""DT_LIMIT_END"" : ""2028-05-04"",
      ""DT_DESTROY_PLAN"" : ""2028-05-05"",
      ""CD_TYPE_SAVE"" : ""Credit"",
      ""CD_TYPE_POINT"" : ""01"",
      ""CD_JOURNAL"" : ""05wJO0000004RUfYAM"",
      ""AM_SAL"" : 2000000.0
    }, {
      ""TX_REMARK"" : ""사은포인트|11cJO000001BAY9YAO|3.00"",
      ""PT_TARGET"" : 60000.0000,
      ""NO_SAL"" : null,
      ""NO_PROM_MBR"" : ""PRO202604161041"",
      ""NO_MBR"" : ""TEST02009"",
      ""NO_GRADE_ADVAN"" : ""03"",
      ""ID_INSERT"" : ""골든듀"",
      ""DTS_INSERT"" : ""2026-05-10 20:34:28"",
      ""DT_SAVE_PLAN"" : null,
      ""DT_LIMIT_START"" : ""2026-05-04 09:00:00"",
      ""DT_LIMIT_END"" : ""2028-05-04"",
      ""DT_DESTROY_PLAN"" : ""2028-05-05"",
      ""CD_TYPE_SAVE"" : ""Credit"",
      ""CD_TYPE_POINT"" : ""01"",
      ""CD_JOURNAL"" : ""05wJO0000004RUgYAM"",
      ""AM_SAL"" : 2000000.0
    } ],
    ""oiList"" : [ {
      ""attributes"" : {
        ""type"" : ""OrderItem"",
        ""url"" : ""/services/data/v67.0/sobjects/OrderItem/802JO000005474uYAA""
      },
      ""OrderId"" : ""801JO00000IBeRMYA1"",
      ""PricebookEntryId"" : ""01uJO0000011vRvYAI"",
      ""Quantity"" : 1,
      ""UnitPrice"" : 1000,
      ""SaleSeqNo__c"" : ""1"",
      ""SaleItemNo__c"" : ""801JO00000IBeRMYA1-1"",
      ""IsExclude__c"" : false,
      ""NetSalesUnitPrice__c"" : 2000000.0,
      ""DiscountRate__c"" : null,
      ""Id"" : ""802JO000005474uYAA""
    } ],
    ""storeType"" : ""09"",
    ""storeTypeFour"" : ""NULL"",
    ""orderId"" : ""801JO00000IBeRMYA1"",
    ""InsertId__c"" : ""골든듀"",
    ""TransactionJournal"" : [ {
      ""OrderNo__c"" : """",
      ""CouponNo"" : """",
      ""TransactionAmount"" : 2000000.0,
      ""DepositType__c"" : ""02"",
      ""PaymentMethod"" : ""03"",
      ""ActivityDate"" : ""20260504"",
      ""DeposiSeqNo__c"" : ""1"",
      ""DepositNo__c"" : ""DEP040009""
    } ],
    ""OrderItem"" : [ {
      ""NetSalesUnitPrice__c"" : 2000000.0,
      ""isExclude"" : false,
      ""Quantity"" : 1,
      ""ProductCode"" : ""TEST-001"",
      ""Status__c"" : ""01"",
      ""SaleSeqNo__c"" : ""1""
    } ],
    ""PromotionNo__c"" : ""PRO202604161041"",
    ""SaleStatus__c"" : ""01"",
    ""ActualPaymentAmount__c"" : 2000000.0,
    ""EndDate"" : ""20260504"",
    ""SaleNo__c"" : ""SAL04052"",
    ""MemberNo__c"" : ""TEST02009"",
    ""StoreCode__c"" : ""99998"",
    ""AccountId"" : ""GOLDENDEW""
  },
  ""code"" : 200
}"
a12JO000000MfZIYA0,2026-05-10T11:38:40.000+0000,GdSaleApiControllerV1,/gd/v1/sale,"{
    ""AccountId"": ""GOLDENDEW"", 
    ""StoreCode__c"": ""99998"", 
    ""MemberNo__c"": ""TEST02009"", 
    ""SaleNo__c"": ""SAL04053"", 
    ""EndDate"": ""20260510"", 
    ""ActualPaymentAmount__c"": 230000.0, 
    ""SaleStatus__c"": ""01"", 
    ""PromotionNo__c"": ""PRO202604161041"", 
    ""OrderItem"": [ 
         {
            ""SaleSeqNo__c"": ""1"", 
            ""Status__c"": ""01"", 
            ""ProductCode"": ""TEST-002"", 
            ""Quantity"": 1, 
            ""isExclude"": false, 
            ""NetSalesUnitPrice__c"": 230000.0 
            
        }
        
        
        
        
        
        
        
        
        
        
        
        
        
        
        
        
        
        
        
    ],
    ""TransactionJournal"": [ 
           {
            ""DepositNo__c"": ""DEP040010"",
            ""DeposiSeqNo__c"": ""1"",
            ""ActivityDate"": ""20260510"",
            ""PaymentMethod"": ""03"",
            ""DepositType__c"": ""02"",
            ""TransactionAmount"": 200000.0,
            ""CouponNo"": """",
            ""OrderNo__c"": """"
        }
        ,
          {
            ""DepositNo__c"": ""DEP040011"",
            ""DeposiSeqNo__c"": ""2"",
            ""ActivityDate"": ""20260510"",
            ""PaymentMethod"": ""81"",
            ""DepositType__c"": ""02"",
            ""TransactionAmount"": 30000.0,
            ""CouponNo"": """",
            ""OrderNo__c"": """"
        }
        
        
        
        
        
        
        
        
        
        
        
        
        
        
        
        
        
        
        
        
        
        
        
        
        
        
        
        
        
        
        
        
        
        
        
        
        
        
        
        
        
        
        
        
    ],
    ""InsertId__c"": ""골든듀"" 
}","{
  ""success"" : true,
  ""message"" : ""판매 등록 완료"",
  ""data"" : {
    ""CreditPointList"" : [ {
      ""TX_REMARK"" : ""구매포인트|11cJO000001BAZlYAO|2.00"",
      ""PT_TARGET"" : 4000.0000,
      ""NO_SAL"" : null,
      ""NO_PROM_MBR"" : ""PRO202604161041"",
      ""NO_MBR"" : ""TEST02009"",
      ""NO_GRADE_ADVAN"" : ""03"",
      ""ID_INSERT"" : ""골든듀"",
      ""DTS_INSERT"" : ""2026-05-10 20:38:40"",
      ""DT_SAVE_PLAN"" : null,
      ""DT_LIMIT_START"" : ""2026-05-10 09:00:00"",
      ""DT_LIMIT_END"" : ""2028-05-10"",
      ""DT_DESTROY_PLAN"" : ""2028-05-11"",
      ""CD_TYPE_SAVE"" : ""Credit"",
      ""CD_TYPE_POINT"" : ""01"",
      ""CD_JOURNAL"" : ""05wJO0000004R05YAE"",
      ""AM_SAL"" : 230000.0
    }, {
      ""TX_REMARK"" : ""사은포인트|11cJO000001BAY9YAO|3.00"",
      ""PT_TARGET"" : 6000.0000,
      ""NO_SAL"" : null,
      ""NO_PROM_MBR"" : ""PRO202604161041"",
      ""NO_MBR"" : ""TEST02009"",
      ""NO_GRADE_ADVAN"" : ""03"",
      ""ID_INSERT"" : ""골든듀"",
      ""DTS_INSERT"" : ""2026-05-10 20:38:40"",
      ""DT_SAVE_PLAN"" : null,
      ""DT_LIMIT_START"" : ""2026-05-10 09:00:00"",
      ""DT_LIMIT_END"" : ""2028-05-10"",
      ""DT_DESTROY_PLAN"" : ""2028-05-11"",
      ""CD_TYPE_SAVE"" : ""Credit"",
      ""CD_TYPE_POINT"" : ""01"",
      ""CD_JOURNAL"" : ""05wJO0000004R06YAE"",
      ""AM_SAL"" : 230000.0
    } ],
    ""DebitPointList"" : [ {
      ""PT_USE"" : 30000.0000,
      ""NO_SAL_RTN"" : null,
      ""NO_SAL"" : ""SAL04053"",
      ""NO_MBR"" : ""TEST02009"",
      ""ID_INSERT"" : ""골든듀"",
      ""DTS_INSERT"" : ""2026-05-10 20:38:40"",
      ""CD_TYPE_POINT"" : ""06"",
      ""CD_RESON"" : ""1"",
      ""CD_LEDGER"" : ""05wJO0000004R04YAE"",
      ""CD_JOURNAL"" : ""05wJO0000004RUgYAM"",
      ""AM_SAL"" : 230000.0
    } ],
    ""oiList"" : [ {
      ""attributes"" : {
        ""type"" : ""OrderItem"",
        ""url"" : ""/services/data/v67.0/sobjects/OrderItem/802JO00000547XvYAI""
      },
      ""OrderId"" : ""801JO00000IBfs1YAD"",
      ""PricebookEntryId"" : ""01uJO0000012a3dYAA"",
      ""Quantity"" : 1,
      ""UnitPrice"" : 100,
      ""SaleSeqNo__c"" : ""1"",
      ""SaleItemNo__c"" : ""801JO00000IBfs1YAD-1"",
      ""IsExclude__c"" : false,
      ""NetSalesUnitPrice__c"" : 230000.0,
      ""DiscountRate__c"" : null,
      ""Id"" : ""802JO00000547XvYAI""
    } ],
    ""storeType"" : ""09"",
    ""storeTypeFour"" : ""NULL"",
    ""orderId"" : ""801JO00000IBfs1YAD"",
    ""InsertId__c"" : ""골든듀"",
    ""TransactionJournal"" : [ {
      ""OrderNo__c"" : """",
      ""CouponNo"" : """",
      ""TransactionAmount"" : 200000.0,
      ""DepositType__c"" : ""02"",
      ""PaymentMethod"" : ""03"",
      ""ActivityDate"" : ""20260510"",
      ""DeposiSeqNo__c"" : ""1"",
      ""DepositNo__c"" : ""DEP040010""
    }, {
      ""OrderNo__c"" : """",
      ""CouponNo"" : """",
      ""TransactionAmount"" : 30000.0,
      ""DepositType__c"" : ""02"",
      ""PaymentMethod"" : ""81"",
      ""ActivityDate"" : ""20260510"",
      ""DeposiSeqNo__c"" : ""2"",
      ""DepositNo__c"" : ""DEP040011""
    } ],
    ""OrderItem"" : [ {
      ""NetSalesUnitPrice__c"" : 230000.0,
      ""isExclude"" : false,
      ""Quantity"" : 1,
      ""ProductCode"" : ""TEST-002"",
      ""Status__c"" : ""01"",
      ""SaleSeqNo__c"" : ""1""
    } ],
    ""PromotionNo__c"" : ""PRO202604161041"",
    ""SaleStatus__c"" : ""01"",
    ""ActualPaymentAmount__c"" : 230000.0,
    ""EndDate"" : ""20260510"",
    ""SaleNo__c"" : ""SAL04053"",
    ""MemberNo__c"" : ""TEST02009"",
    ""StoreCode__c"" : ""99998"",
    ""AccountId"" : ""GOLDENDEW""
  },
  ""code"" : 200
}"
a12JO000000MgLcYAK,2026-05-10T11:45:20.000+0000,GdOrderApiControllerV1,/gd/v1/order,"{
    ""AccountId"": ""1000"",
    ""StoreCode__c"": ""99998"",
    ""MemberNo__c"": ""TEST01007"",
    ""OrderNo__c"": ""SOR01V011"",
    ""ActualPaymentAmount__c"": 3000000.0,
    ""OrderStatus__c"": ""01"",
    ""Type"": ""01"",
    ""PromotionNo__c"": ""PRO202604161041"",
    ""OrderItem"": [
        {
            ""OrderSeqNo__c"": ""1"",
            ""Status__c"": ""01"",
            ""ProductCode"": ""212500047"",
            ""Quantity"": 2,
            ""isExclude"": false,
            ""NetSalesUnitPrice__c"": 500000.0000,
            ""DiscountRate__c"": 0.0000
        },
        {
            ""OrderSeqNo__c"": ""2"",
            ""Status__c"": ""01"",
            ""ProductCode"": ""2A2600001"",
            ""Quantity"": 2,
            ""isExclude"": false,
            ""NetSalesUnitPrice__c"": 500000.0000,
            ""DiscountRate__c"": 0.0000
        },
        {
            ""OrderSeqNo__c"": ""3"",
            ""Status__c"": ""01"",
            ""ProductCode"": ""3A2600005"",
            ""Quantity"": 2,
            ""isExclude"": false,
            ""NetSalesUnitPrice__c"": 500000.0000,
            ""DiscountRate__c"": 0.0000
        }
    ],
    ""TransactionJournal"": [
        {
            ""DepositNo__c"": ""DEP01V029"",
            ""DeposiSeqNo__c"": ""1"",
            ""ActivityDate"": ""20260508"",
            ""PaymentMethod"": ""01"",
            ""DepositType__c"": ""01"",
            ""TransactionAmount"": 850000.0000,
            ""CouponNo"": """",
            ""OrderNo__c"": null
        },
        {
            ""DepositNo__c"": ""DEP01V029"",
            ""DeposiSeqNo__c"": ""2"",
            ""ActivityDate"": ""20260508"",
            ""PaymentMethod"": ""90"",
            ""DepositType__c"": ""01"",
            ""TransactionAmount"": 50000.0000,
            ""CouponNo"": ""COP2026MY0005;-;R4NYDTPA"",
            ""OrderNo__c"": null
        },
        {
            ""DepositNo__c"": ""DEP01V029"",
            ""DeposiSeqNo__c"": ""3"",
            ""ActivityDate"": ""20260508"",
            ""PaymentMethod"": ""81"",
            ""DepositType__c"": ""01"",
            ""TransactionAmount"": 33000.0000,
            ""CouponNo"": """",
            ""OrderNo__c"": null
        }
    ]
}","{
  ""success"" : true,
  ""message"" : ""주문 등록 완료"",
  ""data"" : {
    ""DebitPointList"" : [ {
      ""PT_USE"" : 33000.0000,
      ""NO_SAL_RTN"" : null,
      ""NO_SAL"" : ""SOR01V011"",
      ""NO_MBR"" : ""TEST01007"",
      ""ID_INSERT"" : null,
      ""DTS_INSERT"" : ""2026-05-10 20:45:19"",
      ""CD_TYPE_POINT"" : ""04"",
      ""CD_RESON"" : ""1"",
      ""CD_LEDGER"" : ""05wJO0000004RWHYA2"",
      ""CD_JOURNAL"" : ""05wJO0000004PpUYAU"",
      ""AM_SAL"" : null
    } ],
    ""isGoldenBar"" : false,
    ""oiList"" : [ {
      ""attributes"" : {
        ""type"" : ""OrderItem"",
        ""url"" : ""/services/data/v67.0/sobjects/OrderItem/802JO0000054832YAA""
      },
      ""OrderId"" : ""801JO00000IBgmMYAT"",
      ""Status__c"" : ""01"",
      ""PricebookEntryId"" : ""01uJO000001RBvJYAW"",
      ""Quantity"" : 2,
      ""UnitPrice"" : 500000,
      ""OrderItemNo__c"" : ""801JO00000IBgmMYAT-1"",
      ""IsExclude__c"" : false,
      ""NetSalesUnitPrice__c"" : 500000.0000,
      ""DiscountRate__c"" : 0.0000,
      ""Id"" : ""802JO0000054832YAA""
    }, {
      ""attributes"" : {
        ""type"" : ""OrderItem"",
        ""url"" : ""/services/data/v67.0/sobjects/OrderItem/802JO0000054833YAA""
      },
      ""OrderId"" : ""801JO00000IBgmMYAT"",
      ""Status__c"" : ""01"",
      ""PricebookEntryId"" : ""01uJO000001R0w4YAC"",
      ""Quantity"" : 2,
      ""UnitPrice"" : 500000,
      ""OrderItemNo__c"" : ""801JO00000IBgmMYAT-2"",
      ""IsExclude__c"" : false,
      ""NetSalesUnitPrice__c"" : 500000.0000,
      ""DiscountRate__c"" : 0.0000,
      ""Id"" : ""802JO0000054833YAA""
    }, {
      ""attributes"" : {
        ""type"" : ""OrderItem"",
        ""url"" : ""/services/data/v67.0/sobjects/OrderItem/802JO0000054834YAA""
      },
      ""OrderId"" : ""801JO00000IBgmMYAT"",
      ""Status__c"" : ""01"",
      ""PricebookEntryId"" : ""01uJO000001RG0OYAW"",
      ""Quantity"" : 2,
      ""UnitPrice"" : 500000,
      ""OrderItemNo__c"" : ""801JO00000IBgmMYAT-3"",
      ""IsExclude__c"" : false,
      ""NetSalesUnitPrice__c"" : 500000.0000,
      ""DiscountRate__c"" : 0.0000,
      ""Id"" : ""802JO0000054834YAA""
    } ],
    ""storeType"" : ""09"",
    ""storeTypeFour"" : ""NULL"",
    ""orderId"" : ""801JO00000IBgmMYAT"",
    ""TransactionJournal"" : [ {
      ""OrderNo__c"" : null,
      ""CouponNo"" : """",
      ""TransactionAmount"" : 850000.0000,
      ""DepositType__c"" : ""01"",
      ""PaymentMethod"" : ""01"",
      ""ActivityDate"" : ""20260508"",
      ""DeposiSeqNo__c"" : ""1"",
      ""DepositNo__c"" : ""DEP01V029""
    }, {
      ""OrderNo__c"" : null,
      ""CouponNo"" : ""COP2026MY0005;-;R4NYDTPA"",
      ""TransactionAmount"" : 50000.0000,
      ""DepositType__c"" : ""01"",
      ""PaymentMethod"" : ""90"",
      ""ActivityDate"" : ""20260508"",
      ""DeposiSeqNo__c"" : ""2"",
      ""DepositNo__c"" : ""DEP01V029""
    }, {
      ""OrderNo__c"" : null,
      ""CouponNo"" : """",
      ""TransactionAmount"" : 33000.0000,
      ""DepositType__c"" : ""01"",
      ""PaymentMethod"" : ""81"",
      ""ActivityDate"" : ""20260508"",
      ""DeposiSeqNo__c"" : ""3"",
      ""DepositNo__c"" : ""DEP01V029""
    } ],
    ""OrderItem"" : [ {
      ""DiscountRate__c"" : 0.0000,
      ""NetSalesUnitPrice__c"" : 500000.0000,
      ""isExclude"" : false,
      ""Quantity"" : 2,
      ""ProductCode"" : ""212500047"",
      ""Status__c"" : ""01"",
      ""OrderSeqNo__c"" : ""1""
    }, {
      ""DiscountRate__c"" : 0.0000,
      ""NetSalesUnitPrice__c"" : 500000.0000,
      ""isExclude"" : false,
      ""Quantity"" : 2,
      ""ProductCode"" : ""2A2600001"",
      ""Status__c"" : ""01"",
      ""OrderSeqNo__c"" : ""2""
    }, {
      ""DiscountRate__c"" : 0.0000,
      ""NetSalesUnitPrice__c"" : 500000.0000,
      ""isExclude"" : false,
      ""Quantity"" : 2,
      ""ProductCode"" : ""3A2600005"",
      ""Status__c"" : ""01"",
      ""OrderSeqNo__c"" : ""3""
    } ],
    ""PromotionNo__c"" : ""PRO202604161041"",
    ""Type"" : ""01"",
    ""OrderStatus__c"" : ""01"",
    ""ActualPaymentAmount__c"" : 3000000.0,
    ""OrderNo__c"" : ""SOR01V011"",
    ""MemberNo__c"" : ""TEST01007"",
    ""StoreCode__c"" : ""99998"",
    ""AccountId"" : ""1000""
  },
  ""code"" : 200
}"
a12JO000000MgNEYA0,2026-05-10T11:49:38.000+0000,GdSaleApiControllerV1,/gd/v1/sale,"{
    ""AccountId"": ""GOLDENDEW"", 
    ""StoreCode__c"": ""99998"", 
    ""MemberNo__c"": ""TEST02009"", 
    ""SaleNo__c"": ""SAL04054"", 
    ""EndDate"": ""20260510"", 
    ""ActualPaymentAmount__c"": 540000.0, 
    ""SaleStatus__c"": ""01"", 
    ""PromotionNo__c"": ""PRO202604161041"", 
    ""OrderItem"": [ 
         {
            ""SaleSeqNo__c"": ""1"", 
            ""Status__c"": ""01"", 
            ""ProductCode"": ""TEST-001"", 
            ""Quantity"": 2, 
            ""isExclude"": false, 
            ""NetSalesUnitPrice__c"": 270000.0 
            
        }
        
        
        
        
        
        
        
        
        
        
        
        
        
        
        
        
        
        
        
    ],
    ""TransactionJournal"": [ 
           {
            ""DepositNo__c"": ""DEP040012"",
            ""DeposiSeqNo__c"": ""1"",
            ""ActivityDate"": ""20260510"",
            ""PaymentMethod"": ""03"",
            ""DepositType__c"": ""02"",
            ""TransactionAmount"": 500000.0,
            ""CouponNo"": """",
            ""OrderNo__c"": """"
        }
        ,
          {
            ""DepositNo__c"": ""DEP040013"",
            ""DeposiSeqNo__c"": ""2"",
            ""ActivityDate"": ""20260510"",
            ""PaymentMethod"": ""81"",
            ""DepositType__c"": ""02"",
            ""TransactionAmount"": 40000.0,
            ""CouponNo"": """",
            ""OrderNo__c"": """"
        }
        
        
        
        
        
        
        
        
        
        
        
        
        
        
        
        
        
        
        
        
        
        
        
        
        
        
        
        
        
        
        
        
        
        
        
        
        
        
        
        
        
        
        
        
    ],
    ""InsertId__c"": ""골든듀"" 
}","{
  ""success"" : true,
  ""message"" : ""판매 등록 완료"",
  ""data"" : {
    ""CreditPointList"" : [ {
      ""TX_REMARK"" : ""구매포인트|11cJO000001BAZlYAO|2.00"",
      ""PT_TARGET"" : 10000.0000,
      ""NO_SAL"" : null,
      ""NO_PROM_MBR"" : ""PRO202604161041"",
      ""NO_MBR"" : ""TEST02009"",
      ""NO_GRADE_ADVAN"" : ""03"",
      ""ID_INSERT"" : ""골든듀"",
      ""DTS_INSERT"" : ""2026-05-10 20:49:38"",
      ""DT_SAVE_PLAN"" : null,
      ""DT_LIMIT_START"" : ""2026-05-10 09:00:00"",
      ""DT_LIMIT_END"" : ""2028-05-10"",
      ""DT_DESTROY_PLAN"" : ""2028-05-11"",
      ""CD_TYPE_SAVE"" : ""Credit"",
      ""CD_TYPE_POINT"" : ""01"",
      ""CD_JOURNAL"" : ""05wJO0000004RXvYAM"",
      ""AM_SAL"" : 540000.0
    }, {
      ""TX_REMARK"" : ""사은포인트|11cJO000001BAY9YAO|3.00"",
      ""PT_TARGET"" : 15000.0000,
      ""NO_SAL"" : null,
      ""NO_PROM_MBR"" : ""PRO202604161041"",
      ""NO_MBR"" : ""TEST02009"",
      ""NO_GRADE_ADVAN"" : ""03"",
      ""ID_INSERT"" : ""골든듀"",
      ""DTS_INSERT"" : ""2026-05-10 20:49:38"",
      ""DT_SAVE_PLAN"" : null,
      ""DT_LIMIT_START"" : ""2026-05-10 09:00:00"",
      ""DT_LIMIT_END"" : ""2028-05-10"",
      ""DT_DESTROY_PLAN"" : ""2028-05-11"",
      ""CD_TYPE_SAVE"" : ""Credit"",
      ""CD_TYPE_POINT"" : ""01"",
      ""CD_JOURNAL"" : ""05wJO0000004RXwYAM"",
      ""AM_SAL"" : 540000.0
    } ],
    ""DebitPointList"" : [ {
      ""PT_USE"" : 30000.0000,
      ""NO_SAL_RTN"" : null,
      ""NO_SAL"" : ""SAL04054"",
      ""NO_MBR"" : ""TEST02009"",
      ""ID_INSERT"" : ""골든듀"",
      ""DTS_INSERT"" : ""2026-05-10 20:49:37"",
      ""CD_TYPE_POINT"" : ""06"",
      ""CD_RESON"" : ""1"",
      ""CD_LEDGER"" : ""05wJO0000004RXtYAM"",
      ""CD_JOURNAL"" : ""05wJO0000004RUgYAM"",
      ""AM_SAL"" : 540000.0
    }, {
      ""PT_USE"" : 10000.0000,
      ""NO_SAL_RTN"" : null,
      ""NO_SAL"" : ""SAL04054"",
      ""NO_MBR"" : ""TEST02009"",
      ""ID_INSERT"" : ""골든듀"",
      ""DTS_INSERT"" : ""2026-05-10 20:49:37"",
      ""CD_TYPE_POINT"" : ""01"",
      ""CD_RESON"" : ""1"",
      ""CD_LEDGER"" : ""05wJO0000004RXuYAM"",
      ""CD_JOURNAL"" : ""05wJO0000004RUfYAM"",
      ""AM_SAL"" : 540000.0
    } ],
    ""oiList"" : [ {
      ""attributes"" : {
        ""type"" : ""OrderItem"",
        ""url"" : ""/services/data/v67.0/sobjects/OrderItem/802JO0000054787YAA""
      },
      ""OrderId"" : ""801JO00000IBfaIYAT"",
      ""PricebookEntryId"" : ""01uJO0000011vRvYAI"",
      ""Quantity"" : 2,
      ""UnitPrice"" : 1000,
      ""SaleSeqNo__c"" : ""1"",
      ""SaleItemNo__c"" : ""801JO00000IBfaIYAT-1"",
      ""IsExclude__c"" : false,
      ""NetSalesUnitPrice__c"" : 270000.0,
      ""DiscountRate__c"" : null,
      ""Id"" : ""802JO0000054787YAA""
    } ],
    ""storeType"" : ""09"",
    ""storeTypeFour"" : ""NULL"",
    ""orderId"" : ""801JO00000IBfaIYAT"",
    ""InsertId__c"" : ""골든듀"",
    ""TransactionJournal"" : [ {
      ""OrderNo__c"" : """",
      ""CouponNo"" : """",
      ""TransactionAmount"" : 500000.0,
      ""DepositType__c"" : ""02"",
      ""PaymentMethod"" : ""03"",
      ""ActivityDate"" : ""20260510"",
      ""DeposiSeqNo__c"" : ""1"",
      ""DepositNo__c"" : ""DEP040012""
    }, {
      ""OrderNo__c"" : """",
      ""CouponNo"" : """",
      ""TransactionAmount"" : 40000.0,
      ""DepositType__c"" : ""02"",
      ""PaymentMethod"" : ""81"",
      ""ActivityDate"" : ""20260510"",
      ""DeposiSeqNo__c"" : ""2"",
      ""DepositNo__c"" : ""DEP040013""
    } ],
    ""OrderItem"" : [ {
      ""NetSalesUnitPrice__c"" : 270000.0,
      ""isExclude"" : false,
      ""Quantity"" : 2,
      ""ProductCode"" : ""TEST-001"",
      ""Status__c"" : ""01"",
      ""SaleSeqNo__c"" : ""1""
    } ],
    ""PromotionNo__c"" : ""PRO202604161041"",
    ""SaleStatus__c"" : ""01"",
    ""ActualPaymentAmount__c"" : 540000.0,
    ""EndDate"" : ""20260510"",
    ""SaleNo__c"" : ""SAL04054"",
    ""MemberNo__c"" : ""TEST02009"",
    ""StoreCode__c"" : ""99998"",
    ""AccountId"" : ""GOLDENDEW""
  },
  ""code"" : 200
}"
a12JO000000MgTgYAK,2026-05-10T11:57:50.000+0000,GdSaleApiControllerV1,/gd/v1/sale,"{
    ""AccountId"": ""GOLDENDEW"", 
    ""StoreCode__c"": ""99998"", 
    ""MemberNo__c"": ""TEST02009"", 
    ""SaleNo__c"": ""SAL04055"", 
    ""EndDate"": ""20260510"", 
    ""ActualPaymentAmount__c"": 330000.0, 
    ""SaleStatus__c"": ""01"", 
    ""PromotionNo__c"": ""PRO202604161041"", 
    ""OrderItem"": [ 
         {
            ""SaleSeqNo__c"": ""1"", 
            ""Status__c"": ""01"", 
            ""ProductCode"": ""TEST-002"", 
            ""Quantity"": 1, 
            ""isExclude"": false, 
            ""NetSalesUnitPrice__c"": 330000.0 
            
        }
        
        
        
        
        
        
        
        
        
        
        
        
        
        
        
        
        
        
        
    ],
    ""TransactionJournal"": [ 
           {
            ""DepositNo__c"": ""DEP040014"",
            ""DeposiSeqNo__c"": ""1"",
            ""ActivityDate"": ""20260510"",
            ""PaymentMethod"": ""03"",
            ""DepositType__c"": ""02"",
            ""TransactionAmount"": 300000.0,
            ""CouponNo"": """",
            ""OrderNo__c"": """"
        }
        ,
          {
            ""DepositNo__c"": ""DEP040015"",
            ""DeposiSeqNo__c"": ""2"",
            ""ActivityDate"": ""20260510"",
            ""PaymentMethod"": ""81"",
            ""DepositType__c"": ""02"",
            ""TransactionAmount"": 30000.0,
            ""CouponNo"": """",
            ""OrderNo__c"": """"
        }
        
        
        
        
        
        
        
        
        
        
        
        
        
        
        
        
        
        
        
        
        
        
        
        
        
        
        
        
        
        
        
        
        
        
        
        
        
        
        
        
        
        
        
        
    ],
    ""InsertId__c"": ""골든듀"" 
}","{
  ""success"" : true,
  ""message"" : ""판매 등록 완료"",
  ""data"" : {
    ""CreditPointList"" : [ {
      ""TX_REMARK"" : ""구매포인트|11cJO000001BAZlYAO|2.00"",
      ""PT_TARGET"" : 6000.0000,
      ""NO_SAL"" : null,
      ""NO_PROM_MBR"" : ""PRO202604161041"",
      ""NO_MBR"" : ""TEST02009"",
      ""NO_GRADE_ADVAN"" : ""03"",
      ""ID_INSERT"" : ""골든듀"",
      ""DTS_INSERT"" : ""2026-05-10 20:57:50"",
      ""DT_SAVE_PLAN"" : null,
      ""DT_LIMIT_START"" : ""2026-05-10 09:00:00"",
      ""DT_LIMIT_END"" : ""2028-05-10"",
      ""DT_DESTROY_PLAN"" : ""2028-05-11"",
      ""CD_TYPE_SAVE"" : ""Credit"",
      ""CD_TYPE_POINT"" : ""01"",
      ""CD_JOURNAL"" : ""05wJO0000004ReMYAU"",
      ""AM_SAL"" : 330000.0
    }, {
      ""TX_REMARK"" : ""사은포인트|11cJO000001BAY9YAO|3.00"",
      ""PT_TARGET"" : 9000.0000,
      ""NO_SAL"" : null,
      ""NO_PROM_MBR"" : ""PRO202604161041"",
      ""NO_MBR"" : ""TEST02009"",
      ""NO_GRADE_ADVAN"" : ""03"",
      ""ID_INSERT"" : ""골든듀"",
      ""DTS_INSERT"" : ""2026-05-10 20:57:50"",
      ""DT_SAVE_PLAN"" : null,
      ""DT_LIMIT_START"" : ""2026-05-10 09:00:00"",
      ""DT_LIMIT_END"" : ""2028-05-10"",
      ""DT_DESTROY_PLAN"" : ""2028-05-11"",
      ""CD_TYPE_SAVE"" : ""Credit"",
      ""CD_TYPE_POINT"" : ""01"",
      ""CD_JOURNAL"" : ""05wJO0000004ReNYAU"",
      ""AM_SAL"" : 330000.0
    } ],
    ""DebitPointList"" : [ {
      ""PT_USE"" : 30000.0000,
      ""NO_SAL_RTN"" : null,
      ""NO_SAL"" : ""SAL04055"",
      ""NO_MBR"" : ""TEST02009"",
      ""ID_INSERT"" : ""골든듀"",
      ""DTS_INSERT"" : ""2026-05-10 20:57:50"",
      ""CD_TYPE_POINT"" : ""01"",
      ""CD_RESON"" : ""1"",
      ""CD_LEDGER"" : ""05wJO0000004ReLYAU"",
      ""CD_JOURNAL"" : ""05wJO0000004RUfYAM"",
      ""AM_SAL"" : 330000.0
    } ],
    ""oiList"" : [ {
      ""attributes"" : {
        ""type"" : ""OrderItem"",
        ""url"" : ""/services/data/v67.0/sobjects/OrderItem/802JO00000549JZYAY""
      },
      ""OrderId"" : ""801JO00000IBhQfYAL"",
      ""PricebookEntryId"" : ""01uJO0000012a3dYAA"",
      ""Quantity"" : 1,
      ""UnitPrice"" : 100,
      ""SaleSeqNo__c"" : ""1"",
      ""SaleItemNo__c"" : ""801JO00000IBhQfYAL-1"",
      ""IsExclude__c"" : false,
      ""NetSalesUnitPrice__c"" : 330000.0,
      ""DiscountRate__c"" : null,
      ""Id"" : ""802JO00000549JZYAY""
    } ],
    ""storeType"" : ""09"",
    ""storeTypeFour"" : ""NULL"",
    ""orderId"" : ""801JO00000IBhQfYAL"",
    ""InsertId__c"" : ""골든듀"",
    ""TransactionJournal"" : [ {
      ""OrderNo__c"" : """",
      ""CouponNo"" : """",
      ""TransactionAmount"" : 300000.0,
      ""DepositType__c"" : ""02"",
      ""PaymentMethod"" : ""03"",
      ""ActivityDate"" : ""20260510"",
      ""DeposiSeqNo__c"" : ""1"",
      ""DepositNo__c"" : ""DEP040014""
    }, {
      ""OrderNo__c"" : """",
      ""CouponNo"" : """",
      ""TransactionAmount"" : 30000.0,
      ""DepositType__c"" : ""02"",
      ""PaymentMethod"" : ""81"",
      ""ActivityDate"" : ""20260510"",
      ""DeposiSeqNo__c"" : ""2"",
      ""DepositNo__c"" : ""DEP040015""
    } ],
    ""OrderItem"" : [ {
      ""NetSalesUnitPrice__c"" : 330000.0,
      ""isExclude"" : false,
      ""Quantity"" : 1,
      ""ProductCode"" : ""TEST-002"",
      ""Status__c"" : ""01"",
      ""SaleSeqNo__c"" : ""1""
    } ],
    ""PromotionNo__c"" : ""PRO202604161041"",
    ""SaleStatus__c"" : ""01"",
    ""ActualPaymentAmount__c"" : 330000.0,
    ""EndDate"" : ""20260510"",
    ""SaleNo__c"" : ""SAL04055"",
    ""MemberNo__c"" : ""TEST02009"",
    ""StoreCode__c"" : ""99998"",
    ""AccountId"" : ""GOLDENDEW""
  },
  ""code"" : 200
}"
a12JO000000MgYWYA0,2026-05-10T12:00:50.000+0000,GdSaleApiControllerV1,/gd/v1/sale,"{
    ""AccountId"": ""GOLDENDEW"", 
    ""StoreCode__c"": ""99998"", 
    ""MemberNo__c"": ""TEST02009"", 
    ""SaleNo__c"": ""SAL04056"", 
    ""EndDate"": ""20260510"", 
    ""ActualPaymentAmount__c"": 210000.0, 
    ""SaleStatus__c"": ""01"", 
    ""PromotionNo__c"": ""PRO202604161041"", 
    ""OrderItem"": [ 
         {
            ""SaleSeqNo__c"": ""1"", 
            ""Status__c"": ""01"", 
            ""ProductCode"": ""TEST-001"", 
            ""Quantity"": 1, 
            ""isExclude"": false, 
            ""NetSalesUnitPrice__c"": 210000.0 
            
        }
        
        
        
        
        
        
        
        
        
        
        
        
        
        
        
        
        
        
        
    ],
    ""TransactionJournal"": [ 
           {
            ""DepositNo__c"": ""DEP040016"",
            ""DeposiSeqNo__c"": ""1"",
            ""ActivityDate"": ""20260510"",
            ""PaymentMethod"": ""03"",
            ""DepositType__c"": ""02"",
            ""TransactionAmount"": 200000.0,
            ""CouponNo"": """",
            ""OrderNo__c"": """"
        }
        ,
          {
            ""DepositNo__c"": ""DEP040017"",
            ""DeposiSeqNo__c"": ""2"",
            ""ActivityDate"": ""20260510"",
            ""PaymentMethod"": ""81"",
            ""DepositType__c"": ""02"",
            ""TransactionAmount"": 10000.0,
            ""CouponNo"": """",
            ""OrderNo__c"": """"
        }
        
        
        
        
        
        
        
        
        
        
        
        
        
        
        
        
        
        
        
        
        
        
        
        
        
        
        
        
        
        
        
        
        
        
        
        
        
        
        
        
        
        
        
        
    ],
    ""InsertId__c"": ""골든듀"" 
}","{
  ""success"" : true,
  ""message"" : ""판매 등록 완료"",
  ""data"" : {
    ""CreditPointList"" : [ {
      ""TX_REMARK"" : ""구매포인트|11cJO000001BAZlYAO|2.00"",
      ""PT_TARGET"" : 4000.0000,
      ""NO_SAL"" : null,
      ""NO_PROM_MBR"" : ""PRO202604161041"",
      ""NO_MBR"" : ""TEST02009"",
      ""NO_GRADE_ADVAN"" : ""03"",
      ""ID_INSERT"" : ""골든듀"",
      ""DTS_INSERT"" : ""2026-05-10 21:00:50"",
      ""DT_SAVE_PLAN"" : null,
      ""DT_LIMIT_START"" : ""2026-05-10 09:00:00"",
      ""DT_LIMIT_END"" : ""2028-05-10"",
      ""DT_DESTROY_PLAN"" : ""2028-05-11"",
      ""CD_TYPE_SAVE"" : ""Credit"",
      ""CD_TYPE_POINT"" : ""01"",
      ""CD_JOURNAL"" : ""05wJO0000004RjCYAU"",
      ""AM_SAL"" : 210000.0
    }, {
      ""TX_REMARK"" : ""사은포인트|11cJO000001BAY9YAO|3.00"",
      ""PT_TARGET"" : 6000.0000,
      ""NO_SAL"" : null,
      ""NO_PROM_MBR"" : ""PRO202604161041"",
      ""NO_MBR"" : ""TEST02009"",
      ""NO_GRADE_ADVAN"" : ""03"",
      ""ID_INSERT"" : ""골든듀"",
      ""DTS_INSERT"" : ""2026-05-10 21:00:50"",
      ""DT_SAVE_PLAN"" : null,
      ""DT_LIMIT_START"" : ""2026-05-10 09:00:00"",
      ""DT_LIMIT_END"" : ""2028-05-10"",
      ""DT_DESTROY_PLAN"" : ""2028-05-11"",
      ""CD_TYPE_SAVE"" : ""Credit"",
      ""CD_TYPE_POINT"" : ""01"",
      ""CD_JOURNAL"" : ""05wJO0000004RjDYAU"",
      ""AM_SAL"" : 210000.0
    } ],
    ""DebitPointList"" : [ {
      ""PT_USE"" : 10000.0000,
      ""NO_SAL_RTN"" : null,
      ""NO_SAL"" : ""SAL04056"",
      ""NO_MBR"" : ""TEST02009"",
      ""ID_INSERT"" : ""골든듀"",
      ""DTS_INSERT"" : ""2026-05-10 21:00:49"",
      ""CD_TYPE_POINT"" : ""06"",
      ""CD_RESON"" : ""1"",
      ""CD_LEDGER"" : ""05wJO0000004RjBYAU"",
      ""CD_JOURNAL"" : ""05wJO0000004RKzYAM"",
      ""AM_SAL"" : 210000.0
    } ],
    ""oiList"" : [ {
      ""attributes"" : {
        ""type"" : ""OrderItem"",
        ""url"" : ""/services/data/v67.0/sobjects/OrderItem/802JO00000549OPYAY""
      },
      ""OrderId"" : ""801JO00000IBehXYAT"",
      ""PricebookEntryId"" : ""01uJO0000011vRvYAI"",
      ""Quantity"" : 1,
      ""UnitPrice"" : 1000,
      ""SaleSeqNo__c"" : ""1"",
      ""SaleItemNo__c"" : ""801JO00000IBehXYAT-1"",
      ""IsExclude__c"" : false,
      ""NetSalesUnitPrice__c"" : 210000.0,
      ""DiscountRate__c"" : null,
      ""Id"" : ""802JO00000549OPYAY""
    } ],
    ""storeType"" : ""09"",
    ""storeTypeFour"" : ""NULL"",
    ""orderId"" : ""801JO00000IBehXYAT"",
    ""InsertId__c"" : ""골든듀"",
    ""TransactionJournal"" : [ {
      ""OrderNo__c"" : """",
      ""CouponNo"" : """",
      ""TransactionAmount"" : 200000.0,
      ""DepositType__c"" : ""02"",
      ""PaymentMethod"" : ""03"",
      ""ActivityDate"" : ""20260510"",
      ""DeposiSeqNo__c"" : ""1"",
      ""DepositNo__c"" : ""DEP040016""
    }, {
      ""OrderNo__c"" : """",
      ""CouponNo"" : """",
      ""TransactionAmount"" : 10000.0,
      ""DepositType__c"" : ""02"",
      ""PaymentMethod"" : ""81"",
      ""ActivityDate"" : ""20260510"",
      ""DeposiSeqNo__c"" : ""2"",
      ""DepositNo__c"" : ""DEP040017""
    } ],
    ""OrderItem"" : [ {
      ""NetSalesUnitPrice__c"" : 210000.0,
      ""isExclude"" : false,
      ""Quantity"" : 1,
      ""ProductCode"" : ""TEST-001"",
      ""Status__c"" : ""01"",
      ""SaleSeqNo__c"" : ""1""
    } ],
    ""PromotionNo__c"" : ""PRO202604161041"",
    ""SaleStatus__c"" : ""01"",
    ""ActualPaymentAmount__c"" : 210000.0,
    ""EndDate"" : ""20260510"",
    ""SaleNo__c"" : ""SAL04056"",
    ""MemberNo__c"" : ""TEST02009"",
    ""StoreCode__c"" : ""99998"",
    ""AccountId"" : ""GOLDENDEW""
  },
  ""code"" : 200
}"
a12JO000000Mh3AYAS,2026-05-10T12:40:30.000+0000,GdOrderApiControllerV1,/gd/v1/order,"{
    ""AccountId"": ""GOLDENDEW"", 
    ""StoreCode__c"": ""99998"", 
    ""MemberNo__c"": ""TEST02009"", 
    ""OrderNo__c"": ""SOR04016"", 
    ""ActualPaymentAmount__c"": 400000, 
    ""OrderStatus__c"": ""01"", 
    ""Type"": ""01"", 
    ""PromotionNo__c"": ""PRO202604161041"", 
    ""OrderItem"": [ 
        {
            ""OrderSeqNo__c"": ""1"", 
            ""Status__c"": ""01"", 
            ""ProductCode"": ""212500046"", 
            ""Quantity"": 1, 
            ""isExclude"": false, 
            ""NetSalesUnitPrice__c"": 400000.0, 
            ""DiscountRate__c"": 0.0 
        }
        
        
        
        
        
        
        
        
        
        

    ],
    ""TransactionJournal"": [ 
        {
            ""DepositNo__c"": ""DEP040024"",
            ""DeposiSeqNo__c"": ""1"",
            ""ActivityDate"": ""20260510"",
            ""PaymentMethod"": ""81"",
            ""DepositType__c"": ""01"",
            ""TransactionAmount"": 10000.0,
            ""CouponNo"": """",
            ""OrderNo__c"": null
        },
        {
            ""DepositNo__c"": ""DEP040025"",
            ""DeposiSeqNo__c"": ""2"",
            ""ActivityDate"": ""20260510"",
            ""PaymentMethod"": ""01"",
            ""DepositType__c"": ""01"",
            ""TransactionAmount"": 35000.0,
            ""CouponNo"": """",
            ""OrderNo__c"": null
        }
        ,
          {
            ""DepositNo__c"": ""DEP040026"",
            ""DeposiSeqNo__c"": ""3"",
            ""ActivityDate"": ""20260510"",
            ""PaymentMethod"": ""90"",
            ""DepositType__c"": ""01"",
            ""TransactionAmount"": 40000.0,
            ""CouponNo"": ""COP2026MY0003;-;ZMEOPW3P"",
            ""OrderNo__c"": null
        }
        
        
        
        
        
        
        
        
        
        
        
    ],
    ""InsertId__c"": """" 
}","{
  ""success"" : true,
  ""message"" : ""주문 등록 완료"",
  ""data"" : {
    ""DebitPointList"" : [ {
      ""PT_USE"" : 6000.0000,
      ""NO_SAL_RTN"" : null,
      ""NO_SAL"" : ""SOR04016"",
      ""NO_MBR"" : ""TEST02009"",
      ""ID_INSERT"" : null,
      ""DTS_INSERT"" : ""2026-05-10 21:40:29"",
      ""CD_TYPE_POINT"" : ""06"",
      ""CD_RESON"" : ""1"",
      ""CD_LEDGER"" : ""05wJO0000004Rw5YAE"",
      ""CD_JOURNAL"" : ""05wJO0000004RXxYAM"",
      ""AM_SAL"" : null
    }, {
      ""PT_USE"" : 4000.0000,
      ""NO_SAL_RTN"" : null,
      ""NO_SAL"" : ""SOR04016"",
      ""NO_MBR"" : ""TEST02009"",
      ""ID_INSERT"" : null,
      ""DTS_INSERT"" : ""2026-05-10 21:40:29"",
      ""CD_TYPE_POINT"" : ""01"",
      ""CD_RESON"" : ""1"",
      ""CD_LEDGER"" : ""05wJO0000004Rw6YAE"",
      ""CD_JOURNAL"" : ""05wJO0000004Ro1YAE"",
      ""AM_SAL"" : null
    } ],
    ""isGoldenBar"" : false,
    ""oiList"" : [ {
      ""attributes"" : {
        ""type"" : ""OrderItem"",
        ""url"" : ""/services/data/v67.0/sobjects/OrderItem/802JO0000054AkHYAU""
      },
      ""OrderId"" : ""801JO00000IBjU6YAL"",
      ""Status__c"" : ""01"",
      ""PricebookEntryId"" : ""01uJO000001RBvIYAW"",
      ""Quantity"" : 1,
      ""UnitPrice"" : 400000,
      ""OrderItemNo__c"" : ""801JO00000IBjU6YAL-1"",
      ""IsExclude__c"" : false,
      ""NetSalesUnitPrice__c"" : 400000.0,
      ""DiscountRate__c"" : 0.0,
      ""Id"" : ""802JO0000054AkHYAU""
    } ],
    ""storeType"" : ""09"",
    ""storeTypeFour"" : ""NULL"",
    ""orderId"" : ""801JO00000IBjU6YAL"",
    ""InsertId__c"" : """",
    ""TransactionJournal"" : [ {
      ""OrderNo__c"" : null,
      ""CouponNo"" : """",
      ""TransactionAmount"" : 10000.0,
      ""DepositType__c"" : ""01"",
      ""PaymentMethod"" : ""81"",
      ""ActivityDate"" : ""20260510"",
      ""DeposiSeqNo__c"" : ""1"",
      ""DepositNo__c"" : ""DEP040024""
    }, {
      ""OrderNo__c"" : null,
      ""CouponNo"" : """",
      ""TransactionAmount"" : 35000.0,
      ""DepositType__c"" : ""01"",
      ""PaymentMethod"" : ""01"",
      ""ActivityDate"" : ""20260510"",
      ""DeposiSeqNo__c"" : ""2"",
      ""DepositNo__c"" : ""DEP040025""
    }, {
      ""OrderNo__c"" : null,
      ""CouponNo"" : ""COP2026MY0003;-;ZMEOPW3P"",
      ""TransactionAmount"" : 40000.0,
      ""DepositType__c"" : ""01"",
      ""PaymentMethod"" : ""90"",
      ""ActivityDate"" : ""20260510"",
      ""DeposiSeqNo__c"" : ""3"",
      ""DepositNo__c"" : ""DEP040026""
    } ],
    ""OrderItem"" : [ {
      ""DiscountRate__c"" : 0.0,
      ""NetSalesUnitPrice__c"" : 400000.0,
      ""isExclude"" : false,
      ""Quantity"" : 1,
      ""ProductCode"" : ""212500046"",
      ""Status__c"" : ""01"",
      ""OrderSeqNo__c"" : ""1""
    } ],
    ""PromotionNo__c"" : ""PRO202604161041"",
    ""Type"" : ""01"",
    ""OrderStatus__c"" : ""01"",
    ""ActualPaymentAmount__c"" : 400000,
    ""OrderNo__c"" : ""SOR04016"",
    ""MemberNo__c"" : ""TEST02009"",
    ""StoreCode__c"" : ""99998"",
    ""AccountId"" : ""GOLDENDEW""
  },
  ""code"" : 200
}"
a12JO000000Mh4mYAC,2026-05-10T12:43:22.000+0000,GdSaleApiControllerV1,/gd/v1/sale,"{
    ""AccountId"": ""GOLDENDEW"", 
    ""StoreCode__c"": ""99998"", 
    ""MemberNo__c"": ""TEST02009"", 
    ""SaleNo__c"": ""SAL04057"", 
    ""EndDate"": ""20260510"", 
    ""ActualPaymentAmount__c"": 400000.0, 
    ""SaleStatus__c"": ""01"", 
    ""PromotionNo__c"": ""PRO202604161041"", 
    ""OrderItem"": [ 
         {
            ""SaleSeqNo__c"": ""1"", 
            ""Status__c"": ""01"", 
            ""ProductCode"": ""212500046"", 
            ""Quantity"": 1, 
            ""isExclude"": false, 
            ""NetSalesUnitPrice__c"": 400000.0 
            
        }
        
        
        
        
        
        
        
        
        
        
        
        
        
        
        
        
        
        
        
    ],
    ""TransactionJournal"": [ 
          {
            ""DepositNo__c"": ""DEP040024"",
            ""DeposiSeqNo__c"": ""1"",
            ""ActivityDate"": ""20260510"",
            ""PaymentMethod"": ""81"",
            ""DepositType__c"": ""01"",
            ""TransactionAmount"": 10000.0,
            ""CouponNo"": """",
            ""OrderNo__c"": ""SOR04016""
        },
        {
            ""DepositNo__c"": ""DEP040025"",
            ""DeposiSeqNo__c"": ""2"",
            ""ActivityDate"": ""20260510"",
            ""PaymentMethod"": ""01"",
            ""DepositType__c"": ""01"",
            ""TransactionAmount"": 35000.0,
            ""CouponNo"": """",
            ""OrderNo__c"": ""SOR04016""
        }
        ,
          {
            ""DepositNo__c"": ""DEP040026"",
            ""DeposiSeqNo__c"": ""3"",
            ""ActivityDate"": ""20260510"",
            ""PaymentMethod"": ""90"",
            ""DepositType__c"": ""01"",
            ""TransactionAmount"": 40000.0,
            ""CouponNo"": ""COP2026MY0003;-;ZMEOPW3P"",
            ""OrderNo__c"": ""SOR04016""
        }
        ,
         {
            ""DepositNo__c"": ""DEP04027"",
            ""DeposiSeqNo__c"": ""1"",
            ""ActivityDate"": ""20260510"",
            ""PaymentMethod"": ""03"",
            ""DepositType__c"": ""02"",
            ""TransactionAmount"": 315000.0,
            ""CouponNo"": """",
            ""OrderNo__c"": """"
        }
        
        
        
        
        
        
        
        
        
        
        
        
        
        
        
        
        
        
        
        
        
        
    ],
    ""InsertId__c"": ""골든듀"" 
}","{
  ""success"" : true,
  ""message"" : ""판매 등록 완료"",
  ""data"" : {
    ""CreditPointList"" : [ {
      ""TX_REMARK"" : ""구매포인트|11cJO000001BAZlYAO|2.00"",
      ""PT_TARGET"" : 7000.0000,
      ""NO_SAL"" : null,
      ""NO_PROM_MBR"" : ""PRO202604161041"",
      ""NO_MBR"" : ""TEST02009"",
      ""NO_GRADE_ADVAN"" : ""03"",
      ""ID_INSERT"" : ""골든듀"",
      ""DTS_INSERT"" : ""2026-05-10 21:43:22"",
      ""DT_SAVE_PLAN"" : null,
      ""DT_LIMIT_START"" : ""2026-05-10 09:00:00"",
      ""DT_LIMIT_END"" : ""2028-05-10"",
      ""DT_DESTROY_PLAN"" : ""2028-05-11"",
      ""CD_TYPE_SAVE"" : ""Credit"",
      ""CD_TYPE_POINT"" : ""01"",
      ""CD_JOURNAL"" : ""05wJO0000004RxhYAE"",
      ""AM_SAL"" : 400000.0
    }, {
      ""TX_REMARK"" : ""사은포인트|11cJO000001BAY9YAO|3.00"",
      ""PT_TARGET"" : 10500.0000,
      ""NO_SAL"" : null,
      ""NO_PROM_MBR"" : ""PRO202604161041"",
      ""NO_MBR"" : ""TEST02009"",
      ""NO_GRADE_ADVAN"" : ""03"",
      ""ID_INSERT"" : ""골든듀"",
      ""DTS_INSERT"" : ""2026-05-10 21:43:22"",
      ""DT_SAVE_PLAN"" : null,
      ""DT_LIMIT_START"" : ""2026-05-10 09:00:00"",
      ""DT_LIMIT_END"" : ""2028-05-10"",
      ""DT_DESTROY_PLAN"" : ""2028-05-11"",
      ""CD_TYPE_SAVE"" : ""Credit"",
      ""CD_TYPE_POINT"" : ""01"",
      ""CD_JOURNAL"" : ""05wJO0000004RxiYAE"",
      ""AM_SAL"" : 400000.0
    } ],
    ""oiList"" : [ {
      ""attributes"" : {
        ""type"" : ""OrderItem"",
        ""url"" : ""/services/data/v67.0/sobjects/OrderItem/802JO0000054Ap7YAE""
      },
      ""OrderId"" : ""801JO00000IBk6oYAD"",
      ""PricebookEntryId"" : ""01uJO000001RBvIYAW"",
      ""Quantity"" : 1,
      ""UnitPrice"" : 400000,
      ""SaleSeqNo__c"" : ""1"",
      ""SaleItemNo__c"" : ""801JO00000IBk6oYAD-1"",
      ""IsExclude__c"" : false,
      ""NetSalesUnitPrice__c"" : 400000.0,
      ""DiscountRate__c"" : null,
      ""Id"" : ""802JO0000054Ap7YAE""
    } ],
    ""storeType"" : ""09"",
    ""storeTypeFour"" : ""NULL"",
    ""orderId"" : ""801JO00000IBk6oYAD"",
    ""InsertId__c"" : ""골든듀"",
    ""TransactionJournal"" : [ {
      ""OrderNo__c"" : ""SOR04016"",
      ""CouponNo"" : """",
      ""TransactionAmount"" : 10000.0,
      ""DepositType__c"" : ""01"",
      ""PaymentMethod"" : ""81"",
      ""ActivityDate"" : ""20260510"",
      ""DeposiSeqNo__c"" : ""1"",
      ""DepositNo__c"" : ""DEP040024""
    }, {
      ""OrderNo__c"" : ""SOR04016"",
      ""CouponNo"" : """",
      ""TransactionAmount"" : 35000.0,
      ""DepositType__c"" : ""01"",
      ""PaymentMethod"" : ""01"",
      ""ActivityDate"" : ""20260510"",
      ""DeposiSeqNo__c"" : ""2"",
      ""DepositNo__c"" : ""DEP040025""
    }, {
      ""OrderNo__c"" : ""SOR04016"",
      ""CouponNo"" : ""COP2026MY0003;-;ZMEOPW3P"",
      ""TransactionAmount"" : 40000.0,
      ""DepositType__c"" : ""01"",
      ""PaymentMethod"" : ""90"",
      ""ActivityDate"" : ""20260510"",
      ""DeposiSeqNo__c"" : ""3"",
      ""DepositNo__c"" : ""DEP040026""
    }, {
      ""OrderNo__c"" : """",
      ""CouponNo"" : """",
      ""TransactionAmount"" : 315000.0,
      ""DepositType__c"" : ""02"",
      ""PaymentMethod"" : ""03"",
      ""ActivityDate"" : ""20260510"",
      ""DeposiSeqNo__c"" : ""1"",
      ""DepositNo__c"" : ""DEP04027""
    } ],
    ""OrderItem"" : [ {
      ""NetSalesUnitPrice__c"" : 400000.0,
      ""isExclude"" : false,
      ""Quantity"" : 1,
      ""ProductCode"" : ""212500046"",
      ""Status__c"" : ""01"",
      ""SaleSeqNo__c"" : ""1""
    } ],
    ""PromotionNo__c"" : ""PRO202604161041"",
    ""SaleStatus__c"" : ""01"",
    ""ActualPaymentAmount__c"" : 400000.0,
    ""EndDate"" : ""20260510"",
    ""SaleNo__c"" : ""SAL04057"",
    ""MemberNo__c"" : ""TEST02009"",
    ""StoreCode__c"" : ""99998"",
    ""AccountId"" : ""GOLDENDEW""
  },
  ""code"" : 200
}"
