Id,CreatedDate,ApexClass__c,RequestUrl__c,RequestBody__c,ResponseBody__c
a12JO000000Lsa5YAC,2026-05-07T05:55:41.000+0000,ErpAsyncJob,callout:GoldenDewApiNC/Crm/CouponDetail,"{""couponDetailModels"":[{""no_mbr"":""103006200153"",""no_man_coupon_mil"":""00217026"",""no_man_coupon"":""COP2026MY0004"",""id_insert"":""milvus""}]}",
a12JO000000LqLPYA0,2026-05-07T05:59:29.000+0000,GdVoucherHelpApiControllerV1,/gd/v1/voucher/help,"{""StoreCode__c"":""99998"",""MemberNo__c"":""103006200153"",""ActualPaymentAmount__c"":1000000.0000,""OrderStatus__c"":null,""Type"":""01"",""PromotionNo__c"":""PRO202604161041"",""OrderItem"":[{""OrderSeqNo__c"":null,""Status__c"":null,""ProductCode"":""3A2600005"",""Quantity"":1,""isExclude"":null,""NetSalesUnitPrice__c"":0.0,""DiscountRate__c"":0.0},{""OrderSeqNo__c"":null,""Status__c"":null,""ProductCode"":""2A2600001"",""Quantity"":1,""isExclude"":null,""NetSalesUnitPrice__c"":0.0,""DiscountRate__c"":0.0}],""TransactionJournal"":null}","{
  ""success"" : true,
  ""message"" : ""사용 가능한 쿠폰 조회 성공"",
  ""data"" : {
    ""voucherList"" : [ {
      ""TX_COUPON"" : ""202509_SVIP회원_생일쿠폰"",
      ""RT_DISC"" : 0,
      ""NO_MAN_COUPON"" : ""COP2025AG0015"",
      ""NO_COUPON"" : ""01"",
      ""NM_RESPON"" : ""최재현"",
      ""NM_DEPT"" : ""IMC팀"",
      ""NM_COUPON"" : ""202509_SVIP회원_생일쿠폰"",
      ""ID_INSERT"" : ""쿠폰자동발급"",
      ""DTS_INSERT"" : ""20250901070004"",
      ""DT_USE"" : """",
      ""DT_STR_EXP"" : ""20250901"",
      ""DT_ISSUE"" : ""20250901"",
      ""DT_END_EXP"" : ""20260831"",
      ""DS_MON_EXP"" : 0,
      ""CD_TYPE_DAY_EXP"" : ""02"",
      ""CD_TYPE_COUPON"" : ""03"",
      ""CD_STAT_COUPON"" : ""02"",
      ""CD_BRAND"" : ""01"",
      ""AM_DISC"" : 100000
    }, {
      ""TX_COUPON"" : ""10%할인_SVIP특별바우처2"",
      ""RT_DISC"" : 10,
      ""NO_MAN_COUPON"" : ""COP2026JA0018"",
      ""NO_COUPON"" : ""36"",
      ""NM_RESPON"" : ""최재현"",
      ""NM_DEPT"" : ""IMC팀"",
      ""NM_COUPON"" : ""10%할인_SVIP특별바우처2 (2)"",
      ""ID_INSERT"" : ""최재현"",
      ""DTS_INSERT"" : ""20260202144916"",
      ""DT_USE"" : """",
      ""DT_STR_EXP"" : ""20260201"",
      ""DT_ISSUE"" : ""20260202"",
      ""DT_END_EXP"" : ""20270131"",
      ""DS_MON_EXP"" : 0,
      ""CD_TYPE_DAY_EXP"" : ""02"",
      ""CD_TYPE_COUPON"" : ""03"",
      ""CD_STAT_COUPON"" : ""02"",
      ""CD_BRAND"" : ""01"",
      ""AM_DISC"" : 0
    }, {
      ""TX_COUPON"" : ""10%할인_SVIP특별바우처3"",
      ""RT_DISC"" : 10,
      ""NO_MAN_COUPON"" : ""COP2026JA0019"",
      ""NO_COUPON"" : ""36"",
      ""NM_RESPON"" : ""최재현"",
      ""NM_DEPT"" : ""IMC팀"",
      ""NM_COUPON"" : ""10%할인_SVIP특별바우처3 (2)"",
      ""ID_INSERT"" : ""최재현"",
      ""DTS_INSERT"" : ""20260202145016"",
      ""DT_USE"" : """",
      ""DT_STR_EXP"" : ""20260201"",
      ""DT_ISSUE"" : ""20260202"",
      ""DT_END_EXP"" : ""20270131"",
      ""DS_MON_EXP"" : 0,
      ""CD_TYPE_DAY_EXP"" : ""02"",
      ""CD_TYPE_COUPON"" : ""03"",
      ""CD_STAT_COUPON"" : ""02"",
      ""CD_BRAND"" : ""01"",
      ""AM_DISC"" : 0
    }, {
      ""TX_COUPON"" : ""2026_SVIP_승격축하쿠폰"",
      ""RT_DISC"" : 0,
      ""NO_MAN_COUPON"" : ""COP2026JA0028"",
      ""NO_COUPON"" : ""36"",
      ""NM_RESPON"" : ""최재현"",
      ""NM_DEPT"" : ""IMC팀"",
      ""NM_COUPON"" : ""2026_SVIP_승격축하쿠폰"",
      ""ID_INSERT"" : ""최재현"",
      ""DTS_INSERT"" : ""20260202151859"",
      ""DT_USE"" : """",
      ""DT_STR_EXP"" : ""20260201"",
      ""DT_ISSUE"" : ""20260202"",
      ""DT_END_EXP"" : ""20270131"",
      ""DS_MON_EXP"" : 0,
      ""CD_TYPE_DAY_EXP"" : ""02"",
      ""CD_TYPE_COUPON"" : ""03"",
      ""CD_STAT_COUPON"" : ""02"",
      ""CD_BRAND"" : ""01"",
      ""AM_DISC"" : 100000
    }, {
      ""TX_COUPON"" : """",
      ""RT_DISC"" : 0,
      ""NO_MAN_COUPON"" : ""COP2026MY0004"",
      ""NO_COUPON"" : ""6G7Q35FY"",
      ""NM_RESPON"" : ""밀버스"",
      ""NM_DEPT"" : ""밀버스"",
      ""NM_COUPON"" : ""[TEST] 정액_3만원"",
      ""ID_INSERT"" : ""milvus"",
      ""DTS_INSERT"" : ""20260507145539"",
      ""DT_USE"" : """",
      ""DT_STR_EXP"" : ""20260501"",
      ""DT_ISSUE"" : ""20260507"",
      ""DT_END_EXP"" : ""20260531"",
      ""DS_MON_EXP"" : 0,
      ""CD_TYPE_DAY_EXP"" : ""02"",
      ""CD_TYPE_COUPON"" : ""03"",
      ""CD_STAT_COUPON"" : ""02"",
      ""CD_BRAND"" : ""01"",
      ""AM_DISC"" : 30000
    } ]
  },
  ""code"" : 200
}"
a12JO000000Lt4jYAC,2026-05-07T05:59:45.000+0000,GdPointHelpApiControllerV1,/gd/v1/point/help,"{""StoreCode__c"":""99998"",""MemberNo__c"":""103006200153"",""Type"":""01"",""PromotionNo__c"":""PRO202604161041"",""OrderDate"":""20260507"",""SaleNo__c"":""""}","{
  ""success"" : true,
  ""message"" : ""포인트 적용 조회 성공"",
  ""data"" : {
    ""pointList"" : [ {
      ""points"" : 636152,
      ""CD_TYPE_POINT"" : ""04""
    } ]
  },
  ""code"" : 200
}"
a12JO000000LrKkYAK,2026-05-07T06:00:07.000+0000,GdOrderApiControllerV1,/gd/v1/order,"{""AccountId"":""1000"",""StoreCode__c"":""99998"",""MemberNo__c"":""103006200153"",""OrderNo__c"":""SOR202605070104"",""ActualPaymentAmount__c"":1000000.0,""OrderStatus__c"":""01"",""Type"":""01"",""PromotionNo__c"":""PRO202604161041"",""OrderItem"":[{""OrderSeqNo__c"":""1"",""Status__c"":""01"",""ProductCode"":""3A2600005"",""Quantity"":1,""isExclude"":false,""NetSalesUnitPrice__c"":500000.0000,""DiscountRate__c"":0.0000},{""OrderSeqNo__c"":""2"",""Status__c"":""01"",""ProductCode"":""2A2600001"",""Quantity"":1,""isExclude"":false,""NetSalesUnitPrice__c"":500000.0000,""DiscountRate__c"":0.0000}],""TransactionJournal"":[{""DepositNo__c"":""DEP202605070183"",""DeposiSeqNo__c"":""1"",""ActivityDate"":""20260507"",""PaymentMethod"":""01"",""DepositType__c"":""01"",""TransactionAmount"":100000.0000,""CouponNo"":"""",""OrderNo__c"":null},{""DepositNo__c"":""DEP202605070183"",""DeposiSeqNo__c"":""2"",""ActivityDate"":""20260507"",""PaymentMethod"":""90"",""DepositType__c"":""01"",""TransactionAmount"":30000.0000,""CouponNo"":""COP2026MY0004;-;6G7Q35FY"",""OrderNo__c"":null},{""DepositNo__c"":""DEP202605070183"",""DeposiSeqNo__c"":""3"",""ActivityDate"":""20260507"",""PaymentMethod"":""81"",""DepositType__c"":""01"",""TransactionAmount"":10000.0000,""CouponNo"":"""",""OrderNo__c"":null}]}","{
  ""success"" : true,
  ""message"" : ""주문 등록 완료"",
  ""data"" : {
    ""DebitPointList"" : [ {
      ""PT_USE"" : 10000.00,
      ""NO_SAL_RTN"" : null,
      ""NO_SAL"" : ""SOR202605070104"",
      ""NO_MBR"" : ""103006200153"",
      ""ID_INSERT"" : null,
      ""DTS_INSERT"" : ""2026-05-07 15:00:06"",
      ""CD_TYPE_POINT"" : ""04"",
      ""CD_RESON"" : ""1"",
      ""CD_LEDGER"" : ""05wJO00000046YIYAY"",
      ""CD_JOURNAL"" : ""05wJO00000044UtYAI"",
      ""AM_SAL"" : null
    } ],
    ""isGoldenBar"" : false,
    ""oiList"" : [ {
      ""attributes"" : {
        ""type"" : ""OrderItem"",
        ""url"" : ""/services/data/v66.0/sobjects/OrderItem/802JO0000052AmzYAE""
      },
      ""OrderId"" : ""801JO00000I9NSyYAN"",
      ""Status__c"" : ""01"",
      ""PricebookEntryId"" : ""01uJO000001RG0OYAW"",
      ""Quantity"" : 1,
      ""UnitPrice"" : 500000,
      ""OrderItemNo__c"" : ""801JO00000I9NSyYAN-1"",
      ""IsExclude__c"" : false,
      ""NetSalesUnitPrice__c"" : 500000.0000,
      ""DiscountRate__c"" : 0.0000,
      ""Id"" : ""802JO0000052AmzYAE""
    }, {
      ""attributes"" : {
        ""type"" : ""OrderItem"",
        ""url"" : ""/services/data/v66.0/sobjects/OrderItem/802JO0000052An0YAE""
      },
      ""OrderId"" : ""801JO00000I9NSyYAN"",
      ""Status__c"" : ""01"",
      ""PricebookEntryId"" : ""01uJO000001R0w4YAC"",
      ""Quantity"" : 1,
      ""UnitPrice"" : 500000,
      ""OrderItemNo__c"" : ""801JO00000I9NSyYAN-2"",
      ""IsExclude__c"" : false,
      ""NetSalesUnitPrice__c"" : 500000.0000,
      ""DiscountRate__c"" : 0.0000,
      ""Id"" : ""802JO0000052An0YAE""
    } ],
    ""storeType"" : ""09"",
    ""storeTypeFour"" : ""NULL"",
    ""orderId"" : ""801JO00000I9NSyYAN"",
    ""TransactionJournal"" : [ {
      ""OrderNo__c"" : null,
      ""CouponNo"" : """",
      ""TransactionAmount"" : 100000.0000,
      ""DepositType__c"" : ""01"",
      ""PaymentMethod"" : ""01"",
      ""ActivityDate"" : ""20260507"",
      ""DeposiSeqNo__c"" : ""1"",
      ""DepositNo__c"" : ""DEP202605070183""
    }, {
      ""OrderNo__c"" : null,
      ""CouponNo"" : ""COP2026MY0004;-;6G7Q35FY"",
      ""TransactionAmount"" : 30000.0000,
      ""DepositType__c"" : ""01"",
      ""PaymentMethod"" : ""90"",
      ""ActivityDate"" : ""20260507"",
      ""DeposiSeqNo__c"" : ""2"",
      ""DepositNo__c"" : ""DEP202605070183""
    }, {
      ""OrderNo__c"" : null,
      ""CouponNo"" : """",
      ""TransactionAmount"" : 10000.0000,
      ""DepositType__c"" : ""01"",
      ""PaymentMethod"" : ""81"",
      ""ActivityDate"" : ""20260507"",
      ""DeposiSeqNo__c"" : ""3"",
      ""DepositNo__c"" : ""DEP202605070183""
    } ],
    ""OrderItem"" : [ {
      ""DiscountRate__c"" : 0.0000,
      ""NetSalesUnitPrice__c"" : 500000.0000,
      ""isExclude"" : false,
      ""Quantity"" : 1,
      ""ProductCode"" : ""3A2600005"",
      ""Status__c"" : ""01"",
      ""OrderSeqNo__c"" : ""1""
    }, {
      ""DiscountRate__c"" : 0.0000,
      ""NetSalesUnitPrice__c"" : 500000.0000,
      ""isExclude"" : false,
      ""Quantity"" : 1,
      ""ProductCode"" : ""2A2600001"",
      ""Status__c"" : ""01"",
      ""OrderSeqNo__c"" : ""2""
    } ],
    ""PromotionNo__c"" : ""PRO202604161041"",
    ""Type"" : ""01"",
    ""OrderStatus__c"" : ""01"",
    ""ActualPaymentAmount__c"" : 1000000.0,
    ""OrderNo__c"" : ""SOR202605070104"",
    ""MemberNo__c"" : ""103006200153"",
    ""StoreCode__c"" : ""99998"",
    ""AccountId"" : ""1000""
  },
  ""code"" : 200
}"
a12JO000000Lt3CYAS,2026-05-07T06:19:33.000+0000,GdVoucherHelpApiControllerV1,/gd/v1/voucher/help,"{""StoreCode__c"":""99998"",""MemberNo__c"":""103006200153"",""ActualPaymentAmount__c"":1000000.0000,""OrderStatus__c"":null,""Type"":""01"",""PromotionNo__c"":""PRO202605041079"",""OrderItem"":[{""OrderSeqNo__c"":null,""Status__c"":null,""ProductCode"":""2A2600001"",""Quantity"":1,""isExclude"":null,""NetSalesUnitPrice__c"":0.0,""DiscountRate__c"":0.0},{""OrderSeqNo__c"":null,""Status__c"":null,""ProductCode"":""3A2600006"",""Quantity"":1,""isExclude"":null,""NetSalesUnitPrice__c"":0.0,""DiscountRate__c"":0.0}],""TransactionJournal"":null}","{
  ""success"" : true,
  ""message"" : ""사용 가능한 쿠폰 조회 성공"",
  ""data"" : {
    ""voucherList"" : [ {
      ""TX_COUPON"" : ""202509_SVIP회원_생일쿠폰"",
      ""RT_DISC"" : 0,
      ""NO_MAN_COUPON"" : ""COP2025AG0015"",
      ""NO_COUPON"" : ""01"",
      ""NM_RESPON"" : ""최재현"",
      ""NM_DEPT"" : ""IMC팀"",
      ""NM_COUPON"" : ""202509_SVIP회원_생일쿠폰"",
      ""ID_INSERT"" : ""쿠폰자동발급"",
      ""DTS_INSERT"" : ""20250901070004"",
      ""DT_USE"" : """",
      ""DT_STR_EXP"" : ""20250901"",
      ""DT_ISSUE"" : ""20250901"",
      ""DT_END_EXP"" : ""20260831"",
      ""DS_MON_EXP"" : 0,
      ""CD_TYPE_DAY_EXP"" : ""02"",
      ""CD_TYPE_COUPON"" : ""03"",
      ""CD_STAT_COUPON"" : ""02"",
      ""CD_BRAND"" : ""01"",
      ""AM_DISC"" : 100000
    }, {
      ""TX_COUPON"" : ""10%할인_SVIP특별바우처2"",
      ""RT_DISC"" : 10,
      ""NO_MAN_COUPON"" : ""COP2026JA0018"",
      ""NO_COUPON"" : ""36"",
      ""NM_RESPON"" : ""최재현"",
      ""NM_DEPT"" : ""IMC팀"",
      ""NM_COUPON"" : ""10%할인_SVIP특별바우처2 (2)"",
      ""ID_INSERT"" : ""최재현"",
      ""DTS_INSERT"" : ""20260202144916"",
      ""DT_USE"" : """",
      ""DT_STR_EXP"" : ""20260201"",
      ""DT_ISSUE"" : ""20260202"",
      ""DT_END_EXP"" : ""20270131"",
      ""DS_MON_EXP"" : 0,
      ""CD_TYPE_DAY_EXP"" : ""02"",
      ""CD_TYPE_COUPON"" : ""03"",
      ""CD_STAT_COUPON"" : ""02"",
      ""CD_BRAND"" : ""01"",
      ""AM_DISC"" : 0
    }, {
      ""TX_COUPON"" : ""10%할인_SVIP특별바우처3"",
      ""RT_DISC"" : 10,
      ""NO_MAN_COUPON"" : ""COP2026JA0019"",
      ""NO_COUPON"" : ""36"",
      ""NM_RESPON"" : ""최재현"",
      ""NM_DEPT"" : ""IMC팀"",
      ""NM_COUPON"" : ""10%할인_SVIP특별바우처3 (2)"",
      ""ID_INSERT"" : ""최재현"",
      ""DTS_INSERT"" : ""20260202145016"",
      ""DT_USE"" : """",
      ""DT_STR_EXP"" : ""20260201"",
      ""DT_ISSUE"" : ""20260202"",
      ""DT_END_EXP"" : ""20270131"",
      ""DS_MON_EXP"" : 0,
      ""CD_TYPE_DAY_EXP"" : ""02"",
      ""CD_TYPE_COUPON"" : ""03"",
      ""CD_STAT_COUPON"" : ""02"",
      ""CD_BRAND"" : ""01"",
      ""AM_DISC"" : 0
    }, {
      ""TX_COUPON"" : ""2026_SVIP_승격축하쿠폰"",
      ""RT_DISC"" : 0,
      ""NO_MAN_COUPON"" : ""COP2026JA0028"",
      ""NO_COUPON"" : ""36"",
      ""NM_RESPON"" : ""최재현"",
      ""NM_DEPT"" : ""IMC팀"",
      ""NM_COUPON"" : ""2026_SVIP_승격축하쿠폰"",
      ""ID_INSERT"" : ""최재현"",
      ""DTS_INSERT"" : ""20260202151859"",
      ""DT_USE"" : """",
      ""DT_STR_EXP"" : ""20260201"",
      ""DT_ISSUE"" : ""20260202"",
      ""DT_END_EXP"" : ""20270131"",
      ""DS_MON_EXP"" : 0,
      ""CD_TYPE_DAY_EXP"" : ""02"",
      ""CD_TYPE_COUPON"" : ""03"",
      ""CD_STAT_COUPON"" : ""02"",
      ""CD_BRAND"" : ""01"",
      ""AM_DISC"" : 100000
    } ]
  },
  ""code"" : 200
}"
a12JO000000LnQlYAK,2026-05-07T06:19:47.000+0000,GdPointHelpApiControllerV1,/gd/v1/point/help,"{""StoreCode__c"":""99998"",""MemberNo__c"":""103006200153"",""Type"":""01"",""PromotionNo__c"":""PRO202605041079"",""OrderDate"":""20260507"",""SaleNo__c"":""""}","{
  ""success"" : true,
  ""message"" : ""포인트 적용 조회 성공"",
  ""data"" : {
    ""pointList"" : [ {
      ""points"" : 626152,
      ""CD_TYPE_POINT"" : ""04""
    } ]
  },
  ""code"" : 200
}"
a12JO000000LsyIYAS,2026-05-07T06:19:58.000+0000,ErpAsyncJob,callout:GoldenDewApiNC/Crm/CouponDetail,"{""couponDetailModels"":[{""no_mbr"":""103006200153"",""no_man_coupon_mil"":""00217028"",""no_man_coupon"":""COP2026MY0004"",""id_insert"":""milvus""}]}",
a12JO000000Lt7yYAC,2026-05-07T06:20:07.000+0000,GdVoucherHelpApiControllerV1,/gd/v1/voucher/help,"{""StoreCode__c"":""99998"",""MemberNo__c"":""103006200153"",""ActualPaymentAmount__c"":1000000.0000,""OrderStatus__c"":null,""Type"":""01"",""PromotionNo__c"":""PRO202605041079"",""OrderItem"":[{""OrderSeqNo__c"":null,""Status__c"":null,""ProductCode"":""2A2600001"",""Quantity"":1,""isExclude"":null,""NetSalesUnitPrice__c"":0.0,""DiscountRate__c"":0.0},{""OrderSeqNo__c"":null,""Status__c"":null,""ProductCode"":""3A2600006"",""Quantity"":1,""isExclude"":null,""NetSalesUnitPrice__c"":0.0,""DiscountRate__c"":0.0}],""TransactionJournal"":null}","{
  ""success"" : true,
  ""message"" : ""사용 가능한 쿠폰 조회 성공"",
  ""data"" : {
    ""voucherList"" : [ {
      ""TX_COUPON"" : ""202509_SVIP회원_생일쿠폰"",
      ""RT_DISC"" : 0,
      ""NO_MAN_COUPON"" : ""COP2025AG0015"",
      ""NO_COUPON"" : ""01"",
      ""NM_RESPON"" : ""최재현"",
      ""NM_DEPT"" : ""IMC팀"",
      ""NM_COUPON"" : ""202509_SVIP회원_생일쿠폰"",
      ""ID_INSERT"" : ""쿠폰자동발급"",
      ""DTS_INSERT"" : ""20250901070004"",
      ""DT_USE"" : """",
      ""DT_STR_EXP"" : ""20250901"",
      ""DT_ISSUE"" : ""20250901"",
      ""DT_END_EXP"" : ""20260831"",
      ""DS_MON_EXP"" : 0,
      ""CD_TYPE_DAY_EXP"" : ""02"",
      ""CD_TYPE_COUPON"" : ""03"",
      ""CD_STAT_COUPON"" : ""02"",
      ""CD_BRAND"" : ""01"",
      ""AM_DISC"" : 100000
    }, {
      ""TX_COUPON"" : ""10%할인_SVIP특별바우처2"",
      ""RT_DISC"" : 10,
      ""NO_MAN_COUPON"" : ""COP2026JA0018"",
      ""NO_COUPON"" : ""36"",
      ""NM_RESPON"" : ""최재현"",
      ""NM_DEPT"" : ""IMC팀"",
      ""NM_COUPON"" : ""10%할인_SVIP특별바우처2 (2)"",
      ""ID_INSERT"" : ""최재현"",
      ""DTS_INSERT"" : ""20260202144916"",
      ""DT_USE"" : """",
      ""DT_STR_EXP"" : ""20260201"",
      ""DT_ISSUE"" : ""20260202"",
      ""DT_END_EXP"" : ""20270131"",
      ""DS_MON_EXP"" : 0,
      ""CD_TYPE_DAY_EXP"" : ""02"",
      ""CD_TYPE_COUPON"" : ""03"",
      ""CD_STAT_COUPON"" : ""02"",
      ""CD_BRAND"" : ""01"",
      ""AM_DISC"" : 0
    }, {
      ""TX_COUPON"" : ""10%할인_SVIP특별바우처3"",
      ""RT_DISC"" : 10,
      ""NO_MAN_COUPON"" : ""COP2026JA0019"",
      ""NO_COUPON"" : ""36"",
      ""NM_RESPON"" : ""최재현"",
      ""NM_DEPT"" : ""IMC팀"",
      ""NM_COUPON"" : ""10%할인_SVIP특별바우처3 (2)"",
      ""ID_INSERT"" : ""최재현"",
      ""DTS_INSERT"" : ""20260202145016"",
      ""DT_USE"" : """",
      ""DT_STR_EXP"" : ""20260201"",
      ""DT_ISSUE"" : ""20260202"",
      ""DT_END_EXP"" : ""20270131"",
      ""DS_MON_EXP"" : 0,
      ""CD_TYPE_DAY_EXP"" : ""02"",
      ""CD_TYPE_COUPON"" : ""03"",
      ""CD_STAT_COUPON"" : ""02"",
      ""CD_BRAND"" : ""01"",
      ""AM_DISC"" : 0
    }, {
      ""TX_COUPON"" : ""2026_SVIP_승격축하쿠폰"",
      ""RT_DISC"" : 0,
      ""NO_MAN_COUPON"" : ""COP2026JA0028"",
      ""NO_COUPON"" : ""36"",
      ""NM_RESPON"" : ""최재현"",
      ""NM_DEPT"" : ""IMC팀"",
      ""NM_COUPON"" : ""2026_SVIP_승격축하쿠폰"",
      ""ID_INSERT"" : ""최재현"",
      ""DTS_INSERT"" : ""20260202151859"",
      ""DT_USE"" : """",
      ""DT_STR_EXP"" : ""20260201"",
      ""DT_ISSUE"" : ""20260202"",
      ""DT_END_EXP"" : ""20270131"",
      ""DS_MON_EXP"" : 0,
      ""CD_TYPE_DAY_EXP"" : ""02"",
      ""CD_TYPE_COUPON"" : ""03"",
      ""CD_STAT_COUPON"" : ""02"",
      ""CD_BRAND"" : ""01"",
      ""AM_DISC"" : 100000
    }, {
      ""TX_COUPON"" : """",
      ""RT_DISC"" : 0,
      ""NO_MAN_COUPON"" : ""COP2026MY0004"",
      ""NO_COUPON"" : ""ZIS8EDSW"",
      ""NM_RESPON"" : ""밀버스"",
      ""NM_DEPT"" : ""밀버스"",
      ""NM_COUPON"" : ""[TEST] 정액_3만원"",
      ""ID_INSERT"" : ""milvus"",
      ""DTS_INSERT"" : ""20260507151956"",
      ""DT_USE"" : """",
      ""DT_STR_EXP"" : ""20260501"",
      ""DT_ISSUE"" : ""20260507"",
      ""DT_END_EXP"" : ""20260531"",
      ""DS_MON_EXP"" : 0,
      ""CD_TYPE_DAY_EXP"" : ""02"",
      ""CD_TYPE_COUPON"" : ""03"",
      ""CD_STAT_COUPON"" : ""02"",
      ""CD_BRAND"" : ""01"",
      ""AM_DISC"" : 30000
    } ]
  },
  ""code"" : 200
}"
a12JO000000LtsnYAC,2026-05-07T06:20:19.000+0000,GdOrderApiControllerV1,/gd/v1/order,"{""AccountId"":""1000"",""StoreCode__c"":""99998"",""MemberNo__c"":""103006200153"",""OrderNo__c"":""SOR202605070107"",""ActualPaymentAmount__c"":1000000.0,""OrderStatus__c"":""01"",""Type"":""01"",""PromotionNo__c"":""PRO202605041079"",""OrderItem"":[{""OrderSeqNo__c"":""1"",""Status__c"":""01"",""ProductCode"":""2A2600001"",""Quantity"":1,""isExclude"":false,""NetSalesUnitPrice__c"":500000.0000,""DiscountRate__c"":0.0000},{""OrderSeqNo__c"":""2"",""Status__c"":""01"",""ProductCode"":""3A2600006"",""Quantity"":1,""isExclude"":true,""NetSalesUnitPrice__c"":500000.0000,""DiscountRate__c"":0.0000}],""TransactionJournal"":[{""DepositNo__c"":""DEP202605070191"",""DeposiSeqNo__c"":""1"",""ActivityDate"":""20260507"",""PaymentMethod"":""01"",""DepositType__c"":""01"",""TransactionAmount"":100000.0000,""CouponNo"":"""",""OrderNo__c"":null},{""DepositNo__c"":""DEP202605070191"",""DeposiSeqNo__c"":""2"",""ActivityDate"":""20260507"",""PaymentMethod"":""81"",""DepositType__c"":""01"",""TransactionAmount"":10000.0000,""CouponNo"":"""",""OrderNo__c"":null},{""DepositNo__c"":""DEP202605070191"",""DeposiSeqNo__c"":""3"",""ActivityDate"":""20260507"",""PaymentMethod"":""90"",""DepositType__c"":""01"",""TransactionAmount"":30000.0000,""CouponNo"":""COP2026MY0004;-;ZIS8EDSW"",""OrderNo__c"":null}]}","{
  ""success"" : true,
  ""message"" : ""주문 등록 완료"",
  ""data"" : {
    ""DebitPointList"" : [ {
      ""PT_USE"" : 10000.00,
      ""NO_SAL_RTN"" : null,
      ""NO_SAL"" : ""SOR202605070107"",
      ""NO_MBR"" : ""103006200153"",
      ""ID_INSERT"" : null,
      ""DTS_INSERT"" : ""2026-05-07 15:20:19"",
      ""CD_TYPE_POINT"" : ""04"",
      ""CD_RESON"" : ""1"",
      ""CD_LEDGER"" : ""05wJO00000046wTYAQ"",
      ""CD_JOURNAL"" : ""05wJO00000044UtYAI"",
      ""AM_SAL"" : null
    } ],
    ""isGoldenBar"" : false,
    ""oiList"" : [ {
      ""attributes"" : {
        ""type"" : ""OrderItem"",
        ""url"" : ""/services/data/v66.0/sobjects/OrderItem/802JO0000052D04YAE""
      },
      ""OrderId"" : ""801JO00000I9RjPYAV"",
      ""Status__c"" : ""01"",
      ""PricebookEntryId"" : ""01uJO000001R0w4YAC"",
      ""Quantity"" : 1,
      ""UnitPrice"" : 500000,
      ""OrderItemNo__c"" : ""801JO00000I9RjPYAV-1"",
      ""IsExclude__c"" : false,
      ""NetSalesUnitPrice__c"" : 500000.0000,
      ""DiscountRate__c"" : 0.0000,
      ""Id"" : ""802JO0000052D04YAE""
    }, {
      ""attributes"" : {
        ""type"" : ""OrderItem"",
        ""url"" : ""/services/data/v66.0/sobjects/OrderItem/802JO0000052D05YAE""
      },
      ""OrderId"" : ""801JO00000I9RjPYAV"",
      ""Status__c"" : ""01"",
      ""PricebookEntryId"" : ""01uJO000001RG0PYAW"",
      ""Quantity"" : 1,
      ""UnitPrice"" : 1,
      ""OrderItemNo__c"" : ""801JO00000I9RjPYAV-2"",
      ""IsExclude__c"" : true,
      ""NetSalesUnitPrice__c"" : 500000.0000,
      ""DiscountRate__c"" : 0.0000,
      ""Id"" : ""802JO0000052D05YAE""
    } ],
    ""storeType"" : ""09"",
    ""storeTypeFour"" : ""NULL"",
    ""orderId"" : ""801JO00000I9RjPYAV"",
    ""TransactionJournal"" : [ {
      ""OrderNo__c"" : null,
      ""CouponNo"" : """",
      ""TransactionAmount"" : 100000.0000,
      ""DepositType__c"" : ""01"",
      ""PaymentMethod"" : ""01"",
      ""ActivityDate"" : ""20260507"",
      ""DeposiSeqNo__c"" : ""1"",
      ""DepositNo__c"" : ""DEP202605070191""
    }, {
      ""OrderNo__c"" : null,
      ""CouponNo"" : """",
      ""TransactionAmount"" : 10000.0000,
      ""DepositType__c"" : ""01"",
      ""PaymentMethod"" : ""81"",
      ""ActivityDate"" : ""20260507"",
      ""DeposiSeqNo__c"" : ""2"",
      ""DepositNo__c"" : ""DEP202605070191""
    }, {
      ""OrderNo__c"" : null,
      ""CouponNo"" : ""COP2026MY0004;-;ZIS8EDSW"",
      ""TransactionAmount"" : 30000.0000,
      ""DepositType__c"" : ""01"",
      ""PaymentMethod"" : ""90"",
      ""ActivityDate"" : ""20260507"",
      ""DeposiSeqNo__c"" : ""3"",
      ""DepositNo__c"" : ""DEP202605070191""
    } ],
    ""OrderItem"" : [ {
      ""DiscountRate__c"" : 0.0000,
      ""NetSalesUnitPrice__c"" : 500000.0000,
      ""isExclude"" : false,
      ""Quantity"" : 1,
      ""ProductCode"" : ""2A2600001"",
      ""Status__c"" : ""01"",
      ""OrderSeqNo__c"" : ""1""
    }, {
      ""DiscountRate__c"" : 0.0000,
      ""NetSalesUnitPrice__c"" : 500000.0000,
      ""isExclude"" : true,
      ""Quantity"" : 1,
      ""ProductCode"" : ""3A2600006"",
      ""Status__c"" : ""01"",
      ""OrderSeqNo__c"" : ""2""
    } ],
    ""PromotionNo__c"" : ""PRO202605041079"",
    ""Type"" : ""01"",
    ""OrderStatus__c"" : ""01"",
    ""ActualPaymentAmount__c"" : 1000000.0,
    ""OrderNo__c"" : ""SOR202605070107"",
    ""MemberNo__c"" : ""103006200153"",
    ""StoreCode__c"" : ""99998"",
    ""AccountId"" : ""1000""
  },
  ""code"" : 200
}"
a12JO000000LuGyYAK,2026-05-07T06:26:40.000+0000,GdSaleApiControllerV1,/gd/v1/sale,"{""AccountId"":""1000"",""StoreCode__c"":""99998"",""MemberNo__c"":""103006200153"",""SaleNo__c"":""SAL202605070179"",""ActualPaymentAmount__c"":1000000.0,""EndDate"":""20260507"",""SaleStatus__c"":""01"",""PromotionNo__c"":""PRO202605041079"",""OrderItem"":[{""SaleSeqNo__c"":""1"",""OrderNo__c"":""SOR202605070107"",""ProductCode"":""2A2600001"",""Quantity"":1,""isExclude"":false,""NetSalesUnitPrice__c"":500000.0000,""DiscountRate__c"":0.0000},{""SaleSeqNo__c"":""2"",""OrderNo__c"":""SOR202605070107"",""ProductCode"":""3A2600006"",""Quantity"":1,""isExclude"":true,""NetSalesUnitPrice__c"":500000.0000,""DiscountRate__c"":0.0000}],""TransactionJournal"":[{""DepositNo__c"":""DEP202605070191"",""DeposiSeqNo__c"":""1"",""ActivityDate"":""20260507"",""PaymentMethod"":""01"",""DepositType__c"":""01"",""TransactionAmount"":100000.0000,""CouponNo"":"""",""OrderNo__c"":""SOR202605070107""},{""DepositNo__c"":""DEP202605070191"",""DeposiSeqNo__c"":""2"",""ActivityDate"":""20260507"",""PaymentMethod"":""81"",""DepositType__c"":""01"",""TransactionAmount"":10000.0000,""CouponNo"":"""",""OrderNo__c"":""SOR202605070107""},{""DepositNo__c"":""DEP202605070191"",""DeposiSeqNo__c"":""3"",""ActivityDate"":""20260507"",""PaymentMethod"":""90"",""DepositType__c"":""01"",""TransactionAmount"":30000.0000,""CouponNo"":""COP2026MY0004;-;ZIS8EDSW"",""OrderNo__c"":""SOR202605070107""},{""DepositNo__c"":""DEP202605070197"",""DeposiSeqNo__c"":""1"",""ActivityDate"":""20260507"",""PaymentMethod"":""01"",""DepositType__c"":""02"",""TransactionAmount"":860000.0000,""CouponNo"":"""",""OrderNo__c"":null}]}","{
  ""success"" : true,
  ""message"" : ""판매 등록 완료"",
  ""data"" : {
    ""CreditPointList"" : [ {
      ""TX_REMARK"" : ""구매포인트|11cJO000001BAZlYAO|2.00"",
      ""PT_TARGET"" : 9200.00,
      ""NO_SAL"" : null,
      ""NO_PROM_MBR"" : ""PRO202605041079"",
      ""NO_MBR"" : ""103006200153"",
      ""NO_GRADE_ADVAN"" : ""04"",
      ""ID_INSERT"" : null,
      ""DTS_INSERT"" : ""2026-05-07 15:26:39"",
      ""DT_SAVE_PLAN"" : null,
      ""DT_LIMIT_START"" : ""2026-05-07 09:00:00"",
      ""DT_LIMIT_END"" : ""2028-05-07"",
      ""DT_DESTROY_PLAN"" : ""2028-05-08"",
      ""CD_TYPE_SAVE"" : ""Credit"",
      ""CD_TYPE_POINT"" : ""01"",
      ""CD_JOURNAL"" : ""05wJO000000472vYAA"",
      ""AM_SAL"" : 1000000.0
    }, {
      ""TX_REMARK"" : ""사은포인트|11cJO000001BAY9YAO|3.00"",
      ""PT_TARGET"" : 13800.00,
      ""NO_SAL"" : null,
      ""NO_PROM_MBR"" : ""PRO202605041079"",
      ""NO_MBR"" : ""103006200153"",
      ""NO_GRADE_ADVAN"" : ""04"",
      ""ID_INSERT"" : null,
      ""DTS_INSERT"" : ""2026-05-07 15:26:39"",
      ""DT_SAVE_PLAN"" : null,
      ""DT_LIMIT_START"" : ""2026-05-07 09:00:00"",
      ""DT_LIMIT_END"" : ""2028-05-07"",
      ""DT_DESTROY_PLAN"" : ""2028-05-08"",
      ""CD_TYPE_SAVE"" : ""Credit"",
      ""CD_TYPE_POINT"" : ""01"",
      ""CD_JOURNAL"" : ""05wJO000000472wYAA"",
      ""AM_SAL"" : 1000000.0
    }, {
      ""TX_REMARK"" : ""이벤트포인트|11cJO000001nThpYAE|2.00"",
      ""PT_TARGET"" : 9200.00,
      ""NO_SAL"" : null,
      ""NO_PROM_MBR"" : ""PRO202605041079"",
      ""NO_MBR"" : ""103006200153"",
      ""NO_GRADE_ADVAN"" : ""04"",
      ""ID_INSERT"" : null,
      ""DTS_INSERT"" : ""2026-05-07 15:26:40"",
      ""DT_SAVE_PLAN"" : null,
      ""DT_LIMIT_START"" : ""2026-05-07 09:00:00"",
      ""DT_LIMIT_END"" : ""2028-05-07"",
      ""DT_DESTROY_PLAN"" : ""2028-05-08"",
      ""CD_TYPE_SAVE"" : ""Credit"",
      ""CD_TYPE_POINT"" : ""07"",
      ""CD_JOURNAL"" : ""05wJO000000472xYAA"",
      ""AM_SAL"" : 1000000.0
    } ],
    ""oiList"" : [ {
      ""attributes"" : {
        ""type"" : ""OrderItem"",
        ""url"" : ""/services/data/v66.0/sobjects/OrderItem/802JO00000528T6YAI""
      },
      ""OrderId"" : ""801JO00000I9LJKYA3"",
      ""PricebookEntryId"" : ""01uJO000001R0w4YAC"",
      ""Quantity"" : 1,
      ""UnitPrice"" : 500000,
      ""SaleSeqNo__c"" : ""1"",
      ""SaleItemNo__c"" : ""801JO00000I9LJKYA3-1"",
      ""IsExclude__c"" : false,
      ""NetSalesUnitPrice__c"" : 500000.0000,
      ""DiscountRate__c"" : 0.0000,
      ""OrderId__c"" : ""801JO00000I9RjPYAV"",
      ""Id"" : ""802JO00000528T6YAI""
    }, {
      ""attributes"" : {
        ""type"" : ""OrderItem"",
        ""url"" : ""/services/data/v66.0/sobjects/OrderItem/802JO00000528T7YAI""
      },
      ""OrderId"" : ""801JO00000I9LJKYA3"",
      ""PricebookEntryId"" : ""01uJO000001RG0PYAW"",
      ""Quantity"" : 1,
      ""UnitPrice"" : 1,
      ""SaleSeqNo__c"" : ""2"",
      ""SaleItemNo__c"" : ""801JO00000I9LJKYA3-2"",
      ""IsExclude__c"" : true,
      ""NetSalesUnitPrice__c"" : 500000.0000,
      ""DiscountRate__c"" : 0.0000,
      ""OrderId__c"" : ""801JO00000I9RjPYAV"",
      ""Id"" : ""802JO00000528T7YAI""
    } ],
    ""storeType"" : ""09"",
    ""storeTypeFour"" : ""NULL"",
    ""orderId"" : ""801JO00000I9LJKYA3"",
    ""TransactionJournal"" : [ {
      ""OrderNo__c"" : ""SOR202605070107"",
      ""CouponNo"" : """",
      ""TransactionAmount"" : 100000.0000,
      ""DepositType__c"" : ""01"",
      ""PaymentMethod"" : ""01"",
      ""ActivityDate"" : ""20260507"",
      ""DeposiSeqNo__c"" : ""1"",
      ""DepositNo__c"" : ""DEP202605070191""
    }, {
      ""OrderNo__c"" : ""SOR202605070107"",
      ""CouponNo"" : """",
      ""TransactionAmount"" : 10000.0000,
      ""DepositType__c"" : ""01"",
      ""PaymentMethod"" : ""81"",
      ""ActivityDate"" : ""20260507"",
      ""DeposiSeqNo__c"" : ""2"",
      ""DepositNo__c"" : ""DEP202605070191""
    }, {
      ""OrderNo__c"" : ""SOR202605070107"",
      ""CouponNo"" : ""COP2026MY0004;-;ZIS8EDSW"",
      ""TransactionAmount"" : 30000.0000,
      ""DepositType__c"" : ""01"",
      ""PaymentMethod"" : ""90"",
      ""ActivityDate"" : ""20260507"",
      ""DeposiSeqNo__c"" : ""3"",
      ""DepositNo__c"" : ""DEP202605070191""
    }, {
      ""OrderNo__c"" : null,
      ""CouponNo"" : """",
      ""TransactionAmount"" : 860000.0000,
      ""DepositType__c"" : ""02"",
      ""PaymentMethod"" : ""01"",
      ""ActivityDate"" : ""20260507"",
      ""DeposiSeqNo__c"" : ""1"",
      ""DepositNo__c"" : ""DEP202605070197""
    } ],
    ""OrderItem"" : [ {
      ""DiscountRate__c"" : 0.0000,
      ""NetSalesUnitPrice__c"" : 500000.0000,
      ""isExclude"" : false,
      ""Quantity"" : 1,
      ""ProductCode"" : ""2A2600001"",
      ""OrderNo__c"" : ""SOR202605070107"",
      ""SaleSeqNo__c"" : ""1""
    }, {
      ""DiscountRate__c"" : 0.0000,
      ""NetSalesUnitPrice__c"" : 500000.0000,
      ""isExclude"" : true,
      ""Quantity"" : 1,
      ""ProductCode"" : ""3A2600006"",
      ""OrderNo__c"" : ""SOR202605070107"",
      ""SaleSeqNo__c"" : ""2""
    } ],
    ""PromotionNo__c"" : ""PRO202605041079"",
    ""SaleStatus__c"" : ""01"",
    ""EndDate"" : ""20260507"",
    ""ActualPaymentAmount__c"" : 1000000.0,
    ""SaleNo__c"" : ""SAL202605070179"",
    ""MemberNo__c"" : ""103006200153"",
    ""StoreCode__c"" : ""99998"",
    ""AccountId"" : ""1000""
  },
  ""code"" : 200
}"
a12JO000000LuOzYAK,2026-05-07T06:30:29.000+0000,GdPointHelpApiControllerV1,/gd/v1/point/help,"{""StoreCode__c"":""99998"",""MemberNo__c"":""103006200153"",""Type"":""01"",""PromotionNo__c"":""PRO202605041079"",""OrderDate"":""20260507"",""SaleNo__c"":""""}","{
  ""success"" : true,
  ""message"" : ""포인트 적용 조회 성공"",
  ""data"" : {
    ""pointList"" : [ {
      ""points"" : 9200,
      ""CD_TYPE_POINT"" : ""01""
    }, {
      ""points"" : 616152,
      ""CD_TYPE_POINT"" : ""04""
    }, {
      ""points"" : 13800,
      ""CD_TYPE_POINT"" : ""06""
    }, {
      ""points"" : 9200,
      ""CD_TYPE_POINT"" : ""07""
    } ]
  },
  ""code"" : 200
}"
a12JO000000LsDYYA0,2026-05-07T06:30:37.000+0000,GdVoucherHelpApiControllerV1,/gd/v1/voucher/help,"{""StoreCode__c"":""99998"",""MemberNo__c"":""103006200153"",""ActualPaymentAmount__c"":1000000.0000,""OrderStatus__c"":null,""Type"":""01"",""PromotionNo__c"":""PRO202605041079"",""OrderItem"":[{""OrderSeqNo__c"":null,""Status__c"":null,""ProductCode"":""2A2600001"",""Quantity"":1,""isExclude"":null,""NetSalesUnitPrice__c"":0.0,""DiscountRate__c"":0.0},{""OrderSeqNo__c"":null,""Status__c"":null,""ProductCode"":""3A2600005"",""Quantity"":1,""isExclude"":null,""NetSalesUnitPrice__c"":0.0,""DiscountRate__c"":0.0}],""TransactionJournal"":null}","{
  ""success"" : true,
  ""message"" : ""사용 가능한 쿠폰 조회 성공"",
  ""data"" : {
    ""voucherList"" : [ {
      ""TX_COUPON"" : ""202509_SVIP회원_생일쿠폰"",
      ""RT_DISC"" : 0,
      ""NO_MAN_COUPON"" : ""COP2025AG0015"",
      ""NO_COUPON"" : ""01"",
      ""NM_RESPON"" : ""최재현"",
      ""NM_DEPT"" : ""IMC팀"",
      ""NM_COUPON"" : ""202509_SVIP회원_생일쿠폰"",
      ""ID_INSERT"" : ""쿠폰자동발급"",
      ""DTS_INSERT"" : ""20250901070004"",
      ""DT_USE"" : """",
      ""DT_STR_EXP"" : ""20250901"",
      ""DT_ISSUE"" : ""20250901"",
      ""DT_END_EXP"" : ""20260831"",
      ""DS_MON_EXP"" : 0,
      ""CD_TYPE_DAY_EXP"" : ""02"",
      ""CD_TYPE_COUPON"" : ""03"",
      ""CD_STAT_COUPON"" : ""02"",
      ""CD_BRAND"" : ""01"",
      ""AM_DISC"" : 100000
    }, {
      ""TX_COUPON"" : ""10%할인_SVIP특별바우처2"",
      ""RT_DISC"" : 10,
      ""NO_MAN_COUPON"" : ""COP2026JA0018"",
      ""NO_COUPON"" : ""36"",
      ""NM_RESPON"" : ""최재현"",
      ""NM_DEPT"" : ""IMC팀"",
      ""NM_COUPON"" : ""10%할인_SVIP특별바우처2 (2)"",
      ""ID_INSERT"" : ""최재현"",
      ""DTS_INSERT"" : ""20260202144916"",
      ""DT_USE"" : """",
      ""DT_STR_EXP"" : ""20260201"",
      ""DT_ISSUE"" : ""20260202"",
      ""DT_END_EXP"" : ""20270131"",
      ""DS_MON_EXP"" : 0,
      ""CD_TYPE_DAY_EXP"" : ""02"",
      ""CD_TYPE_COUPON"" : ""03"",
      ""CD_STAT_COUPON"" : ""02"",
      ""CD_BRAND"" : ""01"",
      ""AM_DISC"" : 0
    }, {
      ""TX_COUPON"" : ""10%할인_SVIP특별바우처3"",
      ""RT_DISC"" : 10,
      ""NO_MAN_COUPON"" : ""COP2026JA0019"",
      ""NO_COUPON"" : ""36"",
      ""NM_RESPON"" : ""최재현"",
      ""NM_DEPT"" : ""IMC팀"",
      ""NM_COUPON"" : ""10%할인_SVIP특별바우처3 (2)"",
      ""ID_INSERT"" : ""최재현"",
      ""DTS_INSERT"" : ""20260202145016"",
      ""DT_USE"" : """",
      ""DT_STR_EXP"" : ""20260201"",
      ""DT_ISSUE"" : ""20260202"",
      ""DT_END_EXP"" : ""20270131"",
      ""DS_MON_EXP"" : 0,
      ""CD_TYPE_DAY_EXP"" : ""02"",
      ""CD_TYPE_COUPON"" : ""03"",
      ""CD_STAT_COUPON"" : ""02"",
      ""CD_BRAND"" : ""01"",
      ""AM_DISC"" : 0
    }, {
      ""TX_COUPON"" : ""2026_SVIP_승격축하쿠폰"",
      ""RT_DISC"" : 0,
      ""NO_MAN_COUPON"" : ""COP2026JA0028"",
      ""NO_COUPON"" : ""36"",
      ""NM_RESPON"" : ""최재현"",
      ""NM_DEPT"" : ""IMC팀"",
      ""NM_COUPON"" : ""2026_SVIP_승격축하쿠폰"",
      ""ID_INSERT"" : ""최재현"",
      ""DTS_INSERT"" : ""20260202151859"",
      ""DT_USE"" : """",
      ""DT_STR_EXP"" : ""20260201"",
      ""DT_ISSUE"" : ""20260202"",
      ""DT_END_EXP"" : ""20270131"",
      ""DS_MON_EXP"" : 0,
      ""CD_TYPE_DAY_EXP"" : ""02"",
      ""CD_TYPE_COUPON"" : ""03"",
      ""CD_STAT_COUPON"" : ""02"",
      ""CD_BRAND"" : ""01"",
      ""AM_DISC"" : 100000
    } ]
  },
  ""code"" : 200
}"
a12JO000000LpCQYA0,2026-05-07T06:30:50.000+0000,ErpAsyncJob,callout:GoldenDewApiNC/Crm/CouponDetail,"{""couponDetailModels"":[{""no_mbr"":""103006200153"",""no_man_coupon_mil"":""00217032"",""no_man_coupon"":""COP2026MY0004"",""id_insert"":""milvus""}]}",
a12JO000000LoJbYAK,2026-05-07T06:30:55.000+0000,GdVoucherHelpApiControllerV1,/gd/v1/voucher/help,"{""StoreCode__c"":""99998"",""MemberNo__c"":""103006200153"",""ActualPaymentAmount__c"":1000000.0000,""OrderStatus__c"":null,""Type"":""01"",""PromotionNo__c"":""PRO202605041079"",""OrderItem"":[{""OrderSeqNo__c"":null,""Status__c"":null,""ProductCode"":""2A2600001"",""Quantity"":1,""isExclude"":null,""NetSalesUnitPrice__c"":0.0,""DiscountRate__c"":0.0},{""OrderSeqNo__c"":null,""Status__c"":null,""ProductCode"":""3A2600005"",""Quantity"":1,""isExclude"":null,""NetSalesUnitPrice__c"":0.0,""DiscountRate__c"":0.0}],""TransactionJournal"":null}","{
  ""success"" : true,
  ""message"" : ""사용 가능한 쿠폰 조회 성공"",
  ""data"" : {
    ""voucherList"" : [ {
      ""TX_COUPON"" : ""202509_SVIP회원_생일쿠폰"",
      ""RT_DISC"" : 0,
      ""NO_MAN_COUPON"" : ""COP2025AG0015"",
      ""NO_COUPON"" : ""01"",
      ""NM_RESPON"" : ""최재현"",
      ""NM_DEPT"" : ""IMC팀"",
      ""NM_COUPON"" : ""202509_SVIP회원_생일쿠폰"",
      ""ID_INSERT"" : ""쿠폰자동발급"",
      ""DTS_INSERT"" : ""20250901070004"",
      ""DT_USE"" : """",
      ""DT_STR_EXP"" : ""20250901"",
      ""DT_ISSUE"" : ""20250901"",
      ""DT_END_EXP"" : ""20260831"",
      ""DS_MON_EXP"" : 0,
      ""CD_TYPE_DAY_EXP"" : ""02"",
      ""CD_TYPE_COUPON"" : ""03"",
      ""CD_STAT_COUPON"" : ""02"",
      ""CD_BRAND"" : ""01"",
      ""AM_DISC"" : 100000
    }, {
      ""TX_COUPON"" : ""10%할인_SVIP특별바우처2"",
      ""RT_DISC"" : 10,
      ""NO_MAN_COUPON"" : ""COP2026JA0018"",
      ""NO_COUPON"" : ""36"",
      ""NM_RESPON"" : ""최재현"",
      ""NM_DEPT"" : ""IMC팀"",
      ""NM_COUPON"" : ""10%할인_SVIP특별바우처2 (2)"",
      ""ID_INSERT"" : ""최재현"",
      ""DTS_INSERT"" : ""20260202144916"",
      ""DT_USE"" : """",
      ""DT_STR_EXP"" : ""20260201"",
      ""DT_ISSUE"" : ""20260202"",
      ""DT_END_EXP"" : ""20270131"",
      ""DS_MON_EXP"" : 0,
      ""CD_TYPE_DAY_EXP"" : ""02"",
      ""CD_TYPE_COUPON"" : ""03"",
      ""CD_STAT_COUPON"" : ""02"",
      ""CD_BRAND"" : ""01"",
      ""AM_DISC"" : 0
    }, {
      ""TX_COUPON"" : ""10%할인_SVIP특별바우처3"",
      ""RT_DISC"" : 10,
      ""NO_MAN_COUPON"" : ""COP2026JA0019"",
      ""NO_COUPON"" : ""36"",
      ""NM_RESPON"" : ""최재현"",
      ""NM_DEPT"" : ""IMC팀"",
      ""NM_COUPON"" : ""10%할인_SVIP특별바우처3 (2)"",
      ""ID_INSERT"" : ""최재현"",
      ""DTS_INSERT"" : ""20260202145016"",
      ""DT_USE"" : """",
      ""DT_STR_EXP"" : ""20260201"",
      ""DT_ISSUE"" : ""20260202"",
      ""DT_END_EXP"" : ""20270131"",
      ""DS_MON_EXP"" : 0,
      ""CD_TYPE_DAY_EXP"" : ""02"",
      ""CD_TYPE_COUPON"" : ""03"",
      ""CD_STAT_COUPON"" : ""02"",
      ""CD_BRAND"" : ""01"",
      ""AM_DISC"" : 0
    }, {
      ""TX_COUPON"" : ""2026_SVIP_승격축하쿠폰"",
      ""RT_DISC"" : 0,
      ""NO_MAN_COUPON"" : ""COP2026JA0028"",
      ""NO_COUPON"" : ""36"",
      ""NM_RESPON"" : ""최재현"",
      ""NM_DEPT"" : ""IMC팀"",
      ""NM_COUPON"" : ""2026_SVIP_승격축하쿠폰"",
      ""ID_INSERT"" : ""최재현"",
      ""DTS_INSERT"" : ""20260202151859"",
      ""DT_USE"" : """",
      ""DT_STR_EXP"" : ""20260201"",
      ""DT_ISSUE"" : ""20260202"",
      ""DT_END_EXP"" : ""20270131"",
      ""DS_MON_EXP"" : 0,
      ""CD_TYPE_DAY_EXP"" : ""02"",
      ""CD_TYPE_COUPON"" : ""03"",
      ""CD_STAT_COUPON"" : ""02"",
      ""CD_BRAND"" : ""01"",
      ""AM_DISC"" : 100000
    }, {
      ""TX_COUPON"" : """",
      ""RT_DISC"" : 0,
      ""NO_MAN_COUPON"" : ""COP2026MY0004"",
      ""NO_COUPON"" : ""VQGJVFXO"",
      ""NM_RESPON"" : ""밀버스"",
      ""NM_DEPT"" : ""밀버스"",
      ""NM_COUPON"" : ""[TEST] 정액_3만원"",
      ""ID_INSERT"" : ""milvus"",
      ""DTS_INSERT"" : ""20260507153048"",
      ""DT_USE"" : """",
      ""DT_STR_EXP"" : ""20260501"",
      ""DT_ISSUE"" : ""20260507"",
      ""DT_END_EXP"" : ""20260531"",
      ""DS_MON_EXP"" : 0,
      ""CD_TYPE_DAY_EXP"" : ""02"",
      ""CD_TYPE_COUPON"" : ""03"",
      ""CD_STAT_COUPON"" : ""02"",
      ""CD_BRAND"" : ""01"",
      ""AM_DISC"" : 30000
    } ]
  },
  ""code"" : 200
}"
a12JO000000LuTsYAK,2026-05-07T06:31:09.000+0000,GdOrderApiControllerV1,/gd/v1/order,"{""AccountId"":""1000"",""StoreCode__c"":""99998"",""MemberNo__c"":""103006200153"",""OrderNo__c"":""SOR202605070111"",""ActualPaymentAmount__c"":1000000.0,""OrderStatus__c"":""01"",""Type"":""01"",""PromotionNo__c"":""PRO202605041079"",""OrderItem"":[{""OrderSeqNo__c"":""1"",""Status__c"":""01"",""ProductCode"":""2A2600001"",""Quantity"":1,""isExclude"":false,""NetSalesUnitPrice__c"":500000.0000,""DiscountRate__c"":0.0000},{""OrderSeqNo__c"":""2"",""Status__c"":""01"",""ProductCode"":""3A2600005"",""Quantity"":1,""isExclude"":false,""NetSalesUnitPrice__c"":500000.0000,""DiscountRate__c"":0.0000}],""TransactionJournal"":[{""DepositNo__c"":""DEP202605070205"",""DeposiSeqNo__c"":""1"",""ActivityDate"":""20260507"",""PaymentMethod"":""01"",""DepositType__c"":""01"",""TransactionAmount"":100000.0000,""CouponNo"":"""",""OrderNo__c"":null},{""DepositNo__c"":""DEP202605070205"",""DeposiSeqNo__c"":""2"",""ActivityDate"":""20260507"",""PaymentMethod"":""81"",""DepositType__c"":""01"",""TransactionAmount"":10000.0000,""CouponNo"":"""",""OrderNo__c"":null},{""DepositNo__c"":""DEP202605070205"",""DeposiSeqNo__c"":""3"",""ActivityDate"":""20260507"",""PaymentMethod"":""90"",""DepositType__c"":""01"",""TransactionAmount"":30000.0000,""CouponNo"":""COP2026MY0004;-;VQGJVFXO"",""OrderNo__c"":null}]}","{
  ""success"" : true,
  ""message"" : ""주문 등록 완료"",
  ""data"" : {
    ""DebitPointList"" : [ {
      ""PT_USE"" : 10000.00,
      ""NO_SAL_RTN"" : null,
      ""NO_SAL"" : ""SOR202605070111"",
      ""NO_MBR"" : ""103006200153"",
      ""ID_INSERT"" : null,
      ""DTS_INSERT"" : ""2026-05-07 15:31:08"",
      ""CD_TYPE_POINT"" : ""04"",
      ""CD_RESON"" : ""1"",
      ""CD_LEDGER"" : ""05wJO000000477lYAA"",
      ""CD_JOURNAL"" : ""05wJO00000044UtYAI"",
      ""AM_SAL"" : null
    } ],
    ""isGoldenBar"" : false,
    ""oiList"" : [ {
      ""attributes"" : {
        ""type"" : ""OrderItem"",
        ""url"" : ""/services/data/v66.0/sobjects/OrderItem/802JO0000052EP0YAM""
      },
      ""OrderId"" : ""801JO00000I9RMrYAN"",
      ""Status__c"" : ""01"",
      ""PricebookEntryId"" : ""01uJO000001R0w4YAC"",
      ""Quantity"" : 1,
      ""UnitPrice"" : 500000,
      ""OrderItemNo__c"" : ""801JO00000I9RMrYAN-1"",
      ""IsExclude__c"" : false,
      ""NetSalesUnitPrice__c"" : 500000.0000,
      ""DiscountRate__c"" : 0.0000,
      ""Id"" : ""802JO0000052EP0YAM""
    }, {
      ""attributes"" : {
        ""type"" : ""OrderItem"",
        ""url"" : ""/services/data/v66.0/sobjects/OrderItem/802JO0000052EP1YAM""
      },
      ""OrderId"" : ""801JO00000I9RMrYAN"",
      ""Status__c"" : ""01"",
      ""PricebookEntryId"" : ""01uJO000001RG0OYAW"",
      ""Quantity"" : 1,
      ""UnitPrice"" : 500000,
      ""OrderItemNo__c"" : ""801JO00000I9RMrYAN-2"",
      ""IsExclude__c"" : false,
      ""NetSalesUnitPrice__c"" : 500000.0000,
      ""DiscountRate__c"" : 0.0000,
      ""Id"" : ""802JO0000052EP1YAM""
    } ],
    ""storeType"" : ""09"",
    ""storeTypeFour"" : ""NULL"",
    ""orderId"" : ""801JO00000I9RMrYAN"",
    ""TransactionJournal"" : [ {
      ""OrderNo__c"" : null,
      ""CouponNo"" : """",
      ""TransactionAmount"" : 100000.0000,
      ""DepositType__c"" : ""01"",
      ""PaymentMethod"" : ""01"",
      ""ActivityDate"" : ""20260507"",
      ""DeposiSeqNo__c"" : ""1"",
      ""DepositNo__c"" : ""DEP202605070205""
    }, {
      ""OrderNo__c"" : null,
      ""CouponNo"" : """",
      ""TransactionAmount"" : 10000.0000,
      ""DepositType__c"" : ""01"",
      ""PaymentMethod"" : ""81"",
      ""ActivityDate"" : ""20260507"",
      ""DeposiSeqNo__c"" : ""2"",
      ""DepositNo__c"" : ""DEP202605070205""
    }, {
      ""OrderNo__c"" : null,
      ""CouponNo"" : ""COP2026MY0004;-;VQGJVFXO"",
      ""TransactionAmount"" : 30000.0000,
      ""DepositType__c"" : ""01"",
      ""PaymentMethod"" : ""90"",
      ""ActivityDate"" : ""20260507"",
      ""DeposiSeqNo__c"" : ""3"",
      ""DepositNo__c"" : ""DEP202605070205""
    } ],
    ""OrderItem"" : [ {
      ""DiscountRate__c"" : 0.0000,
      ""NetSalesUnitPrice__c"" : 500000.0000,
      ""isExclude"" : false,
      ""Quantity"" : 1,
      ""ProductCode"" : ""2A2600001"",
      ""Status__c"" : ""01"",
      ""OrderSeqNo__c"" : ""1""
    }, {
      ""DiscountRate__c"" : 0.0000,
      ""NetSalesUnitPrice__c"" : 500000.0000,
      ""isExclude"" : false,
      ""Quantity"" : 1,
      ""ProductCode"" : ""3A2600005"",
      ""Status__c"" : ""01"",
      ""OrderSeqNo__c"" : ""2""
    } ],
    ""PromotionNo__c"" : ""PRO202605041079"",
    ""Type"" : ""01"",
    ""OrderStatus__c"" : ""01"",
    ""ActualPaymentAmount__c"" : 1000000.0,
    ""OrderNo__c"" : ""SOR202605070111"",
    ""MemberNo__c"" : ""103006200153"",
    ""StoreCode__c"" : ""99998"",
    ""AccountId"" : ""1000""
  },
  ""code"" : 200
}"
a12JO000000Lus1YAC,2026-05-07T06:39:01.000+0000,GdVoucherHelpApiControllerV1,/gd/v1/voucher/help,"{""StoreCode__c"":""99998"",""MemberNo__c"":""103006200153"",""ActualPaymentAmount__c"":1000000.0000,""OrderStatus__c"":null,""Type"":""01"",""PromotionNo__c"":""PRO202605041079"",""OrderItem"":[{""OrderSeqNo__c"":null,""Status__c"":null,""ProductCode"":""2A2600001"",""Quantity"":1,""isExclude"":null,""NetSalesUnitPrice__c"":0.0,""DiscountRate__c"":0.0},{""OrderSeqNo__c"":null,""Status__c"":null,""ProductCode"":""3A2600005"",""Quantity"":1,""isExclude"":null,""NetSalesUnitPrice__c"":0.0,""DiscountRate__c"":0.0}],""TransactionJournal"":null}","{
  ""success"" : true,
  ""message"" : ""사용 가능한 쿠폰 조회 성공"",
  ""data"" : {
    ""voucherList"" : [ {
      ""TX_COUPON"" : ""202509_SVIP회원_생일쿠폰"",
      ""RT_DISC"" : 0,
      ""NO_MAN_COUPON"" : ""COP2025AG0015"",
      ""NO_COUPON"" : ""01"",
      ""NM_RESPON"" : ""최재현"",
      ""NM_DEPT"" : ""IMC팀"",
      ""NM_COUPON"" : ""202509_SVIP회원_생일쿠폰"",
      ""ID_INSERT"" : ""쿠폰자동발급"",
      ""DTS_INSERT"" : ""20250901070004"",
      ""DT_USE"" : """",
      ""DT_STR_EXP"" : ""20250901"",
      ""DT_ISSUE"" : ""20250901"",
      ""DT_END_EXP"" : ""20260831"",
      ""DS_MON_EXP"" : 0,
      ""CD_TYPE_DAY_EXP"" : ""02"",
      ""CD_TYPE_COUPON"" : ""03"",
      ""CD_STAT_COUPON"" : ""02"",
      ""CD_BRAND"" : ""01"",
      ""AM_DISC"" : 100000
    }, {
      ""TX_COUPON"" : ""10%할인_SVIP특별바우처2"",
      ""RT_DISC"" : 10,
      ""NO_MAN_COUPON"" : ""COP2026JA0018"",
      ""NO_COUPON"" : ""36"",
      ""NM_RESPON"" : ""최재현"",
      ""NM_DEPT"" : ""IMC팀"",
      ""NM_COUPON"" : ""10%할인_SVIP특별바우처2 (2)"",
      ""ID_INSERT"" : ""최재현"",
      ""DTS_INSERT"" : ""20260202144916"",
      ""DT_USE"" : """",
      ""DT_STR_EXP"" : ""20260201"",
      ""DT_ISSUE"" : ""20260202"",
      ""DT_END_EXP"" : ""20270131"",
      ""DS_MON_EXP"" : 0,
      ""CD_TYPE_DAY_EXP"" : ""02"",
      ""CD_TYPE_COUPON"" : ""03"",
      ""CD_STAT_COUPON"" : ""02"",
      ""CD_BRAND"" : ""01"",
      ""AM_DISC"" : 0
    }, {
      ""TX_COUPON"" : ""10%할인_SVIP특별바우처3"",
      ""RT_DISC"" : 10,
      ""NO_MAN_COUPON"" : ""COP2026JA0019"",
      ""NO_COUPON"" : ""36"",
      ""NM_RESPON"" : ""최재현"",
      ""NM_DEPT"" : ""IMC팀"",
      ""NM_COUPON"" : ""10%할인_SVIP특별바우처3 (2)"",
      ""ID_INSERT"" : ""최재현"",
      ""DTS_INSERT"" : ""20260202145016"",
      ""DT_USE"" : """",
      ""DT_STR_EXP"" : ""20260201"",
      ""DT_ISSUE"" : ""20260202"",
      ""DT_END_EXP"" : ""20270131"",
      ""DS_MON_EXP"" : 0,
      ""CD_TYPE_DAY_EXP"" : ""02"",
      ""CD_TYPE_COUPON"" : ""03"",
      ""CD_STAT_COUPON"" : ""02"",
      ""CD_BRAND"" : ""01"",
      ""AM_DISC"" : 0
    }, {
      ""TX_COUPON"" : ""2026_SVIP_승격축하쿠폰"",
      ""RT_DISC"" : 0,
      ""NO_MAN_COUPON"" : ""COP2026JA0028"",
      ""NO_COUPON"" : ""36"",
      ""NM_RESPON"" : ""최재현"",
      ""NM_DEPT"" : ""IMC팀"",
      ""NM_COUPON"" : ""2026_SVIP_승격축하쿠폰"",
      ""ID_INSERT"" : ""최재현"",
      ""DTS_INSERT"" : ""20260202151859"",
      ""DT_USE"" : """",
      ""DT_STR_EXP"" : ""20260201"",
      ""DT_ISSUE"" : ""20260202"",
      ""DT_END_EXP"" : ""20270131"",
      ""DS_MON_EXP"" : 0,
      ""CD_TYPE_DAY_EXP"" : ""02"",
      ""CD_TYPE_COUPON"" : ""03"",
      ""CD_STAT_COUPON"" : ""02"",
      ""CD_BRAND"" : ""01"",
      ""AM_DISC"" : 100000
    } ]
  },
  ""code"" : 200
}"
a12JO000000LpqkYAC,2026-05-07T06:39:05.000+0000,GdPointHelpApiControllerV1,/gd/v1/point/help,"{""StoreCode__c"":""99998"",""MemberNo__c"":""103006200153"",""Type"":""01"",""PromotionNo__c"":""PRO202605041079"",""OrderDate"":""20260507"",""SaleNo__c"":""""}","{
  ""success"" : true,
  ""message"" : ""포인트 적용 조회 성공"",
  ""data"" : {
    ""pointList"" : [ {
      ""points"" : 9200,
      ""CD_TYPE_POINT"" : ""01""
    }, {
      ""points"" : 606152,
      ""CD_TYPE_POINT"" : ""04""
    }, {
      ""points"" : 13800,
      ""CD_TYPE_POINT"" : ""06""
    }, {
      ""points"" : 9200,
      ""CD_TYPE_POINT"" : ""07""
    } ]
  },
  ""code"" : 200
}"
a12JO000000LutdYAC,2026-05-07T06:39:15.000+0000,GdVoucherHelpApiControllerV1,/gd/v1/voucher/help,"{""StoreCode__c"":""99998"",""MemberNo__c"":""103006200153"",""ActualPaymentAmount__c"":1000000.0000,""OrderStatus__c"":null,""Type"":""01"",""PromotionNo__c"":""PRO202605041079"",""OrderItem"":[{""OrderSeqNo__c"":null,""Status__c"":null,""ProductCode"":""2A2600001"",""Quantity"":1,""isExclude"":null,""NetSalesUnitPrice__c"":0.0,""DiscountRate__c"":0.0},{""OrderSeqNo__c"":null,""Status__c"":null,""ProductCode"":""3A2600005"",""Quantity"":1,""isExclude"":null,""NetSalesUnitPrice__c"":0.0,""DiscountRate__c"":0.0}],""TransactionJournal"":null}","{
  ""success"" : true,
  ""message"" : ""사용 가능한 쿠폰 조회 성공"",
  ""data"" : {
    ""voucherList"" : [ {
      ""TX_COUPON"" : ""202509_SVIP회원_생일쿠폰"",
      ""RT_DISC"" : 0,
      ""NO_MAN_COUPON"" : ""COP2025AG0015"",
      ""NO_COUPON"" : ""01"",
      ""NM_RESPON"" : ""최재현"",
      ""NM_DEPT"" : ""IMC팀"",
      ""NM_COUPON"" : ""202509_SVIP회원_생일쿠폰"",
      ""ID_INSERT"" : ""쿠폰자동발급"",
      ""DTS_INSERT"" : ""20250901070004"",
      ""DT_USE"" : """",
      ""DT_STR_EXP"" : ""20250901"",
      ""DT_ISSUE"" : ""20250901"",
      ""DT_END_EXP"" : ""20260831"",
      ""DS_MON_EXP"" : 0,
      ""CD_TYPE_DAY_EXP"" : ""02"",
      ""CD_TYPE_COUPON"" : ""03"",
      ""CD_STAT_COUPON"" : ""02"",
      ""CD_BRAND"" : ""01"",
      ""AM_DISC"" : 100000
    }, {
      ""TX_COUPON"" : ""10%할인_SVIP특별바우처2"",
      ""RT_DISC"" : 10,
      ""NO_MAN_COUPON"" : ""COP2026JA0018"",
      ""NO_COUPON"" : ""36"",
      ""NM_RESPON"" : ""최재현"",
      ""NM_DEPT"" : ""IMC팀"",
      ""NM_COUPON"" : ""10%할인_SVIP특별바우처2 (2)"",
      ""ID_INSERT"" : ""최재현"",
      ""DTS_INSERT"" : ""20260202144916"",
      ""DT_USE"" : """",
      ""DT_STR_EXP"" : ""20260201"",
      ""DT_ISSUE"" : ""20260202"",
      ""DT_END_EXP"" : ""20270131"",
      ""DS_MON_EXP"" : 0,
      ""CD_TYPE_DAY_EXP"" : ""02"",
      ""CD_TYPE_COUPON"" : ""03"",
      ""CD_STAT_COUPON"" : ""02"",
      ""CD_BRAND"" : ""01"",
      ""AM_DISC"" : 0
    }, {
      ""TX_COUPON"" : ""10%할인_SVIP특별바우처3"",
      ""RT_DISC"" : 10,
      ""NO_MAN_COUPON"" : ""COP2026JA0019"",
      ""NO_COUPON"" : ""36"",
      ""NM_RESPON"" : ""최재현"",
      ""NM_DEPT"" : ""IMC팀"",
      ""NM_COUPON"" : ""10%할인_SVIP특별바우처3 (2)"",
      ""ID_INSERT"" : ""최재현"",
      ""DTS_INSERT"" : ""20260202145016"",
      ""DT_USE"" : """",
      ""DT_STR_EXP"" : ""20260201"",
      ""DT_ISSUE"" : ""20260202"",
      ""DT_END_EXP"" : ""20270131"",
      ""DS_MON_EXP"" : 0,
      ""CD_TYPE_DAY_EXP"" : ""02"",
      ""CD_TYPE_COUPON"" : ""03"",
      ""CD_STAT_COUPON"" : ""02"",
      ""CD_BRAND"" : ""01"",
      ""AM_DISC"" : 0
    }, {
      ""TX_COUPON"" : ""2026_SVIP_승격축하쿠폰"",
      ""RT_DISC"" : 0,
      ""NO_MAN_COUPON"" : ""COP2026JA0028"",
      ""NO_COUPON"" : ""36"",
      ""NM_RESPON"" : ""최재현"",
      ""NM_DEPT"" : ""IMC팀"",
      ""NM_COUPON"" : ""2026_SVIP_승격축하쿠폰"",
      ""ID_INSERT"" : ""최재현"",
      ""DTS_INSERT"" : ""20260202151859"",
      ""DT_USE"" : """",
      ""DT_STR_EXP"" : ""20260201"",
      ""DT_ISSUE"" : ""20260202"",
      ""DT_END_EXP"" : ""20270131"",
      ""DS_MON_EXP"" : 0,
      ""CD_TYPE_DAY_EXP"" : ""02"",
      ""CD_TYPE_COUPON"" : ""03"",
      ""CD_STAT_COUPON"" : ""02"",
      ""CD_BRAND"" : ""01"",
      ""AM_DISC"" : 100000
    } ]
  },
  ""code"" : 200
}"
a12JO000000LnvPYAS,2026-05-07T06:39:17.000+0000,ErpAsyncJob,callout:GoldenDewApiNC/Crm/CouponDetail,"{""couponDetailModels"":[{""no_mbr"":""103006200153"",""no_man_coupon_mil"":""00217033"",""no_man_coupon"":""COP2026MY0004"",""id_insert"":""milvus""}]}",
a12JO000000LuvFYAS,2026-05-07T06:39:19.000+0000,GdVoucherHelpApiControllerV1,/gd/v1/voucher/help,"{""StoreCode__c"":""99998"",""MemberNo__c"":""103006200153"",""ActualPaymentAmount__c"":1000000.0000,""OrderStatus__c"":null,""Type"":""01"",""PromotionNo__c"":""PRO202605041079"",""OrderItem"":[{""OrderSeqNo__c"":null,""Status__c"":null,""ProductCode"":""2A2600001"",""Quantity"":1,""isExclude"":null,""NetSalesUnitPrice__c"":0.0,""DiscountRate__c"":0.0},{""OrderSeqNo__c"":null,""Status__c"":null,""ProductCode"":""3A2600005"",""Quantity"":1,""isExclude"":null,""NetSalesUnitPrice__c"":0.0,""DiscountRate__c"":0.0}],""TransactionJournal"":null}","{
  ""success"" : true,
  ""message"" : ""사용 가능한 쿠폰 조회 성공"",
  ""data"" : {
    ""voucherList"" : [ {
      ""TX_COUPON"" : ""202509_SVIP회원_생일쿠폰"",
      ""RT_DISC"" : 0,
      ""NO_MAN_COUPON"" : ""COP2025AG0015"",
      ""NO_COUPON"" : ""01"",
      ""NM_RESPON"" : ""최재현"",
      ""NM_DEPT"" : ""IMC팀"",
      ""NM_COUPON"" : ""202509_SVIP회원_생일쿠폰"",
      ""ID_INSERT"" : ""쿠폰자동발급"",
      ""DTS_INSERT"" : ""20250901070004"",
      ""DT_USE"" : """",
      ""DT_STR_EXP"" : ""20250901"",
      ""DT_ISSUE"" : ""20250901"",
      ""DT_END_EXP"" : ""20260831"",
      ""DS_MON_EXP"" : 0,
      ""CD_TYPE_DAY_EXP"" : ""02"",
      ""CD_TYPE_COUPON"" : ""03"",
      ""CD_STAT_COUPON"" : ""02"",
      ""CD_BRAND"" : ""01"",
      ""AM_DISC"" : 100000
    }, {
      ""TX_COUPON"" : ""10%할인_SVIP특별바우처2"",
      ""RT_DISC"" : 10,
      ""NO_MAN_COUPON"" : ""COP2026JA0018"",
      ""NO_COUPON"" : ""36"",
      ""NM_RESPON"" : ""최재현"",
      ""NM_DEPT"" : ""IMC팀"",
      ""NM_COUPON"" : ""10%할인_SVIP특별바우처2 (2)"",
      ""ID_INSERT"" : ""최재현"",
      ""DTS_INSERT"" : ""20260202144916"",
      ""DT_USE"" : """",
      ""DT_STR_EXP"" : ""20260201"",
      ""DT_ISSUE"" : ""20260202"",
      ""DT_END_EXP"" : ""20270131"",
      ""DS_MON_EXP"" : 0,
      ""CD_TYPE_DAY_EXP"" : ""02"",
      ""CD_TYPE_COUPON"" : ""03"",
      ""CD_STAT_COUPON"" : ""02"",
      ""CD_BRAND"" : ""01"",
      ""AM_DISC"" : 0
    }, {
      ""TX_COUPON"" : ""10%할인_SVIP특별바우처3"",
      ""RT_DISC"" : 10,
      ""NO_MAN_COUPON"" : ""COP2026JA0019"",
      ""NO_COUPON"" : ""36"",
      ""NM_RESPON"" : ""최재현"",
      ""NM_DEPT"" : ""IMC팀"",
      ""NM_COUPON"" : ""10%할인_SVIP특별바우처3 (2)"",
      ""ID_INSERT"" : ""최재현"",
      ""DTS_INSERT"" : ""20260202145016"",
      ""DT_USE"" : """",
      ""DT_STR_EXP"" : ""20260201"",
      ""DT_ISSUE"" : ""20260202"",
      ""DT_END_EXP"" : ""20270131"",
      ""DS_MON_EXP"" : 0,
      ""CD_TYPE_DAY_EXP"" : ""02"",
      ""CD_TYPE_COUPON"" : ""03"",
      ""CD_STAT_COUPON"" : ""02"",
      ""CD_BRAND"" : ""01"",
      ""AM_DISC"" : 0
    }, {
      ""TX_COUPON"" : ""2026_SVIP_승격축하쿠폰"",
      ""RT_DISC"" : 0,
      ""NO_MAN_COUPON"" : ""COP2026JA0028"",
      ""NO_COUPON"" : ""36"",
      ""NM_RESPON"" : ""최재현"",
      ""NM_DEPT"" : ""IMC팀"",
      ""NM_COUPON"" : ""2026_SVIP_승격축하쿠폰"",
      ""ID_INSERT"" : ""최재현"",
      ""DTS_INSERT"" : ""20260202151859"",
      ""DT_USE"" : """",
      ""DT_STR_EXP"" : ""20260201"",
      ""DT_ISSUE"" : ""20260202"",
      ""DT_END_EXP"" : ""20270131"",
      ""DS_MON_EXP"" : 0,
      ""CD_TYPE_DAY_EXP"" : ""02"",
      ""CD_TYPE_COUPON"" : ""03"",
      ""CD_STAT_COUPON"" : ""02"",
      ""CD_BRAND"" : ""01"",
      ""AM_DISC"" : 100000
    }, {
      ""TX_COUPON"" : """",
      ""RT_DISC"" : 0,
      ""NO_MAN_COUPON"" : ""COP2026MY0004"",
      ""NO_COUPON"" : ""PX8A6ILF"",
      ""NM_RESPON"" : ""밀버스"",
      ""NM_DEPT"" : ""밀버스"",
      ""NM_COUPON"" : ""[TEST] 정액_3만원"",
      ""ID_INSERT"" : ""milvus"",
      ""DTS_INSERT"" : ""20260507153916"",
      ""DT_USE"" : """",
      ""DT_STR_EXP"" : ""20260501"",
      ""DT_ISSUE"" : ""20260507"",
      ""DT_END_EXP"" : ""20260531"",
      ""DS_MON_EXP"" : 0,
      ""CD_TYPE_DAY_EXP"" : ""02"",
      ""CD_TYPE_COUPON"" : ""03"",
      ""CD_STAT_COUPON"" : ""02"",
      ""CD_BRAND"" : ""01"",
      ""AM_DISC"" : 30000
    } ]
  },
  ""code"" : 200
}"
a12JO000000LuLpYAK,2026-05-07T06:39:29.000+0000,GdOrderApiControllerV1,/gd/v1/order,"{""AccountId"":""1000"",""StoreCode__c"":""99998"",""MemberNo__c"":""103006200153"",""OrderNo__c"":""SOR202605070117"",""ActualPaymentAmount__c"":1000000.0,""OrderStatus__c"":""01"",""Type"":""01"",""PromotionNo__c"":""PRO202605041079"",""OrderItem"":[{""OrderSeqNo__c"":""1"",""Status__c"":""01"",""ProductCode"":""2A2600001"",""Quantity"":1,""isExclude"":false,""NetSalesUnitPrice__c"":500000.0000,""DiscountRate__c"":0.0000},{""OrderSeqNo__c"":""2"",""Status__c"":""01"",""ProductCode"":""3A2600005"",""Quantity"":1,""isExclude"":false,""NetSalesUnitPrice__c"":500000.0000,""DiscountRate__c"":0.0000}],""TransactionJournal"":[{""DepositNo__c"":""DEP202605070214"",""DeposiSeqNo__c"":""1"",""ActivityDate"":""20260507"",""PaymentMethod"":""01"",""DepositType__c"":""01"",""TransactionAmount"":100000.0000,""CouponNo"":"""",""OrderNo__c"":null},{""DepositNo__c"":""DEP202605070214"",""DeposiSeqNo__c"":""2"",""ActivityDate"":""20260507"",""PaymentMethod"":""81"",""DepositType__c"":""01"",""TransactionAmount"":10000.0000,""CouponNo"":"""",""OrderNo__c"":null},{""DepositNo__c"":""DEP202605070214"",""DeposiSeqNo__c"":""3"",""ActivityDate"":""20260507"",""PaymentMethod"":""90"",""DepositType__c"":""01"",""TransactionAmount"":30000.0000,""CouponNo"":""COP2026MY0004;-;PX8A6ILF"",""OrderNo__c"":null}]}","{
  ""success"" : true,
  ""message"" : ""주문 등록 완료"",
  ""data"" : {
    ""DebitPointList"" : [ {
      ""PT_USE"" : 10000.00,
      ""NO_SAL_RTN"" : null,
      ""NO_SAL"" : ""SOR202605070117"",
      ""NO_MBR"" : ""103006200153"",
      ""ID_INSERT"" : null,
      ""DTS_INSERT"" : ""2026-05-07 15:39:28"",
      ""CD_TYPE_POINT"" : ""04"",
      ""CD_RESON"" : ""1"",
      ""CD_LEDGER"" : ""05wJO00000047AzYAI"",
      ""CD_JOURNAL"" : ""05wJO00000044UtYAI"",
      ""AM_SAL"" : null
    } ],
    ""isGoldenBar"" : false,
    ""oiList"" : [ {
      ""attributes"" : {
        ""type"" : ""OrderItem"",
        ""url"" : ""/services/data/v66.0/sobjects/OrderItem/802JO0000052AhyYAE""
      },
      ""OrderId"" : ""801JO00000I9SfSYAV"",
      ""Status__c"" : ""01"",
      ""PricebookEntryId"" : ""01uJO000001R0w4YAC"",
      ""Quantity"" : 1,
      ""UnitPrice"" : 500000,
      ""OrderItemNo__c"" : ""801JO00000I9SfSYAV-1"",
      ""IsExclude__c"" : false,
      ""NetSalesUnitPrice__c"" : 500000.0000,
      ""DiscountRate__c"" : 0.0000,
      ""Id"" : ""802JO0000052AhyYAE""
    }, {
      ""attributes"" : {
        ""type"" : ""OrderItem"",
        ""url"" : ""/services/data/v66.0/sobjects/OrderItem/802JO0000052AhzYAE""
      },
      ""OrderId"" : ""801JO00000I9SfSYAV"",
      ""Status__c"" : ""01"",
      ""PricebookEntryId"" : ""01uJO000001RG0OYAW"",
      ""Quantity"" : 1,
      ""UnitPrice"" : 500000,
      ""OrderItemNo__c"" : ""801JO00000I9SfSYAV-2"",
      ""IsExclude__c"" : false,
      ""NetSalesUnitPrice__c"" : 500000.0000,
      ""DiscountRate__c"" : 0.0000,
      ""Id"" : ""802JO0000052AhzYAE""
    } ],
    ""storeType"" : ""09"",
    ""storeTypeFour"" : ""NULL"",
    ""orderId"" : ""801JO00000I9SfSYAV"",
    ""TransactionJournal"" : [ {
      ""OrderNo__c"" : null,
      ""CouponNo"" : """",
      ""TransactionAmount"" : 100000.0000,
      ""DepositType__c"" : ""01"",
      ""PaymentMethod"" : ""01"",
      ""ActivityDate"" : ""20260507"",
      ""DeposiSeqNo__c"" : ""1"",
      ""DepositNo__c"" : ""DEP202605070214""
    }, {
      ""OrderNo__c"" : null,
      ""CouponNo"" : """",
      ""TransactionAmount"" : 10000.0000,
      ""DepositType__c"" : ""01"",
      ""PaymentMethod"" : ""81"",
      ""ActivityDate"" : ""20260507"",
      ""DeposiSeqNo__c"" : ""2"",
      ""DepositNo__c"" : ""DEP202605070214""
    }, {
      ""OrderNo__c"" : null,
      ""CouponNo"" : ""COP2026MY0004;-;PX8A6ILF"",
      ""TransactionAmount"" : 30000.0000,
      ""DepositType__c"" : ""01"",
      ""PaymentMethod"" : ""90"",
      ""ActivityDate"" : ""20260507"",
      ""DeposiSeqNo__c"" : ""3"",
      ""DepositNo__c"" : ""DEP202605070214""
    } ],
    ""OrderItem"" : [ {
      ""DiscountRate__c"" : 0.0000,
      ""NetSalesUnitPrice__c"" : 500000.0000,
      ""isExclude"" : false,
      ""Quantity"" : 1,
      ""ProductCode"" : ""2A2600001"",
      ""Status__c"" : ""01"",
      ""OrderSeqNo__c"" : ""1""
    }, {
      ""DiscountRate__c"" : 0.0000,
      ""NetSalesUnitPrice__c"" : 500000.0000,
      ""isExclude"" : false,
      ""Quantity"" : 1,
      ""ProductCode"" : ""3A2600005"",
      ""Status__c"" : ""01"",
      ""OrderSeqNo__c"" : ""2""
    } ],
    ""PromotionNo__c"" : ""PRO202605041079"",
    ""Type"" : ""01"",
    ""OrderStatus__c"" : ""01"",
    ""ActualPaymentAmount__c"" : 1000000.0,
    ""OrderNo__c"" : ""SOR202605070117"",
    ""MemberNo__c"" : ""103006200153"",
    ""StoreCode__c"" : ""99998"",
    ""AccountId"" : ""1000""
  },
  ""code"" : 200
}"
a12JO000000LpCUYA0,2026-05-07T06:44:14.000+0000,GdSaleApiControllerV1,/gd/v1/sale,"{""AccountId"":""1000"",""StoreCode__c"":""99998"",""MemberNo__c"":""103006200153"",""SaleNo__c"":""SAL202605070189"",""ActualPaymentAmount__c"":1000000.0,""EndDate"":""20260507"",""SaleStatus__c"":""01"",""PromotionNo__c"":""PRO202605041079"",""OrderItem"":[{""SaleSeqNo__c"":""1"",""OrderNo__c"":""SOR202605070117"",""ProductCode"":""2A2600001"",""Quantity"":1,""isExclude"":false,""NetSalesUnitPrice__c"":500000.0000,""DiscountRate__c"":0.0000},{""SaleSeqNo__c"":""2"",""OrderNo__c"":""SOR202605070117"",""ProductCode"":""3A2600005"",""Quantity"":1,""isExclude"":false,""NetSalesUnitPrice__c"":500000.0000,""DiscountRate__c"":0.0000}],""TransactionJournal"":[{""DepositNo__c"":""DEP202605070214"",""DeposiSeqNo__c"":""1"",""ActivityDate"":""20260507"",""PaymentMethod"":""01"",""DepositType__c"":""01"",""TransactionAmount"":100000.0000,""CouponNo"":"""",""OrderNo__c"":""SOR202605070117""},{""DepositNo__c"":""DEP202605070214"",""DeposiSeqNo__c"":""2"",""ActivityDate"":""20260507"",""PaymentMethod"":""81"",""DepositType__c"":""01"",""TransactionAmount"":10000.0000,""CouponNo"":"""",""OrderNo__c"":""SOR202605070117""},{""DepositNo__c"":""DEP202605070214"",""DeposiSeqNo__c"":""3"",""ActivityDate"":""20260507"",""PaymentMethod"":""90"",""DepositType__c"":""01"",""TransactionAmount"":30000.0000,""CouponNo"":""COP2026MY0004;-;PX8A6ILF"",""OrderNo__c"":""SOR202605070117""},{""DepositNo__c"":""DEP202605070217"",""DeposiSeqNo__c"":""1"",""ActivityDate"":""20260507"",""PaymentMethod"":""01"",""DepositType__c"":""02"",""TransactionAmount"":860000.0000,""CouponNo"":"""",""OrderNo__c"":null}]}","{
  ""success"" : true,
  ""message"" : ""판매 등록 완료"",
  ""data"" : {
    ""CreditPointList"" : [ {
      ""TX_REMARK"" : ""구매포인트|11cJO000001BAZlYAO|2.00"",
      ""PT_TARGET"" : 19200.00,
      ""NO_SAL"" : null,
      ""NO_PROM_MBR"" : ""PRO202605041079"",
      ""NO_MBR"" : ""103006200153"",
      ""NO_GRADE_ADVAN"" : ""04"",
      ""ID_INSERT"" : null,
      ""DTS_INSERT"" : ""2026-05-07 15:44:13"",
      ""DT_SAVE_PLAN"" : null,
      ""DT_LIMIT_START"" : ""2026-05-07 09:00:00"",
      ""DT_LIMIT_END"" : ""2028-05-07"",
      ""DT_DESTROY_PLAN"" : ""2028-05-08"",
      ""CD_TYPE_SAVE"" : ""Credit"",
      ""CD_TYPE_POINT"" : ""01"",
      ""CD_JOURNAL"" : ""05wJO00000045drYAA"",
      ""AM_SAL"" : 1000000.0
    }, {
      ""TX_REMARK"" : ""사은포인트|11cJO000001BAY9YAO|3.00"",
      ""PT_TARGET"" : 28800.00,
      ""NO_SAL"" : null,
      ""NO_PROM_MBR"" : ""PRO202605041079"",
      ""NO_MBR"" : ""103006200153"",
      ""NO_GRADE_ADVAN"" : ""04"",
      ""ID_INSERT"" : null,
      ""DTS_INSERT"" : ""2026-05-07 15:44:13"",
      ""DT_SAVE_PLAN"" : null,
      ""DT_LIMIT_START"" : ""2026-05-07 09:00:00"",
      ""DT_LIMIT_END"" : ""2028-05-07"",
      ""DT_DESTROY_PLAN"" : ""2028-05-08"",
      ""CD_TYPE_SAVE"" : ""Credit"",
      ""CD_TYPE_POINT"" : ""01"",
      ""CD_JOURNAL"" : ""05wJO00000045dsYAA"",
      ""AM_SAL"" : 1000000.0
    }, {
      ""TX_REMARK"" : ""이벤트포인트|11cJO000001nThpYAE|2.00"",
      ""PT_TARGET"" : 19200.00,
      ""NO_SAL"" : null,
      ""NO_PROM_MBR"" : ""PRO202605041079"",
      ""NO_MBR"" : ""103006200153"",
      ""NO_GRADE_ADVAN"" : ""04"",
      ""ID_INSERT"" : null,
      ""DTS_INSERT"" : ""2026-05-07 15:44:14"",
      ""DT_SAVE_PLAN"" : null,
      ""DT_LIMIT_START"" : ""2026-05-07 09:00:00"",
      ""DT_LIMIT_END"" : ""2028-05-07"",
      ""DT_DESTROY_PLAN"" : ""2028-05-08"",
      ""CD_TYPE_SAVE"" : ""Credit"",
      ""CD_TYPE_POINT"" : ""07"",
      ""CD_JOURNAL"" : ""05wJO00000045dtYAA"",
      ""AM_SAL"" : 1000000.0
    } ],
    ""oiList"" : [ {
      ""attributes"" : {
        ""type"" : ""OrderItem"",
        ""url"" : ""/services/data/v66.0/sobjects/OrderItem/802JO00000528jVYAQ""
      },
      ""OrderId"" : ""801JO00000I9LG1YAN"",
      ""PricebookEntryId"" : ""01uJO000001R0w4YAC"",
      ""Quantity"" : 1,
      ""UnitPrice"" : 500000,
      ""SaleSeqNo__c"" : ""1"",
      ""SaleItemNo__c"" : ""801JO00000I9LG1YAN-1"",
      ""IsExclude__c"" : false,
      ""NetSalesUnitPrice__c"" : 500000.0000,
      ""DiscountRate__c"" : 0.0000,
      ""OrderId__c"" : ""801JO00000I9SfSYAV"",
      ""Id"" : ""802JO00000528jVYAQ""
    }, {
      ""attributes"" : {
        ""type"" : ""OrderItem"",
        ""url"" : ""/services/data/v66.0/sobjects/OrderItem/802JO00000528jWYAQ""
      },
      ""OrderId"" : ""801JO00000I9LG1YAN"",
      ""PricebookEntryId"" : ""01uJO000001RG0OYAW"",
      ""Quantity"" : 1,
      ""UnitPrice"" : 500000,
      ""SaleSeqNo__c"" : ""2"",
      ""SaleItemNo__c"" : ""801JO00000I9LG1YAN-2"",
      ""IsExclude__c"" : false,
      ""NetSalesUnitPrice__c"" : 500000.0000,
      ""DiscountRate__c"" : 0.0000,
      ""OrderId__c"" : ""801JO00000I9SfSYAV"",
      ""Id"" : ""802JO00000528jWYAQ""
    } ],
    ""storeType"" : ""09"",
    ""storeTypeFour"" : ""NULL"",
    ""orderId"" : ""801JO00000I9LG1YAN"",
    ""TransactionJournal"" : [ {
      ""OrderNo__c"" : ""SOR202605070117"",
      ""CouponNo"" : """",
      ""TransactionAmount"" : 100000.0000,
      ""DepositType__c"" : ""01"",
      ""PaymentMethod"" : ""01"",
      ""ActivityDate"" : ""20260507"",
      ""DeposiSeqNo__c"" : ""1"",
      ""DepositNo__c"" : ""DEP202605070214""
    }, {
      ""OrderNo__c"" : ""SOR202605070117"",
      ""CouponNo"" : """",
      ""TransactionAmount"" : 10000.0000,
      ""DepositType__c"" : ""01"",
      ""PaymentMethod"" : ""81"",
      ""ActivityDate"" : ""20260507"",
      ""DeposiSeqNo__c"" : ""2"",
      ""DepositNo__c"" : ""DEP202605070214""
    }, {
      ""OrderNo__c"" : ""SOR202605070117"",
      ""CouponNo"" : ""COP2026MY0004;-;PX8A6ILF"",
      ""TransactionAmount"" : 30000.0000,
      ""DepositType__c"" : ""01"",
      ""PaymentMethod"" : ""90"",
      ""ActivityDate"" : ""20260507"",
      ""DeposiSeqNo__c"" : ""3"",
      ""DepositNo__c"" : ""DEP202605070214""
    }, {
      ""OrderNo__c"" : null,
      ""CouponNo"" : """",
      ""TransactionAmount"" : 860000.0000,
      ""DepositType__c"" : ""02"",
      ""PaymentMethod"" : ""01"",
      ""ActivityDate"" : ""20260507"",
      ""DeposiSeqNo__c"" : ""1"",
      ""DepositNo__c"" : ""DEP202605070217""
    } ],
    ""OrderItem"" : [ {
      ""DiscountRate__c"" : 0.0000,
      ""NetSalesUnitPrice__c"" : 500000.0000,
      ""isExclude"" : false,
      ""Quantity"" : 1,
      ""ProductCode"" : ""2A2600001"",
      ""OrderNo__c"" : ""SOR202605070117"",
      ""SaleSeqNo__c"" : ""1""
    }, {
      ""DiscountRate__c"" : 0.0000,
      ""NetSalesUnitPrice__c"" : 500000.0000,
      ""isExclude"" : false,
      ""Quantity"" : 1,
      ""ProductCode"" : ""3A2600005"",
      ""OrderNo__c"" : ""SOR202605070117"",
      ""SaleSeqNo__c"" : ""2""
    } ],
    ""PromotionNo__c"" : ""PRO202605041079"",
    ""SaleStatus__c"" : ""01"",
    ""EndDate"" : ""20260507"",
    ""ActualPaymentAmount__c"" : 1000000.0,
    ""SaleNo__c"" : ""SAL202605070189"",
    ""MemberNo__c"" : ""103006200153"",
    ""StoreCode__c"" : ""99998"",
    ""AccountId"" : ""1000""
  },
  ""code"" : 200
}"
a12JO000000LtPkYAK,2026-05-07T06:44:28.000+0000,GdPointCreditApiControllerV1,/gd/v1/point/credit,"{""MemberNo__c"":""103006200153"",""PointsList"":[{""point"":6000.0,""cd_type_point"":""05""}],""SaleNo__c"":""SAL202605070189"",""EndDate"":""20260507""}","{
  ""success"" : true,
  ""message"" : ""포인트 지급 성공"",
  ""data"" : {
    ""PointCreditList"" : [ {
      ""TX_REMARK"" : ""이벤트포인트"",
      ""PT_TARGET"" : 6000.00,
      ""NO_SAL"" : null,
      ""NO_PROM_MBR"" : null,
      ""NO_MBR"" : ""103006200153"",
      ""NO_GRADE_ADVAN"" : null,
      ""ID_INSERT"" : null,
      ""DTS_INSERT"" : ""2026-05-07 15:44:27"",
      ""DT_SAVE_PLAN"" : null,
      ""DT_LIMIT_START"" : ""2026-05-07 09:00:00"",
      ""DT_LIMIT_END"" : ""2028-05-07"",
      ""DT_DESTROY_PLAN"" : ""2028-05-08"",
      ""CD_TYPE_SAVE"" : ""Credit"",
      ""CD_TYPE_POINT"" : ""01"",
      ""CD_JOURNAL"" : ""05wJO00000047EDYAY"",
      ""AM_SAL"" : null
    } ]
  },
  ""code"" : 200
}"
a12JO000000Lsf2YAC,2026-05-07T06:56:11.000+0000,GdPointDebitApiControllerV1,"{""SaleNo__c"":""SAL202605070189""}",,"{
  ""success"" : true,
  ""message"" : ""사용한 포인트 조회 성공"",
  ""data"" : {
    ""DebitPointList"" : [ {
      ""PT_USE"" : 10000.00,
      ""NO_SAL_RTN"" : null,
      ""NO_SAL"" : ""SAL202605070189"",
      ""NO_MBR"" : ""103006200153"",
      ""NO_DEPOSIT"" : ""DEP202605070214"",
      ""ID_INSERT"" : null,
      ""DTS_INSERT"" : ""20260507153928"",
      ""CD_TYPE_POINT"" : ""11cJO000001BAUvYAO"",
      ""CD_RESON"" : ""1"",
      ""CD_LEDGER"" : ""05wJO00000047AzYAI"",
      ""CD_JOURNAL"" : ""05wJO00000044UtYAI"",
      ""AM_SAL"" : 1000000.0000
    } ]
  },
  ""code"" : 200
}"
a12JO000000Ls5aYAC,2026-05-07T06:57:46.000+0000,GdReturnApiControllerV1,/gd/v1/return,"{""SaleNo__c"":""SAL202605070196"",""OriginalOrderId"":""SAL202605070189"",""ActualPaymentAmount__c"":500000.0,""OrderItem"":[{""SaleSeqNo__c"":""2"",""OrderNo__c"":null,""ProductCode"":""3A2600005"",""Quantity"":-1,""isExclude"":false,""NetSalesUnitPrice__c"":500000.0000,""DiscountRate__c"":0.0000}],""TransactionJournal"":[{""DepositNo__c"":""DEP202605070228"",""DeposiSeqNo__c"":""1"",""ActivityDate"":""20260507"",""PaymentMethod"":""90"",""DepositType__c"":""03"",""TransactionAmount"":30000.0000,""CouponNo"":""COP2026MY0004;-;PX8A6ILF"",""OrderNo__c"":null},{""DepositNo__c"":""DEP202605070228"",""DeposiSeqNo__c"":""2"",""ActivityDate"":""20260507"",""PaymentMethod"":""81"",""DepositType__c"":""03"",""TransactionAmount"":5000.0000,""CouponNo"":"""",""OrderNo__c"":null},{""DepositNo__c"":""DEP202605070228"",""DeposiSeqNo__c"":""3"",""ActivityDate"":""20260507"",""PaymentMethod"":""01"",""DepositType__c"":""03"",""TransactionAmount"":465000.0000,""CouponNo"":"""",""OrderNo__c"":null}]}","{
  ""success"" : true,
  ""message"" : ""반품 등록 완료"",
  ""data"" : {
    ""CancelPointsCreditedList"" : [ {
      ""PT_USE"" : 9300.00,
      ""NO_SAL_RTN"" : null,
      ""NO_SAL"" : ""SAL202605070189"",
      ""NO_MBR"" : ""103006200153"",
      ""ID_INSERT"" : null,
      ""DTS_INSERT"" : ""2026-05-07 15:57:45"",
      ""CD_TYPE_POINT"" : ""01"",
      ""CD_RESON"" : ""6"",
      ""CD_LEDGER"" : ""05wJO00000047J4YAI"",
      ""CD_JOURNAL"" : ""05wJO00000045drYAA"",
      ""AM_SAL"" : null
    }, {
      ""PT_USE"" : 13950.00,
      ""NO_SAL_RTN"" : null,
      ""NO_SAL"" : ""SAL202605070189"",
      ""NO_MBR"" : ""103006200153"",
      ""ID_INSERT"" : null,
      ""DTS_INSERT"" : ""2026-05-07 15:57:45"",
      ""CD_TYPE_POINT"" : ""06"",
      ""CD_RESON"" : ""6"",
      ""CD_LEDGER"" : ""05wJO00000047J5YAI"",
      ""CD_JOURNAL"" : ""05wJO00000045dsYAA"",
      ""AM_SAL"" : null
    }, {
      ""PT_USE"" : 9300.00,
      ""NO_SAL_RTN"" : null,
      ""NO_SAL"" : ""SAL202605070189"",
      ""NO_MBR"" : ""103006200153"",
      ""ID_INSERT"" : null,
      ""DTS_INSERT"" : ""2026-05-07 15:57:46"",
      ""CD_TYPE_POINT"" : ""07"",
      ""CD_RESON"" : ""6"",
      ""CD_LEDGER"" : ""05wJO00000047J6YAI"",
      ""CD_JOURNAL"" : ""05wJO00000045dtYAA"",
      ""AM_SAL"" : null
    } ],
    ""CancelPointList"" : {
      ""RecreditPointList"" : [ {
        ""ExpiryDate"" : ""2028-05-01"",
        ""Name"" : ""기타포인트"",
        ""Point"" : 5000.0000
      } ]
    },
    ""originalOrderId"" : ""801JO00000I9LG1YAN"",
    ""orderId"" : ""801JO00000I9OloYAF"",
    ""TransactionJournal"" : [ {
      ""OrderNo__c"" : null,
      ""CouponNo"" : ""COP2026MY0004;-;PX8A6ILF"",
      ""TransactionAmount"" : 30000.0000,
      ""DepositType__c"" : ""03"",
      ""PaymentMethod"" : ""90"",
      ""ActivityDate"" : ""20260507"",
      ""DeposiSeqNo__c"" : ""1"",
      ""DepositNo__c"" : ""DEP202605070228""
    }, {
      ""OrderNo__c"" : null,
      ""CouponNo"" : """",
      ""TransactionAmount"" : 5000.0000,
      ""DepositType__c"" : ""03"",
      ""PaymentMethod"" : ""81"",
      ""ActivityDate"" : ""20260507"",
      ""DeposiSeqNo__c"" : ""2"",
      ""DepositNo__c"" : ""DEP202605070228""
    }, {
      ""OrderNo__c"" : null,
      ""CouponNo"" : """",
      ""TransactionAmount"" : 465000.0000,
      ""DepositType__c"" : ""03"",
      ""PaymentMethod"" : ""01"",
      ""ActivityDate"" : ""20260507"",
      ""DeposiSeqNo__c"" : ""3"",
      ""DepositNo__c"" : ""DEP202605070228""
    } ],
    ""OrderItem"" : [ {
      ""DiscountRate__c"" : 0.0000,
      ""NetSalesUnitPrice__c"" : 500000.0000,
      ""isExclude"" : false,
      ""Quantity"" : -1,
      ""ProductCode"" : ""3A2600005"",
      ""OrderNo__c"" : null,
      ""SaleSeqNo__c"" : ""2""
    } ],
    ""ActualPaymentAmount__c"" : 500000.0,
    ""OriginalOrderId"" : ""SAL202605070189"",
    ""SaleNo__c"" : ""SAL202605070196""
  },
  ""code"" : 200
}"
a12JO000000LrxQYAS,2026-05-07T07:04:07.000+0000,GdReturnDepositApiControllerV1,"{""DeposiSeqNo__c"":""3"",""DepositNo__c"":""DEP202605070228""}",,"{
  ""success"" : true,
  ""message"" : ""반품 입금 삭제 완료"",
  ""data"" : {
    ""포인트 지급 내역 복구"" : [ {
      ""TX_REMARK"" : null,
      ""PT_TARGET"" : 9300.00,
      ""NO_SAL"" : null,
      ""NO_PROM_MBR"" : ""PRO202605041079"",
      ""NO_MBR"" : ""103006200153"",
      ""NO_GRADE_ADVAN"" : null,
      ""ID_INSERT"" : null,
      ""DTS_INSERT"" : ""2026-05-07 16:04:05"",
      ""DT_SAVE_PLAN"" : null,
      ""DT_LIMIT_START"" : ""2026-05-07 16:04:05"",
      ""DT_LIMIT_END"" : ""2028-05-07"",
      ""DT_DESTROY_PLAN"" : ""2028-05-08"",
      ""CD_TYPE_SAVE"" : ""Credit"",
      ""CD_TYPE_POINT"" : ""01"",
      ""CD_JOURNAL"" : ""05wJO00000047MHYAY"",
      ""AM_SAL"" : 1000000.0000
    }, {
      ""TX_REMARK"" : null,
      ""PT_TARGET"" : 13950.00,
      ""NO_SAL"" : null,
      ""NO_PROM_MBR"" : ""PRO202605041079"",
      ""NO_MBR"" : ""103006200153"",
      ""NO_GRADE_ADVAN"" : null,
      ""ID_INSERT"" : null,
      ""DTS_INSERT"" : ""2026-05-07 16:04:05"",
      ""DT_SAVE_PLAN"" : null,
      ""DT_LIMIT_START"" : ""2026-05-07 16:04:05"",
      ""DT_LIMIT_END"" : ""2028-05-07"",
      ""DT_DESTROY_PLAN"" : ""2028-05-08"",
      ""CD_TYPE_SAVE"" : ""Credit"",
      ""CD_TYPE_POINT"" : ""06"",
      ""CD_JOURNAL"" : ""05wJO00000047MIYAY"",
      ""AM_SAL"" : 1000000.0000
    } ],
    ""프로모션 포인트 지급 내역 복구"" : [ {
      ""TX_REMARK"" : null,
      ""PT_TARGET"" : 9300.00,
      ""NO_SAL"" : null,
      ""NO_PROM_MBR"" : ""PRO202605041079"",
      ""NO_MBR"" : ""103006200153"",
      ""NO_GRADE_ADVAN"" : null,
      ""ID_INSERT"" : null,
      ""DTS_INSERT"" : ""2026-05-07 16:04:07"",
      ""DT_SAVE_PLAN"" : null,
      ""DT_LIMIT_START"" : ""2026-05-07 16:04:07"",
      ""DT_LIMIT_END"" : ""2028-05-07"",
      ""DT_DESTROY_PLAN"" : ""2028-05-08"",
      ""CD_TYPE_SAVE"" : ""Credit"",
      ""CD_TYPE_POINT"" : ""07"",
      ""CD_JOURNAL"" : ""05wJO00000047MJYAY"",
      ""AM_SAL"" : 1000000.0000
    } ]
  },
  ""code"" : 200
}"
a12JO000000LtkhYAC,2026-05-07T07:04:13.000+0000,GdReturnDepositApiControllerV1,"{""DeposiSeqNo__c"":""2"",""DepositNo__c"":""DEP202605070228""}",,"{
  ""success"" : true,
  ""message"" : ""반품 입금 삭제 완료"",
  ""data"" : {
    ""포인트 사용 내역 복구"" : [ {
      ""PT_USE"" : 5000.00,
      ""NO_SAL_RTN"" : null,
      ""NO_SAL"" : ""SAL202605070189"",
      ""NO_MBR"" : ""103006200153"",
      ""NO_DEPOSIT"" : null,
      ""ID_INSERT"" : null,
      ""DTS_INSERT"" : ""2026-05-07 16:04:12"",
      ""CD_TYPE_POINT"" : ""04"",
      ""CD_RESON"" : ""1"",
      ""CD_LEDGER"" : ""05wJO00000047NtYAI"",
      ""CD_JOURNAL"" : ""05wJO00000044UtYAI"",
      ""AM_SAL"" : null
    } ]
  },
  ""code"" : 200
}"
a12JO000000LtkiYAC,2026-05-07T07:05:17.000+0000,GdPointDebitApiControllerV1,"{""SaleNo__c"":""SAL202605070189""}",,"{
  ""success"" : true,
  ""message"" : ""사용한 포인트 조회 성공"",
  ""data"" : {
    ""DebitPointList"" : [ {
      ""PT_USE"" : 10000.00,
      ""NO_SAL_RTN"" : null,
      ""NO_SAL"" : ""SAL202605070189"",
      ""NO_MBR"" : ""103006200153"",
      ""NO_DEPOSIT"" : ""del_DEP202605070228"",
      ""ID_INSERT"" : null,
      ""DTS_INSERT"" : ""20260507153928"",
      ""CD_TYPE_POINT"" : ""11cJO000001BAUvYAO"",
      ""CD_RESON"" : ""1"",
      ""CD_LEDGER"" : ""05wJO00000047AzYAI"",
      ""CD_JOURNAL"" : ""05wJO00000044UtYAI"",
      ""AM_SAL"" : 1000000.0000
    } ]
  },
  ""code"" : 200
}"
a12JO000000Lvg4YAC,2026-05-07T07:07:48.000+0000,GdReturnApiControllerV1,/gd/v1/return,"{""SaleNo__c"":""SAL202605070200"",""OriginalOrderId"":""SAL202605070189"",""ActualPaymentAmount__c"":500000.0,""OrderItem"":[{""SaleSeqNo__c"":""2"",""OrderNo__c"":null,""ProductCode"":""3A2600005"",""Quantity"":-1,""isExclude"":false,""NetSalesUnitPrice__c"":500000.0000,""DiscountRate__c"":0.0000}],""TransactionJournal"":[{""DepositNo__c"":""DEP202605070243"",""DeposiSeqNo__c"":""1"",""ActivityDate"":""20260507"",""PaymentMethod"":""81"",""DepositType__c"":""03"",""TransactionAmount"":5000.0000,""CouponNo"":"""",""OrderNo__c"":null},{""DepositNo__c"":""DEP202605070243"",""DeposiSeqNo__c"":""2"",""ActivityDate"":""20260507"",""PaymentMethod"":""01"",""DepositType__c"":""03"",""TransactionAmount"":495000.0000,""CouponNo"":"""",""OrderNo__c"":null}]}","{
  ""success"" : true,
  ""message"" : ""반품 등록 완료"",
  ""data"" : {
    ""CancelPointsCreditedList"" : [ {
      ""PT_USE"" : 9900.00,
      ""NO_SAL_RTN"" : null,
      ""NO_SAL"" : ""SAL202605070189"",
      ""NO_MBR"" : ""103006200153"",
      ""ID_INSERT"" : null,
      ""DTS_INSERT"" : ""2026-05-07 16:07:47"",
      ""CD_TYPE_POINT"" : ""01"",
      ""CD_RESON"" : ""6"",
      ""CD_LEDGER"" : ""05wJO00000047R8YAI"",
      ""CD_JOURNAL"" : ""05wJO00000045drYAA"",
      ""AM_SAL"" : null
    }, {
      ""PT_USE"" : 14850.00,
      ""NO_SAL_RTN"" : null,
      ""NO_SAL"" : ""SAL202605070189"",
      ""NO_MBR"" : ""103006200153"",
      ""ID_INSERT"" : null,
      ""DTS_INSERT"" : ""2026-05-07 16:07:47"",
      ""CD_TYPE_POINT"" : ""06"",
      ""CD_RESON"" : ""6"",
      ""CD_LEDGER"" : ""05wJO00000047R9YAI"",
      ""CD_JOURNAL"" : ""05wJO00000045dsYAA"",
      ""AM_SAL"" : null
    }, {
      ""PT_USE"" : 9900.00,
      ""NO_SAL_RTN"" : null,
      ""NO_SAL"" : ""SAL202605070189"",
      ""NO_MBR"" : ""103006200153"",
      ""ID_INSERT"" : null,
      ""DTS_INSERT"" : ""2026-05-07 16:07:48"",
      ""CD_TYPE_POINT"" : ""07"",
      ""CD_RESON"" : ""6"",
      ""CD_LEDGER"" : ""05wJO00000047RAYAY"",
      ""CD_JOURNAL"" : ""05wJO00000045dtYAA"",
      ""AM_SAL"" : null
    } ],
    ""CancelPointList"" : {
      ""RecreditPointList"" : [ {
        ""ExpiryDate"" : ""2028-05-01"",
        ""Name"" : ""기타포인트"",
        ""Point"" : 5000.0000
      } ]
    },
    ""originalOrderId"" : ""801JO00000I9LG1YAN"",
    ""orderId"" : ""801JO00000I9O5sYAF"",
    ""TransactionJournal"" : [ {
      ""OrderNo__c"" : null,
      ""CouponNo"" : """",
      ""TransactionAmount"" : 5000.0000,
      ""DepositType__c"" : ""03"",
      ""PaymentMethod"" : ""81"",
      ""ActivityDate"" : ""20260507"",
      ""DeposiSeqNo__c"" : ""1"",
      ""DepositNo__c"" : ""DEP202605070243""
    }, {
      ""OrderNo__c"" : null,
      ""CouponNo"" : """",
      ""TransactionAmount"" : 495000.0000,
      ""DepositType__c"" : ""03"",
      ""PaymentMethod"" : ""01"",
      ""ActivityDate"" : ""20260507"",
      ""DeposiSeqNo__c"" : ""2"",
      ""DepositNo__c"" : ""DEP202605070243""
    } ],
    ""OrderItem"" : [ {
      ""DiscountRate__c"" : 0.0000,
      ""NetSalesUnitPrice__c"" : 500000.0000,
      ""isExclude"" : false,
      ""Quantity"" : -1,
      ""ProductCode"" : ""3A2600005"",
      ""OrderNo__c"" : null,
      ""SaleSeqNo__c"" : ""2""
    } ],
    ""ActualPaymentAmount__c"" : 500000.0,
    ""OriginalOrderId"" : ""SAL202605070189"",
    ""SaleNo__c"" : ""SAL202605070200""
  },
  ""code"" : 200
}"
a12JO000000LtG4YAK,2026-05-07T07:13:53.000+0000,GdPointDebitApiControllerV1,"{""SaleNo__c"":""SAL202605070189""}",,"{
  ""success"" : true,
  ""message"" : ""사용한 포인트 조회 성공"",
  ""data"" : {
    ""DebitPointList"" : [ {
      ""PT_USE"" : 5000.00,
      ""NO_SAL_RTN"" : null,
      ""NO_SAL"" : ""SAL202605070189"",
      ""NO_MBR"" : ""103006200153"",
      ""NO_DEPOSIT"" : ""del_DEP202605070228"",
      ""ID_INSERT"" : null,
      ""DTS_INSERT"" : ""20260507153928"",
      ""CD_TYPE_POINT"" : ""11cJO000001BAUvYAO"",
      ""CD_RESON"" : ""1"",
      ""CD_LEDGER"" : ""05wJO00000047AzYAI"",
      ""CD_JOURNAL"" : ""05wJO00000044UtYAI"",
      ""AM_SAL"" : 1000000.0000
    } ]
  },
  ""code"" : 200
}"
a12JO000000LniWYAS,2026-05-07T07:16:31.000+0000,GdPointDebitApiControllerV1,"{""SaleNo__c"":""SAL202605070189""}",,"{
  ""success"" : true,
  ""message"" : ""사용한 포인트 조회 성공"",
  ""data"" : {
    ""DebitPointList"" : [ {
      ""PT_USE"" : 5000.00,
      ""NO_SAL_RTN"" : null,
      ""NO_SAL"" : ""SAL202605070189"",
      ""NO_MBR"" : ""103006200153"",
      ""NO_DEPOSIT"" : ""del_DEP202605070228"",
      ""ID_INSERT"" : null,
      ""DTS_INSERT"" : ""20260507153928"",
      ""CD_TYPE_POINT"" : ""11cJO000001BAUvYAO"",
      ""CD_RESON"" : ""1"",
      ""CD_LEDGER"" : ""05wJO00000047AzYAI"",
      ""CD_JOURNAL"" : ""05wJO00000044UtYAI"",
      ""AM_SAL"" : 1000000.0000
    } ]
  },
  ""code"" : 200
}"
a12JO000000LvhgYAC,2026-05-07T07:17:22.000+0000,GdReturnApiControllerV1,/gd/v1/return,"{""SaleNo__c"":""SAL202605070201"",""OriginalOrderId"":""SAL202605070189"",""ActualPaymentAmount__c"":500000.0,""OrderItem"":[{""SaleSeqNo__c"":""1"",""OrderNo__c"":null,""ProductCode"":""2A2600001"",""Quantity"":-1,""isExclude"":false,""NetSalesUnitPrice__c"":500000.0000,""DiscountRate__c"":0.0000}],""TransactionJournal"":[{""DepositNo__c"":""DEP202605070247"",""DeposiSeqNo__c"":""1"",""ActivityDate"":""20260507"",""PaymentMethod"":""90"",""DepositType__c"":""03"",""TransactionAmount"":30000.0000,""CouponNo"":""COP2026MY0004;-;PX8A6ILF"",""OrderNo__c"":null},{""DepositNo__c"":""DEP202605070249"",""DeposiSeqNo__c"":""1"",""ActivityDate"":""20260507"",""PaymentMethod"":""81"",""DepositType__c"":""03"",""TransactionAmount"":5000.0000,""CouponNo"":"""",""OrderNo__c"":null},{""DepositNo__c"":""DEP202605070249"",""DeposiSeqNo__c"":""2"",""ActivityDate"":""20260507"",""PaymentMethod"":""01"",""DepositType__c"":""03"",""TransactionAmount"":465000.0000,""CouponNo"":"""",""OrderNo__c"":null}]}","{
  ""success"" : true,
  ""message"" : ""반품 등록 완료"",
  ""data"" : {
    ""CancelPointsCreditedList"" : [ {
      ""PT_USE"" : 9300.00,
      ""NO_SAL_RTN"" : null,
      ""NO_SAL"" : ""SAL202605070189"",
      ""NO_MBR"" : ""103006200153"",
      ""ID_INSERT"" : null,
      ""DTS_INSERT"" : ""2026-05-07 16:17:21"",
      ""CD_TYPE_POINT"" : ""01"",
      ""CD_RESON"" : ""6"",
      ""CD_LEDGER"" : ""05wJO00000047SkYAI"",
      ""CD_JOURNAL"" : ""05wJO00000045drYAA"",
      ""AM_SAL"" : null
    }, {
      ""PT_USE"" : 13950.00,
      ""NO_SAL_RTN"" : null,
      ""NO_SAL"" : ""SAL202605070189"",
      ""NO_MBR"" : ""103006200153"",
      ""ID_INSERT"" : null,
      ""DTS_INSERT"" : ""2026-05-07 16:17:21"",
      ""CD_TYPE_POINT"" : ""06"",
      ""CD_RESON"" : ""6"",
      ""CD_LEDGER"" : ""05wJO00000047SlYAI"",
      ""CD_JOURNAL"" : ""05wJO00000045dsYAA"",
      ""AM_SAL"" : null
    }, {
      ""PT_USE"" : 9300.00,
      ""NO_SAL_RTN"" : null,
      ""NO_SAL"" : ""SAL202605070189"",
      ""NO_MBR"" : ""103006200153"",
      ""ID_INSERT"" : null,
      ""DTS_INSERT"" : ""2026-05-07 16:17:21"",
      ""CD_TYPE_POINT"" : ""07"",
      ""CD_RESON"" : ""6"",
      ""CD_LEDGER"" : ""05wJO00000047SmYAI"",
      ""CD_JOURNAL"" : ""05wJO00000045dtYAA"",
      ""AM_SAL"" : null
    } ],
    ""CancelPointList"" : {
      ""RecreditPointList"" : [ {
        ""ExpiryDate"" : ""2028-05-01"",
        ""Name"" : ""기타포인트"",
        ""Point"" : 5000.0000
      } ]
    },
    ""originalOrderId"" : ""801JO00000I9LG1YAN"",
    ""orderId"" : ""801JO00000I9MjkYAF"",
    ""TransactionJournal"" : [ {
      ""OrderNo__c"" : null,
      ""CouponNo"" : ""COP2026MY0004;-;PX8A6ILF"",
      ""TransactionAmount"" : 30000.0000,
      ""DepositType__c"" : ""03"",
      ""PaymentMethod"" : ""90"",
      ""ActivityDate"" : ""20260507"",
      ""DeposiSeqNo__c"" : ""1"",
      ""DepositNo__c"" : ""DEP202605070247""
    }, {
      ""OrderNo__c"" : null,
      ""CouponNo"" : """",
      ""TransactionAmount"" : 5000.0000,
      ""DepositType__c"" : ""03"",
      ""PaymentMethod"" : ""81"",
      ""ActivityDate"" : ""20260507"",
      ""DeposiSeqNo__c"" : ""1"",
      ""DepositNo__c"" : ""DEP202605070249""
    }, {
      ""OrderNo__c"" : null,
      ""CouponNo"" : """",
      ""TransactionAmount"" : 465000.0000,
      ""DepositType__c"" : ""03"",
      ""PaymentMethod"" : ""01"",
      ""ActivityDate"" : ""20260507"",
      ""DeposiSeqNo__c"" : ""2"",
      ""DepositNo__c"" : ""DEP202605070249""
    } ],
    ""OrderItem"" : [ {
      ""DiscountRate__c"" : 0.0000,
      ""NetSalesUnitPrice__c"" : 500000.0000,
      ""isExclude"" : false,
      ""Quantity"" : -1,
      ""ProductCode"" : ""2A2600001"",
      ""OrderNo__c"" : null,
      ""SaleSeqNo__c"" : ""1""
    } ],
    ""ActualPaymentAmount__c"" : 500000.0,
    ""OriginalOrderId"" : ""SAL202605070189"",
    ""SaleNo__c"" : ""SAL202605070201""
  },
  ""code"" : 200
}"
a12JO000000LxwLYAS,2026-05-07T09:40:51.000+0000,ErpAsyncJob,callout:GoldenDewApiNC/Crm/CouponDetail,"{""couponDetailModels"":[{""no_mbr"":""103006200153"",""no_man_coupon_mil"":""00217040"",""no_man_coupon"":""COP2026MY0015"",""id_insert"":""milvus""}]}",
a12JO000000LrvnYAC,2026-05-07T09:44:03.000+0000,GdVoucherHelpApiControllerV1,/gd/v1/voucher/help,"{""StoreCode__c"":""99998"",""MemberNo__c"":""103006200153"",""ActualPaymentAmount__c"":1000000.0000,""OrderStatus__c"":null,""Type"":""01"",""PromotionNo__c"":""PRO202604161041"",""OrderItem"":[{""OrderSeqNo__c"":null,""Status__c"":null,""ProductCode"":""2A2600001"",""Quantity"":2,""isExclude"":null,""NetSalesUnitPrice__c"":0.0,""DiscountRate__c"":0.0}],""TransactionJournal"":null}","{
  ""success"" : true,
  ""message"" : ""사용 가능한 쿠폰 조회 성공"",
  ""data"" : {
    ""voucherList"" : [ {
      ""TX_COUPON"" : ""202509_SVIP회원_생일쿠폰"",
      ""RT_DISC"" : 0,
      ""NO_MAN_COUPON"" : ""COP2025AG0015"",
      ""NO_COUPON"" : ""01"",
      ""NM_RESPON"" : ""최재현"",
      ""NM_DEPT"" : ""IMC팀"",
      ""NM_COUPON"" : ""202509_SVIP회원_생일쿠폰"",
      ""ID_INSERT"" : ""쿠폰자동발급"",
      ""DTS_INSERT"" : ""20250901070004"",
      ""DT_USE"" : """",
      ""DT_STR_EXP"" : ""20250901"",
      ""DT_ISSUE"" : ""20250901"",
      ""DT_END_EXP"" : ""20260831"",
      ""DS_MON_EXP"" : 0,
      ""CD_TYPE_DAY_EXP"" : ""02"",
      ""CD_TYPE_COUPON"" : ""03"",
      ""CD_STAT_COUPON"" : ""02"",
      ""CD_BRAND"" : ""01"",
      ""AM_DISC"" : 100000
    }, {
      ""TX_COUPON"" : ""10%할인_SVIP특별바우처2"",
      ""RT_DISC"" : 10,
      ""NO_MAN_COUPON"" : ""COP2026JA0018"",
      ""NO_COUPON"" : ""36"",
      ""NM_RESPON"" : ""최재현"",
      ""NM_DEPT"" : ""IMC팀"",
      ""NM_COUPON"" : ""10%할인_SVIP특별바우처2 (2)"",
      ""ID_INSERT"" : ""최재현"",
      ""DTS_INSERT"" : ""20260202144916"",
      ""DT_USE"" : """",
      ""DT_STR_EXP"" : ""20260201"",
      ""DT_ISSUE"" : ""20260202"",
      ""DT_END_EXP"" : ""20270131"",
      ""DS_MON_EXP"" : 0,
      ""CD_TYPE_DAY_EXP"" : ""02"",
      ""CD_TYPE_COUPON"" : ""03"",
      ""CD_STAT_COUPON"" : ""02"",
      ""CD_BRAND"" : ""01"",
      ""AM_DISC"" : 0
    }, {
      ""TX_COUPON"" : ""10%할인_SVIP특별바우처3"",
      ""RT_DISC"" : 10,
      ""NO_MAN_COUPON"" : ""COP2026JA0019"",
      ""NO_COUPON"" : ""36"",
      ""NM_RESPON"" : ""최재현"",
      ""NM_DEPT"" : ""IMC팀"",
      ""NM_COUPON"" : ""10%할인_SVIP특별바우처3 (2)"",
      ""ID_INSERT"" : ""최재현"",
      ""DTS_INSERT"" : ""20260202145016"",
      ""DT_USE"" : """",
      ""DT_STR_EXP"" : ""20260201"",
      ""DT_ISSUE"" : ""20260202"",
      ""DT_END_EXP"" : ""20270131"",
      ""DS_MON_EXP"" : 0,
      ""CD_TYPE_DAY_EXP"" : ""02"",
      ""CD_TYPE_COUPON"" : ""03"",
      ""CD_STAT_COUPON"" : ""02"",
      ""CD_BRAND"" : ""01"",
      ""AM_DISC"" : 0
    }, {
      ""TX_COUPON"" : ""2026_SVIP_승격축하쿠폰"",
      ""RT_DISC"" : 0,
      ""NO_MAN_COUPON"" : ""COP2026JA0028"",
      ""NO_COUPON"" : ""36"",
      ""NM_RESPON"" : ""최재현"",
      ""NM_DEPT"" : ""IMC팀"",
      ""NM_COUPON"" : ""2026_SVIP_승격축하쿠폰"",
      ""ID_INSERT"" : ""최재현"",
      ""DTS_INSERT"" : ""20260202151859"",
      ""DT_USE"" : """",
      ""DT_STR_EXP"" : ""20260201"",
      ""DT_ISSUE"" : ""20260202"",
      ""DT_END_EXP"" : ""20270131"",
      ""DS_MON_EXP"" : 0,
      ""CD_TYPE_DAY_EXP"" : ""02"",
      ""CD_TYPE_COUPON"" : ""03"",
      ""CD_STAT_COUPON"" : ""02"",
      ""CD_BRAND"" : ""01"",
      ""AM_DISC"" : 100000
    }, {
      ""TX_COUPON"" : """",
      ""RT_DISC"" : 0,
      ""NO_MAN_COUPON"" : ""COP2026MY0004"",
      ""NO_COUPON"" : ""PX8A6ILF"",
      ""NM_RESPON"" : ""밀버스"",
      ""NM_DEPT"" : ""밀버스"",
      ""NM_COUPON"" : ""[TEST] 정액_3만원"",
      ""ID_INSERT"" : ""milvus"",
      ""DTS_INSERT"" : ""20260507153916"",
      ""DT_USE"" : """",
      ""DT_STR_EXP"" : ""20260501"",
      ""DT_ISSUE"" : ""20260507"",
      ""DT_END_EXP"" : ""20260531"",
      ""DS_MON_EXP"" : 0,
      ""CD_TYPE_DAY_EXP"" : ""02"",
      ""CD_TYPE_COUPON"" : ""03"",
      ""CD_STAT_COUPON"" : ""02"",
      ""CD_BRAND"" : ""01"",
      ""AM_DISC"" : 30000
    }, {
      ""TX_COUPON"" : """",
      ""RT_DISC"" : 3,
      ""NO_MAN_COUPON"" : ""COP2026MY0015"",
      ""NO_COUPON"" : ""P80G3EU2"",
      ""NM_RESPON"" : ""밀버스"",
      ""NM_DEPT"" : ""밀버스"",
      ""NM_COUPON"" : ""[TEST]_정률3%쿠폰"",
      ""ID_INSERT"" : ""milvus"",
      ""DTS_INSERT"" : ""20260507184047"",
      ""DT_USE"" : """",
      ""DT_STR_EXP"" : ""20260503"",
      ""DT_ISSUE"" : ""20260507"",
      ""DT_END_EXP"" : ""20260807"",
      ""DS_MON_EXP"" : 3,
      ""CD_TYPE_DAY_EXP"" : ""01"",
      ""CD_TYPE_COUPON"" : ""03"",
      ""CD_STAT_COUPON"" : ""02"",
      ""CD_BRAND"" : ""01"",
      ""AM_DISC"" : 0
    } ]
  },
  ""code"" : 200
}"
a12JO000000LyArYAK,2026-05-07T09:44:40.000+0000,GdPointHelpApiControllerV1,/gd/v1/point/help,"{""StoreCode__c"":""99998"",""MemberNo__c"":""103006200153"",""Type"":""01"",""PromotionNo__c"":""PRO202604161041"",""OrderDate"":""20260508"",""SaleNo__c"":""""}","{
  ""success"" : true,
  ""message"" : ""포인트 적용 조회 성공"",
  ""data"" : {
    ""pointList"" : [ {
      ""points"" : 9200,
      ""CD_TYPE_POINT"" : ""01""
    }, {
      ""points"" : 606152,
      ""CD_TYPE_POINT"" : ""04""
    }, {
      ""points"" : 13800,
      ""CD_TYPE_POINT"" : ""06""
    }, {
      ""points"" : 9200,
      ""CD_TYPE_POINT"" : ""07""
    } ]
  },
  ""code"" : 200
}"
a12JO000000LyCWYA0,2026-05-07T09:45:12.000+0000,GdOrderApiControllerV1,/gd/v1/order,"{""AccountId"":""1000"",""StoreCode__c"":""99998"",""MemberNo__c"":""103006200153"",""OrderNo__c"":""SOR202605080023"",""ActualPaymentAmount__c"":1000000.0,""OrderStatus__c"":""01"",""Type"":""01"",""PromotionNo__c"":""PRO202604161041"",""OrderItem"":[{""OrderSeqNo__c"":""1"",""Status__c"":""01"",""ProductCode"":""2A2600001"",""Quantity"":2,""isExclude"":false,""NetSalesUnitPrice__c"":500000.0000,""DiscountRate__c"":0.0000}],""TransactionJournal"":[{""DepositNo__c"":""DEP202605070309"",""DeposiSeqNo__c"":""1"",""ActivityDate"":""20260507"",""PaymentMethod"":""01"",""DepositType__c"":""01"",""TransactionAmount"":100000.0000,""CouponNo"":"""",""OrderNo__c"":null},{""DepositNo__c"":""DEP202605070309"",""DeposiSeqNo__c"":""2"",""ActivityDate"":""20260507"",""PaymentMethod"":""90"",""DepositType__c"":""01"",""TransactionAmount"":30000.0000,""CouponNo"":""COP2026MY0015;-;P80G3EU2"",""OrderNo__c"":null},{""DepositNo__c"":""DEP202605070309"",""DeposiSeqNo__c"":""3"",""ActivityDate"":""20260507"",""PaymentMethod"":""81"",""DepositType__c"":""01"",""TransactionAmount"":10000.0000,""CouponNo"":"""",""OrderNo__c"":null}]}","{
  ""success"" : true,
  ""message"" : ""주문 등록 완료"",
  ""data"" : {
    ""DebitPointList"" : [ {
      ""PT_USE"" : 10000.00,
      ""NO_SAL_RTN"" : null,
      ""NO_SAL"" : ""SOR202605080023"",
      ""NO_MBR"" : ""103006200153"",
      ""ID_INSERT"" : null,
      ""DTS_INSERT"" : ""2026-05-07 18:45:11"",
      ""CD_TYPE_POINT"" : ""04"",
      ""CD_RESON"" : ""1"",
      ""CD_LEDGER"" : ""05wJO00000048WrYAI"",
      ""CD_JOURNAL"" : ""05wJO00000044UtYAI"",
      ""AM_SAL"" : null
    } ],
    ""isGoldenBar"" : false,
    ""oiList"" : [ {
      ""attributes"" : {
        ""type"" : ""OrderItem"",
        ""url"" : ""/services/data/v66.0/sobjects/OrderItem/802JO0000052IScYAM""
      },
      ""OrderId"" : ""801JO00000I9VVMYA3"",
      ""Status__c"" : ""01"",
      ""PricebookEntryId"" : ""01uJO000001R0w4YAC"",
      ""Quantity"" : 2,
      ""UnitPrice"" : 500000,
      ""OrderItemNo__c"" : ""801JO00000I9VVMYA3-1"",
      ""IsExclude__c"" : false,
      ""NetSalesUnitPrice__c"" : 500000.0000,
      ""DiscountRate__c"" : 0.0000,
      ""Id"" : ""802JO0000052IScYAM""
    } ],
    ""storeType"" : ""09"",
    ""storeTypeFour"" : ""NULL"",
    ""orderId"" : ""801JO00000I9VVMYA3"",
    ""TransactionJournal"" : [ {
      ""OrderNo__c"" : null,
      ""CouponNo"" : """",
      ""TransactionAmount"" : 100000.0000,
      ""DepositType__c"" : ""01"",
      ""PaymentMethod"" : ""01"",
      ""ActivityDate"" : ""20260507"",
      ""DeposiSeqNo__c"" : ""1"",
      ""DepositNo__c"" : ""DEP202605070309""
    }, {
      ""OrderNo__c"" : null,
      ""CouponNo"" : ""COP2026MY0015;-;P80G3EU2"",
      ""TransactionAmount"" : 30000.0000,
      ""DepositType__c"" : ""01"",
      ""PaymentMethod"" : ""90"",
      ""ActivityDate"" : ""20260507"",
      ""DeposiSeqNo__c"" : ""2"",
      ""DepositNo__c"" : ""DEP202605070309""
    }, {
      ""OrderNo__c"" : null,
      ""CouponNo"" : """",
      ""TransactionAmount"" : 10000.0000,
      ""DepositType__c"" : ""01"",
      ""PaymentMethod"" : ""81"",
      ""ActivityDate"" : ""20260507"",
      ""DeposiSeqNo__c"" : ""3"",
      ""DepositNo__c"" : ""DEP202605070309""
    } ],
    ""OrderItem"" : [ {
      ""DiscountRate__c"" : 0.0000,
      ""NetSalesUnitPrice__c"" : 500000.0000,
      ""isExclude"" : false,
      ""Quantity"" : 2,
      ""ProductCode"" : ""2A2600001"",
      ""Status__c"" : ""01"",
      ""OrderSeqNo__c"" : ""1""
    } ],
    ""PromotionNo__c"" : ""PRO202604161041"",
    ""Type"" : ""01"",
    ""OrderStatus__c"" : ""01"",
    ""ActualPaymentAmount__c"" : 1000000.0,
    ""OrderNo__c"" : ""SOR202605080023"",
    ""MemberNo__c"" : ""103006200153"",
    ""StoreCode__c"" : ""99998"",
    ""AccountId"" : ""1000""
  },
  ""code"" : 200
}"
a12JO000000LyXUYA0,2026-05-07T09:53:16.000+0000,GdSaleApiControllerV1,/gd/v1/sale,"{""AccountId"":""1000"",""StoreCode__c"":""99998"",""MemberNo__c"":""103006200153"",""SaleNo__c"":""SAL202605070253"",""ActualPaymentAmount__c"":1000000.0,""EndDate"":""20260507"",""SaleStatus__c"":""01"",""PromotionNo__c"":""PRO202604161041"",""OrderItem"":[{""SaleSeqNo__c"":""1"",""OrderNo__c"":""SOR202605080023"",""ProductCode"":""2A2600001"",""Quantity"":2,""isExclude"":false,""NetSalesUnitPrice__c"":500000.0000,""DiscountRate__c"":0.0000}],""TransactionJournal"":[{""DepositNo__c"":""DEP202605070309"",""DeposiSeqNo__c"":""1"",""ActivityDate"":""20260507"",""PaymentMethod"":""01"",""DepositType__c"":""01"",""TransactionAmount"":100000.0000,""CouponNo"":"""",""OrderNo__c"":""SOR202605080023""},{""DepositNo__c"":""DEP202605070309"",""DeposiSeqNo__c"":""2"",""ActivityDate"":""20260507"",""PaymentMethod"":""90"",""DepositType__c"":""01"",""TransactionAmount"":30000.0000,""CouponNo"":""COP2026MY0015;-;P80G3EU2"",""OrderNo__c"":""SOR202605080023""},{""DepositNo__c"":""DEP202605070309"",""DeposiSeqNo__c"":""3"",""ActivityDate"":""20260507"",""PaymentMethod"":""81"",""DepositType__c"":""01"",""TransactionAmount"":10000.0000,""CouponNo"":"""",""OrderNo__c"":""SOR202605080023""},{""DepositNo__c"":""DEP202605070315"",""DeposiSeqNo__c"":""1"",""ActivityDate"":""20260507"",""PaymentMethod"":""01"",""DepositType__c"":""02"",""TransactionAmount"":860000.0000,""CouponNo"":"""",""OrderNo__c"":null}]}","{
  ""success"" : true,
  ""message"" : ""판매 등록 완료"",
  ""data"" : {
    ""CreditPointList"" : [ {
      ""TX_REMARK"" : ""구매포인트|11cJO000001BAZlYAO|2.00"",
      ""PT_TARGET"" : 19200.00,
      ""NO_SAL"" : null,
      ""NO_PROM_MBR"" : ""PRO202604161041"",
      ""NO_MBR"" : ""103006200153"",
      ""NO_GRADE_ADVAN"" : ""04"",
      ""ID_INSERT"" : null,
      ""DTS_INSERT"" : ""2026-05-07 18:53:16"",
      ""DT_SAVE_PLAN"" : null,
      ""DT_LIMIT_START"" : ""2026-05-07 09:00:00"",
      ""DT_LIMIT_END"" : ""2028-05-07"",
      ""DT_DESTROY_PLAN"" : ""2028-05-08"",
      ""CD_TYPE_SAVE"" : ""Credit"",
      ""CD_TYPE_POINT"" : ""01"",
      ""CD_JOURNAL"" : ""05wJO00000048gXYAQ"",
      ""AM_SAL"" : 1000000.0
    }, {
      ""TX_REMARK"" : ""사은포인트|11cJO000001BAY9YAO|3.00"",
      ""PT_TARGET"" : 28800.00,
      ""NO_SAL"" : null,
      ""NO_PROM_MBR"" : ""PRO202604161041"",
      ""NO_MBR"" : ""103006200153"",
      ""NO_GRADE_ADVAN"" : ""04"",
      ""ID_INSERT"" : null,
      ""DTS_INSERT"" : ""2026-05-07 18:53:16"",
      ""DT_SAVE_PLAN"" : null,
      ""DT_LIMIT_START"" : ""2026-05-07 09:00:00"",
      ""DT_LIMIT_END"" : ""2028-05-07"",
      ""DT_DESTROY_PLAN"" : ""2028-05-08"",
      ""CD_TYPE_SAVE"" : ""Credit"",
      ""CD_TYPE_POINT"" : ""01"",
      ""CD_JOURNAL"" : ""05wJO00000048gYYAQ"",
      ""AM_SAL"" : 1000000.0
    } ],
    ""oiList"" : [ {
      ""attributes"" : {
        ""type"" : ""OrderItem"",
        ""url"" : ""/services/data/v66.0/sobjects/OrderItem/802JO0000052IikYAE""
      },
      ""OrderId"" : ""801JO00000I9Wr7YAF"",
      ""PricebookEntryId"" : ""01uJO000001R0w4YAC"",
      ""Quantity"" : 2,
      ""UnitPrice"" : 500000,
      ""SaleSeqNo__c"" : ""1"",
      ""SaleItemNo__c"" : ""801JO00000I9Wr7YAF-1"",
      ""IsExclude__c"" : false,
      ""NetSalesUnitPrice__c"" : 500000.0000,
      ""DiscountRate__c"" : 0.0000,
      ""OrderId__c"" : ""801JO00000I9VVMYA3"",
      ""Id"" : ""802JO0000052IikYAE""
    } ],
    ""storeType"" : ""09"",
    ""storeTypeFour"" : ""NULL"",
    ""orderId"" : ""801JO00000I9Wr7YAF"",
    ""TransactionJournal"" : [ {
      ""OrderNo__c"" : ""SOR202605080023"",
      ""CouponNo"" : """",
      ""TransactionAmount"" : 100000.0000,
      ""DepositType__c"" : ""01"",
      ""PaymentMethod"" : ""01"",
      ""ActivityDate"" : ""20260507"",
      ""DeposiSeqNo__c"" : ""1"",
      ""DepositNo__c"" : ""DEP202605070309""
    }, {
      ""OrderNo__c"" : ""SOR202605080023"",
      ""CouponNo"" : ""COP2026MY0015;-;P80G3EU2"",
      ""TransactionAmount"" : 30000.0000,
      ""DepositType__c"" : ""01"",
      ""PaymentMethod"" : ""90"",
      ""ActivityDate"" : ""20260507"",
      ""DeposiSeqNo__c"" : ""2"",
      ""DepositNo__c"" : ""DEP202605070309""
    }, {
      ""OrderNo__c"" : ""SOR202605080023"",
      ""CouponNo"" : """",
      ""TransactionAmount"" : 10000.0000,
      ""DepositType__c"" : ""01"",
      ""PaymentMethod"" : ""81"",
      ""ActivityDate"" : ""20260507"",
      ""DeposiSeqNo__c"" : ""3"",
      ""DepositNo__c"" : ""DEP202605070309""
    }, {
      ""OrderNo__c"" : null,
      ""CouponNo"" : """",
      ""TransactionAmount"" : 860000.0000,
      ""DepositType__c"" : ""02"",
      ""PaymentMethod"" : ""01"",
      ""ActivityDate"" : ""20260507"",
      ""DeposiSeqNo__c"" : ""1"",
      ""DepositNo__c"" : ""DEP202605070315""
    } ],
    ""OrderItem"" : [ {
      ""DiscountRate__c"" : 0.0000,
      ""NetSalesUnitPrice__c"" : 500000.0000,
      ""isExclude"" : false,
      ""Quantity"" : 2,
      ""ProductCode"" : ""2A2600001"",
      ""OrderNo__c"" : ""SOR202605080023"",
      ""SaleSeqNo__c"" : ""1""
    } ],
    ""PromotionNo__c"" : ""PRO202604161041"",
    ""SaleStatus__c"" : ""01"",
    ""EndDate"" : ""20260507"",
    ""ActualPaymentAmount__c"" : 1000000.0,
    ""SaleNo__c"" : ""SAL202605070253"",
    ""MemberNo__c"" : ""103006200153"",
    ""StoreCode__c"" : ""99998"",
    ""AccountId"" : ""1000""
  },
  ""code"" : 200
}"
a12JO000000LtHfYAK,2026-05-07T09:59:25.000+0000,GdSaleApiControllerV1,/gd/v1/sale,"{""AccountId"":""1000"",""StoreCode__c"":""99998"",""MemberNo__c"":""103006200153"",""SaleNo__c"":""SAL202605070253"",""ActualPaymentAmount__c"":1000000.0,""EndDate"":""20260507"",""SaleStatus__c"":""01"",""PromotionNo__c"":""PRO202604161041"",""OrderItem"":[{""SaleSeqNo__c"":""1"",""OrderNo__c"":""SOR202605080023"",""ProductCode"":""2A2600001"",""Quantity"":2,""isExclude"":false,""NetSalesUnitPrice__c"":500000.0000,""DiscountRate__c"":0.0000}],""TransactionJournal"":[{""DepositNo__c"":""DEP202605070309"",""DeposiSeqNo__c"":""1"",""ActivityDate"":""20260507"",""PaymentMethod"":""01"",""DepositType__c"":""01"",""TransactionAmount"":100000.0000,""CouponNo"":"""",""OrderNo__c"":""SOR202605080023""},{""DepositNo__c"":""DEP202605070315"",""DeposiSeqNo__c"":""1"",""ActivityDate"":""20260507"",""PaymentMethod"":""01"",""DepositType__c"":""02"",""TransactionAmount"":900000.0000,""CouponNo"":"""",""OrderNo__c"":null}]}","{
  ""success"" : true,
  ""message"" : ""판매 수정 완료"",
  ""data"" : {
    ""CreditPointList"" : [ {
      ""TX_REMARK"" : ""구매포인트|11cJO000001BAZlYAO|2.00"",
      ""PT_TARGET"" : 20000.00,
      ""NO_SAL"" : null,
      ""NO_PROM_MBR"" : ""PRO202604161041"",
      ""NO_MBR"" : ""103006200153"",
      ""NO_GRADE_ADVAN"" : ""04"",
      ""ID_INSERT"" : null,
      ""DTS_INSERT"" : ""2026-05-07 18:59:25"",
      ""DT_SAVE_PLAN"" : null,
      ""DT_LIMIT_START"" : ""2026-05-07 18:59:24"",
      ""DT_LIMIT_END"" : ""2028-05-07"",
      ""DT_DESTROY_PLAN"" : ""2028-05-08"",
      ""CD_TYPE_SAVE"" : ""Credit"",
      ""CD_TYPE_POINT"" : ""01"",
      ""CD_JOURNAL"" : ""05wJO00000048qDYAQ"",
      ""AM_SAL"" : 1000000.0
    }, {
      ""TX_REMARK"" : ""사은포인트|11cJO000001BAY9YAO|3.00"",
      ""PT_TARGET"" : 30000.00,
      ""NO_SAL"" : null,
      ""NO_PROM_MBR"" : ""PRO202604161041"",
      ""NO_MBR"" : ""103006200153"",
      ""NO_GRADE_ADVAN"" : ""04"",
      ""ID_INSERT"" : null,
      ""DTS_INSERT"" : ""2026-05-07 18:59:25"",
      ""DT_SAVE_PLAN"" : null,
      ""DT_LIMIT_START"" : ""2026-05-07 18:59:24"",
      ""DT_LIMIT_END"" : ""2028-05-07"",
      ""DT_DESTROY_PLAN"" : ""2028-05-08"",
      ""CD_TYPE_SAVE"" : ""Credit"",
      ""CD_TYPE_POINT"" : ""01"",
      ""CD_JOURNAL"" : ""05wJO00000048qEYAQ"",
      ""AM_SAL"" : 1000000.0
    } ],
    ""orderId"" : ""801JO00000I9Wr7YAF"",
    ""TransactionJournal"" : [ {
      ""OrderNo__c"" : ""SOR202605080023"",
      ""CouponNo"" : """",
      ""TransactionAmount"" : 100000.0000,
      ""DepositType__c"" : ""01"",
      ""PaymentMethod"" : ""01"",
      ""ActivityDate"" : ""20260507"",
      ""DeposiSeqNo__c"" : ""1"",
      ""DepositNo__c"" : ""DEP202605070309""
    }, {
      ""OrderNo__c"" : null,
      ""CouponNo"" : """",
      ""TransactionAmount"" : 900000.0000,
      ""DepositType__c"" : ""02"",
      ""PaymentMethod"" : ""01"",
      ""ActivityDate"" : ""20260507"",
      ""DeposiSeqNo__c"" : ""1"",
      ""DepositNo__c"" : ""DEP202605070315""
    } ],
    ""OrderItem"" : [ {
      ""DiscountRate__c"" : 0.0000,
      ""NetSalesUnitPrice__c"" : 500000.0000,
      ""isExclude"" : false,
      ""Quantity"" : 2,
      ""ProductCode"" : ""2A2600001"",
      ""OrderNo__c"" : ""SOR202605080023"",
      ""SaleSeqNo__c"" : ""1""
    } ],
    ""PromotionNo__c"" : ""PRO202604161041"",
    ""SaleStatus__c"" : ""01"",
    ""EndDate"" : ""20260507"",
    ""ActualPaymentAmount__c"" : 1000000.0,
    ""SaleNo__c"" : ""SAL202605070253"",
    ""MemberNo__c"" : ""103006200153"",
    ""StoreCode__c"" : ""99998"",
    ""AccountId"" : ""1000""
  },
  ""code"" : 200
}"
a12JO000000LwgzYAC,2026-05-07T10:32:01.000+0000,GdOrderApiControllerV1,/gd/v1/order,"{""AccountId"":""1000"",""StoreCode__c"":""99998"",""MemberNo__c"":""103006200153"",""OrderNo__c"":""SOR202605080029"",""ActualPaymentAmount__c"":1400000.0,""OrderStatus__c"":""01"",""Type"":""01"",""PromotionNo__c"":""PRO202605041080"",""OrderItem"":[{""OrderSeqNo__c"":""1"",""Status__c"":""01"",""ProductCode"":""2A2600001"",""Quantity"":1,""isExclude"":false,""NetSalesUnitPrice__c"":500000.0000,""DiscountRate__c"":0.0000},{""OrderSeqNo__c"":""2"",""Status__c"":""01"",""ProductCode"":""3A2600005"",""Quantity"":1,""isExclude"":false,""NetSalesUnitPrice__c"":500000.0000,""DiscountRate__c"":0.0000},{""OrderSeqNo__c"":""3"",""Status__c"":""01"",""ProductCode"":""212500046"",""Quantity"":1,""isExclude"":false,""NetSalesUnitPrice__c"":400000.0000,""DiscountRate__c"":0.0000}],""TransactionJournal"":[{""DepositNo__c"":""DEP202605070336"",""DeposiSeqNo__c"":""1"",""ActivityDate"":""20260507"",""PaymentMethod"":""01"",""DepositType__c"":""01"",""TransactionAmount"":700000.0000,""CouponNo"":"""",""OrderNo__c"":null},{""DepositNo__c"":""DEP202605070336"",""DeposiSeqNo__c"":""2"",""ActivityDate"":""20260507"",""PaymentMethod"":""03"",""DepositType__c"":""01"",""TransactionAmount"":700000.0000,""CouponNo"":"""",""OrderNo__c"":null}]}","{
  ""success"" : true,
  ""message"" : ""주문 등록 완료"",
  ""data"" : {
    ""DebitPointList"" : [ ],
    ""isGoldenBar"" : false,
    ""oiList"" : [ {
      ""attributes"" : {
        ""type"" : ""OrderItem"",
        ""url"" : ""/services/data/v66.0/sobjects/OrderItem/802JO0000052HQeYAM""
      },
      ""OrderId"" : ""801JO00000I9TyvYAF"",
      ""Status__c"" : ""01"",
      ""PricebookEntryId"" : ""01uJO000001R0w4YAC"",
      ""Quantity"" : 1,
      ""UnitPrice"" : 500000,
      ""OrderItemNo__c"" : ""801JO00000I9TyvYAF-1"",
      ""IsExclude__c"" : false,
      ""NetSalesUnitPrice__c"" : 500000.0000,
      ""DiscountRate__c"" : 0.0000,
      ""Id"" : ""802JO0000052HQeYAM""
    }, {
      ""attributes"" : {
        ""type"" : ""OrderItem"",
        ""url"" : ""/services/data/v66.0/sobjects/OrderItem/802JO0000052HQfYAM""
      },
      ""OrderId"" : ""801JO00000I9TyvYAF"",
      ""Status__c"" : ""01"",
      ""PricebookEntryId"" : ""01uJO000001RG0OYAW"",
      ""Quantity"" : 1,
      ""UnitPrice"" : 500000,
      ""OrderItemNo__c"" : ""801JO00000I9TyvYAF-2"",
      ""IsExclude__c"" : false,
      ""NetSalesUnitPrice__c"" : 500000.0000,
      ""DiscountRate__c"" : 0.0000,
      ""Id"" : ""802JO0000052HQfYAM""
    }, {
      ""attributes"" : {
        ""type"" : ""OrderItem"",
        ""url"" : ""/services/data/v66.0/sobjects/OrderItem/802JO0000052HQgYAM""
      },
      ""OrderId"" : ""801JO00000I9TyvYAF"",
      ""Status__c"" : ""01"",
      ""PricebookEntryId"" : ""01uJO000001RBvIYAW"",
      ""Quantity"" : 1,
      ""UnitPrice"" : 400000,
      ""OrderItemNo__c"" : ""801JO00000I9TyvYAF-3"",
      ""IsExclude__c"" : false,
      ""NetSalesUnitPrice__c"" : 400000.0000,
      ""DiscountRate__c"" : 0.0000,
      ""Id"" : ""802JO0000052HQgYAM""
    } ],
    ""storeType"" : ""09"",
    ""storeTypeFour"" : ""NULL"",
    ""orderId"" : ""801JO00000I9TyvYAF"",
    ""TransactionJournal"" : [ {
      ""OrderNo__c"" : null,
      ""CouponNo"" : """",
      ""TransactionAmount"" : 700000.0000,
      ""DepositType__c"" : ""01"",
      ""PaymentMethod"" : ""01"",
      ""ActivityDate"" : ""20260507"",
      ""DeposiSeqNo__c"" : ""1"",
      ""DepositNo__c"" : ""DEP202605070336""
    }, {
      ""OrderNo__c"" : null,
      ""CouponNo"" : """",
      ""TransactionAmount"" : 700000.0000,
      ""DepositType__c"" : ""01"",
      ""PaymentMethod"" : ""03"",
      ""ActivityDate"" : ""20260507"",
      ""DeposiSeqNo__c"" : ""2"",
      ""DepositNo__c"" : ""DEP202605070336""
    } ],
    ""OrderItem"" : [ {
      ""DiscountRate__c"" : 0.0000,
      ""NetSalesUnitPrice__c"" : 500000.0000,
      ""isExclude"" : false,
      ""Quantity"" : 1,
      ""ProductCode"" : ""2A2600001"",
      ""Status__c"" : ""01"",
      ""OrderSeqNo__c"" : ""1""
    }, {
      ""DiscountRate__c"" : 0.0000,
      ""NetSalesUnitPrice__c"" : 500000.0000,
      ""isExclude"" : false,
      ""Quantity"" : 1,
      ""ProductCode"" : ""3A2600005"",
      ""Status__c"" : ""01"",
      ""OrderSeqNo__c"" : ""2""
    }, {
      ""DiscountRate__c"" : 0.0000,
      ""NetSalesUnitPrice__c"" : 400000.0000,
      ""isExclude"" : false,
      ""Quantity"" : 1,
      ""ProductCode"" : ""212500046"",
      ""Status__c"" : ""01"",
      ""OrderSeqNo__c"" : ""3""
    } ],
    ""PromotionNo__c"" : ""PRO202605041080"",
    ""Type"" : ""01"",
    ""OrderStatus__c"" : ""01"",
    ""ActualPaymentAmount__c"" : 1400000.0,
    ""OrderNo__c"" : ""SOR202605080029"",
    ""MemberNo__c"" : ""103006200153"",
    ""StoreCode__c"" : ""99998"",
    ""AccountId"" : ""1000""
  },
  ""code"" : 200
}"
a12JO000000LxEtYAK,2026-05-07T11:19:03.000+0000,GdOrderApiControllerV1,/gd/v1/order,"{""AccountId"":""1000"",""StoreCode__c"":""99998"",""MemberNo__c"":""103006200153"",""OrderNo__c"":""SOR202605080036"",""ActualPaymentAmount__c"":1400000.0,""OrderStatus__c"":""01"",""Type"":""01"",""PromotionNo__c"":""PRO202605041080"",""OrderItem"":[{""OrderSeqNo__c"":""1"",""Status__c"":""01"",""ProductCode"":""212500046"",""Quantity"":1,""isExclude"":false,""NetSalesUnitPrice__c"":400000.0000,""DiscountRate__c"":0.0000},{""OrderSeqNo__c"":""2"",""Status__c"":""01"",""ProductCode"":""2A2600001"",""Quantity"":1,""isExclude"":false,""NetSalesUnitPrice__c"":500000.0000,""DiscountRate__c"":0.0000},{""OrderSeqNo__c"":""3"",""Status__c"":""01"",""ProductCode"":""3A2600005"",""Quantity"":1,""isExclude"":false,""NetSalesUnitPrice__c"":500000.0000,""DiscountRate__c"":0.0000}],""TransactionJournal"":[{""DepositNo__c"":""DEP202605070351"",""DeposiSeqNo__c"":""1"",""ActivityDate"":""20260507"",""PaymentMethod"":""01"",""DepositType__c"":""01"",""TransactionAmount"":1400000.0000,""CouponNo"":"""",""OrderNo__c"":null}]}","{
  ""success"" : true,
  ""message"" : ""주문 등록 완료"",
  ""data"" : {
    ""DebitPointList"" : [ ],
    ""isGoldenBar"" : false,
    ""oiList"" : [ {
      ""attributes"" : {
        ""type"" : ""OrderItem"",
        ""url"" : ""/services/data/v66.0/sobjects/OrderItem/802JO0000052Hd1YAE""
      },
      ""OrderId"" : ""801JO00000I9UCvYAN"",
      ""Status__c"" : ""01"",
      ""PricebookEntryId"" : ""01uJO000001RBvIYAW"",
      ""Quantity"" : 1,
      ""UnitPrice"" : 400000,
      ""OrderItemNo__c"" : ""801JO00000I9UCvYAN-1"",
      ""IsExclude__c"" : false,
      ""NetSalesUnitPrice__c"" : 400000.0000,
      ""DiscountRate__c"" : 0.0000,
      ""Id"" : ""802JO0000052Hd1YAE""
    }, {
      ""attributes"" : {
        ""type"" : ""OrderItem"",
        ""url"" : ""/services/data/v66.0/sobjects/OrderItem/802JO0000052Hd2YAE""
      },
      ""OrderId"" : ""801JO00000I9UCvYAN"",
      ""Status__c"" : ""01"",
      ""PricebookEntryId"" : ""01uJO000001R0w4YAC"",
      ""Quantity"" : 1,
      ""UnitPrice"" : 500000,
      ""OrderItemNo__c"" : ""801JO00000I9UCvYAN-2"",
      ""IsExclude__c"" : false,
      ""NetSalesUnitPrice__c"" : 500000.0000,
      ""DiscountRate__c"" : 0.0000,
      ""Id"" : ""802JO0000052Hd2YAE""
    }, {
      ""attributes"" : {
        ""type"" : ""OrderItem"",
        ""url"" : ""/services/data/v66.0/sobjects/OrderItem/802JO0000052Hd3YAE""
      },
      ""OrderId"" : ""801JO00000I9UCvYAN"",
      ""Status__c"" : ""01"",
      ""PricebookEntryId"" : ""01uJO000001RG0OYAW"",
      ""Quantity"" : 1,
      ""UnitPrice"" : 500000,
      ""OrderItemNo__c"" : ""801JO00000I9UCvYAN-3"",
      ""IsExclude__c"" : false,
      ""NetSalesUnitPrice__c"" : 500000.0000,
      ""DiscountRate__c"" : 0.0000,
      ""Id"" : ""802JO0000052Hd3YAE""
    } ],
    ""storeType"" : ""09"",
    ""storeTypeFour"" : ""NULL"",
    ""orderId"" : ""801JO00000I9UCvYAN"",
    ""TransactionJournal"" : [ {
      ""OrderNo__c"" : null,
      ""CouponNo"" : """",
      ""TransactionAmount"" : 1400000.0000,
      ""DepositType__c"" : ""01"",
      ""PaymentMethod"" : ""01"",
      ""ActivityDate"" : ""20260507"",
      ""DeposiSeqNo__c"" : ""1"",
      ""DepositNo__c"" : ""DEP202605070351""
    } ],
    ""OrderItem"" : [ {
      ""DiscountRate__c"" : 0.0000,
      ""NetSalesUnitPrice__c"" : 400000.0000,
      ""isExclude"" : false,
      ""Quantity"" : 1,
      ""ProductCode"" : ""212500046"",
      ""Status__c"" : ""01"",
      ""OrderSeqNo__c"" : ""1""
    }, {
      ""DiscountRate__c"" : 0.0000,
      ""NetSalesUnitPrice__c"" : 500000.0000,
      ""isExclude"" : false,
      ""Quantity"" : 1,
      ""ProductCode"" : ""2A2600001"",
      ""Status__c"" : ""01"",
      ""OrderSeqNo__c"" : ""2""
    }, {
      ""DiscountRate__c"" : 0.0000,
      ""NetSalesUnitPrice__c"" : 500000.0000,
      ""isExclude"" : false,
      ""Quantity"" : 1,
      ""ProductCode"" : ""3A2600005"",
      ""Status__c"" : ""01"",
      ""OrderSeqNo__c"" : ""3""
    } ],
    ""PromotionNo__c"" : ""PRO202605041080"",
    ""Type"" : ""01"",
    ""OrderStatus__c"" : ""01"",
    ""ActualPaymentAmount__c"" : 1400000.0,
    ""OrderNo__c"" : ""SOR202605080036"",
    ""MemberNo__c"" : ""103006200153"",
    ""StoreCode__c"" : ""99998"",
    ""AccountId"" : ""1000""
  },
  ""code"" : 200
}"
a12JO000000LvRZYA0,2026-05-07T11:20:44.000+0000,GdOrderApiControllerV1,/gd/v1/order,"{""AccountId"":""1000"",""StoreCode__c"":""99998"",""MemberNo__c"":""103006200153"",""OrderNo__c"":""SOR202605080037"",""ActualPaymentAmount__c"":900000.0,""OrderStatus__c"":""01"",""Type"":""01"",""PromotionNo__c"":""PRO202605041080"",""OrderItem"":[{""OrderSeqNo__c"":""1"",""Status__c"":""01"",""ProductCode"":""212500046"",""Quantity"":1,""isExclude"":false,""NetSalesUnitPrice__c"":400000.0000,""DiscountRate__c"":0.0000},{""OrderSeqNo__c"":""2"",""Status__c"":""01"",""ProductCode"":""2A2600001"",""Quantity"":1,""isExclude"":false,""NetSalesUnitPrice__c"":500000.0000,""DiscountRate__c"":0.0000}],""TransactionJournal"":[{""DepositNo__c"":""DEP202605070352"",""DeposiSeqNo__c"":""1"",""ActivityDate"":""20260507"",""PaymentMethod"":""01"",""DepositType__c"":""01"",""TransactionAmount"":900000.0000,""CouponNo"":"""",""OrderNo__c"":null}]}","{
  ""success"" : true,
  ""message"" : ""주문 등록 완료"",
  ""data"" : {
    ""DebitPointList"" : [ ],
    ""isGoldenBar"" : false,
    ""oiList"" : [ {
      ""attributes"" : {
        ""type"" : ""OrderItem"",
        ""url"" : ""/services/data/v66.0/sobjects/OrderItem/802JO0000052CiSYAU""
      },
      ""OrderId"" : ""801JO00000I9T8aYAF"",
      ""Status__c"" : ""01"",
      ""PricebookEntryId"" : ""01uJO000001RBvIYAW"",
      ""Quantity"" : 1,
      ""UnitPrice"" : 400000,
      ""OrderItemNo__c"" : ""801JO00000I9T8aYAF-1"",
      ""IsExclude__c"" : false,
      ""NetSalesUnitPrice__c"" : 400000.0000,
      ""DiscountRate__c"" : 0.0000,
      ""Id"" : ""802JO0000052CiSYAU""
    }, {
      ""attributes"" : {
        ""type"" : ""OrderItem"",
        ""url"" : ""/services/data/v66.0/sobjects/OrderItem/802JO0000052CiTYAU""
      },
      ""OrderId"" : ""801JO00000I9T8aYAF"",
      ""Status__c"" : ""01"",
      ""PricebookEntryId"" : ""01uJO000001R0w4YAC"",
      ""Quantity"" : 1,
      ""UnitPrice"" : 500000,
      ""OrderItemNo__c"" : ""801JO00000I9T8aYAF-2"",
      ""IsExclude__c"" : false,
      ""NetSalesUnitPrice__c"" : 500000.0000,
      ""DiscountRate__c"" : 0.0000,
      ""Id"" : ""802JO0000052CiTYAU""
    } ],
    ""storeType"" : ""09"",
    ""storeTypeFour"" : ""NULL"",
    ""orderId"" : ""801JO00000I9T8aYAF"",
    ""TransactionJournal"" : [ {
      ""OrderNo__c"" : null,
      ""CouponNo"" : """",
      ""TransactionAmount"" : 900000.0000,
      ""DepositType__c"" : ""01"",
      ""PaymentMethod"" : ""01"",
      ""ActivityDate"" : ""20260507"",
      ""DeposiSeqNo__c"" : ""1"",
      ""DepositNo__c"" : ""DEP202605070352""
    } ],
    ""OrderItem"" : [ {
      ""DiscountRate__c"" : 0.0000,
      ""NetSalesUnitPrice__c"" : 400000.0000,
      ""isExclude"" : false,
      ""Quantity"" : 1,
      ""ProductCode"" : ""212500046"",
      ""Status__c"" : ""01"",
      ""OrderSeqNo__c"" : ""1""
    }, {
      ""DiscountRate__c"" : 0.0000,
      ""NetSalesUnitPrice__c"" : 500000.0000,
      ""isExclude"" : false,
      ""Quantity"" : 1,
      ""ProductCode"" : ""2A2600001"",
      ""Status__c"" : ""01"",
      ""OrderSeqNo__c"" : ""2""
    } ],
    ""PromotionNo__c"" : ""PRO202605041080"",
    ""Type"" : ""01"",
    ""OrderStatus__c"" : ""01"",
    ""ActualPaymentAmount__c"" : 900000.0,
    ""OrderNo__c"" : ""SOR202605080037"",
    ""MemberNo__c"" : ""103006200153"",
    ""StoreCode__c"" : ""99998"",
    ""AccountId"" : ""1000""
  },
  ""code"" : 200
}"
a12JO000000M0B8YAK,2026-05-07T11:25:20.000+0000,GdSaleApiControllerV1,/gd/v1/sale,"{""AccountId"":""1000"",""StoreCode__c"":""99998"",""MemberNo__c"":""103006200153"",""SaleNo__c"":""SAL202605070278"",""ActualPaymentAmount__c"":900000.0,""EndDate"":""20260507"",""SaleStatus__c"":""01"",""PromotionNo__c"":""PRO202605041080"",""OrderItem"":[{""SaleSeqNo__c"":""1"",""OrderNo__c"":""SOR202605080037"",""ProductCode"":""212500046"",""Quantity"":1,""isExclude"":false,""NetSalesUnitPrice__c"":400000.0000,""DiscountRate__c"":0.0000},{""SaleSeqNo__c"":""2"",""OrderNo__c"":""SOR202605080037"",""ProductCode"":""212500047"",""Quantity"":1,""isExclude"":false,""NetSalesUnitPrice__c"":500000.0000,""DiscountRate__c"":0.0000}],""TransactionJournal"":[{""DepositNo__c"":""DEP202605070352"",""DeposiSeqNo__c"":""1"",""ActivityDate"":""20260507"",""PaymentMethod"":""01"",""DepositType__c"":""01"",""TransactionAmount"":900000.0000,""CouponNo"":"""",""OrderNo__c"":""SOR202605080037""}]}","{
  ""success"" : true,
  ""message"" : ""판매 등록 완료"",
  ""data"" : {
    ""CreditPointList"" : [ {
      ""TX_REMARK"" : ""구매포인트|11cJO000001BAZlYAO|2.00"",
      ""PT_TARGET"" : 18000.00,
      ""NO_SAL"" : null,
      ""NO_PROM_MBR"" : ""PRO202605041080"",
      ""NO_MBR"" : ""103006200153"",
      ""NO_GRADE_ADVAN"" : ""04"",
      ""ID_INSERT"" : null,
      ""DTS_INSERT"" : ""2026-05-07 20:25:18"",
      ""DT_SAVE_PLAN"" : null,
      ""DT_LIMIT_START"" : ""2026-05-07 20:25:18"",
      ""DT_LIMIT_END"" : ""2028-05-07"",
      ""DT_DESTROY_PLAN"" : ""2028-05-08"",
      ""CD_TYPE_SAVE"" : ""Credit"",
      ""CD_TYPE_POINT"" : ""01"",
      ""CD_JOURNAL"" : ""05wJO00000049BBYAY"",
      ""AM_SAL"" : 900000.0
    }, {
      ""TX_REMARK"" : ""사은포인트|11cJO000001BAY9YAO|3.00"",
      ""PT_TARGET"" : 27000.00,
      ""NO_SAL"" : null,
      ""NO_PROM_MBR"" : ""PRO202605041080"",
      ""NO_MBR"" : ""103006200153"",
      ""NO_GRADE_ADVAN"" : ""04"",
      ""ID_INSERT"" : null,
      ""DTS_INSERT"" : ""2026-05-07 20:25:18"",
      ""DT_SAVE_PLAN"" : null,
      ""DT_LIMIT_START"" : ""2026-05-07 20:25:18"",
      ""DT_LIMIT_END"" : ""2028-05-07"",
      ""DT_DESTROY_PLAN"" : ""2028-05-08"",
      ""CD_TYPE_SAVE"" : ""Credit"",
      ""CD_TYPE_POINT"" : ""01"",
      ""CD_JOURNAL"" : ""05wJO00000049BCYAY"",
      ""AM_SAL"" : 900000.0
    }, {
      ""TX_REMARK"" : ""이벤트포인트|11cJO000001nThpYAE|3.00"",
      ""PT_TARGET"" : 27000.00,
      ""NO_SAL"" : null,
      ""NO_PROM_MBR"" : ""PRO202605041080"",
      ""NO_MBR"" : ""103006200153"",
      ""NO_GRADE_ADVAN"" : ""04"",
      ""ID_INSERT"" : null,
      ""DTS_INSERT"" : ""2026-05-07 20:25:19"",
      ""DT_SAVE_PLAN"" : null,
      ""DT_LIMIT_START"" : ""2026-05-07 20:25:19"",
      ""DT_LIMIT_END"" : ""2028-05-07"",
      ""DT_DESTROY_PLAN"" : ""2028-05-08"",
      ""CD_TYPE_SAVE"" : ""Credit"",
      ""CD_TYPE_POINT"" : ""07"",
      ""CD_JOURNAL"" : ""05wJO00000049BDYAY"",
      ""AM_SAL"" : 900000.0
    } ],
    ""oiList"" : [ {
      ""attributes"" : {
        ""type"" : ""OrderItem"",
        ""url"" : ""/services/data/v66.0/sobjects/OrderItem/802JO0000052IduYAE""
      },
      ""OrderId"" : ""801JO00000I9UxfYAF"",
      ""PricebookEntryId"" : ""01uJO000001RBvIYAW"",
      ""Quantity"" : 1,
      ""UnitPrice"" : 400000,
      ""SaleSeqNo__c"" : ""1"",
      ""SaleItemNo__c"" : ""801JO00000I9UxfYAF-1"",
      ""IsExclude__c"" : false,
      ""NetSalesUnitPrice__c"" : 400000.0000,
      ""DiscountRate__c"" : 0.0000,
      ""OrderId__c"" : ""801JO00000I9T8aYAF"",
      ""Id"" : ""802JO0000052IduYAE""
    }, {
      ""attributes"" : {
        ""type"" : ""OrderItem"",
        ""url"" : ""/services/data/v66.0/sobjects/OrderItem/802JO0000052IdvYAE""
      },
      ""OrderId"" : ""801JO00000I9UxfYAF"",
      ""PricebookEntryId"" : ""01uJO000001RBvJYAW"",
      ""Quantity"" : 1,
      ""UnitPrice"" : 500000,
      ""SaleSeqNo__c"" : ""2"",
      ""SaleItemNo__c"" : ""801JO00000I9UxfYAF-2"",
      ""IsExclude__c"" : false,
      ""NetSalesUnitPrice__c"" : 500000.0000,
      ""DiscountRate__c"" : 0.0000,
      ""OrderId__c"" : ""801JO00000I9T8aYAF"",
      ""Id"" : ""802JO0000052IdvYAE""
    } ],
    ""storeType"" : ""09"",
    ""storeTypeFour"" : ""NULL"",
    ""orderId"" : ""801JO00000I9UxfYAF"",
    ""TransactionJournal"" : [ {
      ""OrderNo__c"" : ""SOR202605080037"",
      ""CouponNo"" : """",
      ""TransactionAmount"" : 900000.0000,
      ""DepositType__c"" : ""01"",
      ""PaymentMethod"" : ""01"",
      ""ActivityDate"" : ""20260507"",
      ""DeposiSeqNo__c"" : ""1"",
      ""DepositNo__c"" : ""DEP202605070352""
    } ],
    ""OrderItem"" : [ {
      ""DiscountRate__c"" : 0.0000,
      ""NetSalesUnitPrice__c"" : 400000.0000,
      ""isExclude"" : false,
      ""Quantity"" : 1,
      ""ProductCode"" : ""212500046"",
      ""OrderNo__c"" : ""SOR202605080037"",
      ""SaleSeqNo__c"" : ""1""
    }, {
      ""DiscountRate__c"" : 0.0000,
      ""NetSalesUnitPrice__c"" : 500000.0000,
      ""isExclude"" : false,
      ""Quantity"" : 1,
      ""ProductCode"" : ""212500047"",
      ""OrderNo__c"" : ""SOR202605080037"",
      ""SaleSeqNo__c"" : ""2""
    } ],
    ""PromotionNo__c"" : ""PRO202605041080"",
    ""SaleStatus__c"" : ""01"",
    ""EndDate"" : ""20260507"",
    ""ActualPaymentAmount__c"" : 900000.0,
    ""SaleNo__c"" : ""SAL202605070278"",
    ""MemberNo__c"" : ""103006200153"",
    ""StoreCode__c"" : ""99998"",
    ""AccountId"" : ""1000""
  },
  ""code"" : 200
}"
a12JO000000LqemYAC,2026-05-07T11:30:41.000+0000,GdSaleDepositApiControllerV1,"{""DeposiSeqNo__c"":""1"",""DepositNo__c"":""DEP202605070352""}",,"{
  ""success"" : true,
  ""message"" : ""판매 입금 삭제 삭제 완료"",
  ""data"" : {
    ""CancelCoupon"" : null,
    ""CancelPointsCreditedList"" : [ {
      ""PT_USE"" : 18000.00,
      ""NO_SAL_RTN"" : null,
      ""NO_SAL"" : ""SOR202605080037"",
      ""NO_MBR"" : ""103006200153"",
      ""ID_INSERT"" : null,
      ""DTS_INSERT"" : ""2026-05-07 20:30:40"",
      ""CD_TYPE_POINT"" : ""01"",
      ""CD_RESON"" : null,
      ""CD_LEDGER"" : ""05wJO00000049CnYAI"",
      ""CD_JOURNAL"" : ""05wJO00000049BBYAY"",
      ""AM_SAL"" : null
    }, {
      ""PT_USE"" : 27000.00,
      ""NO_SAL_RTN"" : null,
      ""NO_SAL"" : ""SOR202605080037"",
      ""NO_MBR"" : ""103006200153"",
      ""ID_INSERT"" : null,
      ""DTS_INSERT"" : ""2026-05-07 20:30:40"",
      ""CD_TYPE_POINT"" : ""06"",
      ""CD_RESON"" : null,
      ""CD_LEDGER"" : ""05wJO00000049CoYAI"",
      ""CD_JOURNAL"" : ""05wJO00000049BCYAY"",
      ""AM_SAL"" : null
    }, {
      ""PT_USE"" : 27000.00,
      ""NO_SAL_RTN"" : null,
      ""NO_SAL"" : ""SOR202605080037"",
      ""NO_MBR"" : ""103006200153"",
      ""ID_INSERT"" : null,
      ""DTS_INSERT"" : ""2026-05-07 20:30:41"",
      ""CD_TYPE_POINT"" : ""07"",
      ""CD_RESON"" : null,
      ""CD_LEDGER"" : ""05wJO00000049CpYAI"",
      ""CD_JOURNAL"" : ""05wJO00000049BDYAY"",
      ""AM_SAL"" : null
    } ],
    ""CancelPointList"" : null
  },
  ""code"" : 200
}"
a12JO000000M7UIYA0,2026-05-08T01:43:45.000+0000,GdPointHelpApiControllerV1,/gd/v1/point/help,"{""StoreCode__c"":""99998"",""MemberNo__c"":""103006200153"",""Type"":null,""PromotionNo__c"":""PRO202604161042"",""OrderDate"":""20260508"",""SaleNo__c"":""""}","{
  ""success"" : true,
  ""message"" : ""포인트 적용 조회 성공"",
  ""data"" : {
    ""pointList"" : [ {
      ""points"" : 636152,
      ""CD_TYPE_POINT"" : ""04""
    } ]
  },
  ""code"" : 200
}"
a12JO000000M6GeYAK,2026-05-08T01:43:58.000+0000,GdVoucherHelpApiControllerV1,/gd/v1/voucher/help,"{""StoreCode__c"":""99998"",""MemberNo__c"":""103006200153"",""ActualPaymentAmount__c"":1000000.0,""OrderStatus__c"":null,""Type"":""01"",""PromotionNo__c"":""PRO202604161042"",""OrderItem"":[{""OrderSeqNo__c"":null,""Status__c"":null,""ProductCode"":""2A2600001"",""Quantity"":1,""isExclude"":null,""NetSalesUnitPrice__c"":0.0,""DiscountRate__c"":0.0},{""OrderSeqNo__c"":null,""Status__c"":null,""ProductCode"":""3A2600005"",""Quantity"":1,""isExclude"":null,""NetSalesUnitPrice__c"":0.0,""DiscountRate__c"":0.0}],""TransactionJournal"":null}","{
  ""success"" : true,
  ""message"" : ""사용 가능한 쿠폰 조회 성공"",
  ""data"" : {
    ""voucherList"" : [ {
      ""TX_COUPON"" : ""202509_SVIP회원_생일쿠폰"",
      ""RT_DISC"" : 0,
      ""NO_MAN_COUPON"" : ""COP2025AG0015"",
      ""NO_COUPON"" : ""01"",
      ""NM_RESPON"" : ""최재현"",
      ""NM_DEPT"" : ""IMC팀"",
      ""NM_COUPON"" : ""202509_SVIP회원_생일쿠폰"",
      ""ID_INSERT"" : ""쿠폰자동발급"",
      ""DTS_INSERT"" : ""20250901070004"",
      ""DT_USE"" : """",
      ""DT_STR_EXP"" : ""20250901"",
      ""DT_ISSUE"" : ""20250901"",
      ""DT_END_EXP"" : ""20260831"",
      ""DS_MON_EXP"" : 0,
      ""CD_TYPE_DAY_EXP"" : ""02"",
      ""CD_TYPE_COUPON"" : ""03"",
      ""CD_STAT_COUPON"" : ""02"",
      ""CD_BRAND"" : ""01"",
      ""AM_DISC"" : 100000
    }, {
      ""TX_COUPON"" : ""10%할인_SVIP특별바우처2"",
      ""RT_DISC"" : 10,
      ""NO_MAN_COUPON"" : ""COP2026JA0018"",
      ""NO_COUPON"" : ""36"",
      ""NM_RESPON"" : ""최재현"",
      ""NM_DEPT"" : ""IMC팀"",
      ""NM_COUPON"" : ""10%할인_SVIP특별바우처2 (2)"",
      ""ID_INSERT"" : ""최재현"",
      ""DTS_INSERT"" : ""20260202144916"",
      ""DT_USE"" : """",
      ""DT_STR_EXP"" : ""20260201"",
      ""DT_ISSUE"" : ""20260202"",
      ""DT_END_EXP"" : ""20270131"",
      ""DS_MON_EXP"" : 0,
      ""CD_TYPE_DAY_EXP"" : ""02"",
      ""CD_TYPE_COUPON"" : ""03"",
      ""CD_STAT_COUPON"" : ""02"",
      ""CD_BRAND"" : ""01"",
      ""AM_DISC"" : 0
    }, {
      ""TX_COUPON"" : ""10%할인_SVIP특별바우처3"",
      ""RT_DISC"" : 10,
      ""NO_MAN_COUPON"" : ""COP2026JA0019"",
      ""NO_COUPON"" : ""36"",
      ""NM_RESPON"" : ""최재현"",
      ""NM_DEPT"" : ""IMC팀"",
      ""NM_COUPON"" : ""10%할인_SVIP특별바우처3 (2)"",
      ""ID_INSERT"" : ""최재현"",
      ""DTS_INSERT"" : ""20260202145016"",
      ""DT_USE"" : """",
      ""DT_STR_EXP"" : ""20260201"",
      ""DT_ISSUE"" : ""20260202"",
      ""DT_END_EXP"" : ""20270131"",
      ""DS_MON_EXP"" : 0,
      ""CD_TYPE_DAY_EXP"" : ""02"",
      ""CD_TYPE_COUPON"" : ""03"",
      ""CD_STAT_COUPON"" : ""02"",
      ""CD_BRAND"" : ""01"",
      ""AM_DISC"" : 0
    }, {
      ""TX_COUPON"" : ""2026_SVIP_승격축하쿠폰"",
      ""RT_DISC"" : 0,
      ""NO_MAN_COUPON"" : ""COP2026JA0028"",
      ""NO_COUPON"" : ""36"",
      ""NM_RESPON"" : ""최재현"",
      ""NM_DEPT"" : ""IMC팀"",
      ""NM_COUPON"" : ""2026_SVIP_승격축하쿠폰"",
      ""ID_INSERT"" : ""최재현"",
      ""DTS_INSERT"" : ""20260202151859"",
      ""DT_USE"" : """",
      ""DT_STR_EXP"" : ""20260201"",
      ""DT_ISSUE"" : ""20260202"",
      ""DT_END_EXP"" : ""20270131"",
      ""DS_MON_EXP"" : 0,
      ""CD_TYPE_DAY_EXP"" : ""02"",
      ""CD_TYPE_COUPON"" : ""03"",
      ""CD_STAT_COUPON"" : ""02"",
      ""CD_BRAND"" : ""01"",
      ""AM_DISC"" : 100000
    } ]
  },
  ""code"" : 200
}"
a12JO000000M8AHYA0,2026-05-08T01:44:38.000+0000,GdSaleApiControllerV1,/gd/v1/sale,"{""AccountId"":""1000"",""StoreCode__c"":""99998"",""MemberNo__c"":""103006200153"",""SaleNo__c"":""SAL202605080066"",""ActualPaymentAmount__c"":1000000.0,""EndDate"":""20260508"",""SaleStatus__c"":""01"",""PromotionNo__c"":""PRO202604161042"",""OrderItem"":[{""SaleSeqNo__c"":""1"",""OrderNo__c"":null,""ProductCode"":""2A2600001"",""Quantity"":1,""isExclude"":false,""NetSalesUnitPrice__c"":500000.0000,""DiscountRate__c"":0.0000},{""SaleSeqNo__c"":""2"",""OrderNo__c"":null,""ProductCode"":""3A2600005"",""Quantity"":1,""isExclude"":false,""NetSalesUnitPrice__c"":500000.0000,""DiscountRate__c"":0.0000}],""TransactionJournal"":[{""DepositNo__c"":""DEP202605080022"",""DeposiSeqNo__c"":""1"",""ActivityDate"":""20260508"",""PaymentMethod"":""01"",""DepositType__c"":""02"",""TransactionAmount"":1000000.0000,""CouponNo"":"""",""OrderNo__c"":null}]}","{
  ""success"" : true,
  ""message"" : ""판매 등록 완료"",
  ""data"" : {
    ""CreditPointList"" : [ {
      ""TX_REMARK"" : ""구매포인트|11cJO000001BAZlYAO|2.00"",
      ""PT_TARGET"" : 20000.00,
      ""NO_SAL"" : null,
      ""NO_PROM_MBR"" : ""PRO202604161042"",
      ""NO_MBR"" : ""103006200153"",
      ""NO_GRADE_ADVAN"" : ""04"",
      ""ID_INSERT"" : null,
      ""DTS_INSERT"" : ""2026-05-08 10:44:38"",
      ""DT_SAVE_PLAN"" : null,
      ""DT_LIMIT_START"" : ""2026-05-08 09:00:00"",
      ""DT_LIMIT_END"" : ""2028-05-08"",
      ""DT_DESTROY_PLAN"" : ""2028-05-09"",
      ""CD_TYPE_SAVE"" : ""Credit"",
      ""CD_TYPE_POINT"" : ""01"",
      ""CD_JOURNAL"" : ""05wJO0000004B4vYAE"",
      ""AM_SAL"" : 1000000.0
    } ],
    ""oiList"" : [ {
      ""attributes"" : {
        ""type"" : ""OrderItem"",
        ""url"" : ""/services/data/v66.0/sobjects/OrderItem/802JO0000052izmYAA""
      },
      ""OrderId"" : ""801JO00000IA07iYAD"",
      ""PricebookEntryId"" : ""01uJO000001R0w4YAC"",
      ""Quantity"" : 1,
      ""UnitPrice"" : 500000,
      ""SaleSeqNo__c"" : ""1"",
      ""SaleItemNo__c"" : ""801JO00000IA07iYAD-1"",
      ""IsExclude__c"" : false,
      ""NetSalesUnitPrice__c"" : 500000.0000,
      ""DiscountRate__c"" : 0.0000,
      ""Id"" : ""802JO0000052izmYAA""
    }, {
      ""attributes"" : {
        ""type"" : ""OrderItem"",
        ""url"" : ""/services/data/v66.0/sobjects/OrderItem/802JO0000052iznYAA""
      },
      ""OrderId"" : ""801JO00000IA07iYAD"",
      ""PricebookEntryId"" : ""01uJO000001RG0OYAW"",
      ""Quantity"" : 1,
      ""UnitPrice"" : 500000,
      ""SaleSeqNo__c"" : ""2"",
      ""SaleItemNo__c"" : ""801JO00000IA07iYAD-2"",
      ""IsExclude__c"" : false,
      ""NetSalesUnitPrice__c"" : 500000.0000,
      ""DiscountRate__c"" : 0.0000,
      ""Id"" : ""802JO0000052iznYAA""
    } ],
    ""storeType"" : ""09"",
    ""storeTypeFour"" : ""NULL"",
    ""orderId"" : ""801JO00000IA07iYAD"",
    ""TransactionJournal"" : [ {
      ""OrderNo__c"" : null,
      ""CouponNo"" : """",
      ""TransactionAmount"" : 1000000.0000,
      ""DepositType__c"" : ""02"",
      ""PaymentMethod"" : ""01"",
      ""ActivityDate"" : ""20260508"",
      ""DeposiSeqNo__c"" : ""1"",
      ""DepositNo__c"" : ""DEP202605080022""
    } ],
    ""OrderItem"" : [ {
      ""DiscountRate__c"" : 0.0000,
      ""NetSalesUnitPrice__c"" : 500000.0000,
      ""isExclude"" : false,
      ""Quantity"" : 1,
      ""ProductCode"" : ""2A2600001"",
      ""OrderNo__c"" : null,
      ""SaleSeqNo__c"" : ""1""
    }, {
      ""DiscountRate__c"" : 0.0000,
      ""NetSalesUnitPrice__c"" : 500000.0000,
      ""isExclude"" : false,
      ""Quantity"" : 1,
      ""ProductCode"" : ""3A2600005"",
      ""OrderNo__c"" : null,
      ""SaleSeqNo__c"" : ""2""
    } ],
    ""PromotionNo__c"" : ""PRO202604161042"",
    ""SaleStatus__c"" : ""01"",
    ""EndDate"" : ""20260508"",
    ""ActualPaymentAmount__c"" : 1000000.0,
    ""SaleNo__c"" : ""SAL202605080066"",
    ""MemberNo__c"" : ""103006200153"",
    ""StoreCode__c"" : ""99998"",
    ""AccountId"" : ""1000""
  },
  ""code"" : 200
}"
a12JO000000M8IHYA0,2026-05-08T01:44:51.000+0000,GdPointCreditApiControllerV1,/gd/v1/point/credit,"{""MemberNo__c"":""103006200153"",""PointsList"":[{""point"":6000.0,""cd_type_point"":""05""}],""SaleNo__c"":""SAL202605080066"",""EndDate"":""20260508""}","{
  ""success"" : true,
  ""message"" : ""포인트 지급 성공"",
  ""data"" : {
    ""PointCreditList"" : [ {
      ""TX_REMARK"" : ""이벤트포인트"",
      ""PT_TARGET"" : 6000.00,
      ""NO_SAL"" : null,
      ""NO_PROM_MBR"" : null,
      ""NO_MBR"" : ""103006200153"",
      ""NO_GRADE_ADVAN"" : null,
      ""ID_INSERT"" : null,
      ""DTS_INSERT"" : ""2026-05-08 10:44:51"",
      ""DT_SAVE_PLAN"" : null,
      ""DT_LIMIT_START"" : ""2026-05-08 09:00:00"",
      ""DT_LIMIT_END"" : ""2028-05-08"",
      ""DT_DESTROY_PLAN"" : ""2028-05-09"",
      ""CD_TYPE_SAVE"" : ""Credit"",
      ""CD_TYPE_POINT"" : ""01"",
      ""CD_JOURNAL"" : ""05wJO0000004B6XYAU"",
      ""AM_SAL"" : null
    } ]
  },
  ""code"" : 200
}"
a12JO000000M6wTYAS,2026-05-08T01:48:00.000+0000,GdReturnApiControllerV1,/gd/v1/return,"{""SaleNo__c"":""SAL202605080067"",""OriginalOrderId"":""SAL202605080066"",""ActualPaymentAmount__c"":500000.0,""OrderItem"":[{""SaleSeqNo__c"":""1"",""OrderNo__c"":null,""ProductCode"":""2A2600001"",""Quantity"":-1,""isExclude"":false,""NetSalesUnitPrice__c"":500000.0000,""DiscountRate__c"":0.0000}],""TransactionJournal"":[{""DepositNo__c"":""DEP202605080024"",""DeposiSeqNo__c"":""1"",""ActivityDate"":""20260508"",""PaymentMethod"":""01"",""DepositType__c"":""03"",""TransactionAmount"":500000.0000,""CouponNo"":"""",""OrderNo__c"":null}]}","{
  ""success"" : true,
  ""message"" : ""반품 등록 완료"",
  ""data"" : {
    ""CancelPointsCreditedList"" : [ {
      ""PT_USE"" : 10000.00,
      ""NO_SAL_RTN"" : null,
      ""NO_SAL"" : ""SAL202605080066"",
      ""NO_MBR"" : ""103006200153"",
      ""ID_INSERT"" : null,
      ""DTS_INSERT"" : ""2026-05-08 10:48:00"",
      ""CD_TYPE_POINT"" : ""01"",
      ""CD_RESON"" : ""6"",
      ""CD_LEDGER"" : ""05wJO0000004B89YAE"",
      ""CD_JOURNAL"" : ""05wJO0000004B4vYAE"",
      ""AM_SAL"" : null
    } ],
    ""originalOrderId"" : ""801JO00000IA07iYAD"",
    ""orderId"" : ""801JO00000I9yShYAJ"",
    ""TransactionJournal"" : [ {
      ""OrderNo__c"" : null,
      ""CouponNo"" : """",
      ""TransactionAmount"" : 500000.0000,
      ""DepositType__c"" : ""03"",
      ""PaymentMethod"" : ""01"",
      ""ActivityDate"" : ""20260508"",
      ""DeposiSeqNo__c"" : ""1"",
      ""DepositNo__c"" : ""DEP202605080024""
    } ],
    ""OrderItem"" : [ {
      ""DiscountRate__c"" : 0.0000,
      ""NetSalesUnitPrice__c"" : 500000.0000,
      ""isExclude"" : false,
      ""Quantity"" : -1,
      ""ProductCode"" : ""2A2600001"",
      ""OrderNo__c"" : null,
      ""SaleSeqNo__c"" : ""1""
    } ],
    ""ActualPaymentAmount__c"" : 500000.0,
    ""OriginalOrderId"" : ""SAL202605080066"",
    ""SaleNo__c"" : ""SAL202605080067""
  },
  ""code"" : 200
}"
a12JO000000M519YAC,2026-05-08T01:52:39.000+0000,GdReturnApiControllerV1,/gd/v1/return,"{""SaleNo__c"":""SAL202605080069"",""OriginalOrderId"":""SAL202605080066"",""ActualPaymentAmount__c"":500000.0,""OrderItem"":[{""SaleSeqNo__c"":""2"",""OrderNo__c"":null,""ProductCode"":""3A2600005"",""Quantity"":-1,""isExclude"":false,""NetSalesUnitPrice__c"":500000.0000,""DiscountRate__c"":0.0000}],""TransactionJournal"":[{""DepositNo__c"":""DEP202605080026"",""DeposiSeqNo__c"":""1"",""ActivityDate"":""20260508"",""PaymentMethod"":""01"",""DepositType__c"":""03"",""TransactionAmount"":500000.0000,""CouponNo"":"""",""OrderNo__c"":null}]}","{
  ""success"" : true,
  ""message"" : ""반품 등록 완료"",
  ""data"" : {
    ""CancelPointsCreditedList"" : [ {
      ""PT_USE"" : 10000.00,
      ""NO_SAL_RTN"" : null,
      ""NO_SAL"" : ""SAL202605080066"",
      ""NO_MBR"" : ""103006200153"",
      ""ID_INSERT"" : null,
      ""DTS_INSERT"" : ""2026-05-08 10:52:38"",
      ""CD_TYPE_POINT"" : ""01"",
      ""CD_RESON"" : ""6"",
      ""CD_LEDGER"" : ""05wJO0000004BBNYA2"",
      ""CD_JOURNAL"" : ""05wJO0000004B4vYAE"",
      ""AM_SAL"" : null
    } ],
    ""originalOrderId"" : ""801JO00000IA07iYAD"",
    ""orderId"" : ""801JO00000I9zQHYAZ"",
    ""TransactionJournal"" : [ {
      ""OrderNo__c"" : null,
      ""CouponNo"" : """",
      ""TransactionAmount"" : 500000.0000,
      ""DepositType__c"" : ""03"",
      ""PaymentMethod"" : ""01"",
      ""ActivityDate"" : ""20260508"",
      ""DeposiSeqNo__c"" : ""1"",
      ""DepositNo__c"" : ""DEP202605080026""
    } ],
    ""OrderItem"" : [ {
      ""DiscountRate__c"" : 0.0000,
      ""NetSalesUnitPrice__c"" : 500000.0000,
      ""isExclude"" : false,
      ""Quantity"" : -1,
      ""ProductCode"" : ""3A2600005"",
      ""OrderNo__c"" : null,
      ""SaleSeqNo__c"" : ""2""
    } ],
    ""ActualPaymentAmount__c"" : 500000.0,
    ""OriginalOrderId"" : ""SAL202605080066"",
    ""SaleNo__c"" : ""SAL202605080069""
  },
  ""code"" : 200
}"
a12JO000000M2w3YAC,2026-05-08T01:56:09.000+0000,ErpAsyncJob,callout:GoldenDewApiNC/Crm/CouponDetail,"{""couponDetailModels"":[{""no_mbr"":""103006200153"",""no_man_coupon_mil"":""00217425"",""no_man_coupon"":""COP2026MY0005"",""id_insert"":""milvus""}]}",
a12JO000000M2HkYAK,2026-05-08T01:58:02.000+0000,GdPointHelpApiControllerV1,/gd/v1/point/help,"{""StoreCode__c"":""99998"",""MemberNo__c"":""103006200153"",""Type"":null,""PromotionNo__c"":""PRO202605021072"",""OrderDate"":""20260508"",""SaleNo__c"":""""}","{
  ""success"" : true,
  ""message"" : ""포인트 적용 조회 성공"",
  ""data"" : {
    ""pointList"" : [ {
      ""points"" : 636152,
      ""CD_TYPE_POINT"" : ""04""
    } ]
  },
  ""code"" : 200
}"
a12JO000000M7PSYA0,2026-05-08T01:58:08.000+0000,GdVoucherHelpApiControllerV1,/gd/v1/voucher/help,"{""StoreCode__c"":""99998"",""MemberNo__c"":""103006200153"",""ActualPaymentAmount__c"":1000000.0,""OrderStatus__c"":null,""Type"":""01"",""PromotionNo__c"":""PRO202605021072"",""OrderItem"":[{""OrderSeqNo__c"":null,""Status__c"":null,""ProductCode"":""2A2600001"",""Quantity"":1,""isExclude"":null,""NetSalesUnitPrice__c"":0.0,""DiscountRate__c"":0.0},{""OrderSeqNo__c"":null,""Status__c"":null,""ProductCode"":""3A2600005"",""Quantity"":1,""isExclude"":null,""NetSalesUnitPrice__c"":0.0,""DiscountRate__c"":0.0}],""TransactionJournal"":null}","{
  ""success"" : true,
  ""message"" : ""사용 가능한 쿠폰 조회 성공"",
  ""data"" : {
    ""voucherList"" : [ {
      ""TX_COUPON"" : ""202509_SVIP회원_생일쿠폰"",
      ""RT_DISC"" : 0,
      ""NO_MAN_COUPON"" : ""COP2025AG0015"",
      ""NO_COUPON"" : ""01"",
      ""NM_RESPON"" : ""최재현"",
      ""NM_DEPT"" : ""IMC팀"",
      ""NM_COUPON"" : ""202509_SVIP회원_생일쿠폰"",
      ""ID_INSERT"" : ""쿠폰자동발급"",
      ""DTS_INSERT"" : ""20250901070004"",
      ""DT_USE"" : """",
      ""DT_STR_EXP"" : ""20250901"",
      ""DT_ISSUE"" : ""20250901"",
      ""DT_END_EXP"" : ""20260831"",
      ""DS_MON_EXP"" : 0,
      ""CD_TYPE_DAY_EXP"" : ""02"",
      ""CD_TYPE_COUPON"" : ""03"",
      ""CD_STAT_COUPON"" : ""02"",
      ""CD_BRAND"" : ""01"",
      ""AM_DISC"" : 100000
    }, {
      ""TX_COUPON"" : ""10%할인_SVIP특별바우처2"",
      ""RT_DISC"" : 10,
      ""NO_MAN_COUPON"" : ""COP2026JA0018"",
      ""NO_COUPON"" : ""36"",
      ""NM_RESPON"" : ""최재현"",
      ""NM_DEPT"" : ""IMC팀"",
      ""NM_COUPON"" : ""10%할인_SVIP특별바우처2 (2)"",
      ""ID_INSERT"" : ""최재현"",
      ""DTS_INSERT"" : ""20260202144916"",
      ""DT_USE"" : """",
      ""DT_STR_EXP"" : ""20260201"",
      ""DT_ISSUE"" : ""20260202"",
      ""DT_END_EXP"" : ""20270131"",
      ""DS_MON_EXP"" : 0,
      ""CD_TYPE_DAY_EXP"" : ""02"",
      ""CD_TYPE_COUPON"" : ""03"",
      ""CD_STAT_COUPON"" : ""02"",
      ""CD_BRAND"" : ""01"",
      ""AM_DISC"" : 0
    }, {
      ""TX_COUPON"" : ""10%할인_SVIP특별바우처3"",
      ""RT_DISC"" : 10,
      ""NO_MAN_COUPON"" : ""COP2026JA0019"",
      ""NO_COUPON"" : ""36"",
      ""NM_RESPON"" : ""최재현"",
      ""NM_DEPT"" : ""IMC팀"",
      ""NM_COUPON"" : ""10%할인_SVIP특별바우처3 (2)"",
      ""ID_INSERT"" : ""최재현"",
      ""DTS_INSERT"" : ""20260202145016"",
      ""DT_USE"" : """",
      ""DT_STR_EXP"" : ""20260201"",
      ""DT_ISSUE"" : ""20260202"",
      ""DT_END_EXP"" : ""20270131"",
      ""DS_MON_EXP"" : 0,
      ""CD_TYPE_DAY_EXP"" : ""02"",
      ""CD_TYPE_COUPON"" : ""03"",
      ""CD_STAT_COUPON"" : ""02"",
      ""CD_BRAND"" : ""01"",
      ""AM_DISC"" : 0
    }, {
      ""TX_COUPON"" : ""2026_SVIP_승격축하쿠폰"",
      ""RT_DISC"" : 0,
      ""NO_MAN_COUPON"" : ""COP2026JA0028"",
      ""NO_COUPON"" : ""36"",
      ""NM_RESPON"" : ""최재현"",
      ""NM_DEPT"" : ""IMC팀"",
      ""NM_COUPON"" : ""2026_SVIP_승격축하쿠폰"",
      ""ID_INSERT"" : ""최재현"",
      ""DTS_INSERT"" : ""20260202151859"",
      ""DT_USE"" : """",
      ""DT_STR_EXP"" : ""20260201"",
      ""DT_ISSUE"" : ""20260202"",
      ""DT_END_EXP"" : ""20270131"",
      ""DS_MON_EXP"" : 0,
      ""CD_TYPE_DAY_EXP"" : ""02"",
      ""CD_TYPE_COUPON"" : ""03"",
      ""CD_STAT_COUPON"" : ""02"",
      ""CD_BRAND"" : ""01"",
      ""AM_DISC"" : 100000
    }, {
      ""TX_COUPON"" : """",
      ""RT_DISC"" : 0,
      ""NO_MAN_COUPON"" : ""COP2026MY0005"",
      ""NO_COUPON"" : ""HR05VOP7"",
      ""NM_RESPON"" : ""밀버스"",
      ""NM_DEPT"" : ""밀버스"",
      ""NM_COUPON"" : ""[TEST] 정액_5만원"",
      ""ID_INSERT"" : ""milvus"",
      ""DTS_INSERT"" : ""20260508105608"",
      ""DT_USE"" : """",
      ""DT_STR_EXP"" : ""20260501"",
      ""DT_ISSUE"" : ""20260508"",
      ""DT_END_EXP"" : ""20260531"",
      ""DS_MON_EXP"" : 0,
      ""CD_TYPE_DAY_EXP"" : ""02"",
      ""CD_TYPE_COUPON"" : ""03"",
      ""CD_STAT_COUPON"" : ""02"",
      ""CD_BRAND"" : ""01"",
      ""AM_DISC"" : 50000
    } ]
  },
  ""code"" : 200
}"
a12JO000000M8bdYAC,2026-05-08T01:58:33.000+0000,GdPointHelpApiControllerV1,/gd/v1/point/help,"{""StoreCode__c"":""99998"",""MemberNo__c"":""103006200153"",""Type"":null,""PromotionNo__c"":""PRO202605021072"",""OrderDate"":""20260508"",""SaleNo__c"":""""}","{
  ""success"" : true,
  ""message"" : ""포인트 적용 조회 성공"",
  ""data"" : {
    ""pointList"" : [ {
      ""points"" : 636152,
      ""CD_TYPE_POINT"" : ""04""
    } ]
  },
  ""code"" : 200
}"
a12JO000000M8dIYAS,2026-05-08T01:58:54.000+0000,GdSaleApiControllerV1,/gd/v1/sale,"{""AccountId"":""1000"",""StoreCode__c"":""99998"",""MemberNo__c"":""103006200153"",""SaleNo__c"":""SAL202605080073"",""ActualPaymentAmount__c"":1000000.0,""EndDate"":""20260508"",""SaleStatus__c"":""01"",""PromotionNo__c"":""PRO202605021072"",""OrderItem"":[{""SaleSeqNo__c"":""1"",""OrderNo__c"":null,""ProductCode"":""2A2600001"",""Quantity"":1,""isExclude"":false,""NetSalesUnitPrice__c"":500000.0000,""DiscountRate__c"":0.0000},{""SaleSeqNo__c"":""2"",""OrderNo__c"":null,""ProductCode"":""3A2600005"",""Quantity"":1,""isExclude"":false,""NetSalesUnitPrice__c"":500000.0000,""DiscountRate__c"":0.0000}],""TransactionJournal"":[{""DepositNo__c"":""DEP202605080031"",""DeposiSeqNo__c"":""1"",""ActivityDate"":""20260508"",""PaymentMethod"":""01"",""DepositType__c"":""02"",""TransactionAmount"":900000.0000,""CouponNo"":"""",""OrderNo__c"":null},{""DepositNo__c"":""DEP202605080031"",""DeposiSeqNo__c"":""2"",""ActivityDate"":""20260508"",""PaymentMethod"":""90"",""DepositType__c"":""02"",""TransactionAmount"":50000.0000,""CouponNo"":""COP2026MY0005;-;HR05VOP7"",""OrderNo__c"":null},{""DepositNo__c"":""DEP202605080031"",""DeposiSeqNo__c"":""3"",""ActivityDate"":""20260508"",""PaymentMethod"":""81"",""DepositType__c"":""02"",""TransactionAmount"":50000.0000,""CouponNo"":"""",""OrderNo__c"":null}]}","{
  ""success"" : true,
  ""message"" : ""판매 등록 완료"",
  ""data"" : {
    ""CreditPointList"" : [ {
      ""TX_REMARK"" : ""구매포인트|11cJO000001BAZlYAO|2.00"",
      ""PT_TARGET"" : 18000.00,
      ""NO_SAL"" : null,
      ""NO_PROM_MBR"" : ""PRO202605021072"",
      ""NO_MBR"" : ""103006200153"",
      ""NO_GRADE_ADVAN"" : ""04"",
      ""ID_INSERT"" : null,
      ""DTS_INSERT"" : ""2026-05-08 10:58:53"",
      ""DT_SAVE_PLAN"" : null,
      ""DT_LIMIT_START"" : ""2026-05-08 09:00:00"",
      ""DT_LIMIT_END"" : ""2028-05-08"",
      ""DT_DESTROY_PLAN"" : ""2028-05-09"",
      ""CD_TYPE_SAVE"" : ""Credit"",
      ""CD_TYPE_POINT"" : ""01"",
      ""CD_JOURNAL"" : ""05wJO0000004BEcYAM"",
      ""AM_SAL"" : 1000000.0
    }, {
      ""TX_REMARK"" : ""사은포인트|11cJO000001BAY9YAO|3.00"",
      ""PT_TARGET"" : 27000.00,
      ""NO_SAL"" : null,
      ""NO_PROM_MBR"" : ""PRO202605021072"",
      ""NO_MBR"" : ""103006200153"",
      ""NO_GRADE_ADVAN"" : ""04"",
      ""ID_INSERT"" : null,
      ""DTS_INSERT"" : ""2026-05-08 10:58:53"",
      ""DT_SAVE_PLAN"" : null,
      ""DT_LIMIT_START"" : ""2026-05-08 09:00:00"",
      ""DT_LIMIT_END"" : ""2028-05-08"",
      ""DT_DESTROY_PLAN"" : ""2028-05-09"",
      ""CD_TYPE_SAVE"" : ""Credit"",
      ""CD_TYPE_POINT"" : ""01"",
      ""CD_JOURNAL"" : ""05wJO0000004BEdYAM"",
      ""AM_SAL"" : 1000000.0
    }, {
      ""TX_REMARK"" : ""이벤트포인트|11cJO000001nThpYAE|2.00"",
      ""PT_TARGET"" : 18000.00,
      ""NO_SAL"" : null,
      ""NO_PROM_MBR"" : ""PRO202605021072"",
      ""NO_MBR"" : ""103006200153"",
      ""NO_GRADE_ADVAN"" : ""04"",
      ""ID_INSERT"" : null,
      ""DTS_INSERT"" : ""2026-05-08 10:58:53"",
      ""DT_SAVE_PLAN"" : null,
      ""DT_LIMIT_START"" : ""2026-05-08 09:00:00"",
      ""DT_LIMIT_END"" : ""2028-05-08"",
      ""DT_DESTROY_PLAN"" : ""2028-05-09"",
      ""CD_TYPE_SAVE"" : ""Credit"",
      ""CD_TYPE_POINT"" : ""07"",
      ""CD_JOURNAL"" : ""05wJO0000004BEeYAM"",
      ""AM_SAL"" : 1000000.0
    } ],
    ""DebitPointList"" : [ {
      ""PT_USE"" : 50000.00,
      ""NO_SAL_RTN"" : null,
      ""NO_SAL"" : ""SAL202605080073"",
      ""NO_MBR"" : ""103006200153"",
      ""ID_INSERT"" : null,
      ""DTS_INSERT"" : ""2026-05-08 10:58:52"",
      ""CD_TYPE_POINT"" : ""04"",
      ""CD_RESON"" : ""1"",
      ""CD_LEDGER"" : ""05wJO0000004BEbYAM"",
      ""CD_JOURNAL"" : ""05wJO0000004AAVYA2"",
      ""AM_SAL"" : 1000000.0
    } ],
    ""oiList"" : [ {
      ""attributes"" : {
        ""type"" : ""OrderItem"",
        ""url"" : ""/services/data/v66.0/sobjects/OrderItem/802JO0000052iQJYAY""
      },
      ""OrderId"" : ""801JO00000IA0e0YAD"",
      ""PricebookEntryId"" : ""01uJO000001R0w4YAC"",
      ""Quantity"" : 1,
      ""UnitPrice"" : 500000,
      ""SaleSeqNo__c"" : ""1"",
      ""SaleItemNo__c"" : ""801JO00000IA0e0YAD-1"",
      ""IsExclude__c"" : false,
      ""NetSalesUnitPrice__c"" : 500000.0000,
      ""DiscountRate__c"" : 0.0000,
      ""Id"" : ""802JO0000052iQJYAY""
    }, {
      ""attributes"" : {
        ""type"" : ""OrderItem"",
        ""url"" : ""/services/data/v66.0/sobjects/OrderItem/802JO0000052iQKYAY""
      },
      ""OrderId"" : ""801JO00000IA0e0YAD"",
      ""PricebookEntryId"" : ""01uJO000001RG0OYAW"",
      ""Quantity"" : 1,
      ""UnitPrice"" : 500000,
      ""SaleSeqNo__c"" : ""2"",
      ""SaleItemNo__c"" : ""801JO00000IA0e0YAD-2"",
      ""IsExclude__c"" : false,
      ""NetSalesUnitPrice__c"" : 500000.0000,
      ""DiscountRate__c"" : 0.0000,
      ""Id"" : ""802JO0000052iQKYAY""
    } ],
    ""storeType"" : ""09"",
    ""storeTypeFour"" : ""NULL"",
    ""orderId"" : ""801JO00000IA0e0YAD"",
    ""TransactionJournal"" : [ {
      ""OrderNo__c"" : null,
      ""CouponNo"" : """",
      ""TransactionAmount"" : 900000.0000,
      ""DepositType__c"" : ""02"",
      ""PaymentMethod"" : ""01"",
      ""ActivityDate"" : ""20260508"",
      ""DeposiSeqNo__c"" : ""1"",
      ""DepositNo__c"" : ""DEP202605080031""
    }, {
      ""OrderNo__c"" : null,
      ""CouponNo"" : ""COP2026MY0005;-;HR05VOP7"",
      ""TransactionAmount"" : 50000.0000,
      ""DepositType__c"" : ""02"",
      ""PaymentMethod"" : ""90"",
      ""ActivityDate"" : ""20260508"",
      ""DeposiSeqNo__c"" : ""2"",
      ""DepositNo__c"" : ""DEP202605080031""
    }, {
      ""OrderNo__c"" : null,
      ""CouponNo"" : """",
      ""TransactionAmount"" : 50000.0000,
      ""DepositType__c"" : ""02"",
      ""PaymentMethod"" : ""81"",
      ""ActivityDate"" : ""20260508"",
      ""DeposiSeqNo__c"" : ""3"",
      ""DepositNo__c"" : ""DEP202605080031""
    } ],
    ""OrderItem"" : [ {
      ""DiscountRate__c"" : 0.0000,
      ""NetSalesUnitPrice__c"" : 500000.0000,
      ""isExclude"" : false,
      ""Quantity"" : 1,
      ""ProductCode"" : ""2A2600001"",
      ""OrderNo__c"" : null,
      ""SaleSeqNo__c"" : ""1""
    }, {
      ""DiscountRate__c"" : 0.0000,
      ""NetSalesUnitPrice__c"" : 500000.0000,
      ""isExclude"" : false,
      ""Quantity"" : 1,
      ""ProductCode"" : ""3A2600005"",
      ""OrderNo__c"" : null,
      ""SaleSeqNo__c"" : ""2""
    } ],
    ""PromotionNo__c"" : ""PRO202605021072"",
    ""SaleStatus__c"" : ""01"",
    ""EndDate"" : ""20260508"",
    ""ActualPaymentAmount__c"" : 1000000.0,
    ""SaleNo__c"" : ""SAL202605080073"",
    ""MemberNo__c"" : ""103006200153"",
    ""StoreCode__c"" : ""99998"",
    ""AccountId"" : ""1000""
  },
  ""code"" : 200
}"
a12JO000000M8erYAC,2026-05-08T01:59:06.000+0000,GdPointCreditApiControllerV1,/gd/v1/point/credit,"{""MemberNo__c"":""103006200153"",""PointsList"":[{""point"":6000.0,""cd_type_point"":""05""}],""SaleNo__c"":""SAL202605080073"",""EndDate"":""20260508""}","{
  ""success"" : true,
  ""message"" : ""포인트 지급 성공"",
  ""data"" : {
    ""PointCreditList"" : [ {
      ""TX_REMARK"" : ""이벤트포인트"",
      ""PT_TARGET"" : 6000.00,
      ""NO_SAL"" : null,
      ""NO_PROM_MBR"" : null,
      ""NO_MBR"" : ""103006200153"",
      ""NO_GRADE_ADVAN"" : null,
      ""ID_INSERT"" : null,
      ""DTS_INSERT"" : ""2026-05-08 10:59:05"",
      ""DT_SAVE_PLAN"" : null,
      ""DT_LIMIT_START"" : ""2026-05-08 09:00:00"",
      ""DT_LIMIT_END"" : ""2028-05-08"",
      ""DT_DESTROY_PLAN"" : ""2028-05-09"",
      ""CD_TYPE_SAVE"" : ""Credit"",
      ""CD_TYPE_POINT"" : ""01"",
      ""CD_JOURNAL"" : ""05wJO0000004BGDYA2"",
      ""AM_SAL"" : null
    } ]
  },
  ""code"" : 200
}"
a12JO000000M8yDYAS,2026-05-08T02:02:49.000+0000,GdPointDebitApiControllerV1,"{""SaleNo__c"":""SAL202605080073""}",,"{
  ""success"" : true,
  ""message"" : ""사용한 포인트 조회 성공"",
  ""data"" : {
    ""DebitPointList"" : [ {
      ""PT_USE"" : 50000.00,
      ""NO_SAL_RTN"" : null,
      ""NO_SAL"" : ""SAL202605080073"",
      ""NO_MBR"" : ""103006200153"",
      ""NO_DEPOSIT"" : ""DEP202605080031"",
      ""ID_INSERT"" : null,
      ""DTS_INSERT"" : ""20260508105852"",
      ""CD_TYPE_POINT"" : ""11cJO000001BAUvYAO"",
      ""CD_RESON"" : ""1"",
      ""CD_LEDGER"" : ""05wJO0000004BEbYAM"",
      ""CD_JOURNAL"" : ""05wJO0000004AAVYA2"",
      ""AM_SAL"" : 1000000.0000
    } ]
  },
  ""code"" : 200
}"
a12JO000000M5CUYA0,2026-05-08T02:03:35.000+0000,GdReturnApiControllerV1,/gd/v1/return,"{""SaleNo__c"":""SAL202605080074"",""OriginalOrderId"":""SAL202605080073"",""ActualPaymentAmount__c"":500000.0,""OrderItem"":[{""SaleSeqNo__c"":""1"",""OrderNo__c"":null,""ProductCode"":""2A2600001"",""Quantity"":-1,""isExclude"":false,""NetSalesUnitPrice__c"":500000.0000,""DiscountRate__c"":0.0000}],""TransactionJournal"":[{""DepositNo__c"":""DEP202605080036"",""DeposiSeqNo__c"":""1"",""ActivityDate"":""20260508"",""PaymentMethod"":""90"",""DepositType__c"":""03"",""TransactionAmount"":50000.0000,""CouponNo"":""COP2026MY0005;-;HR05VOP7"",""OrderNo__c"":null},{""DepositNo__c"":""DEP202605080036"",""DeposiSeqNo__c"":""2"",""ActivityDate"":""20260508"",""PaymentMethod"":""81"",""DepositType__c"":""03"",""TransactionAmount"":30000.0000,""CouponNo"":"""",""OrderNo__c"":null},{""DepositNo__c"":""DEP202605080036"",""DeposiSeqNo__c"":""3"",""ActivityDate"":""20260508"",""PaymentMethod"":""01"",""DepositType__c"":""03"",""TransactionAmount"":420000.0000,""CouponNo"":"""",""OrderNo__c"":null}]}","{
  ""success"" : true,
  ""message"" : ""반품 등록 완료"",
  ""data"" : {
    ""CancelPointsCreditedList"" : [ {
      ""PT_USE"" : 8400.00,
      ""NO_SAL_RTN"" : null,
      ""NO_SAL"" : ""SAL202605080073"",
      ""NO_MBR"" : ""103006200153"",
      ""ID_INSERT"" : null,
      ""DTS_INSERT"" : ""2026-05-08 11:03:34"",
      ""CD_TYPE_POINT"" : ""01"",
      ""CD_RESON"" : ""6"",
      ""CD_LEDGER"" : ""05wJO0000004B1jYAE"",
      ""CD_JOURNAL"" : ""05wJO0000004BEcYAM"",
      ""AM_SAL"" : null
    }, {
      ""PT_USE"" : 12600.00,
      ""NO_SAL_RTN"" : null,
      ""NO_SAL"" : ""SAL202605080073"",
      ""NO_MBR"" : ""103006200153"",
      ""ID_INSERT"" : null,
      ""DTS_INSERT"" : ""2026-05-08 11:03:34"",
      ""CD_TYPE_POINT"" : ""06"",
      ""CD_RESON"" : ""6"",
      ""CD_LEDGER"" : ""05wJO0000004B1kYAE"",
      ""CD_JOURNAL"" : ""05wJO0000004BEdYAM"",
      ""AM_SAL"" : null
    }, {
      ""PT_USE"" : 8400.00,
      ""NO_SAL_RTN"" : null,
      ""NO_SAL"" : ""SAL202605080073"",
      ""NO_MBR"" : ""103006200153"",
      ""ID_INSERT"" : null,
      ""DTS_INSERT"" : ""2026-05-08 11:03:35"",
      ""CD_TYPE_POINT"" : ""07"",
      ""CD_RESON"" : ""6"",
      ""CD_LEDGER"" : ""05wJO0000004B1lYAE"",
      ""CD_JOURNAL"" : ""05wJO0000004BEeYAM"",
      ""AM_SAL"" : null
    } ],
    ""CancelPointList"" : {
      ""RecreditPointList"" : [ {
        ""ExpiryDate"" : ""2028-05-01"",
        ""Name"" : ""기타포인트"",
        ""Point"" : 30000.0000
      } ]
    },
    ""originalOrderId"" : ""801JO00000IA0e0YAD"",
    ""orderId"" : ""801JO00000IA0pMYAT"",
    ""TransactionJournal"" : [ {
      ""OrderNo__c"" : null,
      ""CouponNo"" : ""COP2026MY0005;-;HR05VOP7"",
      ""TransactionAmount"" : 50000.0000,
      ""DepositType__c"" : ""03"",
      ""PaymentMethod"" : ""90"",
      ""ActivityDate"" : ""20260508"",
      ""DeposiSeqNo__c"" : ""1"",
      ""DepositNo__c"" : ""DEP202605080036""
    }, {
      ""OrderNo__c"" : null,
      ""CouponNo"" : """",
      ""TransactionAmount"" : 30000.0000,
      ""DepositType__c"" : ""03"",
      ""PaymentMethod"" : ""81"",
      ""ActivityDate"" : ""20260508"",
      ""DeposiSeqNo__c"" : ""2"",
      ""DepositNo__c"" : ""DEP202605080036""
    }, {
      ""OrderNo__c"" : null,
      ""CouponNo"" : """",
      ""TransactionAmount"" : 420000.0000,
      ""DepositType__c"" : ""03"",
      ""PaymentMethod"" : ""01"",
      ""ActivityDate"" : ""20260508"",
      ""DeposiSeqNo__c"" : ""3"",
      ""DepositNo__c"" : ""DEP202605080036""
    } ],
    ""OrderItem"" : [ {
      ""DiscountRate__c"" : 0.0000,
      ""NetSalesUnitPrice__c"" : 500000.0000,
      ""isExclude"" : false,
      ""Quantity"" : -1,
      ""ProductCode"" : ""2A2600001"",
      ""OrderNo__c"" : null,
      ""SaleSeqNo__c"" : ""1""
    } ],
    ""ActualPaymentAmount__c"" : 500000.0,
    ""OriginalOrderId"" : ""SAL202605080073"",
    ""SaleNo__c"" : ""SAL202605080074""
  },
  ""code"" : 200
}"
a12JO000000M97tYAC,2026-05-08T02:08:24.000+0000,GdReturnDepositApiControllerV1,"{""DeposiSeqNo__c"":""3"",""DepositNo__c"":""DEP202605080036""}",,"{
  ""success"" : true,
  ""message"" : ""반품 입금 삭제 완료"",
  ""data"" : {
    ""포인트 지급 내역 복구"" : [ {
      ""TX_REMARK"" : null,
      ""PT_TARGET"" : 8400.00,
      ""NO_SAL"" : null,
      ""NO_PROM_MBR"" : ""PRO202605021072"",
      ""NO_MBR"" : ""103006200153"",
      ""NO_GRADE_ADVAN"" : null,
      ""ID_INSERT"" : null,
      ""DTS_INSERT"" : ""2026-05-08 11:08:23"",
      ""DT_SAVE_PLAN"" : null,
      ""DT_LIMIT_START"" : ""2026-05-08 11:08:23"",
      ""DT_LIMIT_END"" : ""2028-05-08"",
      ""DT_DESTROY_PLAN"" : ""2028-05-09"",
      ""CD_TYPE_SAVE"" : ""Credit"",
      ""CD_TYPE_POINT"" : ""01"",
      ""CD_JOURNAL"" : ""05wJO0000004BRVYA2"",
      ""AM_SAL"" : 1000000.0000
    }, {
      ""TX_REMARK"" : null,
      ""PT_TARGET"" : 12600.00,
      ""NO_SAL"" : null,
      ""NO_PROM_MBR"" : ""PRO202605021072"",
      ""NO_MBR"" : ""103006200153"",
      ""NO_GRADE_ADVAN"" : null,
      ""ID_INSERT"" : null,
      ""DTS_INSERT"" : ""2026-05-08 11:08:23"",
      ""DT_SAVE_PLAN"" : null,
      ""DT_LIMIT_START"" : ""2026-05-08 11:08:23"",
      ""DT_LIMIT_END"" : ""2028-05-08"",
      ""DT_DESTROY_PLAN"" : ""2028-05-09"",
      ""CD_TYPE_SAVE"" : ""Credit"",
      ""CD_TYPE_POINT"" : ""06"",
      ""CD_JOURNAL"" : ""05wJO0000004BRWYA2"",
      ""AM_SAL"" : 1000000.0000
    } ],
    ""프로모션 포인트 지급 내역 복구"" : [ {
      ""TX_REMARK"" : null,
      ""PT_TARGET"" : 8400.00,
      ""NO_SAL"" : null,
      ""NO_PROM_MBR"" : ""PRO202605021072"",
      ""NO_MBR"" : ""103006200153"",
      ""NO_GRADE_ADVAN"" : null,
      ""ID_INSERT"" : null,
      ""DTS_INSERT"" : ""2026-05-08 11:08:24"",
      ""DT_SAVE_PLAN"" : null,
      ""DT_LIMIT_START"" : ""2026-05-08 11:08:24"",
      ""DT_LIMIT_END"" : ""2028-05-08"",
      ""DT_DESTROY_PLAN"" : ""2028-05-09"",
      ""CD_TYPE_SAVE"" : ""Credit"",
      ""CD_TYPE_POINT"" : ""07"",
      ""CD_JOURNAL"" : ""05wJO0000004BRXYA2"",
      ""AM_SAL"" : 1000000.0000
    } ]
  },
  ""code"" : 200
}"
a12JO000000M9ELYA0,2026-05-08T02:09:47.000+0000,GdReturnDepositApiControllerV1,"{""DeposiSeqNo__c"":""2"",""DepositNo__c"":""DEP202605080036""}",,"{
  ""success"" : true,
  ""message"" : ""반품 입금 삭제 완료"",
  ""data"" : {
    ""포인트 사용 내역 복구"" : [ {
      ""PT_USE"" : 30000.00,
      ""NO_SAL_RTN"" : null,
      ""NO_SAL"" : ""SAL202605080073"",
      ""NO_MBR"" : ""103006200153"",
      ""NO_DEPOSIT"" : null,
      ""ID_INSERT"" : null,
      ""DTS_INSERT"" : ""2026-05-08 11:09:46"",
      ""CD_TYPE_POINT"" : ""04"",
      ""CD_RESON"" : ""1"",
      ""CD_LEDGER"" : ""05wJO0000004BUjYAM"",
      ""CD_JOURNAL"" : ""05wJO0000004AAVYA2"",
      ""AM_SAL"" : null
    } ]
  },
  ""code"" : 200
}"
a12JO000000M7SiYAK,2026-05-08T02:12:56.000+0000,GdPointDebitApiControllerV1,"{""SaleNo__c"":""SAL202605080073""}",,"{
  ""success"" : true,
  ""message"" : ""사용한 포인트 조회 성공"",
  ""data"" : {
    ""DebitPointList"" : [ {
      ""PT_USE"" : 50000.00,
      ""NO_SAL_RTN"" : null,
      ""NO_SAL"" : ""SAL202605080073"",
      ""NO_MBR"" : ""103006200153"",
      ""NO_DEPOSIT"" : ""DEP202605080031"",
      ""ID_INSERT"" : null,
      ""DTS_INSERT"" : ""20260508105852"",
      ""CD_TYPE_POINT"" : ""11cJO000001BAUvYAO"",
      ""CD_RESON"" : ""1"",
      ""CD_LEDGER"" : ""05wJO0000004BEbYAM"",
      ""CD_JOURNAL"" : ""05wJO0000004AAVYA2"",
      ""AM_SAL"" : 1000000.0000
    } ]
  },
  ""code"" : 200
}"
a12JO000000M9RFYA0,2026-05-08T02:14:51.000+0000,GdPointDebitApiControllerV1,"{""SaleNo__c"":""SAL202605080073""}",,"{
  ""success"" : true,
  ""message"" : ""사용한 포인트 조회 성공"",
  ""data"" : {
    ""DebitPointList"" : [ {
      ""PT_USE"" : 50000.00,
      ""NO_SAL_RTN"" : null,
      ""NO_SAL"" : ""SAL202605080073"",
      ""NO_MBR"" : ""103006200153"",
      ""NO_DEPOSIT"" : ""DEP202605080031"",
      ""ID_INSERT"" : null,
      ""DTS_INSERT"" : ""20260508105852"",
      ""CD_TYPE_POINT"" : ""11cJO000001BAUvYAO"",
      ""CD_RESON"" : ""1"",
      ""CD_LEDGER"" : ""05wJO0000004BEbYAM"",
      ""CD_JOURNAL"" : ""05wJO0000004AAVYA2"",
      ""AM_SAL"" : 1000000.0000
    } ]
  },
  ""code"" : 200
}"
a12JO000000M5p8YAC,2026-05-08T02:17:01.000+0000,GdPointDebitApiControllerV1,"{""SaleNo__c"":""SAL202605080073""}",,"{
  ""success"" : true,
  ""message"" : ""사용한 포인트 조회 성공"",
  ""data"" : {
    ""DebitPointList"" : [ {
      ""PT_USE"" : 50000.00,
      ""NO_SAL_RTN"" : null,
      ""NO_SAL"" : ""SAL202605080073"",
      ""NO_MBR"" : ""103006200153"",
      ""NO_DEPOSIT"" : ""DEP202605080031"",
      ""ID_INSERT"" : null,
      ""DTS_INSERT"" : ""20260508105852"",
      ""CD_TYPE_POINT"" : ""11cJO000001BAUvYAO"",
      ""CD_RESON"" : ""1"",
      ""CD_LEDGER"" : ""05wJO0000004BEbYAM"",
      ""CD_JOURNAL"" : ""05wJO0000004AAVYA2"",
      ""AM_SAL"" : 1000000.0000
    } ]
  },
  ""code"" : 200
}"
a12JO000000MAVNYA4,2026-05-08T02:36:28.000+0000,GdPointHelpApiControllerV1,/gd/v1/point/help,"{""StoreCode__c"":""99998"",""MemberNo__c"":""103006200153"",""Type"":""01"",""PromotionNo__c"":""PRO202604161046"",""OrderDate"":""20260508"",""SaleNo__c"":""""}","{
  ""success"" : true,
  ""message"" : ""포인트 적용 조회 성공"",
  ""data"" : {
    ""pointList"" : [ {
      ""points"" : 18000,
      ""CD_TYPE_POINT"" : ""01""
    }, {
      ""points"" : 586152,
      ""CD_TYPE_POINT"" : ""04""
    }, {
      ""points"" : 6000,
      ""CD_TYPE_POINT"" : ""05""
    }, {
      ""points"" : 27000,
      ""CD_TYPE_POINT"" : ""06""
    }, {
      ""points"" : 18000,
      ""CD_TYPE_POINT"" : ""07""
    } ]
  },
  ""code"" : 200
}"
a12JO000000MAbsYAG,2026-05-08T02:37:32.000+0000,GdOrderApiControllerV1,/gd/v1/order,"{""AccountId"":""1000"",""StoreCode__c"":""99998"",""MemberNo__c"":""103006200153"",""OrderNo__c"":""SOR202605080094"",""ActualPaymentAmount__c"":900000.0,""OrderStatus__c"":""01"",""Type"":""01"",""PromotionNo__c"":""PRO202604161046"",""OrderItem"":[{""OrderSeqNo__c"":""1"",""Status__c"":""01"",""ProductCode"":""212500046"",""Quantity"":1,""isExclude"":false,""NetSalesUnitPrice__c"":400000.0000,""DiscountRate__c"":0.0000},{""OrderSeqNo__c"":""2"",""Status__c"":""01"",""ProductCode"":""3A2600005"",""Quantity"":1,""isExclude"":false,""NetSalesUnitPrice__c"":500000.0000,""DiscountRate__c"":0.0000}],""TransactionJournal"":[{""DepositNo__c"":""DEP202605080057"",""DeposiSeqNo__c"":""1"",""ActivityDate"":""20260508"",""PaymentMethod"":""01"",""DepositType__c"":""01"",""TransactionAmount"":100000.0000,""CouponNo"":"""",""OrderNo__c"":null},{""DepositNo__c"":""DEP202605080057"",""DeposiSeqNo__c"":""2"",""ActivityDate"":""20260508"",""PaymentMethod"":""81"",""DepositType__c"":""01"",""TransactionAmount"":50000.0000,""CouponNo"":"""",""OrderNo__c"":null}]}","{
  ""success"" : true,
  ""message"" : ""주문 등록 완료"",
  ""data"" : {
    ""DebitPointList"" : [ {
      ""PT_USE"" : 50000.00,
      ""NO_SAL_RTN"" : null,
      ""NO_SAL"" : ""SOR202605080094"",
      ""NO_MBR"" : ""103006200153"",
      ""ID_INSERT"" : null,
      ""DTS_INSERT"" : ""2026-05-08 11:37:32"",
      ""CD_TYPE_POINT"" : ""04"",
      ""CD_RESON"" : ""1"",
      ""CD_LEDGER"" : ""05wJO0000004C5pYAE"",
      ""CD_JOURNAL"" : ""05wJO0000004AAVYA2"",
      ""AM_SAL"" : null
    } ],
    ""isGoldenBar"" : false,
    ""oiList"" : [ {
      ""attributes"" : {
        ""type"" : ""OrderItem"",
        ""url"" : ""/services/data/v66.0/sobjects/OrderItem/802JO0000052XGPYA2""
      },
      ""OrderId"" : ""801JO00000I9nSJYAZ"",
      ""Status__c"" : ""01"",
      ""PricebookEntryId"" : ""01uJO000001RBvIYAW"",
      ""Quantity"" : 1,
      ""UnitPrice"" : 400000,
      ""OrderItemNo__c"" : ""801JO00000I9nSJYAZ-1"",
      ""IsExclude__c"" : false,
      ""NetSalesUnitPrice__c"" : 400000.0000,
      ""DiscountRate__c"" : 0.0000,
      ""Id"" : ""802JO0000052XGPYA2""
    }, {
      ""attributes"" : {
        ""type"" : ""OrderItem"",
        ""url"" : ""/services/data/v66.0/sobjects/OrderItem/802JO0000052XGQYA2""
      },
      ""OrderId"" : ""801JO00000I9nSJYAZ"",
      ""Status__c"" : ""01"",
      ""PricebookEntryId"" : ""01uJO000001RG0OYAW"",
      ""Quantity"" : 1,
      ""UnitPrice"" : 500000,
      ""OrderItemNo__c"" : ""801JO00000I9nSJYAZ-2"",
      ""IsExclude__c"" : false,
      ""NetSalesUnitPrice__c"" : 500000.0000,
      ""DiscountRate__c"" : 0.0000,
      ""Id"" : ""802JO0000052XGQYA2""
    } ],
    ""storeType"" : ""09"",
    ""storeTypeFour"" : ""NULL"",
    ""orderId"" : ""801JO00000I9nSJYAZ"",
    ""TransactionJournal"" : [ {
      ""OrderNo__c"" : null,
      ""CouponNo"" : """",
      ""TransactionAmount"" : 100000.0000,
      ""DepositType__c"" : ""01"",
      ""PaymentMethod"" : ""01"",
      ""ActivityDate"" : ""20260508"",
      ""DeposiSeqNo__c"" : ""1"",
      ""DepositNo__c"" : ""DEP202605080057""
    }, {
      ""OrderNo__c"" : null,
      ""CouponNo"" : """",
      ""TransactionAmount"" : 50000.0000,
      ""DepositType__c"" : ""01"",
      ""PaymentMethod"" : ""81"",
      ""ActivityDate"" : ""20260508"",
      ""DeposiSeqNo__c"" : ""2"",
      ""DepositNo__c"" : ""DEP202605080057""
    } ],
    ""OrderItem"" : [ {
      ""DiscountRate__c"" : 0.0000,
      ""NetSalesUnitPrice__c"" : 400000.0000,
      ""isExclude"" : false,
      ""Quantity"" : 1,
      ""ProductCode"" : ""212500046"",
      ""Status__c"" : ""01"",
      ""OrderSeqNo__c"" : ""1""
    }, {
      ""DiscountRate__c"" : 0.0000,
      ""NetSalesUnitPrice__c"" : 500000.0000,
      ""isExclude"" : false,
      ""Quantity"" : 1,
      ""ProductCode"" : ""3A2600005"",
      ""Status__c"" : ""01"",
      ""OrderSeqNo__c"" : ""2""
    } ],
    ""PromotionNo__c"" : ""PRO202604161046"",
    ""Type"" : ""01"",
    ""OrderStatus__c"" : ""01"",
    ""ActualPaymentAmount__c"" : 900000.0,
    ""OrderNo__c"" : ""SOR202605080094"",
    ""MemberNo__c"" : ""103006200153"",
    ""StoreCode__c"" : ""99998"",
    ""AccountId"" : ""1000""
  },
  ""code"" : 200
}"
a12JO000000MBpdYAG,2026-05-08T04:19:56.000+0000,GdPointHelpApiControllerV1,/gd/v1/point/help,"{""StoreCode__c"":"""",""MemberNo__c"":""103006200153"",""Type"":""01"",""PromotionNo__c"":""PRO202604161046"",""OrderDate"":""20260508"",""SaleNo__c"":""""}","{
  ""success"" : true,
  ""message"" : ""포인트 적용 조회 성공"",
  ""data"" : {
    ""pointList"" : [ {
      ""points"" : 18000,
      ""CD_TYPE_POINT"" : ""01""
    }, {
      ""points"" : 536152,
      ""CD_TYPE_POINT"" : ""04""
    }, {
      ""points"" : 6000,
      ""CD_TYPE_POINT"" : ""05""
    }, {
      ""points"" : 27000,
      ""CD_TYPE_POINT"" : ""06""
    }, {
      ""points"" : 18000,
      ""CD_TYPE_POINT"" : ""07""
    } ]
  },
  ""code"" : 200
}"
a12JO000000M9SvYAK,2026-05-08T04:20:19.000+0000,GdOrderApiControllerV1,/gd/v1/order,"{""AccountId"":""1000"",""StoreCode__c"":""99998"",""MemberNo__c"":""103006200153"",""OrderNo__c"":""SOR202605080122"",""ActualPaymentAmount__c"":900000.0,""OrderStatus__c"":""01"",""Type"":""01"",""PromotionNo__c"":""PRO202604161046"",""OrderItem"":[{""OrderSeqNo__c"":""1"",""Status__c"":""01"",""ProductCode"":""212500046"",""Quantity"":1,""isExclude"":false,""NetSalesUnitPrice__c"":400000.0000,""DiscountRate__c"":0.0000},{""OrderSeqNo__c"":""2"",""Status__c"":""01"",""ProductCode"":""3A2600005"",""Quantity"":1,""isExclude"":false,""NetSalesUnitPrice__c"":500000.0000,""DiscountRate__c"":0.0000}],""TransactionJournal"":[{""DepositNo__c"":""DEP202605080102"",""DeposiSeqNo__c"":""1"",""ActivityDate"":""20260508"",""PaymentMethod"":""01"",""DepositType__c"":""01"",""TransactionAmount"":100000.0000,""CouponNo"":"""",""OrderNo__c"":null},{""DepositNo__c"":""DEP202605080102"",""DeposiSeqNo__c"":""2"",""ActivityDate"":""20260508"",""PaymentMethod"":""81"",""DepositType__c"":""01"",""TransactionAmount"":50000.0000,""CouponNo"":"""",""OrderNo__c"":null}]}","{
  ""success"" : true,
  ""message"" : ""주문 등록 완료"",
  ""data"" : {
    ""DebitPointList"" : [ {
      ""PT_USE"" : 50000.00,
      ""NO_SAL_RTN"" : null,
      ""NO_SAL"" : ""SOR202605080122"",
      ""NO_MBR"" : ""103006200153"",
      ""ID_INSERT"" : null,
      ""DTS_INSERT"" : ""2026-05-08 13:20:18"",
      ""CD_TYPE_POINT"" : ""04"",
      ""CD_RESON"" : ""1"",
      ""CD_LEDGER"" : ""05wJO0000004BcsYAE"",
      ""CD_JOURNAL"" : ""05wJO0000004AAVYA2"",
      ""AM_SAL"" : null
    } ],
    ""isGoldenBar"" : false,
    ""oiList"" : [ {
      ""attributes"" : {
        ""type"" : ""OrderItem"",
        ""url"" : ""/services/data/v66.0/sobjects/OrderItem/802JO0000052kViYAI""
      },
      ""OrderId"" : ""801JO00000IA1yPYAT"",
      ""Status__c"" : ""01"",
      ""PricebookEntryId"" : ""01uJO000001RBvIYAW"",
      ""Quantity"" : 1,
      ""UnitPrice"" : 400000,
      ""OrderItemNo__c"" : ""801JO00000IA1yPYAT-1"",
      ""IsExclude__c"" : false,
      ""NetSalesUnitPrice__c"" : 400000.0000,
      ""DiscountRate__c"" : 0.0000,
      ""Id"" : ""802JO0000052kViYAI""
    }, {
      ""attributes"" : {
        ""type"" : ""OrderItem"",
        ""url"" : ""/services/data/v66.0/sobjects/OrderItem/802JO0000052kVjYAI""
      },
      ""OrderId"" : ""801JO00000IA1yPYAT"",
      ""Status__c"" : ""01"",
      ""PricebookEntryId"" : ""01uJO000001RG0OYAW"",
      ""Quantity"" : 1,
      ""UnitPrice"" : 500000,
      ""OrderItemNo__c"" : ""801JO00000IA1yPYAT-2"",
      ""IsExclude__c"" : false,
      ""NetSalesUnitPrice__c"" : 500000.0000,
      ""DiscountRate__c"" : 0.0000,
      ""Id"" : ""802JO0000052kVjYAI""
    } ],
    ""storeType"" : ""09"",
    ""storeTypeFour"" : ""NULL"",
    ""orderId"" : ""801JO00000IA1yPYAT"",
    ""TransactionJournal"" : [ {
      ""OrderNo__c"" : null,
      ""CouponNo"" : """",
      ""TransactionAmount"" : 100000.0000,
      ""DepositType__c"" : ""01"",
      ""PaymentMethod"" : ""01"",
      ""ActivityDate"" : ""20260508"",
      ""DeposiSeqNo__c"" : ""1"",
      ""DepositNo__c"" : ""DEP202605080102""
    }, {
      ""OrderNo__c"" : null,
      ""CouponNo"" : """",
      ""TransactionAmount"" : 50000.0000,
      ""DepositType__c"" : ""01"",
      ""PaymentMethod"" : ""81"",
      ""ActivityDate"" : ""20260508"",
      ""DeposiSeqNo__c"" : ""2"",
      ""DepositNo__c"" : ""DEP202605080102""
    } ],
    ""OrderItem"" : [ {
      ""DiscountRate__c"" : 0.0000,
      ""NetSalesUnitPrice__c"" : 400000.0000,
      ""isExclude"" : false,
      ""Quantity"" : 1,
      ""ProductCode"" : ""212500046"",
      ""Status__c"" : ""01"",
      ""OrderSeqNo__c"" : ""1""
    }, {
      ""DiscountRate__c"" : 0.0000,
      ""NetSalesUnitPrice__c"" : 500000.0000,
      ""isExclude"" : false,
      ""Quantity"" : 1,
      ""ProductCode"" : ""3A2600005"",
      ""Status__c"" : ""01"",
      ""OrderSeqNo__c"" : ""2""
    } ],
    ""PromotionNo__c"" : ""PRO202604161046"",
    ""Type"" : ""01"",
    ""OrderStatus__c"" : ""01"",
    ""ActualPaymentAmount__c"" : 900000.0,
    ""OrderNo__c"" : ""SOR202605080122"",
    ""MemberNo__c"" : ""103006200153"",
    ""StoreCode__c"" : ""99998"",
    ""AccountId"" : ""1000""
  },
  ""code"" : 200
}"
a12JO000000MBxiYAG,2026-05-08T04:22:47.000+0000,GdOrderApiControllerV1,/gd/v1/order,"{""AccountId"":""1000"",""StoreCode__c"":""99998"",""MemberNo__c"":""103006200153"",""OrderNo__c"":""SOR202605080122"",""ActualPaymentAmount__c"":900000.0,""OrderStatus__c"":""09"",""Type"":""01"",""PromotionNo__c"":""PRO202604161046"",""OrderItem"":[{""OrderSeqNo__c"":""1"",""Status__c"":""09"",""ProductCode"":""212500046"",""Quantity"":1,""isExclude"":false,""NetSalesUnitPrice__c"":400000.0000,""DiscountRate__c"":0.0000},{""OrderSeqNo__c"":""2"",""Status__c"":""09"",""ProductCode"":""3A2600005"",""Quantity"":1,""isExclude"":false,""NetSalesUnitPrice__c"":500000.0000,""DiscountRate__c"":0.0000}],""TransactionJournal"":[{""DepositNo__c"":""DEP202605080102"",""DeposiSeqNo__c"":""1"",""ActivityDate"":""20260508"",""PaymentMethod"":""01"",""DepositType__c"":""01"",""TransactionAmount"":100000.0000,""CouponNo"":"""",""OrderNo__c"":null},{""DepositNo__c"":""DEP202605080102"",""DeposiSeqNo__c"":""2"",""ActivityDate"":""20260508"",""PaymentMethod"":""81"",""DepositType__c"":""01"",""TransactionAmount"":50000.0000,""CouponNo"":"""",""OrderNo__c"":null},{""DepositNo__c"":""DEP202605080104"",""DeposiSeqNo__c"":""1"",""ActivityDate"":""20260508"",""PaymentMethod"":""81"",""DepositType__c"":""03"",""TransactionAmount"":50000.0000,""CouponNo"":"""",""OrderNo__c"":null},{""DepositNo__c"":""DEP202605080104"",""DeposiSeqNo__c"":""2"",""ActivityDate"":""20260508"",""PaymentMethod"":""01"",""DepositType__c"":""03"",""TransactionAmount"":100000.0000,""CouponNo"":"""",""OrderNo__c"":null}]}","{
  ""success"" : true,
  ""message"" : ""주문 수정 완료"",
  ""data"" : {
    ""CancelPointList"" : {
      ""RecreditPointList"" : [ {
        ""ExpiryDate"" : ""2028-05-01"",
        ""Name"" : ""기타포인트"",
        ""Point"" : 50000.0000
      } ]
    },
    ""orderId"" : ""801JO00000IA1yPYAT"",
    ""TransactionJournal"" : [ {
      ""OrderNo__c"" : null,
      ""CouponNo"" : """",
      ""TransactionAmount"" : 100000.0000,
      ""DepositType__c"" : ""01"",
      ""PaymentMethod"" : ""01"",
      ""ActivityDate"" : ""20260508"",
      ""DeposiSeqNo__c"" : ""1"",
      ""DepositNo__c"" : ""DEP202605080102""
    }, {
      ""OrderNo__c"" : null,
      ""CouponNo"" : """",
      ""TransactionAmount"" : 50000.0000,
      ""DepositType__c"" : ""01"",
      ""PaymentMethod"" : ""81"",
      ""ActivityDate"" : ""20260508"",
      ""DeposiSeqNo__c"" : ""2"",
      ""DepositNo__c"" : ""DEP202605080102""
    }, {
      ""OrderNo__c"" : null,
      ""CouponNo"" : """",
      ""TransactionAmount"" : 50000.0000,
      ""DepositType__c"" : ""03"",
      ""PaymentMethod"" : ""81"",
      ""ActivityDate"" : ""20260508"",
      ""DeposiSeqNo__c"" : ""1"",
      ""DepositNo__c"" : ""DEP202605080104""
    }, {
      ""OrderNo__c"" : null,
      ""CouponNo"" : """",
      ""TransactionAmount"" : 100000.0000,
      ""DepositType__c"" : ""03"",
      ""PaymentMethod"" : ""01"",
      ""ActivityDate"" : ""20260508"",
      ""DeposiSeqNo__c"" : ""2"",
      ""DepositNo__c"" : ""DEP202605080104""
    } ],
    ""OrderItem"" : [ {
      ""DiscountRate__c"" : 0.0000,
      ""NetSalesUnitPrice__c"" : 400000.0000,
      ""isExclude"" : false,
      ""Quantity"" : 1,
      ""ProductCode"" : ""212500046"",
      ""Status__c"" : ""09"",
      ""OrderSeqNo__c"" : ""1""
    }, {
      ""DiscountRate__c"" : 0.0000,
      ""NetSalesUnitPrice__c"" : 500000.0000,
      ""isExclude"" : false,
      ""Quantity"" : 1,
      ""ProductCode"" : ""3A2600005"",
      ""Status__c"" : ""09"",
      ""OrderSeqNo__c"" : ""2""
    } ],
    ""PromotionNo__c"" : ""PRO202604161046"",
    ""Type"" : ""01"",
    ""OrderStatus__c"" : ""09"",
    ""ActualPaymentAmount__c"" : 900000.0,
    ""OrderNo__c"" : ""SOR202605080122"",
    ""MemberNo__c"" : ""103006200153"",
    ""StoreCode__c"" : ""99998"",
    ""AccountId"" : ""1000""
  },
  ""code"" : 200
}"
a12JO000000MC0xYAG,2026-05-08T04:24:54.000+0000,GdPointHelpApiControllerV1,/gd/v1/point/help,"{""StoreCode__c"":""99998"",""MemberNo__c"":""103006200153"",""Type"":""01"",""PromotionNo__c"":""PRO202604161046"",""OrderDate"":""20260508"",""SaleNo__c"":""""}","{
  ""success"" : true,
  ""message"" : ""포인트 적용 조회 성공"",
  ""data"" : {
    ""pointList"" : [ {
      ""points"" : 18000,
      ""CD_TYPE_POINT"" : ""01""
    }, {
      ""points"" : 536152,
      ""CD_TYPE_POINT"" : ""04""
    }, {
      ""points"" : 6000,
      ""CD_TYPE_POINT"" : ""05""
    }, {
      ""points"" : 27000,
      ""CD_TYPE_POINT"" : ""06""
    }, {
      ""points"" : 18000,
      ""CD_TYPE_POINT"" : ""07""
    } ]
  },
  ""code"" : 200
}"
a12JO000000MBxnYAG,2026-05-08T04:25:03.000+0000,GdOrderApiControllerV1,/gd/v1/order,"{""AccountId"":""1000"",""StoreCode__c"":""99998"",""MemberNo__c"":""103006200153"",""OrderNo__c"":""SOR202605080124"",""ActualPaymentAmount__c"":1000000.0,""OrderStatus__c"":""01"",""Type"":""01"",""PromotionNo__c"":""PRO202604161046"",""OrderItem"":[{""OrderSeqNo__c"":""1"",""Status__c"":""01"",""ProductCode"":""2A2600001"",""Quantity"":1,""isExclude"":false,""NetSalesUnitPrice__c"":500000.0000,""DiscountRate__c"":0.0000},{""OrderSeqNo__c"":""2"",""Status__c"":""01"",""ProductCode"":""3A2600005"",""Quantity"":1,""isExclude"":false,""NetSalesUnitPrice__c"":500000.0000,""DiscountRate__c"":0.0000}],""TransactionJournal"":[{""DepositNo__c"":""DEP202605080106"",""DeposiSeqNo__c"":""1"",""ActivityDate"":""20260508"",""PaymentMethod"":""01"",""DepositType__c"":""01"",""TransactionAmount"":100000.0000,""CouponNo"":"""",""OrderNo__c"":null},{""DepositNo__c"":""DEP202605080106"",""DeposiSeqNo__c"":""2"",""ActivityDate"":""20260508"",""PaymentMethod"":""81"",""DepositType__c"":""01"",""TransactionAmount"":50000.0000,""CouponNo"":"""",""OrderNo__c"":null}]}","{
  ""success"" : true,
  ""message"" : ""주문 등록 완료"",
  ""data"" : {
    ""DebitPointList"" : [ {
      ""PT_USE"" : 50000.00,
      ""NO_SAL_RTN"" : null,
      ""NO_SAL"" : ""SOR202605080124"",
      ""NO_MBR"" : ""103006200153"",
      ""ID_INSERT"" : null,
      ""DTS_INSERT"" : ""2026-05-08 13:25:02"",
      ""CD_TYPE_POINT"" : ""04"",
      ""CD_RESON"" : ""1"",
      ""CD_LEDGER"" : ""05wJO0000004CNaYAM"",
      ""CD_JOURNAL"" : ""05wJO0000004AAVYA2"",
      ""AM_SAL"" : null
    } ],
    ""isGoldenBar"" : false,
    ""oiList"" : [ {
      ""attributes"" : {
        ""type"" : ""OrderItem"",
        ""url"" : ""/services/data/v66.0/sobjects/OrderItem/802JO0000052ppxYAA""
      },
      ""OrderId"" : ""801JO00000IAC8nYAH"",
      ""Status__c"" : ""01"",
      ""PricebookEntryId"" : ""01uJO000001R0w4YAC"",
      ""Quantity"" : 1,
      ""UnitPrice"" : 500000,
      ""OrderItemNo__c"" : ""801JO00000IAC8nYAH-1"",
      ""IsExclude__c"" : false,
      ""NetSalesUnitPrice__c"" : 500000.0000,
      ""DiscountRate__c"" : 0.0000,
      ""Id"" : ""802JO0000052ppxYAA""
    }, {
      ""attributes"" : {
        ""type"" : ""OrderItem"",
        ""url"" : ""/services/data/v66.0/sobjects/OrderItem/802JO0000052ppyYAA""
      },
      ""OrderId"" : ""801JO00000IAC8nYAH"",
      ""Status__c"" : ""01"",
      ""PricebookEntryId"" : ""01uJO000001RG0OYAW"",
      ""Quantity"" : 1,
      ""UnitPrice"" : 500000,
      ""OrderItemNo__c"" : ""801JO00000IAC8nYAH-2"",
      ""IsExclude__c"" : false,
      ""NetSalesUnitPrice__c"" : 500000.0000,
      ""DiscountRate__c"" : 0.0000,
      ""Id"" : ""802JO0000052ppyYAA""
    } ],
    ""storeType"" : ""09"",
    ""storeTypeFour"" : ""NULL"",
    ""orderId"" : ""801JO00000IAC8nYAH"",
    ""TransactionJournal"" : [ {
      ""OrderNo__c"" : null,
      ""CouponNo"" : """",
      ""TransactionAmount"" : 100000.0000,
      ""DepositType__c"" : ""01"",
      ""PaymentMethod"" : ""01"",
      ""ActivityDate"" : ""20260508"",
      ""DeposiSeqNo__c"" : ""1"",
      ""DepositNo__c"" : ""DEP202605080106""
    }, {
      ""OrderNo__c"" : null,
      ""CouponNo"" : """",
      ""TransactionAmount"" : 50000.0000,
      ""DepositType__c"" : ""01"",
      ""PaymentMethod"" : ""81"",
      ""ActivityDate"" : ""20260508"",
      ""DeposiSeqNo__c"" : ""2"",
      ""DepositNo__c"" : ""DEP202605080106""
    } ],
    ""OrderItem"" : [ {
      ""DiscountRate__c"" : 0.0000,
      ""NetSalesUnitPrice__c"" : 500000.0000,
      ""isExclude"" : false,
      ""Quantity"" : 1,
      ""ProductCode"" : ""2A2600001"",
      ""Status__c"" : ""01"",
      ""OrderSeqNo__c"" : ""1""
    }, {
      ""DiscountRate__c"" : 0.0000,
      ""NetSalesUnitPrice__c"" : 500000.0000,
      ""isExclude"" : false,
      ""Quantity"" : 1,
      ""ProductCode"" : ""3A2600005"",
      ""Status__c"" : ""01"",
      ""OrderSeqNo__c"" : ""2""
    } ],
    ""PromotionNo__c"" : ""PRO202604161046"",
    ""Type"" : ""01"",
    ""OrderStatus__c"" : ""01"",
    ""ActualPaymentAmount__c"" : 1000000.0,
    ""OrderNo__c"" : ""SOR202605080124"",
    ""MemberNo__c"" : ""103006200153"",
    ""StoreCode__c"" : ""99998"",
    ""AccountId"" : ""1000""
  },
  ""code"" : 200
}"
a12JO000000MCKKYA4,2026-05-08T04:31:33.000+0000,GdSaleApiControllerV1,/gd/v1/sale,"{""AccountId"":""1000"",""StoreCode__c"":""99998"",""MemberNo__c"":""103006200153"",""SaleNo__c"":""SAL202605080117"",""ActualPaymentAmount__c"":1000000.0,""EndDate"":""20260508"",""SaleStatus__c"":""01"",""PromotionNo__c"":""PRO202604161046"",""OrderItem"":[{""SaleSeqNo__c"":""1"",""OrderNo__c"":""SOR202605080124"",""ProductCode"":""212500046"",""Quantity"":1,""isExclude"":false,""NetSalesUnitPrice__c"":500000.0000,""DiscountRate__c"":0},{""SaleSeqNo__c"":""2"",""OrderNo__c"":""SOR202605080124"",""ProductCode"":""3A2600005"",""Quantity"":1,""isExclude"":false,""NetSalesUnitPrice__c"":500000.0000,""DiscountRate__c"":0.0000}],""TransactionJournal"":[{""DepositNo__c"":""DEP202605080106"",""DeposiSeqNo__c"":""1"",""ActivityDate"":""20260508"",""PaymentMethod"":""01"",""DepositType__c"":""01"",""TransactionAmount"":100000.0000,""CouponNo"":"""",""OrderNo__c"":""SOR202605080124""},{""DepositNo__c"":""DEP202605080106"",""DeposiSeqNo__c"":""2"",""ActivityDate"":""20260508"",""PaymentMethod"":""81"",""DepositType__c"":""01"",""TransactionAmount"":50000.0000,""CouponNo"":"""",""OrderNo__c"":""SOR202605080124""},{""DepositNo__c"":""DEP202605080109"",""DeposiSeqNo__c"":""1"",""ActivityDate"":""20260508"",""PaymentMethod"":""01"",""DepositType__c"":""02"",""TransactionAmount"":850000.0000,""CouponNo"":"""",""OrderNo__c"":null}]}","{
  ""success"" : true,
  ""message"" : ""판매 등록 완료"",
  ""data"" : {
    ""CreditPointList"" : [ {
      ""TX_REMARK"" : ""구매포인트|11cJO000001BAZlYAO|2.00"",
      ""PT_TARGET"" : 19000.00,
      ""NO_SAL"" : null,
      ""NO_PROM_MBR"" : ""PRO202604161046"",
      ""NO_MBR"" : ""103006200153"",
      ""NO_GRADE_ADVAN"" : ""04"",
      ""ID_INSERT"" : null,
      ""DTS_INSERT"" : ""2026-05-08 13:31:32"",
      ""DT_SAVE_PLAN"" : null,
      ""DT_LIMIT_START"" : ""2026-05-08 09:00:00"",
      ""DT_LIMIT_END"" : ""2028-05-08"",
      ""DT_DESTROY_PLAN"" : ""2028-05-09"",
      ""CD_TYPE_SAVE"" : ""Credit"",
      ""CD_TYPE_POINT"" : ""01"",
      ""CD_JOURNAL"" : ""05wJO0000004CPBYA2"",
      ""AM_SAL"" : 1000000.0
    } ],
    ""oiList"" : [ {
      ""attributes"" : {
        ""type"" : ""OrderItem"",
        ""url"" : ""/services/data/v66.0/sobjects/OrderItem/802JO0000052q2rYAA""
      },
      ""OrderId"" : ""801JO00000IACOvYAP"",
      ""PricebookEntryId"" : ""01uJO000001RBvIYAW"",
      ""Quantity"" : 1,
      ""UnitPrice"" : 400000,
      ""SaleSeqNo__c"" : ""1"",
      ""SaleItemNo__c"" : ""801JO00000IACOvYAP-1"",
      ""IsExclude__c"" : false,
      ""NetSalesUnitPrice__c"" : 500000.0000,
      ""DiscountRate__c"" : 0,
      ""OrderId__c"" : ""801JO00000IAC8nYAH"",
      ""Id"" : ""802JO0000052q2rYAA""
    }, {
      ""attributes"" : {
        ""type"" : ""OrderItem"",
        ""url"" : ""/services/data/v66.0/sobjects/OrderItem/802JO0000052q2sYAA""
      },
      ""OrderId"" : ""801JO00000IACOvYAP"",
      ""PricebookEntryId"" : ""01uJO000001RG0OYAW"",
      ""Quantity"" : 1,
      ""UnitPrice"" : 500000,
      ""SaleSeqNo__c"" : ""2"",
      ""SaleItemNo__c"" : ""801JO00000IACOvYAP-2"",
      ""IsExclude__c"" : false,
      ""NetSalesUnitPrice__c"" : 500000.0000,
      ""DiscountRate__c"" : 0.0000,
      ""OrderId__c"" : ""801JO00000IAC8nYAH"",
      ""Id"" : ""802JO0000052q2sYAA""
    } ],
    ""storeType"" : ""09"",
    ""storeTypeFour"" : ""NULL"",
    ""orderId"" : ""801JO00000IACOvYAP"",
    ""TransactionJournal"" : [ {
      ""OrderNo__c"" : ""SOR202605080124"",
      ""CouponNo"" : """",
      ""TransactionAmount"" : 100000.0000,
      ""DepositType__c"" : ""01"",
      ""PaymentMethod"" : ""01"",
      ""ActivityDate"" : ""20260508"",
      ""DeposiSeqNo__c"" : ""1"",
      ""DepositNo__c"" : ""DEP202605080106""
    }, {
      ""OrderNo__c"" : ""SOR202605080124"",
      ""CouponNo"" : """",
      ""TransactionAmount"" : 50000.0000,
      ""DepositType__c"" : ""01"",
      ""PaymentMethod"" : ""81"",
      ""ActivityDate"" : ""20260508"",
      ""DeposiSeqNo__c"" : ""2"",
      ""DepositNo__c"" : ""DEP202605080106""
    }, {
      ""OrderNo__c"" : null,
      ""CouponNo"" : """",
      ""TransactionAmount"" : 850000.0000,
      ""DepositType__c"" : ""02"",
      ""PaymentMethod"" : ""01"",
      ""ActivityDate"" : ""20260508"",
      ""DeposiSeqNo__c"" : ""1"",
      ""DepositNo__c"" : ""DEP202605080109""
    } ],
    ""OrderItem"" : [ {
      ""DiscountRate__c"" : 0,
      ""NetSalesUnitPrice__c"" : 500000.0000,
      ""isExclude"" : false,
      ""Quantity"" : 1,
      ""ProductCode"" : ""212500046"",
      ""OrderNo__c"" : ""SOR202605080124"",
      ""SaleSeqNo__c"" : ""1""
    }, {
      ""DiscountRate__c"" : 0.0000,
      ""NetSalesUnitPrice__c"" : 500000.0000,
      ""isExclude"" : false,
      ""Quantity"" : 1,
      ""ProductCode"" : ""3A2600005"",
      ""OrderNo__c"" : ""SOR202605080124"",
      ""SaleSeqNo__c"" : ""2""
    } ],
    ""PromotionNo__c"" : ""PRO202604161046"",
    ""SaleStatus__c"" : ""01"",
    ""EndDate"" : ""20260508"",
    ""ActualPaymentAmount__c"" : 1000000.0,
    ""SaleNo__c"" : ""SAL202605080117"",
    ""MemberNo__c"" : ""103006200153"",
    ""StoreCode__c"" : ""99998"",
    ""AccountId"" : ""1000""
  },
  ""code"" : 200
}"
a12JO000000MCTxYAO,2026-05-08T04:40:11.000+0000,GdPointHelpApiControllerV1,/gd/v1/point/help,"{""StoreCode__c"":""99998"",""MemberNo__c"":""103006200153"",""Type"":null,""PromotionNo__c"":""PRO202605031078"",""OrderDate"":""20260508"",""SaleNo__c"":""""}","{
  ""success"" : true,
  ""message"" : ""포인트 적용 조회 성공"",
  ""data"" : {
    ""pointList"" : [ {
      ""points"" : 37000,
      ""CD_TYPE_POINT"" : ""01""
    }, {
      ""points"" : 486152,
      ""CD_TYPE_POINT"" : ""04""
    }, {
      ""points"" : 6000,
      ""CD_TYPE_POINT"" : ""05""
    }, {
      ""points"" : 27000,
      ""CD_TYPE_POINT"" : ""06""
    }, {
      ""points"" : 18000,
      ""CD_TYPE_POINT"" : ""07""
    } ]
  },
  ""code"" : 200
}"
a12JO000000M9axYAC,2026-05-08T04:40:17.000+0000,GdVoucherHelpApiControllerV1,/gd/v1/voucher/help,"{""StoreCode__c"":""99998"",""MemberNo__c"":""103006200153"",""ActualPaymentAmount__c"":1000000.0,""OrderStatus__c"":null,""Type"":""02"",""PromotionNo__c"":""PRO202605031078"",""OrderItem"":[{""OrderSeqNo__c"":null,""Status__c"":null,""ProductCode"":""2A2600001"",""Quantity"":1,""isExclude"":null,""NetSalesUnitPrice__c"":0.0,""DiscountRate__c"":0.0},{""OrderSeqNo__c"":null,""Status__c"":null,""ProductCode"":""3A2600005"",""Quantity"":1,""isExclude"":null,""NetSalesUnitPrice__c"":0.0,""DiscountRate__c"":0.0}],""TransactionJournal"":null}","{
  ""success"" : true,
  ""message"" : ""사용 가능한 쿠폰 조회 성공"",
  ""data"" : {
    ""voucherList"" : [ {
      ""TX_COUPON"" : ""202509_SVIP회원_생일쿠폰"",
      ""RT_DISC"" : 0,
      ""NO_MAN_COUPON"" : ""COP2025AG0015"",
      ""NO_COUPON"" : ""01"",
      ""NM_RESPON"" : ""최재현"",
      ""NM_DEPT"" : ""IMC팀"",
      ""NM_COUPON"" : ""202509_SVIP회원_생일쿠폰"",
      ""ID_INSERT"" : ""쿠폰자동발급"",
      ""DTS_INSERT"" : ""20250901070004"",
      ""DT_USE"" : """",
      ""DT_STR_EXP"" : ""20250901"",
      ""DT_ISSUE"" : ""20250901"",
      ""DT_END_EXP"" : ""20260831"",
      ""DS_MON_EXP"" : 0,
      ""CD_TYPE_DAY_EXP"" : ""02"",
      ""CD_TYPE_COUPON"" : ""03"",
      ""CD_STAT_COUPON"" : ""02"",
      ""CD_BRAND"" : ""01"",
      ""AM_DISC"" : 100000
    }, {
      ""TX_COUPON"" : ""10%할인_SVIP특별바우처2"",
      ""RT_DISC"" : 10,
      ""NO_MAN_COUPON"" : ""COP2026JA0018"",
      ""NO_COUPON"" : ""36"",
      ""NM_RESPON"" : ""최재현"",
      ""NM_DEPT"" : ""IMC팀"",
      ""NM_COUPON"" : ""10%할인_SVIP특별바우처2 (2)"",
      ""ID_INSERT"" : ""최재현"",
      ""DTS_INSERT"" : ""20260202144916"",
      ""DT_USE"" : """",
      ""DT_STR_EXP"" : ""20260201"",
      ""DT_ISSUE"" : ""20260202"",
      ""DT_END_EXP"" : ""20270131"",
      ""DS_MON_EXP"" : 0,
      ""CD_TYPE_DAY_EXP"" : ""02"",
      ""CD_TYPE_COUPON"" : ""03"",
      ""CD_STAT_COUPON"" : ""02"",
      ""CD_BRAND"" : ""01"",
      ""AM_DISC"" : 0
    }, {
      ""TX_COUPON"" : ""10%할인_SVIP특별바우처3"",
      ""RT_DISC"" : 10,
      ""NO_MAN_COUPON"" : ""COP2026JA0019"",
      ""NO_COUPON"" : ""36"",
      ""NM_RESPON"" : ""최재현"",
      ""NM_DEPT"" : ""IMC팀"",
      ""NM_COUPON"" : ""10%할인_SVIP특별바우처3 (2)"",
      ""ID_INSERT"" : ""최재현"",
      ""DTS_INSERT"" : ""20260202145016"",
      ""DT_USE"" : """",
      ""DT_STR_EXP"" : ""20260201"",
      ""DT_ISSUE"" : ""20260202"",
      ""DT_END_EXP"" : ""20270131"",
      ""DS_MON_EXP"" : 0,
      ""CD_TYPE_DAY_EXP"" : ""02"",
      ""CD_TYPE_COUPON"" : ""03"",
      ""CD_STAT_COUPON"" : ""02"",
      ""CD_BRAND"" : ""01"",
      ""AM_DISC"" : 0
    }, {
      ""TX_COUPON"" : ""2026_SVIP_승격축하쿠폰"",
      ""RT_DISC"" : 0,
      ""NO_MAN_COUPON"" : ""COP2026JA0028"",
      ""NO_COUPON"" : ""36"",
      ""NM_RESPON"" : ""최재현"",
      ""NM_DEPT"" : ""IMC팀"",
      ""NM_COUPON"" : ""2026_SVIP_승격축하쿠폰"",
      ""ID_INSERT"" : ""최재현"",
      ""DTS_INSERT"" : ""20260202151859"",
      ""DT_USE"" : """",
      ""DT_STR_EXP"" : ""20260201"",
      ""DT_ISSUE"" : ""20260202"",
      ""DT_END_EXP"" : ""20270131"",
      ""DS_MON_EXP"" : 0,
      ""CD_TYPE_DAY_EXP"" : ""02"",
      ""CD_TYPE_COUPON"" : ""03"",
      ""CD_STAT_COUPON"" : ""02"",
      ""CD_BRAND"" : ""01"",
      ""AM_DISC"" : 100000
    } ]
  },
  ""code"" : 200
}"
a12JO000000MCaSYAW,2026-05-08T04:43:43.000+0000,GdSaleApiControllerV1,/gd/v1/sale,"{""AccountId"":""1000"",""StoreCode__c"":""99998"",""MemberNo__c"":""103006200153"",""SaleNo__c"":""SAL202605080128"",""ActualPaymentAmount__c"":1000000.0,""EndDate"":""20260508"",""SaleStatus__c"":""01"",""PromotionNo__c"":""PRO202605031078"",""OrderItem"":[{""SaleSeqNo__c"":""1"",""OrderNo__c"":null,""ProductCode"":""2A2600001"",""Quantity"":1,""isExclude"":false,""NetSalesUnitPrice__c"":500000.0000,""DiscountRate__c"":0.0000},{""SaleSeqNo__c"":""2"",""OrderNo__c"":null,""ProductCode"":""3A2600005"",""Quantity"":1,""isExclude"":false,""NetSalesUnitPrice__c"":500000.0000,""DiscountRate__c"":0.0000}],""TransactionJournal"":[{""DepositNo__c"":""DEP202605080118"",""DeposiSeqNo__c"":""1"",""ActivityDate"":""20260508"",""PaymentMethod"":""01"",""DepositType__c"":""02"",""TransactionAmount"":1000000.0000,""CouponNo"":"""",""OrderNo__c"":null}]}","{
  ""success"" : true,
  ""message"" : ""판매 등록 완료"",
  ""data"" : {
    ""CreditPointList"" : [ {
      ""TX_REMARK"" : ""구매포인트|11cJO000001BAZlYAO|2.00"",
      ""PT_TARGET"" : 20000.00,
      ""NO_SAL"" : null,
      ""NO_PROM_MBR"" : ""PRO202605031078"",
      ""NO_MBR"" : ""103006200153"",
      ""NO_GRADE_ADVAN"" : ""04"",
      ""ID_INSERT"" : null,
      ""DTS_INSERT"" : ""2026-05-08 13:43:43"",
      ""DT_SAVE_PLAN"" : null,
      ""DT_LIMIT_START"" : ""2026-05-08 09:00:00"",
      ""DT_LIMIT_END"" : ""2028-05-08"",
      ""DT_DESTROY_PLAN"" : ""2028-05-09"",
      ""CD_TYPE_SAVE"" : ""Credit"",
      ""CD_TYPE_POINT"" : ""01"",
      ""CD_JOURNAL"" : ""05wJO0000004CU1YAM"",
      ""AM_SAL"" : 1000000.0
    } ],
    ""oiList"" : [ {
      ""attributes"" : {
        ""type"" : ""OrderItem"",
        ""url"" : ""/services/data/v66.0/sobjects/OrderItem/802JO0000052p2pYAA""
      },
      ""OrderId"" : ""801JO00000IA54QYAT"",
      ""PricebookEntryId"" : ""01uJO000001R0w4YAC"",
      ""Quantity"" : 1,
      ""UnitPrice"" : 500000,
      ""SaleSeqNo__c"" : ""1"",
      ""SaleItemNo__c"" : ""801JO00000IA54QYAT-1"",
      ""IsExclude__c"" : false,
      ""NetSalesUnitPrice__c"" : 500000.0000,
      ""DiscountRate__c"" : 0.0000,
      ""Id"" : ""802JO0000052p2pYAA""
    }, {
      ""attributes"" : {
        ""type"" : ""OrderItem"",
        ""url"" : ""/services/data/v66.0/sobjects/OrderItem/802JO0000052p2qYAA""
      },
      ""OrderId"" : ""801JO00000IA54QYAT"",
      ""PricebookEntryId"" : ""01uJO000001RG0OYAW"",
      ""Quantity"" : 1,
      ""UnitPrice"" : 500000,
      ""SaleSeqNo__c"" : ""2"",
      ""SaleItemNo__c"" : ""801JO00000IA54QYAT-2"",
      ""IsExclude__c"" : false,
      ""NetSalesUnitPrice__c"" : 500000.0000,
      ""DiscountRate__c"" : 0.0000,
      ""Id"" : ""802JO0000052p2qYAA""
    } ],
    ""storeType"" : ""09"",
    ""storeTypeFour"" : ""NULL"",
    ""orderId"" : ""801JO00000IA54QYAT"",
    ""TransactionJournal"" : [ {
      ""OrderNo__c"" : null,
      ""CouponNo"" : """",
      ""TransactionAmount"" : 1000000.0000,
      ""DepositType__c"" : ""02"",
      ""PaymentMethod"" : ""01"",
      ""ActivityDate"" : ""20260508"",
      ""DeposiSeqNo__c"" : ""1"",
      ""DepositNo__c"" : ""DEP202605080118""
    } ],
    ""OrderItem"" : [ {
      ""DiscountRate__c"" : 0.0000,
      ""NetSalesUnitPrice__c"" : 500000.0000,
      ""isExclude"" : false,
      ""Quantity"" : 1,
      ""ProductCode"" : ""2A2600001"",
      ""OrderNo__c"" : null,
      ""SaleSeqNo__c"" : ""1""
    }, {
      ""DiscountRate__c"" : 0.0000,
      ""NetSalesUnitPrice__c"" : 500000.0000,
      ""isExclude"" : false,
      ""Quantity"" : 1,
      ""ProductCode"" : ""3A2600005"",
      ""OrderNo__c"" : null,
      ""SaleSeqNo__c"" : ""2""
    } ],
    ""PromotionNo__c"" : ""PRO202605031078"",
    ""SaleStatus__c"" : ""01"",
    ""EndDate"" : ""20260508"",
    ""ActualPaymentAmount__c"" : 1000000.0,
    ""SaleNo__c"" : ""SAL202605080128"",
    ""MemberNo__c"" : ""103006200153"",
    ""StoreCode__c"" : ""99998"",
    ""AccountId"" : ""1000""
  },
  ""code"" : 200
}"
a12JO000000MCguYAG,2026-05-08T04:47:06.000+0000,GdReturnApiControllerV1,/gd/v1/return,"{""SaleNo__c"":""SAL202605080130"",""OriginalOrderId"":""SAL202605080128"",""ActualPaymentAmount__c"":500000.0,""OrderItem"":[{""SaleSeqNo__c"":""1"",""OrderNo__c"":null,""ProductCode"":""2A2600001"",""Quantity"":-1,""isExclude"":false,""NetSalesUnitPrice__c"":500000.0000,""DiscountRate__c"":0.0000}],""TransactionJournal"":[{""DepositNo__c"":""DEP202605080124"",""DeposiSeqNo__c"":""1"",""ActivityDate"":""20260508"",""PaymentMethod"":""01"",""DepositType__c"":""03"",""TransactionAmount"":500000.0000,""CouponNo"":"""",""OrderNo__c"":null}]}","{
  ""success"" : true,
  ""message"" : ""반품 등록 완료"",
  ""data"" : {
    ""CancelPointsCreditedList"" : [ {
      ""PT_USE"" : 10000.00,
      ""NO_SAL_RTN"" : null,
      ""NO_SAL"" : ""SAL202605080128"",
      ""NO_MBR"" : ""103006200153"",
      ""ID_INSERT"" : null,
      ""DTS_INSERT"" : ""2026-05-08 13:47:06"",
      ""CD_TYPE_POINT"" : ""01"",
      ""CD_RESON"" : ""6"",
      ""CD_LEDGER"" : ""05wJO0000004CVdYAM"",
      ""CD_JOURNAL"" : ""05wJO0000004CU1YAM"",
      ""AM_SAL"" : null
    } ],
    ""originalOrderId"" : ""801JO00000IA54QYAT"",
    ""orderId"" : ""801JO00000IACaEYAX"",
    ""TransactionJournal"" : [ {
      ""OrderNo__c"" : null,
      ""CouponNo"" : """",
      ""TransactionAmount"" : 500000.0000,
      ""DepositType__c"" : ""03"",
      ""PaymentMethod"" : ""01"",
      ""ActivityDate"" : ""20260508"",
      ""DeposiSeqNo__c"" : ""1"",
      ""DepositNo__c"" : ""DEP202605080124""
    } ],
    ""OrderItem"" : [ {
      ""DiscountRate__c"" : 0.0000,
      ""NetSalesUnitPrice__c"" : 500000.0000,
      ""isExclude"" : false,
      ""Quantity"" : -1,
      ""ProductCode"" : ""2A2600001"",
      ""OrderNo__c"" : null,
      ""SaleSeqNo__c"" : ""1""
    } ],
    ""ActualPaymentAmount__c"" : 500000.0,
    ""OriginalOrderId"" : ""SAL202605080128"",
    ""SaleNo__c"" : ""SAL202605080130""
  },
  ""code"" : 200
}"
a12JO000000MD0DYAW,2026-05-08T04:52:47.000+0000,GdPointDebitApiControllerV1,"{""SaleNo__c"":""SAL202605080073""}",,"{
  ""success"" : true,
  ""message"" : ""사용한 포인트 조회 성공"",
  ""data"" : {
    ""DebitPointList"" : [ {
      ""PT_USE"" : 50000.00,
      ""NO_SAL_RTN"" : null,
      ""NO_SAL"" : ""SAL202605080073"",
      ""NO_MBR"" : ""103006200153"",
      ""NO_DEPOSIT"" : ""DEP202605080031"",
      ""ID_INSERT"" : null,
      ""DTS_INSERT"" : ""20260508105852"",
      ""CD_TYPE_POINT"" : ""11cJO000001BAUvYAO"",
      ""CD_RESON"" : ""1"",
      ""CD_LEDGER"" : ""05wJO0000004BEbYAM"",
      ""CD_JOURNAL"" : ""05wJO0000004AAVYA2"",
      ""AM_SAL"" : 1000000.0000
    } ]
  },
  ""code"" : 200
}"
a12JO000000M6IBYA0,2026-05-08T04:53:21.000+0000,GdReturnApiControllerV1,/gd/v1/return,"{""SaleNo__c"":""SAL202605080133"",""OriginalOrderId"":""SAL202605080073"",""ActualPaymentAmount__c"":1000000.0,""OrderItem"":[{""SaleSeqNo__c"":""1"",""OrderNo__c"":null,""ProductCode"":""2A2600001"",""Quantity"":-1,""isExclude"":false,""NetSalesUnitPrice__c"":500000.0000,""DiscountRate__c"":0.0000},{""SaleSeqNo__c"":""2"",""OrderNo__c"":null,""ProductCode"":""3A2600005"",""Quantity"":-1,""isExclude"":false,""NetSalesUnitPrice__c"":500000.0000,""DiscountRate__c"":0.0000}],""TransactionJournal"":[{""DepositNo__c"":""DEP202605080127"",""DeposiSeqNo__c"":""1"",""ActivityDate"":""20260508"",""PaymentMethod"":""90"",""DepositType__c"":""03"",""TransactionAmount"":50000.0000,""CouponNo"":""COP2026MY0005;-;HR05VOP7"",""OrderNo__c"":null},{""DepositNo__c"":""DEP202605080127"",""DeposiSeqNo__c"":""2"",""ActivityDate"":""20260508"",""PaymentMethod"":""81"",""DepositType__c"":""03"",""TransactionAmount"":50000.0000,""CouponNo"":"""",""OrderNo__c"":null},{""DepositNo__c"":""DEP202605080127"",""DeposiSeqNo__c"":""3"",""ActivityDate"":""20260508"",""PaymentMethod"":""01"",""DepositType__c"":""03"",""TransactionAmount"":900000.0000,""CouponNo"":"""",""OrderNo__c"":null}]}","{
  ""success"" : true,
  ""message"" : ""반품 등록 완료"",
  ""data"" : {
    ""CancelPointsCreditedList"" : [ {
      ""PT_USE"" : 18000.00,
      ""NO_SAL_RTN"" : null,
      ""NO_SAL"" : ""SAL202605080073"",
      ""NO_MBR"" : ""103006200153"",
      ""ID_INSERT"" : null,
      ""DTS_INSERT"" : ""2026-05-08 13:53:20"",
      ""CD_TYPE_POINT"" : ""01"",
      ""CD_RESON"" : ""6"",
      ""CD_LEDGER"" : ""05wJO0000004CaUYAU"",
      ""CD_JOURNAL"" : ""05wJO0000004BEcYAM"",
      ""AM_SAL"" : null
    }, {
      ""PT_USE"" : 27000.00,
      ""NO_SAL_RTN"" : null,
      ""NO_SAL"" : ""SAL202605080073"",
      ""NO_MBR"" : ""103006200153"",
      ""ID_INSERT"" : null,
      ""DTS_INSERT"" : ""2026-05-08 13:53:20"",
      ""CD_TYPE_POINT"" : ""06"",
      ""CD_RESON"" : ""6"",
      ""CD_LEDGER"" : ""05wJO0000004CaVYAU"",
      ""CD_JOURNAL"" : ""05wJO0000004BEdYAM"",
      ""AM_SAL"" : null
    }, {
      ""PT_USE"" : 18000.00,
      ""NO_SAL_RTN"" : null,
      ""NO_SAL"" : ""SAL202605080073"",
      ""NO_MBR"" : ""103006200153"",
      ""ID_INSERT"" : null,
      ""DTS_INSERT"" : ""2026-05-08 13:53:21"",
      ""CD_TYPE_POINT"" : ""07"",
      ""CD_RESON"" : ""6"",
      ""CD_LEDGER"" : ""05wJO0000004CaWYAU"",
      ""CD_JOURNAL"" : ""05wJO0000004BEeYAM"",
      ""AM_SAL"" : null
    } ],
    ""CancelPointList"" : {
      ""RecreditPointList"" : [ {
        ""ExpiryDate"" : ""2028-05-01"",
        ""Name"" : ""기타포인트"",
        ""Point"" : 50000.0000
      } ]
    },
    ""originalOrderId"" : ""801JO00000IA0e0YAD"",
    ""orderId"" : ""801JO00000I9jLgYAJ"",
    ""TransactionJournal"" : [ {
      ""OrderNo__c"" : null,
      ""CouponNo"" : ""COP2026MY0005;-;HR05VOP7"",
      ""TransactionAmount"" : 50000.0000,
      ""DepositType__c"" : ""03"",
      ""PaymentMethod"" : ""90"",
      ""ActivityDate"" : ""20260508"",
      ""DeposiSeqNo__c"" : ""1"",
      ""DepositNo__c"" : ""DEP202605080127""
    }, {
      ""OrderNo__c"" : null,
      ""CouponNo"" : """",
      ""TransactionAmount"" : 50000.0000,
      ""DepositType__c"" : ""03"",
      ""PaymentMethod"" : ""81"",
      ""ActivityDate"" : ""20260508"",
      ""DeposiSeqNo__c"" : ""2"",
      ""DepositNo__c"" : ""DEP202605080127""
    }, {
      ""OrderNo__c"" : null,
      ""CouponNo"" : """",
      ""TransactionAmount"" : 900000.0000,
      ""DepositType__c"" : ""03"",
      ""PaymentMethod"" : ""01"",
      ""ActivityDate"" : ""20260508"",
      ""DeposiSeqNo__c"" : ""3"",
      ""DepositNo__c"" : ""DEP202605080127""
    } ],
    ""OrderItem"" : [ {
      ""DiscountRate__c"" : 0.0000,
      ""NetSalesUnitPrice__c"" : 500000.0000,
      ""isExclude"" : false,
      ""Quantity"" : -1,
      ""ProductCode"" : ""2A2600001"",
      ""OrderNo__c"" : null,
      ""SaleSeqNo__c"" : ""1""
    }, {
      ""DiscountRate__c"" : 0.0000,
      ""NetSalesUnitPrice__c"" : 500000.0000,
      ""isExclude"" : false,
      ""Quantity"" : -1,
      ""ProductCode"" : ""3A2600005"",
      ""OrderNo__c"" : null,
      ""SaleSeqNo__c"" : ""2""
    } ],
    ""ActualPaymentAmount__c"" : 1000000.0,
    ""OriginalOrderId"" : ""SAL202605080073"",
    ""SaleNo__c"" : ""SAL202605080133""
  },
  ""code"" : 200
}"
a12JO000000MCLuYAO,2026-05-08T05:00:19.000+0000,ErpAsyncJob,callout:GoldenDewApiNC/Crm/CouponDetail,"{""couponDetailModels"":[{""no_mbr"":""103006200153"",""no_man_coupon_mil"":""00217434"",""no_man_coupon"":""COP2026MY0005"",""id_insert"":""milvus""}]}",
a12JO000000M7KiYAK,2026-05-08T05:01:05.000+0000,GdPointHelpApiControllerV1,/gd/v1/point/help,"{""StoreCode__c"":""99998"",""MemberNo__c"":""103006200153"",""Type"":null,""PromotionNo__c"":""PRO202604161047"",""OrderDate"":""20260508"",""SaleNo__c"":""""}","{
  ""success"" : true,
  ""message"" : ""포인트 적용 조회 성공"",
  ""data"" : {
    ""pointList"" : [ {
      ""points"" : 29000,
      ""CD_TYPE_POINT"" : ""01""
    }, {
      ""points"" : 536152,
      ""CD_TYPE_POINT"" : ""04""
    } ]
  },
  ""code"" : 200
}"
a12JO000000MBIfYAO,2026-05-08T05:01:10.000+0000,GdVoucherHelpApiControllerV1,/gd/v1/voucher/help,"{""StoreCode__c"":""99998"",""MemberNo__c"":""103006200153"",""ActualPaymentAmount__c"":1000000.0,""OrderStatus__c"":null,""Type"":""02"",""PromotionNo__c"":""PRO202604161047"",""OrderItem"":[{""OrderSeqNo__c"":null,""Status__c"":null,""ProductCode"":""2A2600001"",""Quantity"":1,""isExclude"":null,""NetSalesUnitPrice__c"":0.0,""DiscountRate__c"":0.0},{""OrderSeqNo__c"":null,""Status__c"":null,""ProductCode"":""3A2600005"",""Quantity"":1,""isExclude"":null,""NetSalesUnitPrice__c"":0.0,""DiscountRate__c"":0.0}],""TransactionJournal"":null}","{
  ""success"" : true,
  ""message"" : ""사용 가능한 쿠폰 조회 성공"",
  ""data"" : {
    ""voucherList"" : [ {
      ""TX_COUPON"" : ""202509_SVIP회원_생일쿠폰"",
      ""RT_DISC"" : 0,
      ""NO_MAN_COUPON"" : ""COP2025AG0015"",
      ""NO_COUPON"" : ""01"",
      ""NM_RESPON"" : ""최재현"",
      ""NM_DEPT"" : ""IMC팀"",
      ""NM_COUPON"" : ""202509_SVIP회원_생일쿠폰"",
      ""ID_INSERT"" : ""쿠폰자동발급"",
      ""DTS_INSERT"" : ""20250901070004"",
      ""DT_USE"" : """",
      ""DT_STR_EXP"" : ""20250901"",
      ""DT_ISSUE"" : ""20250901"",
      ""DT_END_EXP"" : ""20260831"",
      ""DS_MON_EXP"" : 0,
      ""CD_TYPE_DAY_EXP"" : ""02"",
      ""CD_TYPE_COUPON"" : ""03"",
      ""CD_STAT_COUPON"" : ""02"",
      ""CD_BRAND"" : ""01"",
      ""AM_DISC"" : 100000
    }, {
      ""TX_COUPON"" : ""10%할인_SVIP특별바우처2"",
      ""RT_DISC"" : 10,
      ""NO_MAN_COUPON"" : ""COP2026JA0018"",
      ""NO_COUPON"" : ""36"",
      ""NM_RESPON"" : ""최재현"",
      ""NM_DEPT"" : ""IMC팀"",
      ""NM_COUPON"" : ""10%할인_SVIP특별바우처2 (2)"",
      ""ID_INSERT"" : ""최재현"",
      ""DTS_INSERT"" : ""20260202144916"",
      ""DT_USE"" : """",
      ""DT_STR_EXP"" : ""20260201"",
      ""DT_ISSUE"" : ""20260202"",
      ""DT_END_EXP"" : ""20270131"",
      ""DS_MON_EXP"" : 0,
      ""CD_TYPE_DAY_EXP"" : ""02"",
      ""CD_TYPE_COUPON"" : ""03"",
      ""CD_STAT_COUPON"" : ""02"",
      ""CD_BRAND"" : ""01"",
      ""AM_DISC"" : 0
    }, {
      ""TX_COUPON"" : ""10%할인_SVIP특별바우처3"",
      ""RT_DISC"" : 10,
      ""NO_MAN_COUPON"" : ""COP2026JA0019"",
      ""NO_COUPON"" : ""36"",
      ""NM_RESPON"" : ""최재현"",
      ""NM_DEPT"" : ""IMC팀"",
      ""NM_COUPON"" : ""10%할인_SVIP특별바우처3 (2)"",
      ""ID_INSERT"" : ""최재현"",
      ""DTS_INSERT"" : ""20260202145016"",
      ""DT_USE"" : """",
      ""DT_STR_EXP"" : ""20260201"",
      ""DT_ISSUE"" : ""20260202"",
      ""DT_END_EXP"" : ""20270131"",
      ""DS_MON_EXP"" : 0,
      ""CD_TYPE_DAY_EXP"" : ""02"",
      ""CD_TYPE_COUPON"" : ""03"",
      ""CD_STAT_COUPON"" : ""02"",
      ""CD_BRAND"" : ""01"",
      ""AM_DISC"" : 0
    }, {
      ""TX_COUPON"" : ""2026_SVIP_승격축하쿠폰"",
      ""RT_DISC"" : 0,
      ""NO_MAN_COUPON"" : ""COP2026JA0028"",
      ""NO_COUPON"" : ""36"",
      ""NM_RESPON"" : ""최재현"",
      ""NM_DEPT"" : ""IMC팀"",
      ""NM_COUPON"" : ""2026_SVIP_승격축하쿠폰"",
      ""ID_INSERT"" : ""최재현"",
      ""DTS_INSERT"" : ""20260202151859"",
      ""DT_USE"" : """",
      ""DT_STR_EXP"" : ""20260201"",
      ""DT_ISSUE"" : ""20260202"",
      ""DT_END_EXP"" : ""20270131"",
      ""DS_MON_EXP"" : 0,
      ""CD_TYPE_DAY_EXP"" : ""02"",
      ""CD_TYPE_COUPON"" : ""03"",
      ""CD_STAT_COUPON"" : ""02"",
      ""CD_BRAND"" : ""01"",
      ""AM_DISC"" : 100000
    }, {
      ""TX_COUPON"" : """",
      ""RT_DISC"" : 0,
      ""NO_MAN_COUPON"" : ""COP2026MY0005"",
      ""NO_COUPON"" : ""HR05VOP7"",
      ""NM_RESPON"" : ""밀버스"",
      ""NM_DEPT"" : ""밀버스"",
      ""NM_COUPON"" : ""[TEST] 정액_5만원"",
      ""ID_INSERT"" : ""milvus"",
      ""DTS_INSERT"" : ""20260508105608"",
      ""DT_USE"" : """",
      ""DT_STR_EXP"" : ""20260501"",
      ""DT_ISSUE"" : ""20260508"",
      ""DT_END_EXP"" : ""20260531"",
      ""DS_MON_EXP"" : 0,
      ""CD_TYPE_DAY_EXP"" : ""02"",
      ""CD_TYPE_COUPON"" : ""03"",
      ""CD_STAT_COUPON"" : ""02"",
      ""CD_BRAND"" : ""01"",
      ""AM_DISC"" : 50000
    }, {
      ""TX_COUPON"" : """",
      ""RT_DISC"" : 0,
      ""NO_MAN_COUPON"" : ""COP2026MY0005"",
      ""NO_COUPON"" : ""RD8OKRIG"",
      ""NM_RESPON"" : ""밀버스"",
      ""NM_DEPT"" : ""밀버스"",
      ""NM_COUPON"" : ""[TEST] 정액_5만원"",
      ""ID_INSERT"" : ""milvus"",
      ""DTS_INSERT"" : ""20260508140018"",
      ""DT_USE"" : """",
      ""DT_STR_EXP"" : ""20260501"",
      ""DT_ISSUE"" : ""20260508"",
      ""DT_END_EXP"" : ""20260531"",
      ""DS_MON_EXP"" : 0,
      ""CD_TYPE_DAY_EXP"" : ""02"",
      ""CD_TYPE_COUPON"" : ""03"",
      ""CD_STAT_COUPON"" : ""02"",
      ""CD_BRAND"" : ""01"",
      ""AM_DISC"" : 50000
    } ]
  },
  ""code"" : 200
}"
a12JO000000MCAhYAO,2026-05-08T05:01:29.000+0000,GdSaleApiControllerV1,/gd/v1/sale,"{""AccountId"":""1000"",""StoreCode__c"":""99998"",""MemberNo__c"":""103006200153"",""SaleNo__c"":""SAL202605080137"",""ActualPaymentAmount__c"":1000000.0,""EndDate"":""20260508"",""SaleStatus__c"":""01"",""PromotionNo__c"":""PRO202604161047"",""OrderItem"":[{""SaleSeqNo__c"":""1"",""OrderNo__c"":null,""ProductCode"":""2A2600001"",""Quantity"":1,""isExclude"":false,""NetSalesUnitPrice__c"":500000.0000,""DiscountRate__c"":0.0000},{""SaleSeqNo__c"":""2"",""OrderNo__c"":null,""ProductCode"":""3A2600005"",""Quantity"":1,""isExclude"":false,""NetSalesUnitPrice__c"":500000.0000,""DiscountRate__c"":0.0000}],""TransactionJournal"":[{""DepositNo__c"":""DEP202605080133"",""DeposiSeqNo__c"":""1"",""ActivityDate"":""20260508"",""PaymentMethod"":""01"",""DepositType__c"":""02"",""TransactionAmount"":900000.0000,""CouponNo"":"""",""OrderNo__c"":null},{""DepositNo__c"":""DEP202605080133"",""DeposiSeqNo__c"":""2"",""ActivityDate"":""20260508"",""PaymentMethod"":""81"",""DepositType__c"":""02"",""TransactionAmount"":50000.0000,""CouponNo"":"""",""OrderNo__c"":null},{""DepositNo__c"":""DEP202605080133"",""DeposiSeqNo__c"":""3"",""ActivityDate"":""20260508"",""PaymentMethod"":""90"",""DepositType__c"":""02"",""TransactionAmount"":50000.0000,""CouponNo"":""COP2026MY0005;-;HR05VOP7"",""OrderNo__c"":null}]}","{
  ""success"" : true,
  ""message"" : ""판매 등록 완료"",
  ""data"" : {
    ""CreditPointList"" : [ {
      ""TX_REMARK"" : ""구매포인트|11cJO000001BAZlYAO|2.00"",
      ""PT_TARGET"" : 18000.00,
      ""NO_SAL"" : null,
      ""NO_PROM_MBR"" : ""PRO202604161047"",
      ""NO_MBR"" : ""103006200153"",
      ""NO_GRADE_ADVAN"" : ""04"",
      ""ID_INSERT"" : null,
      ""DTS_INSERT"" : ""2026-05-08 14:01:27"",
      ""DT_SAVE_PLAN"" : null,
      ""DT_LIMIT_START"" : ""2026-05-08 09:00:00"",
      ""DT_LIMIT_END"" : ""2028-05-08"",
      ""DT_DESTROY_PLAN"" : ""2028-05-09"",
      ""CD_TYPE_SAVE"" : ""Credit"",
      ""CD_TYPE_POINT"" : ""01"",
      ""CD_JOURNAL"" : ""05wJO0000004CfKYAU"",
      ""AM_SAL"" : 1000000.0
    }, {
      ""TX_REMARK"" : ""사은포인트|11cJO000001BAY9YAO|3.00"",
      ""PT_TARGET"" : 27000.00,
      ""NO_SAL"" : null,
      ""NO_PROM_MBR"" : ""PRO202604161047"",
      ""NO_MBR"" : ""103006200153"",
      ""NO_GRADE_ADVAN"" : ""04"",
      ""ID_INSERT"" : null,
      ""DTS_INSERT"" : ""2026-05-08 14:01:27"",
      ""DT_SAVE_PLAN"" : null,
      ""DT_LIMIT_START"" : ""2026-05-08 09:00:00"",
      ""DT_LIMIT_END"" : ""2028-05-08"",
      ""DT_DESTROY_PLAN"" : ""2028-05-09"",
      ""CD_TYPE_SAVE"" : ""Credit"",
      ""CD_TYPE_POINT"" : ""01"",
      ""CD_JOURNAL"" : ""05wJO0000004CfLYAU"",
      ""AM_SAL"" : 1000000.0
    }, {
      ""TX_REMARK"" : ""이벤트포인트|11cJO000001nThpYAE|2.00"",
      ""PT_TARGET"" : 18000.00,
      ""NO_SAL"" : null,
      ""NO_PROM_MBR"" : ""PRO202604161047"",
      ""NO_MBR"" : ""103006200153"",
      ""NO_GRADE_ADVAN"" : ""04"",
      ""ID_INSERT"" : null,
      ""DTS_INSERT"" : ""2026-05-08 14:01:28"",
      ""DT_SAVE_PLAN"" : null,
      ""DT_LIMIT_START"" : ""2026-05-08 09:00:00"",
      ""DT_LIMIT_END"" : ""2028-05-08"",
      ""DT_DESTROY_PLAN"" : ""2028-05-09"",
      ""CD_TYPE_SAVE"" : ""Credit"",
      ""CD_TYPE_POINT"" : ""07"",
      ""CD_JOURNAL"" : ""05wJO0000004CfMYAU"",
      ""AM_SAL"" : 1000000.0
    }, {
      ""TX_REMARK"" : ""이벤트포인트|11cJO000001nThpYAE|3.00"",
      ""PT_TARGET"" : 27000.00,
      ""NO_SAL"" : null,
      ""NO_PROM_MBR"" : ""PRO202604161047"",
      ""NO_MBR"" : ""103006200153"",
      ""NO_GRADE_ADVAN"" : ""04"",
      ""ID_INSERT"" : null,
      ""DTS_INSERT"" : ""2026-05-08 14:01:28"",
      ""DT_SAVE_PLAN"" : null,
      ""DT_LIMIT_START"" : ""2026-05-08 09:00:00"",
      ""DT_LIMIT_END"" : ""2028-05-08"",
      ""DT_DESTROY_PLAN"" : ""2028-05-09"",
      ""CD_TYPE_SAVE"" : ""Credit"",
      ""CD_TYPE_POINT"" : ""07"",
      ""CD_JOURNAL"" : ""05wJO0000004CfNYAU"",
      ""AM_SAL"" : 1000000.0
    } ],
    ""DebitPointList"" : [ {
      ""PT_USE"" : 50000.00,
      ""NO_SAL_RTN"" : null,
      ""NO_SAL"" : ""SAL202605080137"",
      ""NO_MBR"" : ""103006200153"",
      ""ID_INSERT"" : null,
      ""DTS_INSERT"" : ""2026-05-08 14:01:27"",
      ""CD_TYPE_POINT"" : ""04"",
      ""CD_RESON"" : ""1"",
      ""CD_LEDGER"" : ""05wJO0000004CfJYAU"",
      ""CD_JOURNAL"" : ""05wJO0000004AAVYA2"",
      ""AM_SAL"" : 1000000.0
    } ],
    ""oiList"" : [ {
      ""attributes"" : {
        ""type"" : ""OrderItem"",
        ""url"" : ""/services/data/v66.0/sobjects/OrderItem/802JO0000052nwVYAQ""
      },
      ""OrderId"" : ""801JO00000IA4bAYAT"",
      ""PricebookEntryId"" : ""01uJO000001R0w4YAC"",
      ""Quantity"" : 1,
      ""UnitPrice"" : 500000,
      ""SaleSeqNo__c"" : ""1"",
      ""SaleItemNo__c"" : ""801JO00000IA4bAYAT-1"",
      ""IsExclude__c"" : false,
      ""NetSalesUnitPrice__c"" : 500000.0000,
      ""DiscountRate__c"" : 0.0000,
      ""Id"" : ""802JO0000052nwVYAQ""
    }, {
      ""attributes"" : {
        ""type"" : ""OrderItem"",
        ""url"" : ""/services/data/v66.0/sobjects/OrderItem/802JO0000052nwWYAQ""
      },
      ""OrderId"" : ""801JO00000IA4bAYAT"",
      ""PricebookEntryId"" : ""01uJO000001RG0OYAW"",
      ""Quantity"" : 1,
      ""UnitPrice"" : 500000,
      ""SaleSeqNo__c"" : ""2"",
      ""SaleItemNo__c"" : ""801JO00000IA4bAYAT-2"",
      ""IsExclude__c"" : false,
      ""NetSalesUnitPrice__c"" : 500000.0000,
      ""DiscountRate__c"" : 0.0000,
      ""Id"" : ""802JO0000052nwWYAQ""
    } ],
    ""storeType"" : ""09"",
    ""storeTypeFour"" : ""NULL"",
    ""orderId"" : ""801JO00000IA4bAYAT"",
    ""TransactionJournal"" : [ {
      ""OrderNo__c"" : null,
      ""CouponNo"" : """",
      ""TransactionAmount"" : 900000.0000,
      ""DepositType__c"" : ""02"",
      ""PaymentMethod"" : ""01"",
      ""ActivityDate"" : ""20260508"",
      ""DeposiSeqNo__c"" : ""1"",
      ""DepositNo__c"" : ""DEP202605080133""
    }, {
      ""OrderNo__c"" : null,
      ""CouponNo"" : """",
      ""TransactionAmount"" : 50000.0000,
      ""DepositType__c"" : ""02"",
      ""PaymentMethod"" : ""81"",
      ""ActivityDate"" : ""20260508"",
      ""DeposiSeqNo__c"" : ""2"",
      ""DepositNo__c"" : ""DEP202605080133""
    }, {
      ""OrderNo__c"" : null,
      ""CouponNo"" : ""COP2026MY0005;-;HR05VOP7"",
      ""TransactionAmount"" : 50000.0000,
      ""DepositType__c"" : ""02"",
      ""PaymentMethod"" : ""90"",
      ""ActivityDate"" : ""20260508"",
      ""DeposiSeqNo__c"" : ""3"",
      ""DepositNo__c"" : ""DEP202605080133""
    } ],
    ""OrderItem"" : [ {
      ""DiscountRate__c"" : 0.0000,
      ""NetSalesUnitPrice__c"" : 500000.0000,
      ""isExclude"" : false,
      ""Quantity"" : 1,
      ""ProductCode"" : ""2A2600001"",
      ""OrderNo__c"" : null,
      ""SaleSeqNo__c"" : ""1""
    }, {
      ""DiscountRate__c"" : 0.0000,
      ""NetSalesUnitPrice__c"" : 500000.0000,
      ""isExclude"" : false,
      ""Quantity"" : 1,
      ""ProductCode"" : ""3A2600005"",
      ""OrderNo__c"" : null,
      ""SaleSeqNo__c"" : ""2""
    } ],
    ""PromotionNo__c"" : ""PRO202604161047"",
    ""SaleStatus__c"" : ""01"",
    ""EndDate"" : ""20260508"",
    ""ActualPaymentAmount__c"" : 1000000.0,
    ""SaleNo__c"" : ""SAL202605080137"",
    ""MemberNo__c"" : ""103006200153"",
    ""StoreCode__c"" : ""99998"",
    ""AccountId"" : ""1000""
  },
  ""code"" : 200
}"
a12JO000000MDTFYA4,2026-05-08T05:05:56.000+0000,GdVoucherHelpApiControllerV1,/gd/v1/voucher/help,"{""StoreCode__c"":""99998"",""MemberNo__c"":""103006200153"",""ActualPaymentAmount__c"":1000000.0,""OrderStatus__c"":null,""Type"":""02"",""PromotionNo__c"":""PRO202604161047"",""OrderItem"":[{""OrderSeqNo__c"":null,""Status__c"":null,""ProductCode"":""2A2600001"",""Quantity"":1,""isExclude"":null,""NetSalesUnitPrice__c"":0.0,""DiscountRate__c"":0.0},{""OrderSeqNo__c"":null,""Status__c"":null,""ProductCode"":""3A2600005"",""Quantity"":1,""isExclude"":null,""NetSalesUnitPrice__c"":0.0,""DiscountRate__c"":0.0}],""TransactionJournal"":null}","{
  ""success"" : true,
  ""message"" : ""사용 가능한 쿠폰 조회 성공"",
  ""data"" : {
    ""voucherList"" : [ {
      ""TX_COUPON"" : ""202509_SVIP회원_생일쿠폰"",
      ""RT_DISC"" : 0,
      ""NO_MAN_COUPON"" : ""COP2025AG0015"",
      ""NO_COUPON"" : ""01"",
      ""NM_RESPON"" : ""최재현"",
      ""NM_DEPT"" : ""IMC팀"",
      ""NM_COUPON"" : ""202509_SVIP회원_생일쿠폰"",
      ""ID_INSERT"" : ""쿠폰자동발급"",
      ""DTS_INSERT"" : ""20250901070004"",
      ""DT_USE"" : """",
      ""DT_STR_EXP"" : ""20250901"",
      ""DT_ISSUE"" : ""20250901"",
      ""DT_END_EXP"" : ""20260831"",
      ""DS_MON_EXP"" : 0,
      ""CD_TYPE_DAY_EXP"" : ""02"",
      ""CD_TYPE_COUPON"" : ""03"",
      ""CD_STAT_COUPON"" : ""02"",
      ""CD_BRAND"" : ""01"",
      ""AM_DISC"" : 100000
    }, {
      ""TX_COUPON"" : ""10%할인_SVIP특별바우처2"",
      ""RT_DISC"" : 10,
      ""NO_MAN_COUPON"" : ""COP2026JA0018"",
      ""NO_COUPON"" : ""36"",
      ""NM_RESPON"" : ""최재현"",
      ""NM_DEPT"" : ""IMC팀"",
      ""NM_COUPON"" : ""10%할인_SVIP특별바우처2 (2)"",
      ""ID_INSERT"" : ""최재현"",
      ""DTS_INSERT"" : ""20260202144916"",
      ""DT_USE"" : """",
      ""DT_STR_EXP"" : ""20260201"",
      ""DT_ISSUE"" : ""20260202"",
      ""DT_END_EXP"" : ""20270131"",
      ""DS_MON_EXP"" : 0,
      ""CD_TYPE_DAY_EXP"" : ""02"",
      ""CD_TYPE_COUPON"" : ""03"",
      ""CD_STAT_COUPON"" : ""02"",
      ""CD_BRAND"" : ""01"",
      ""AM_DISC"" : 0
    }, {
      ""TX_COUPON"" : ""10%할인_SVIP특별바우처3"",
      ""RT_DISC"" : 10,
      ""NO_MAN_COUPON"" : ""COP2026JA0019"",
      ""NO_COUPON"" : ""36"",
      ""NM_RESPON"" : ""최재현"",
      ""NM_DEPT"" : ""IMC팀"",
      ""NM_COUPON"" : ""10%할인_SVIP특별바우처3 (2)"",
      ""ID_INSERT"" : ""최재현"",
      ""DTS_INSERT"" : ""20260202145016"",
      ""DT_USE"" : """",
      ""DT_STR_EXP"" : ""20260201"",
      ""DT_ISSUE"" : ""20260202"",
      ""DT_END_EXP"" : ""20270131"",
      ""DS_MON_EXP"" : 0,
      ""CD_TYPE_DAY_EXP"" : ""02"",
      ""CD_TYPE_COUPON"" : ""03"",
      ""CD_STAT_COUPON"" : ""02"",
      ""CD_BRAND"" : ""01"",
      ""AM_DISC"" : 0
    }, {
      ""TX_COUPON"" : ""2026_SVIP_승격축하쿠폰"",
      ""RT_DISC"" : 0,
      ""NO_MAN_COUPON"" : ""COP2026JA0028"",
      ""NO_COUPON"" : ""36"",
      ""NM_RESPON"" : ""최재현"",
      ""NM_DEPT"" : ""IMC팀"",
      ""NM_COUPON"" : ""2026_SVIP_승격축하쿠폰"",
      ""ID_INSERT"" : ""최재현"",
      ""DTS_INSERT"" : ""20260202151859"",
      ""DT_USE"" : """",
      ""DT_STR_EXP"" : ""20260201"",
      ""DT_ISSUE"" : ""20260202"",
      ""DT_END_EXP"" : ""20270131"",
      ""DS_MON_EXP"" : 0,
      ""CD_TYPE_DAY_EXP"" : ""02"",
      ""CD_TYPE_COUPON"" : ""03"",
      ""CD_STAT_COUPON"" : ""02"",
      ""CD_BRAND"" : ""01"",
      ""AM_DISC"" : 100000
    }, {
      ""TX_COUPON"" : """",
      ""RT_DISC"" : 0,
      ""NO_MAN_COUPON"" : ""COP2026MY0005"",
      ""NO_COUPON"" : ""HR05VOP7"",
      ""NM_RESPON"" : ""밀버스"",
      ""NM_DEPT"" : ""밀버스"",
      ""NM_COUPON"" : ""[TEST] 정액_5만원"",
      ""ID_INSERT"" : ""milvus"",
      ""DTS_INSERT"" : ""20260508105608"",
      ""DT_USE"" : """",
      ""DT_STR_EXP"" : ""20260501"",
      ""DT_ISSUE"" : ""20260508"",
      ""DT_END_EXP"" : ""20260531"",
      ""DS_MON_EXP"" : 0,
      ""CD_TYPE_DAY_EXP"" : ""02"",
      ""CD_TYPE_COUPON"" : ""03"",
      ""CD_STAT_COUPON"" : ""02"",
      ""CD_BRAND"" : ""01"",
      ""AM_DISC"" : 50000
    }, {
      ""TX_COUPON"" : """",
      ""RT_DISC"" : 0,
      ""NO_MAN_COUPON"" : ""COP2026MY0005"",
      ""NO_COUPON"" : ""RD8OKRIG"",
      ""NM_RESPON"" : ""밀버스"",
      ""NM_DEPT"" : ""밀버스"",
      ""NM_COUPON"" : ""[TEST] 정액_5만원"",
      ""ID_INSERT"" : ""milvus"",
      ""DTS_INSERT"" : ""20260508140018"",
      ""DT_USE"" : """",
      ""DT_STR_EXP"" : ""20260501"",
      ""DT_ISSUE"" : ""20260508"",
      ""DT_END_EXP"" : ""20260531"",
      ""DS_MON_EXP"" : 0,
      ""CD_TYPE_DAY_EXP"" : ""02"",
      ""CD_TYPE_COUPON"" : ""03"",
      ""CD_STAT_COUPON"" : ""02"",
      ""CD_BRAND"" : ""01"",
      ""AM_DISC"" : 50000
    } ]
  },
  ""code"" : 200
}"
a12JO000000MDUsYAO,2026-05-08T05:06:44.000+0000,GdSaleApiControllerV1,/gd/v1/sale,"{""AccountId"":""1000"",""StoreCode__c"":""99998"",""MemberNo__c"":""103006200153"",""SaleNo__c"":""SAL202605080137"",""ActualPaymentAmount__c"":1000000.0,""EndDate"":""20260508"",""SaleStatus__c"":""01"",""PromotionNo__c"":""PRO202604161047"",""OrderItem"":[{""SaleSeqNo__c"":""1"",""OrderNo__c"":null,""ProductCode"":""2A2600001"",""Quantity"":1,""isExclude"":false,""NetSalesUnitPrice__c"":500000.0000,""DiscountRate__c"":0.0000},{""SaleSeqNo__c"":""2"",""OrderNo__c"":null,""ProductCode"":""3A2600005"",""Quantity"":1,""isExclude"":false,""NetSalesUnitPrice__c"":500000.0000,""DiscountRate__c"":0.0000}],""TransactionJournal"":[{""DepositNo__c"":""DEP202605080133"",""DeposiSeqNo__c"":""1"",""ActivityDate"":""20260508"",""PaymentMethod"":""01"",""DepositType__c"":""02"",""TransactionAmount"":900000.0000,""CouponNo"":"""",""OrderNo__c"":null},{""DepositNo__c"":""DEP202605080133"",""DeposiSeqNo__c"":""2"",""ActivityDate"":""20260508"",""PaymentMethod"":""81"",""DepositType__c"":""02"",""TransactionAmount"":50000.0000,""CouponNo"":"""",""OrderNo__c"":null},{""DepositNo__c"":""DEP202605080136"",""DeposiSeqNo__c"":""1"",""ActivityDate"":""20260508"",""PaymentMethod"":""90"",""DepositType__c"":""02"",""TransactionAmount"":30000.0000,""CouponNo"":""COP2026MY0005;-;RD8OKRIG"",""OrderNo__c"":null},{""DepositNo__c"":""DEP202605080136"",""DeposiSeqNo__c"":""2"",""ActivityDate"":""20260508"",""PaymentMethod"":""01"",""DepositType__c"":""02"",""TransactionAmount"":20000.0000,""CouponNo"":"""",""OrderNo__c"":null}]}","{
  ""success"" : true,
  ""message"" : ""판매 수정 완료"",
  ""data"" : {
    ""CreditPointList"" : [ {
      ""TX_REMARK"" : ""구매포인트|11cJO000001BAZlYAO|2.00"",
      ""PT_TARGET"" : 18400.00,
      ""NO_SAL"" : null,
      ""NO_PROM_MBR"" : ""PRO202604161047"",
      ""NO_MBR"" : ""103006200153"",
      ""NO_GRADE_ADVAN"" : ""04"",
      ""ID_INSERT"" : null,
      ""DTS_INSERT"" : ""2026-05-08 14:06:43"",
      ""DT_SAVE_PLAN"" : null,
      ""DT_LIMIT_START"" : ""2026-05-08 09:00:00"",
      ""DT_LIMIT_END"" : ""2028-05-08"",
      ""DT_DESTROY_PLAN"" : ""2028-05-09"",
      ""CD_TYPE_SAVE"" : ""Credit"",
      ""CD_TYPE_POINT"" : ""01"",
      ""CD_JOURNAL"" : ""05wJO0000004CiXYAU"",
      ""AM_SAL"" : 1000000.0
    }, {
      ""TX_REMARK"" : ""사은포인트|11cJO000001BAY9YAO|3.00"",
      ""PT_TARGET"" : 27600.00,
      ""NO_SAL"" : null,
      ""NO_PROM_MBR"" : ""PRO202604161047"",
      ""NO_MBR"" : ""103006200153"",
      ""NO_GRADE_ADVAN"" : ""04"",
      ""ID_INSERT"" : null,
      ""DTS_INSERT"" : ""2026-05-08 14:06:43"",
      ""DT_SAVE_PLAN"" : null,
      ""DT_LIMIT_START"" : ""2026-05-08 09:00:00"",
      ""DT_LIMIT_END"" : ""2028-05-08"",
      ""DT_DESTROY_PLAN"" : ""2028-05-09"",
      ""CD_TYPE_SAVE"" : ""Credit"",
      ""CD_TYPE_POINT"" : ""01"",
      ""CD_JOURNAL"" : ""05wJO0000004CiYYAU"",
      ""AM_SAL"" : 1000000.0
    }, {
      ""TX_REMARK"" : ""이벤트포인트|11cJO000001nThpYAE|2.00"",
      ""PT_TARGET"" : 18400.00,
      ""NO_SAL"" : null,
      ""NO_PROM_MBR"" : ""PRO202604161047"",
      ""NO_MBR"" : ""103006200153"",
      ""NO_GRADE_ADVAN"" : ""04"",
      ""ID_INSERT"" : null,
      ""DTS_INSERT"" : ""2026-05-08 14:06:43"",
      ""DT_SAVE_PLAN"" : null,
      ""DT_LIMIT_START"" : ""2026-05-08 09:00:00"",
      ""DT_LIMIT_END"" : ""2028-05-08"",
      ""DT_DESTROY_PLAN"" : ""2028-05-09"",
      ""CD_TYPE_SAVE"" : ""Credit"",
      ""CD_TYPE_POINT"" : ""07"",
      ""CD_JOURNAL"" : ""05wJO0000004CiZYAU"",
      ""AM_SAL"" : 1000000.0
    }, {
      ""TX_REMARK"" : ""이벤트포인트|11cJO000001nThpYAE|3.00"",
      ""PT_TARGET"" : 27600.00,
      ""NO_SAL"" : null,
      ""NO_PROM_MBR"" : ""PRO202604161047"",
      ""NO_MBR"" : ""103006200153"",
      ""NO_GRADE_ADVAN"" : ""04"",
      ""ID_INSERT"" : null,
      ""DTS_INSERT"" : ""2026-05-08 14:06:43"",
      ""DT_SAVE_PLAN"" : null,
      ""DT_LIMIT_START"" : ""2026-05-08 09:00:00"",
      ""DT_LIMIT_END"" : ""2028-05-08"",
      ""DT_DESTROY_PLAN"" : ""2028-05-09"",
      ""CD_TYPE_SAVE"" : ""Credit"",
      ""CD_TYPE_POINT"" : ""07"",
      ""CD_JOURNAL"" : ""05wJO0000004CiaYAE"",
      ""AM_SAL"" : 1000000.0
    } ],
    ""orderId"" : ""801JO00000IA4bAYAT"",
    ""TransactionJournal"" : [ {
      ""OrderNo__c"" : null,
      ""CouponNo"" : """",
      ""TransactionAmount"" : 900000.0000,
      ""DepositType__c"" : ""02"",
      ""PaymentMethod"" : ""01"",
      ""ActivityDate"" : ""20260508"",
      ""DeposiSeqNo__c"" : ""1"",
      ""DepositNo__c"" : ""DEP202605080133""
    }, {
      ""OrderNo__c"" : null,
      ""CouponNo"" : """",
      ""TransactionAmount"" : 50000.0000,
      ""DepositType__c"" : ""02"",
      ""PaymentMethod"" : ""81"",
      ""ActivityDate"" : ""20260508"",
      ""DeposiSeqNo__c"" : ""2"",
      ""DepositNo__c"" : ""DEP202605080133""
    }, {
      ""OrderNo__c"" : null,
      ""CouponNo"" : ""COP2026MY0005;-;RD8OKRIG"",
      ""TransactionAmount"" : 30000.0000,
      ""DepositType__c"" : ""02"",
      ""PaymentMethod"" : ""90"",
      ""ActivityDate"" : ""20260508"",
      ""DeposiSeqNo__c"" : ""1"",
      ""DepositNo__c"" : ""DEP202605080136""
    }, {
      ""OrderNo__c"" : null,
      ""CouponNo"" : """",
      ""TransactionAmount"" : 20000.0000,
      ""DepositType__c"" : ""02"",
      ""PaymentMethod"" : ""01"",
      ""ActivityDate"" : ""20260508"",
      ""DeposiSeqNo__c"" : ""2"",
      ""DepositNo__c"" : ""DEP202605080136""
    } ],
    ""OrderItem"" : [ {
      ""DiscountRate__c"" : 0.0000,
      ""NetSalesUnitPrice__c"" : 500000.0000,
      ""isExclude"" : false,
      ""Quantity"" : 1,
      ""ProductCode"" : ""2A2600001"",
      ""OrderNo__c"" : null,
      ""SaleSeqNo__c"" : ""1""
    }, {
      ""DiscountRate__c"" : 0.0000,
      ""NetSalesUnitPrice__c"" : 500000.0000,
      ""isExclude"" : false,
      ""Quantity"" : 1,
      ""ProductCode"" : ""3A2600005"",
      ""OrderNo__c"" : null,
      ""SaleSeqNo__c"" : ""2""
    } ],
    ""PromotionNo__c"" : ""PRO202604161047"",
    ""SaleStatus__c"" : ""01"",
    ""EndDate"" : ""20260508"",
    ""ActualPaymentAmount__c"" : 1000000.0,
    ""SaleNo__c"" : ""SAL202605080137"",
    ""MemberNo__c"" : ""103006200153"",
    ""StoreCode__c"" : ""99998"",
    ""AccountId"" : ""1000""
  },
  ""code"" : 200
}"
a12JO000000MDWTYA4,2026-05-08T05:07:27.000+0000,GdPointHelpApiControllerV1,/gd/v1/point/help,"{""StoreCode__c"":""99998"",""MemberNo__c"":""103006200153"",""Type"":null,""PromotionNo__c"":""PRO202604161047"",""OrderDate"":""20260508"",""SaleNo__c"":""SAL202605080137""}","{
  ""success"" : true,
  ""message"" : ""포인트 적용 조회 성공"",
  ""data"" : {
    ""pointList"" : [ {
      ""points"" : 29000,
      ""CD_TYPE_POINT"" : ""01""
    }, {
      ""points"" : 536152,
      ""CD_TYPE_POINT"" : ""04""
    } ]
  },
  ""code"" : 200
}"
a12JO000000MBxpYAG,2026-05-08T05:07:43.000+0000,GdSaleApiControllerV1,/gd/v1/sale,"{""AccountId"":""1000"",""StoreCode__c"":""99998"",""MemberNo__c"":""103006200153"",""SaleNo__c"":""SAL202605080137"",""ActualPaymentAmount__c"":1000000.0,""EndDate"":""20260508"",""SaleStatus__c"":""01"",""PromotionNo__c"":""PRO202604161047"",""OrderItem"":[{""SaleSeqNo__c"":""1"",""OrderNo__c"":null,""ProductCode"":""2A2600001"",""Quantity"":1,""isExclude"":false,""NetSalesUnitPrice__c"":500000.0000,""DiscountRate__c"":0.0000},{""SaleSeqNo__c"":""2"",""OrderNo__c"":null,""ProductCode"":""3A2600005"",""Quantity"":1,""isExclude"":false,""NetSalesUnitPrice__c"":500000.0000,""DiscountRate__c"":0.0000}],""TransactionJournal"":[{""DepositNo__c"":""DEP202605080133"",""DeposiSeqNo__c"":""1"",""ActivityDate"":""20260508"",""PaymentMethod"":""01"",""DepositType__c"":""02"",""TransactionAmount"":900000.0000,""CouponNo"":"""",""OrderNo__c"":null},{""DepositNo__c"":""DEP202605080136"",""DeposiSeqNo__c"":""1"",""ActivityDate"":""20260508"",""PaymentMethod"":""90"",""DepositType__c"":""02"",""TransactionAmount"":30000.0000,""CouponNo"":""COP2026MY0005;-;RD8OKRIG"",""OrderNo__c"":null},{""DepositNo__c"":""DEP202605080136"",""DeposiSeqNo__c"":""2"",""ActivityDate"":""20260508"",""PaymentMethod"":""01"",""DepositType__c"":""02"",""TransactionAmount"":20000.0000,""CouponNo"":"""",""OrderNo__c"":null},{""DepositNo__c"":""DEP202605080137"",""DeposiSeqNo__c"":""1"",""ActivityDate"":""20260508"",""PaymentMethod"":""81"",""DepositType__c"":""02"",""TransactionAmount"":30000.0000,""CouponNo"":"""",""OrderNo__c"":null},{""DepositNo__c"":""DEP202605080137"",""DeposiSeqNo__c"":""2"",""ActivityDate"":""20260508"",""PaymentMethod"":""01"",""DepositType__c"":""02"",""TransactionAmount"":20000.0000,""CouponNo"":"""",""OrderNo__c"":null}]}","{
  ""success"" : true,
  ""message"" : ""판매 수정 완료"",
  ""data"" : {
    ""CreditPointList"" : [ {
      ""TX_REMARK"" : ""구매포인트|11cJO000001BAZlYAO|2.00"",
      ""PT_TARGET"" : 18800.00,
      ""NO_SAL"" : null,
      ""NO_PROM_MBR"" : ""PRO202604161047"",
      ""NO_MBR"" : ""103006200153"",
      ""NO_GRADE_ADVAN"" : ""04"",
      ""ID_INSERT"" : null,
      ""DTS_INSERT"" : ""2026-05-08 14:07:43"",
      ""DT_SAVE_PLAN"" : null,
      ""DT_LIMIT_START"" : ""2026-05-08 09:00:00"",
      ""DT_LIMIT_END"" : ""2028-05-08"",
      ""DT_DESTROY_PLAN"" : ""2028-05-09"",
      ""CD_TYPE_SAVE"" : ""Credit"",
      ""CD_TYPE_POINT"" : ""01"",
      ""CD_JOURNAL"" : ""05wJO0000004CNcYAM"",
      ""AM_SAL"" : 1000000.0
    }, {
      ""TX_REMARK"" : ""사은포인트|11cJO000001BAY9YAO|3.00"",
      ""PT_TARGET"" : 28200.00,
      ""NO_SAL"" : null,
      ""NO_PROM_MBR"" : ""PRO202604161047"",
      ""NO_MBR"" : ""103006200153"",
      ""NO_GRADE_ADVAN"" : ""04"",
      ""ID_INSERT"" : null,
      ""DTS_INSERT"" : ""2026-05-08 14:07:43"",
      ""DT_SAVE_PLAN"" : null,
      ""DT_LIMIT_START"" : ""2026-05-08 09:00:00"",
      ""DT_LIMIT_END"" : ""2028-05-08"",
      ""DT_DESTROY_PLAN"" : ""2028-05-09"",
      ""CD_TYPE_SAVE"" : ""Credit"",
      ""CD_TYPE_POINT"" : ""01"",
      ""CD_JOURNAL"" : ""05wJO0000004CNdYAM"",
      ""AM_SAL"" : 1000000.0
    }, {
      ""TX_REMARK"" : ""이벤트포인트|11cJO000001nThpYAE|2.00"",
      ""PT_TARGET"" : 18800.00,
      ""NO_SAL"" : null,
      ""NO_PROM_MBR"" : ""PRO202604161047"",
      ""NO_MBR"" : ""103006200153"",
      ""NO_GRADE_ADVAN"" : ""04"",
      ""ID_INSERT"" : null,
      ""DTS_INSERT"" : ""2026-05-08 14:07:43"",
      ""DT_SAVE_PLAN"" : null,
      ""DT_LIMIT_START"" : ""2026-05-08 09:00:00"",
      ""DT_LIMIT_END"" : ""2028-05-08"",
      ""DT_DESTROY_PLAN"" : ""2028-05-09"",
      ""CD_TYPE_SAVE"" : ""Credit"",
      ""CD_TYPE_POINT"" : ""07"",
      ""CD_JOURNAL"" : ""05wJO0000004CNeYAM"",
      ""AM_SAL"" : 1000000.0
    }, {
      ""TX_REMARK"" : ""이벤트포인트|11cJO000001nThpYAE|3.00"",
      ""PT_TARGET"" : 28200.00,
      ""NO_SAL"" : null,
      ""NO_PROM_MBR"" : ""PRO202604161047"",
      ""NO_MBR"" : ""103006200153"",
      ""NO_GRADE_ADVAN"" : ""04"",
      ""ID_INSERT"" : null,
      ""DTS_INSERT"" : ""2026-05-08 14:07:43"",
      ""DT_SAVE_PLAN"" : null,
      ""DT_LIMIT_START"" : ""2026-05-08 09:00:00"",
      ""DT_LIMIT_END"" : ""2028-05-08"",
      ""DT_DESTROY_PLAN"" : ""2028-05-09"",
      ""CD_TYPE_SAVE"" : ""Credit"",
      ""CD_TYPE_POINT"" : ""07"",
      ""CD_JOURNAL"" : ""05wJO0000004CNfYAM"",
      ""AM_SAL"" : 1000000.0
    } ],
    ""DebitPointList"" : [ {
      ""PT_USE"" : 30000.00,
      ""NO_SAL_RTN"" : null,
      ""NO_SAL"" : ""SAL202605080137"",
      ""NO_MBR"" : ""103006200153"",
      ""ID_INSERT"" : null,
      ""DTS_INSERT"" : ""2026-05-08 14:07:42"",
      ""CD_TYPE_POINT"" : ""04"",
      ""CD_RESON"" : ""1"",
      ""CD_LEDGER"" : ""05wJO0000004CNbYAM"",
      ""CD_JOURNAL"" : ""05wJO0000004AAVYA2"",
      ""AM_SAL"" : null
    } ],
    ""orderId"" : ""801JO00000IA4bAYAT"",
    ""TransactionJournal"" : [ {
      ""OrderNo__c"" : null,
      ""CouponNo"" : """",
      ""TransactionAmount"" : 900000.0000,
      ""DepositType__c"" : ""02"",
      ""PaymentMethod"" : ""01"",
      ""ActivityDate"" : ""20260508"",
      ""DeposiSeqNo__c"" : ""1"",
      ""DepositNo__c"" : ""DEP202605080133""
    }, {
      ""OrderNo__c"" : null,
      ""CouponNo"" : ""COP2026MY0005;-;RD8OKRIG"",
      ""TransactionAmount"" : 30000.0000,
      ""DepositType__c"" : ""02"",
      ""PaymentMethod"" : ""90"",
      ""ActivityDate"" : ""20260508"",
      ""DeposiSeqNo__c"" : ""1"",
      ""DepositNo__c"" : ""DEP202605080136""
    }, {
      ""OrderNo__c"" : null,
      ""CouponNo"" : """",
      ""TransactionAmount"" : 20000.0000,
      ""DepositType__c"" : ""02"",
      ""PaymentMethod"" : ""01"",
      ""ActivityDate"" : ""20260508"",
      ""DeposiSeqNo__c"" : ""2"",
      ""DepositNo__c"" : ""DEP202605080136""
    }, {
      ""OrderNo__c"" : null,
      ""CouponNo"" : """",
      ""TransactionAmount"" : 30000.0000,
      ""DepositType__c"" : ""02"",
      ""PaymentMethod"" : ""81"",
      ""ActivityDate"" : ""20260508"",
      ""DeposiSeqNo__c"" : ""1"",
      ""DepositNo__c"" : ""DEP202605080137""
    }, {
      ""OrderNo__c"" : null,
      ""CouponNo"" : """",
      ""TransactionAmount"" : 20000.0000,
      ""DepositType__c"" : ""02"",
      ""PaymentMethod"" : ""01"",
      ""ActivityDate"" : ""20260508"",
      ""DeposiSeqNo__c"" : ""2"",
      ""DepositNo__c"" : ""DEP202605080137""
    } ],
    ""OrderItem"" : [ {
      ""DiscountRate__c"" : 0.0000,
      ""NetSalesUnitPrice__c"" : 500000.0000,
      ""isExclude"" : false,
      ""Quantity"" : 1,
      ""ProductCode"" : ""2A2600001"",
      ""OrderNo__c"" : null,
      ""SaleSeqNo__c"" : ""1""
    }, {
      ""DiscountRate__c"" : 0.0000,
      ""NetSalesUnitPrice__c"" : 500000.0000,
      ""isExclude"" : false,
      ""Quantity"" : 1,
      ""ProductCode"" : ""3A2600005"",
      ""OrderNo__c"" : null,
      ""SaleSeqNo__c"" : ""2""
    } ],
    ""PromotionNo__c"" : ""PRO202604161047"",
    ""SaleStatus__c"" : ""01"",
    ""EndDate"" : ""20260508"",
    ""ActualPaymentAmount__c"" : 1000000.0,
    ""SaleNo__c"" : ""SAL202605080137"",
    ""MemberNo__c"" : ""103006200153"",
    ""StoreCode__c"" : ""99998"",
    ""AccountId"" : ""1000""
  },
  ""code"" : 200
}"
a12JO000000MDeXYAW,2026-05-08T05:13:17.000+0000,ErpAsyncJob,callout:GoldenDewApiNC/Crm/CouponDetail,"{""couponDetailModels"":[{""no_mbr"":""103006200153"",""no_man_coupon_mil"":""00217436"",""no_man_coupon"":""COP2026MY0004"",""id_insert"":""milvus""}]}",
