Id,CreatedDate,ApexClass__c,RequestUrl__c,RequestBody__c,ResponseBody__c
a12JO000000LrpJYAS,2026-05-07T05:40:44.000+0000,GdMemberHelpInfoApiControllerV1,"{""MemberNo__c"":""212501600243""}",,"{
  ""success"" : true,
  ""message"" : ""회원도움정보 조회 성공"",
  ""data"" : {
    ""CsList"" : [ ],
    ""UserDestoryHistoryList"" : [ {
      ""YM_CREATE"" : ""202605"",
      ""PT_USE"" : 119000,
      ""NO_SAL_SAVE"" : """",
      ""NO_SAL_RTN"" : """",
      ""NO_SAL_ORD"" : """",
      ""NO_SAL"" : ""SAL202207090199"",
      ""NM_TYPE_POINT"" : ""기타포인트"",
      ""NM_PERSON"" : ""사용"",
      ""DT_USE"" : ""20220709"",
      ""DT_SAVE"" : ""20200101"",
      ""AM_SAL"" : 7822500
    }, {
      ""YM_CREATE"" : ""202605"",
      ""PT_USE"" : 163000,
      ""NO_SAL_SAVE"" : """",
      ""NO_SAL_RTN"" : """",
      ""NO_SAL_ORD"" : """",
      ""NO_SAL"" : ""SAL202301080243"",
      ""NM_TYPE_POINT"" : ""기타포인트"",
      ""NM_PERSON"" : ""사용"",
      ""DT_USE"" : ""20230108"",
      ""DT_SAVE"" : ""20200101"",
      ""AM_SAL"" : 6770000
    }, {
      ""YM_CREATE"" : ""202605"",
      ""PT_USE"" : 120000,
      ""NO_SAL_SAVE"" : """",
      ""NO_SAL_RTN"" : """",
      ""NO_SAL_ORD"" : """",
      ""NO_SAL"" : ""SAL202302180188"",
      ""NM_TYPE_POINT"" : ""기타포인트"",
      ""NM_PERSON"" : ""사용"",
      ""DT_USE"" : ""20230218"",
      ""DT_SAVE"" : ""20200101"",
      ""AM_SAL"" : 1352000
    }, {
      ""YM_CREATE"" : ""202605"",
      ""PT_USE"" : 41000,
      ""NO_SAL_SAVE"" : """",
      ""NO_SAL_RTN"" : """",
      ""NO_SAL_ORD"" : """",
      ""NO_SAL"" : ""SAL202303160019"",
      ""NM_TYPE_POINT"" : ""기타포인트"",
      ""NM_PERSON"" : ""사용"",
      ""DT_USE"" : ""20230316"",
      ""DT_SAVE"" : ""20200101"",
      ""AM_SAL"" : 11990000
    }, {
      ""YM_CREATE"" : ""202605"",
      ""PT_USE"" : 170000,
      ""NO_SAL_SAVE"" : """",
      ""NO_SAL_RTN"" : """",
      ""NO_SAL_ORD"" : """",
      ""NO_SAL"" : ""SAL202305170021"",
      ""NM_TYPE_POINT"" : ""기타포인트"",
      ""NM_PERSON"" : ""사용"",
      ""DT_USE"" : ""20230517"",
      ""DT_SAVE"" : ""20200101"",
      ""AM_SAL"" : 1650000
    }, {
      ""YM_CREATE"" : ""202605"",
      ""PT_USE"" : 25000,
      ""NO_SAL_SAVE"" : """",
      ""NO_SAL_RTN"" : """",
      ""NO_SAL_ORD"" : """",
      ""NO_SAL"" : ""SAL202307210965"",
      ""NM_TYPE_POINT"" : ""기타포인트"",
      ""NM_PERSON"" : ""사용"",
      ""DT_USE"" : ""20230604"",
      ""DT_SAVE"" : ""20200101"",
      ""AM_SAL"" : 3153200
    }, {
      ""YM_CREATE"" : ""202605"",
      ""PT_USE"" : 500000,
      ""NO_SAL_SAVE"" : """",
      ""NO_SAL_RTN"" : """",
      ""NO_SAL_ORD"" : """",
      ""NO_SAL"" : ""SAL202408040178"",
      ""NM_TYPE_POINT"" : ""기타포인트"",
      ""NM_PERSON"" : ""사용"",
      ""DT_USE"" : ""20240804"",
      ""DT_SAVE"" : ""20200101"",
      ""AM_SAL"" : 7724000
    }, {
      ""YM_CREATE"" : ""202605"",
      ""PT_USE"" : 145000,
      ""NO_SAL_SAVE"" : """",
      ""NO_SAL_RTN"" : """",
      ""NO_SAL_ORD"" : """",
      ""NO_SAL"" : ""SAL202504100110"",
      ""NM_TYPE_POINT"" : ""기타포인트"",
      ""NM_PERSON"" : ""사용"",
      ""DT_USE"" : ""20250410"",
      ""DT_SAVE"" : ""20200101"",
      ""AM_SAL"" : 5145000
    }, {
      ""YM_CREATE"" : ""202605"",
      ""PT_USE"" : 730000,
      ""NO_SAL_SAVE"" : """",
      ""NO_SAL_RTN"" : """",
      ""NO_SAL_ORD"" : """",
      ""NO_SAL"" : ""SAL202505210165"",
      ""NM_TYPE_POINT"" : ""기타포인트"",
      ""NM_PERSON"" : ""사용"",
      ""DT_USE"" : ""20250521"",
      ""DT_SAVE"" : ""20200101"",
      ""AM_SAL"" : 21231000
    }, {
      ""YM_CREATE"" : ""202605"",
      ""PT_USE"" : 400000,
      ""NO_SAL_SAVE"" : """",
      ""NO_SAL_RTN"" : """",
      ""NO_SAL_ORD"" : """",
      ""NO_SAL"" : ""SAL202512110034"",
      ""NM_TYPE_POINT"" : ""기타포인트"",
      ""NM_PERSON"" : ""사용"",
      ""DT_USE"" : ""20251211"",
      ""DT_SAVE"" : ""20200101"",
      ""AM_SAL"" : 1616000
    }, {
      ""YM_CREATE"" : ""202605"",
      ""PT_USE"" : 67000,
      ""NO_SAL_SAVE"" : """",
      ""NO_SAL_RTN"" : """",
      ""NO_SAL_ORD"" : """",
      ""NO_SAL"" : ""SAL202603040049"",
      ""NM_TYPE_POINT"" : ""기타포인트"",
      ""NM_PERSON"" : ""사용"",
      ""DT_USE"" : ""20260304"",
      ""DT_SAVE"" : ""20200101"",
      ""AM_SAL"" : 850000
    }, {
      ""YM_CREATE"" : ""202605"",
      ""PT_USE"" : 16000,
      ""NO_SAL_SAVE"" : """",
      ""NO_SAL_RTN"" : """",
      ""NO_SAL_ORD"" : """",
      ""NO_SAL"" : ""SAL202603120536"",
      ""NM_TYPE_POINT"" : ""기타포인트"",
      ""NM_PERSON"" : ""사용"",
      ""DT_USE"" : ""20260312"",
      ""DT_SAVE"" : ""20200101"",
      ""AM_SAL"" : 1664000
    }, {
      ""YM_CREATE"" : ""202605"",
      ""PT_USE"" : 16000,
      ""NO_SAL_SAVE"" : """",
      ""NO_SAL_RTN"" : """",
      ""NO_SAL_ORD"" : """",
      ""NO_SAL"" : ""SAL202603130863"",
      ""NM_TYPE_POINT"" : ""기타포인트"",
      ""NM_PERSON"" : ""사용"",
      ""DT_USE"" : ""20260313"",
      ""DT_SAVE"" : ""20200101"",
      ""AM_SAL"" : 1016000
    }, {
      ""YM_CREATE"" : ""202605"",
      ""PT_USE"" : 206000,
      ""NO_SAL_SAVE"" : """",
      ""NO_SAL_RTN"" : """",
      ""NO_SAL_ORD"" : """",
      ""NO_SAL"" : ""SAL202603150433"",
      ""NM_TYPE_POINT"" : ""기타포인트"",
      ""NM_PERSON"" : ""사용"",
      ""DT_USE"" : ""20260315"",
      ""DT_SAVE"" : ""20200101"",
      ""AM_SAL"" : 2752000
    } ],
    ""AccrualHistoryList"" : [ {
      ""YM_CREATE"" : ""202001"",
      ""PT_USE_SALE_COUPON"" : 0,
      ""PT_USE_SALE"" : 0,
      ""PT_USE"" : 2718000,
      ""PT_TARGET"" : 2718000,
      ""PT_SAVE_PLAN"" : 2718000,
      ""PT_SAVE"" : 2718000,
      ""PT_DESTROY"" : 0,
      ""NO_SAL"" : """",
      ""NO_PROM_MBR"" : """",
      ""NM_TYPE_SAVE"" : ""Api Forced Credit"",
      ""NM_TYPE_POINT"" : ""기타포인트"",
      ""DT_SAVE_PLAN"" : ""20200101"",
      ""DT_SAVE"" : ""20200101"",
      ""DT_LIMIT_START"" : ""20200101"",
      ""DT_LIMIT_END"" : ""20280501"",
      ""DT_DESTROY_PLAN"" : ""20280502"",
      ""DT_DESTROY_DEL_SALE"" : """",
      ""AM_SAL"" : 0
    }, {
      ""YM_CREATE"" : ""202605"",
      ""PT_USE_SALE_COUPON"" : 0,
      ""PT_USE_SALE"" : 0,
      ""PT_USE"" : 0,
      ""PT_TARGET"" : 302412,
      ""PT_SAVE_PLAN"" : 302412,
      ""PT_SAVE"" : 302412,
      ""PT_DESTROY"" : 0,
      ""NO_SAL"" : """",
      ""NO_PROM_MBR"" : """",
      ""NM_TYPE_SAVE"" : ""Api Forced Credit"",
      ""NM_TYPE_POINT"" : ""기타포인트"",
      ""DT_SAVE_PLAN"" : ""20260501"",
      ""DT_SAVE"" : ""20260501"",
      ""DT_LIMIT_START"" : ""20260501"",
      ""DT_LIMIT_END"" : ""20280501"",
      ""DT_DESTROY_PLAN"" : ""20280502"",
      ""DT_DESTROY_DEL_SALE"" : """",
      ""AM_SAL"" : 0
    } ],
    ""CouponList"" : [ {
      ""TX_COUPON"" : ""10%할인_SVIP특별바우처6"",
      ""RT_DISC"" : 10,
      ""NO_MAN_COUPON"" : ""COP2026MA0009"",
      ""NO_COUPON"" : ""03"",
      ""NM_RESPON"" : ""최재현"",
      ""NM_DEPT"" : ""IMC팀"",
      ""NM_COUPON"" : ""10%할인_SVIP특별바우처6 (2)"",
      ""ID_INSERT"" : ""milvus"",
      ""DTS_INSERT"" : ""20260417102101"",
      ""DT_USE"" : """",
      ""DT_STR_EXP"" : ""20260201"",
      ""DT_ISSUE"" : ""20260417"",
      ""DT_END_EXP"" : ""20270131"",
      ""DS_MON_EXP"" : 0,
      ""CD_TYPE_DAY_EXP"" : ""02"",
      ""CD_TYPE_COUPON"" : ""03"",
      ""CD_STAT_COUPON"" : ""02"",
      ""CD_BRAND"" : ""01"",
      ""AM_DISC"" : 0
    }, {
      ""TX_COUPON"" : ""10%할인_SVIP특별바우처5"",
      ""RT_DISC"" : 10,
      ""NO_MAN_COUPON"" : ""COP2026MA0008"",
      ""NO_COUPON"" : ""03"",
      ""NM_RESPON"" : ""최재현"",
      ""NM_DEPT"" : ""IMC팀"",
      ""NM_COUPON"" : ""10%할인_SVIP특별바우처5 (2)"",
      ""ID_INSERT"" : ""milvus"",
      ""DTS_INSERT"" : ""20260417102056"",
      ""DT_USE"" : ""20260416"",
      ""DT_STR_EXP"" : ""20260201"",
      ""DT_ISSUE"" : ""20260417"",
      ""DT_END_EXP"" : ""20270131"",
      ""DS_MON_EXP"" : 0,
      ""CD_TYPE_DAY_EXP"" : ""02"",
      ""CD_TYPE_COUPON"" : ""03"",
      ""CD_STAT_COUPON"" : ""01"",
      ""CD_BRAND"" : ""01"",
      ""AM_DISC"" : 0
    }, {
      ""TX_COUPON"" : ""202604_SVIP회원_수선15만원쿠폰"",
      ""RT_DISC"" : 0,
      ""NO_MAN_COUPON"" : ""COP2026MA0020"",
      ""NO_COUPON"" : ""44"",
      ""NM_RESPON"" : ""최재현"",
      ""NM_DEPT"" : ""IMC팀"",
      ""NM_COUPON"" : ""202604_SVIP회원_수선15만원쿠폰"",
      ""ID_INSERT"" : ""쿠폰자동발급"",
      ""DTS_INSERT"" : ""20260401070005"",
      ""DT_USE"" : """",
      ""DT_STR_EXP"" : ""20260401"",
      ""DT_ISSUE"" : ""20260401"",
      ""DT_END_EXP"" : ""20260430"",
      ""DS_MON_EXP"" : 0,
      ""CD_TYPE_DAY_EXP"" : ""02"",
      ""CD_TYPE_COUPON"" : ""03"",
      ""CD_STAT_COUPON"" : ""04"",
      ""CD_BRAND"" : ""01"",
      ""AM_DISC"" : 150000
    }, {
      ""TX_COUPON"" : ""10%할인_SVIP특별바우처4"",
      ""RT_DISC"" : 10,
      ""NO_MAN_COUPON"" : ""COP2026MA0004"",
      ""NO_COUPON"" : ""02"",
      ""NM_RESPON"" : ""최재현"",
      ""NM_DEPT"" : ""IMC팀"",
      ""NM_COUPON"" : ""10%할인_SVIP특별바우처4 (2)"",
      ""ID_INSERT"" : ""milvus"",
      ""DTS_INSERT"" : ""20260317130645"",
      ""DT_USE"" : ""20260317"",
      ""DT_STR_EXP"" : ""20260201"",
      ""DT_ISSUE"" : ""20260317"",
      ""DT_END_EXP"" : ""20270131"",
      ""DS_MON_EXP"" : 0,
      ""CD_TYPE_DAY_EXP"" : ""02"",
      ""CD_TYPE_COUPON"" : ""03"",
      ""CD_STAT_COUPON"" : ""01"",
      ""CD_BRAND"" : ""01"",
      ""AM_DISC"" : 0
    }, {
      ""TX_COUPON"" : ""202603_SVIP회원_수선15만원쿠폰"",
      ""RT_DISC"" : 0,
      ""NO_MAN_COUPON"" : ""COP2026FE0008"",
      ""NO_COUPON"" : ""44"",
      ""NM_RESPON"" : ""최재현"",
      ""NM_DEPT"" : ""IMC팀"",
      ""NM_COUPON"" : ""202603_SVIP회원_수선15만원쿠폰"",
      ""ID_INSERT"" : ""쿠폰자동발급"",
      ""DTS_INSERT"" : ""20260301070005"",
      ""DT_USE"" : """",
      ""DT_STR_EXP"" : ""20260301"",
      ""DT_ISSUE"" : ""20260301"",
      ""DT_END_EXP"" : ""20260331"",
      ""DS_MON_EXP"" : 0,
      ""CD_TYPE_DAY_EXP"" : ""02"",
      ""CD_TYPE_COUPON"" : ""03"",
      ""CD_STAT_COUPON"" : ""04"",
      ""CD_BRAND"" : ""01"",
      ""AM_DISC"" : 150000
    }, {
      ""TX_COUPON"" : ""2026_SVIP_승격축하쿠폰"",
      ""RT_DISC"" : 0,
      ""NO_MAN_COUPON"" : ""COP2026JA0028"",
      ""NO_COUPON"" : ""29"",
      ""NM_RESPON"" : ""최재현"",
      ""NM_DEPT"" : ""IMC팀"",
      ""NM_COUPON"" : ""2026_SVIP_승격축하쿠폰"",
      ""ID_INSERT"" : ""최재현"",
      ""DTS_INSERT"" : ""20260202151859"",
      ""DT_USE"" : """",
      ""DT_STR_EXP"" : ""20260201"",
      ""DT_ISSUE"" : ""20260202"",
      ""DT_END_EXP"" : ""20270131"",
      ""DS_MON_EXP"" : 0,
      ""CD_TYPE_DAY_EXP"" : ""02"",
      ""CD_TYPE_COUPON"" : ""03"",
      ""CD_STAT_COUPON"" : ""02"",
      ""CD_BRAND"" : ""01"",
      ""AM_DISC"" : 100000
    }, {
      ""TX_COUPON"" : ""10%할인_SVIP특별바우처3"",
      ""RT_DISC"" : 10,
      ""NO_MAN_COUPON"" : ""COP2026JA0019"",
      ""NO_COUPON"" : ""29"",
      ""NM_RESPON"" : ""최재현"",
      ""NM_DEPT"" : ""IMC팀"",
      ""NM_COUPON"" : ""10%할인_SVIP특별바우처3 (2)"",
      ""ID_INSERT"" : ""최재현"",
      ""DTS_INSERT"" : ""20260202145016"",
      ""DT_USE"" : ""20260313"",
      ""DT_STR_EXP"" : ""20260201"",
      ""DT_ISSUE"" : ""20260202"",
      ""DT_END_EXP"" : ""20270131"",
      ""DS_MON_EXP"" : 0,
      ""CD_TYPE_DAY_EXP"" : ""02"",
      ""CD_TYPE_COUPON"" : ""03"",
      ""CD_STAT_COUPON"" : ""01"",
      ""CD_BRAND"" : ""01"",
      ""AM_DISC"" : 0
    }, {
      ""TX_COUPON"" : ""10%할인_SVIP특별바우처2"",
      ""RT_DISC"" : 10,
      ""NO_MAN_COUPON"" : ""COP2026JA0018"",
      ""NO_COUPON"" : ""29"",
      ""NM_RESPON"" : ""최재현"",
      ""NM_DEPT"" : ""IMC팀"",
      ""NM_COUPON"" : ""10%할인_SVIP특별바우처2 (2)"",
      ""ID_INSERT"" : ""최재현"",
      ""DTS_INSERT"" : ""20260202144916"",
      ""DT_USE"" : ""20260313"",
      ""DT_STR_EXP"" : ""20260201"",
      ""DT_ISSUE"" : ""20260202"",
      ""DT_END_EXP"" : ""20270131"",
      ""DS_MON_EXP"" : 0,
      ""CD_TYPE_DAY_EXP"" : ""02"",
      ""CD_TYPE_COUPON"" : ""03"",
      ""CD_STAT_COUPON"" : ""01"",
      ""CD_BRAND"" : ""01"",
      ""AM_DISC"" : 0
    }, {
      ""TX_COUPON"" : ""10%할인_SVIP특별바우처1"",
      ""RT_DISC"" : 10,
      ""NO_MAN_COUPON"" : ""COP2026JA0017"",
      ""NO_COUPON"" : ""29"",
      ""NM_RESPON"" : ""최재현"",
      ""NM_DEPT"" : ""IMC팀"",
      ""NM_COUPON"" : ""10%할인_SVIP특별바우처1 (2)"",
      ""ID_INSERT"" : ""최재현"",
      ""DTS_INSERT"" : ""20260202144801"",
      ""DT_USE"" : ""20260312"",
      ""DT_STR_EXP"" : ""20260201"",
      ""DT_ISSUE"" : ""20260202"",
      ""DT_END_EXP"" : ""20270131"",
      ""DS_MON_EXP"" : 0,
      ""CD_TYPE_DAY_EXP"" : ""02"",
      ""CD_TYPE_COUPON"" : ""03"",
      ""CD_STAT_COUPON"" : ""01"",
      ""CD_BRAND"" : ""01"",
      ""AM_DISC"" : 0
    }, {
      ""TX_COUPON"" : ""202602_SVIP회원_수선15만원쿠폰"",
      ""RT_DISC"" : 0,
      ""NO_MAN_COUPON"" : ""COP2026JA0031"",
      ""NO_COUPON"" : ""44"",
      ""NM_RESPON"" : ""최재현"",
      ""NM_DEPT"" : ""IMC팀"",
      ""NM_COUPON"" : ""202602_SVIP회원_수선15만원쿠폰"",
      ""ID_INSERT"" : ""쿠폰자동발급"",
      ""DTS_INSERT"" : ""20260201070005"",
      ""DT_USE"" : """",
      ""DT_STR_EXP"" : ""20260201"",
      ""DT_ISSUE"" : ""20260201"",
      ""DT_END_EXP"" : ""20260228"",
      ""DS_MON_EXP"" : 0,
      ""CD_TYPE_DAY_EXP"" : ""02"",
      ""CD_TYPE_COUPON"" : ""03"",
      ""CD_STAT_COUPON"" : ""04"",
      ""CD_BRAND"" : ""01"",
      ""AM_DISC"" : 150000
    }, {
      ""TX_COUPON"" : ""202601_SVIP회원_수선15만원쿠폰"",
      ""RT_DISC"" : 0,
      ""NO_MAN_COUPON"" : ""COP2025DC0037"",
      ""NO_COUPON"" : ""49"",
      ""NM_RESPON"" : ""최재현"",
      ""NM_DEPT"" : ""IMC팀"",
      ""NM_COUPON"" : ""202601_SVIP회원_수선15만원쿠폰"",
      ""ID_INSERT"" : ""쿠폰자동발급"",
      ""DTS_INSERT"" : ""20260101070007"",
      ""DT_USE"" : """",
      ""DT_STR_EXP"" : ""20260101"",
      ""DT_ISSUE"" : ""20260101"",
      ""DT_END_EXP"" : ""20260131"",
      ""DS_MON_EXP"" : 0,
      ""CD_TYPE_DAY_EXP"" : ""02"",
      ""CD_TYPE_COUPON"" : ""03"",
      ""CD_STAT_COUPON"" : ""04"",
      ""CD_BRAND"" : ""01"",
      ""AM_DISC"" : 150000
    }, {
      ""TX_COUPON"" : ""202512_SVIP회원_수선15만원쿠폰"",
      ""RT_DISC"" : 0,
      ""NO_MAN_COUPON"" : ""COP2025NV0025"",
      ""NO_COUPON"" : ""49"",
      ""NM_RESPON"" : ""최재현"",
      ""NM_DEPT"" : ""IMC팀"",
      ""NM_COUPON"" : ""202512_SVIP회원_수선15만원쿠폰"",
      ""ID_INSERT"" : ""쿠폰자동발급"",
      ""DTS_INSERT"" : ""20251201070005"",
      ""DT_USE"" : """",
      ""DT_STR_EXP"" : ""20251201"",
      ""DT_ISSUE"" : ""20251201"",
      ""DT_END_EXP"" : ""20251231"",
      ""DS_MON_EXP"" : 0,
      ""CD_TYPE_DAY_EXP"" : ""02"",
      ""CD_TYPE_COUPON"" : ""03"",
      ""CD_STAT_COUPON"" : ""04"",
      ""CD_BRAND"" : ""01"",
      ""AM_DISC"" : 150000
    }, {
      ""TX_COUPON"" : ""202511_SVIP회원_수선15만원쿠폰"",
      ""RT_DISC"" : 0,
      ""NO_MAN_COUPON"" : ""COP2025OC0017"",
      ""NO_COUPON"" : ""49"",
      ""NM_RESPON"" : ""최재현"",
      ""NM_DEPT"" : ""IMC팀"",
      ""NM_COUPON"" : ""202511_SVIP회원_수선15만원쿠폰"",
      ""ID_INSERT"" : ""쿠폰자동발급"",
      ""DTS_INSERT"" : ""20251101070005"",
      ""DT_USE"" : """",
      ""DT_STR_EXP"" : ""20251101"",
      ""DT_ISSUE"" : ""20251101"",
      ""DT_END_EXP"" : ""20251130"",
      ""DS_MON_EXP"" : 0,
      ""CD_TYPE_DAY_EXP"" : ""02"",
      ""CD_TYPE_COUPON"" : ""03"",
      ""CD_STAT_COUPON"" : ""04"",
      ""CD_BRAND"" : ""01"",
      ""AM_DISC"" : 150000
    }, {
      ""TX_COUPON"" : ""202510_SVIP회원_수선15만원쿠폰"",
      ""RT_DISC"" : 0,
      ""NO_MAN_COUPON"" : ""COP2025SP0007"",
      ""NO_COUPON"" : ""49"",
      ""NM_RESPON"" : ""최재현"",
      ""NM_DEPT"" : ""IMC팀"",
      ""NM_COUPON"" : ""202510_SVIP회원_수선15만원쿠폰"",
      ""ID_INSERT"" : ""쿠폰자동발급"",
      ""DTS_INSERT"" : ""20251001070005"",
      ""DT_USE"" : """",
      ""DT_STR_EXP"" : ""20251001"",
      ""DT_ISSUE"" : ""20251001"",
      ""DT_END_EXP"" : ""20251031"",
      ""DS_MON_EXP"" : 0,
      ""CD_TYPE_DAY_EXP"" : ""02"",
      ""CD_TYPE_COUPON"" : ""03"",
      ""CD_STAT_COUPON"" : ""04"",
      ""CD_BRAND"" : ""01"",
      ""AM_DISC"" : 150000
    }, {
      ""TX_COUPON"" : ""202509_SVIP회원_수선15만원쿠폰"",
      ""RT_DISC"" : 0,
      ""NO_MAN_COUPON"" : ""COP2025AG0009"",
      ""NO_COUPON"" : ""49"",
      ""NM_RESPON"" : ""최재현"",
      ""NM_DEPT"" : ""IMC팀"",
      ""NM_COUPON"" : ""202509_SVIP회원_수선15만원쿠폰"",
      ""ID_INSERT"" : ""쿠폰자동발급"",
      ""DTS_INSERT"" : ""20250901070005"",
      ""DT_USE"" : """",
      ""DT_STR_EXP"" : ""20250901"",
      ""DT_ISSUE"" : ""20250901"",
      ""DT_END_EXP"" : ""20250930"",
      ""DS_MON_EXP"" : 0,
      ""CD_TYPE_DAY_EXP"" : ""02"",
      ""CD_TYPE_COUPON"" : ""03"",
      ""CD_STAT_COUPON"" : ""04"",
      ""CD_BRAND"" : ""01"",
      ""AM_DISC"" : 150000
    }, {
      ""TX_COUPON"" : ""202509_SVIP회원_생일쿠폰"",
      ""RT_DISC"" : 0,
      ""NO_MAN_COUPON"" : ""COP2025AG0015"",
      ""NO_COUPON"" : ""05"",
      ""NM_RESPON"" : ""최재현"",
      ""NM_DEPT"" : ""IMC팀"",
      ""NM_COUPON"" : ""202509_SVIP회원_생일쿠폰"",
      ""ID_INSERT"" : ""쿠폰자동발급"",
      ""DTS_INSERT"" : ""20250901070004"",
      ""DT_USE"" : ""20260304"",
      ""DT_STR_EXP"" : ""20250901"",
      ""DT_ISSUE"" : ""20250901"",
      ""DT_END_EXP"" : ""20260831"",
      ""DS_MON_EXP"" : 0,
      ""CD_TYPE_DAY_EXP"" : ""02"",
      ""CD_TYPE_COUPON"" : ""03"",
      ""CD_STAT_COUPON"" : ""01"",
      ""CD_BRAND"" : ""01"",
      ""AM_DISC"" : 100000
    }, {
      ""TX_COUPON"" : ""202508_SVIP회원_수선15만원쿠폰"",
      ""RT_DISC"" : 0,
      ""NO_MAN_COUPON"" : ""COP2025JL0026"",
      ""NO_COUPON"" : ""49"",
      ""NM_RESPON"" : ""최재현"",
      ""NM_DEPT"" : ""IMC팀"",
      ""NM_COUPON"" : ""202508_SVIP회원_수선15만원쿠폰"",
      ""ID_INSERT"" : ""쿠폰자동발급"",
      ""DTS_INSERT"" : ""20250801070004"",
      ""DT_USE"" : """",
      ""DT_STR_EXP"" : ""20250801"",
      ""DT_ISSUE"" : ""20250801"",
      ""DT_END_EXP"" : ""20250831"",
      ""DS_MON_EXP"" : 0,
      ""CD_TYPE_DAY_EXP"" : ""02"",
      ""CD_TYPE_COUPON"" : ""03"",
      ""CD_STAT_COUPON"" : ""04"",
      ""CD_BRAND"" : ""01"",
      ""AM_DISC"" : 150000
    }, {
      ""TX_COUPON"" : ""10%할인_SVIP특별바우처9"",
      ""RT_DISC"" : 10,
      ""NO_MAN_COUPON"" : ""COP2025JL0005"",
      ""NO_COUPON"" : ""30"",
      ""NM_RESPON"" : ""최재현"",
      ""NM_DEPT"" : ""IMC팀"",
      ""NM_COUPON"" : ""10%할인_SVIP특별바우처9 (2)"",
      ""ID_INSERT"" : ""최재현"",
      ""DTS_INSERT"" : ""20250704111141"",
      ""DT_USE"" : ""20250905"",
      ""DT_STR_EXP"" : ""20250201"",
      ""DT_ISSUE"" : ""20250704"",
      ""DT_END_EXP"" : ""20260131"",
      ""DS_MON_EXP"" : 0,
      ""CD_TYPE_DAY_EXP"" : ""02"",
      ""CD_TYPE_COUPON"" : ""03"",
      ""CD_STAT_COUPON"" : ""01"",
      ""CD_BRAND"" : ""01"",
      ""AM_DISC"" : 0
    }, {
      ""TX_COUPON"" : ""10%할인_SVIP특별바우처8"",
      ""RT_DISC"" : 10,
      ""NO_MAN_COUPON"" : ""COP2025JL0004"",
      ""NO_COUPON"" : ""30"",
      ""NM_RESPON"" : ""최재현"",
      ""NM_DEPT"" : ""IMC팀"",
      ""NM_COUPON"" : ""10%할인_SVIP특별바우처8 (2)"",
      ""ID_INSERT"" : ""최재현"",
      ""DTS_INSERT"" : ""20250704111120"",
      ""DT_USE"" : """",
      ""DT_STR_EXP"" : ""20250201"",
      ""DT_ISSUE"" : ""20250704"",
      ""DT_END_EXP"" : ""20260131"",
      ""DS_MON_EXP"" : 0,
      ""CD_TYPE_DAY_EXP"" : ""02"",
      ""CD_TYPE_COUPON"" : ""03"",
      ""CD_STAT_COUPON"" : ""04"",
      ""CD_BRAND"" : ""01"",
      ""AM_DISC"" : 0
    }, {
      ""TX_COUPON"" : ""10%할인_SVIP특별바우처7"",
      ""RT_DISC"" : 10,
      ""NO_MAN_COUPON"" : ""COP2025JL0001"",
      ""NO_COUPON"" : ""30"",
      ""NM_RESPON"" : ""최재현"",
      ""NM_DEPT"" : ""IMC팀"",
      ""NM_COUPON"" : ""10%할인_SVIP특별바우처7"",
      ""ID_INSERT"" : ""최재현"",
      ""DTS_INSERT"" : ""20250704111053"",
      ""DT_USE"" : """",
      ""DT_STR_EXP"" : ""20250201"",
      ""DT_ISSUE"" : ""20250704"",
      ""DT_END_EXP"" : ""20260131"",
      ""DS_MON_EXP"" : 0,
      ""CD_TYPE_DAY_EXP"" : ""02"",
      ""CD_TYPE_COUPON"" : ""03"",
      ""CD_STAT_COUPON"" : ""04"",
      ""CD_BRAND"" : ""01"",
      ""AM_DISC"" : 0
    }, {
      ""TX_COUPON"" : ""202507_SVIP회원_수선15만원쿠폰"",
      ""RT_DISC"" : 0,
      ""NO_MAN_COUPON"" : ""COP2025JN0004"",
      ""NO_COUPON"" : ""49"",
      ""NM_RESPON"" : ""허정인"",
      ""NM_DEPT"" : ""IMC팀"",
      ""NM_COUPON"" : ""202507_SVIP회원_수선15만원쿠폰"",
      ""ID_INSERT"" : ""쿠폰자동발급"",
      ""DTS_INSERT"" : ""20250701070004"",
      ""DT_USE"" : """",
      ""DT_STR_EXP"" : ""20250701"",
      ""DT_ISSUE"" : ""20250701"",
      ""DT_END_EXP"" : ""20250731"",
      ""DS_MON_EXP"" : 0,
      ""CD_TYPE_DAY_EXP"" : ""02"",
      ""CD_TYPE_COUPON"" : ""03"",
      ""CD_STAT_COUPON"" : ""04"",
      ""CD_BRAND"" : ""01"",
      ""AM_DISC"" : 150000
    }, {
      ""TX_COUPON"" : ""202506_SVIP회원_수선15만원쿠폰"",
      ""RT_DISC"" : 0,
      ""NO_MAN_COUPON"" : ""COP2025MY0006"",
      ""NO_COUPON"" : ""49"",
      ""NM_RESPON"" : ""허정인"",
      ""NM_DEPT"" : ""IMC팀"",
      ""NM_COUPON"" : ""202506_SVIP회원_수선15만원쿠폰"",
      ""ID_INSERT"" : ""쿠폰자동발급"",
      ""DTS_INSERT"" : ""20250601070037"",
      ""DT_USE"" : """",
      ""DT_STR_EXP"" : ""20250601"",
      ""DT_ISSUE"" : ""20250601"",
      ""DT_END_EXP"" : ""20250630"",
      ""DS_MON_EXP"" : 0,
      ""CD_TYPE_DAY_EXP"" : ""02"",
      ""CD_TYPE_COUPON"" : ""03"",
      ""CD_STAT_COUPON"" : ""04"",
      ""CD_BRAND"" : ""01"",
      ""AM_DISC"" : 150000
    }, {
      ""TX_COUPON"" : ""10%할인_SVIP특별바우처6"",
      ""RT_DISC"" : 10,
      ""NO_MAN_COUPON"" : ""COP2025AP0006"",
      ""NO_COUPON"" : ""30"",
      ""NM_RESPON"" : ""허정인"",
      ""NM_DEPT"" : ""IMC팀"",
      ""NM_COUPON"" : ""10%할인_SVIP특별바우처6"",
      ""ID_INSERT"" : ""허정인"",
      ""DTS_INSERT"" : ""20250502133821"",
      ""DT_USE"" : """",
      ""DT_STR_EXP"" : ""20250501"",
      ""DT_ISSUE"" : ""20250502"",
      ""DT_END_EXP"" : ""20260131"",
      ""DS_MON_EXP"" : 0,
      ""CD_TYPE_DAY_EXP"" : ""02"",
      ""CD_TYPE_COUPON"" : ""03"",
      ""CD_STAT_COUPON"" : ""04"",
      ""CD_BRAND"" : ""01"",
      ""AM_DISC"" : 0
    }, {
      ""TX_COUPON"" : ""10%할인_SVIP특별바우처5"",
      ""RT_DISC"" : 10,
      ""NO_MAN_COUPON"" : ""COP2025AP0005"",
      ""NO_COUPON"" : ""30"",
      ""NM_RESPON"" : ""허정인"",
      ""NM_DEPT"" : ""IMC팀"",
      ""NM_COUPON"" : ""10%할인_SVIP특별바우처5"",
      ""ID_INSERT"" : ""허정인"",
      ""DTS_INSERT"" : ""20250502133809"",
      ""DT_USE"" : """",
      ""DT_STR_EXP"" : ""20250501"",
      ""DT_ISSUE"" : ""20250502"",
      ""DT_END_EXP"" : ""20260131"",
      ""DS_MON_EXP"" : 0,
      ""CD_TYPE_DAY_EXP"" : ""02"",
      ""CD_TYPE_COUPON"" : ""03"",
      ""CD_STAT_COUPON"" : ""04"",
      ""CD_BRAND"" : ""01"",
      ""AM_DISC"" : 0
    }, {
      ""TX_COUPON"" : ""10%할인_SVIP특별바우처4"",
      ""RT_DISC"" : 10,
      ""NO_MAN_COUPON"" : ""COP2025AP0004"",
      ""NO_COUPON"" : ""30"",
      ""NM_RESPON"" : ""허정인"",
      ""NM_DEPT"" : ""IMC팀"",
      ""NM_COUPON"" : ""10%할인_SVIP특별바우처4"",
      ""ID_INSERT"" : ""허정인"",
      ""DTS_INSERT"" : ""20250502133757"",
      ""DT_USE"" : """",
      ""DT_STR_EXP"" : ""20250501"",
      ""DT_ISSUE"" : ""20250502"",
      ""DT_END_EXP"" : ""20260131"",
      ""DS_MON_EXP"" : 0,
      ""CD_TYPE_DAY_EXP"" : ""02"",
      ""CD_TYPE_COUPON"" : ""03"",
      ""CD_STAT_COUPON"" : ""04"",
      ""CD_BRAND"" : ""01"",
      ""AM_DISC"" : 0
    }, {
      ""TX_COUPON"" : ""202505_SVIP회원_수선15만원쿠폰"",
      ""RT_DISC"" : 0,
      ""NO_MAN_COUPON"" : ""COP2025AP0008"",
      ""NO_COUPON"" : ""49"",
      ""NM_RESPON"" : ""허정인"",
      ""NM_DEPT"" : ""IMC팀"",
      ""NM_COUPON"" : ""202505_SVIP회원_수선15만원쿠폰"",
      ""ID_INSERT"" : ""쿠폰자동발급"",
      ""DTS_INSERT"" : ""20250501070015"",
      ""DT_USE"" : """",
      ""DT_STR_EXP"" : ""20250501"",
      ""DT_ISSUE"" : ""20250501"",
      ""DT_END_EXP"" : ""20250531"",
      ""DS_MON_EXP"" : 0,
      ""CD_TYPE_DAY_EXP"" : ""02"",
      ""CD_TYPE_COUPON"" : ""03"",
      ""CD_STAT_COUPON"" : ""04"",
      ""CD_BRAND"" : ""01"",
      ""AM_DISC"" : 150000
    }, {
      ""TX_COUPON"" : ""202504_SVIP회원_수선15만원쿠폰"",
      ""RT_DISC"" : 0,
      ""NO_MAN_COUPON"" : ""COP2025MA0008"",
      ""NO_COUPON"" : ""49"",
      ""NM_RESPON"" : ""허정인"",
      ""NM_DEPT"" : ""IMC팀"",
      ""NM_COUPON"" : ""202504_SVIP회원_수선15만원쿠폰"",
      ""ID_INSERT"" : ""쿠폰자동발급"",
      ""DTS_INSERT"" : ""20250401070035"",
      ""DT_USE"" : """",
      ""DT_STR_EXP"" : ""20250401"",
      ""DT_ISSUE"" : ""20250401"",
      ""DT_END_EXP"" : ""20250430"",
      ""DS_MON_EXP"" : 0,
      ""CD_TYPE_DAY_EXP"" : ""02"",
      ""CD_TYPE_COUPON"" : ""03"",
      ""CD_STAT_COUPON"" : ""04"",
      ""CD_BRAND"" : ""01"",
      ""AM_DISC"" : 150000
    }, {
      ""TX_COUPON"" : ""202503_SVIP회원_수선15만원쿠폰"",
      ""RT_DISC"" : 0,
      ""NO_MAN_COUPON"" : ""COP2025FE0009"",
      ""NO_COUPON"" : ""49"",
      ""NM_RESPON"" : ""허정인"",
      ""NM_DEPT"" : ""IMC팀"",
      ""NM_COUPON"" : ""202503_SVIP회원_수선15만원쿠폰"",
      ""ID_INSERT"" : ""쿠폰자동발급"",
      ""DTS_INSERT"" : ""20250301070037"",
      ""DT_USE"" : """",
      ""DT_STR_EXP"" : ""20250301"",
      ""DT_ISSUE"" : ""20250301"",
      ""DT_END_EXP"" : ""20250331"",
      ""DS_MON_EXP"" : 0,
      ""CD_TYPE_DAY_EXP"" : ""02"",
      ""CD_TYPE_COUPON"" : ""03"",
      ""CD_STAT_COUPON"" : ""04"",
      ""CD_BRAND"" : ""01"",
      ""AM_DISC"" : 150000
    }, {
      ""TX_COUPON"" : ""2025_VIP_업그레이드쿠폰2"",
      ""RT_DISC"" : 0,
      ""NO_MAN_COUPON"" : ""COP2025FE0006"",
      ""NO_COUPON"" : ""00309"",
      ""NM_RESPON"" : ""허정인"",
      ""NM_DEPT"" : ""IMC팀"",
      ""NM_COUPON"" : ""2025_VIP_업그레이드쿠폰2"",
      ""ID_INSERT"" : ""허정인"",
      ""DTS_INSERT"" : ""20250214160700"",
      ""DT_USE"" : """",
      ""DT_STR_EXP"" : ""20250201"",
      ""DT_ISSUE"" : ""20250214"",
      ""DT_END_EXP"" : ""20260131"",
      ""DS_MON_EXP"" : 0,
      ""CD_TYPE_DAY_EXP"" : ""02"",
      ""CD_TYPE_COUPON"" : ""03"",
      ""CD_STAT_COUPON"" : ""04"",
      ""CD_BRAND"" : ""01"",
      ""AM_DISC"" : 0
    }, {
      ""TX_COUPON"" : ""2025_VIP_업그레이드쿠폰1"",
      ""RT_DISC"" : 0,
      ""NO_MAN_COUPON"" : ""COP2025FE0005"",
      ""NO_COUPON"" : ""02328"",
      ""NM_RESPON"" : ""허정인"",
      ""NM_DEPT"" : ""IMC팀"",
      ""NM_COUPON"" : ""2025_VIP_업그레이드쿠폰1"",
      ""ID_INSERT"" : ""허정인"",
      ""DTS_INSERT"" : ""20250214154859"",
      ""DT_USE"" : """",
      ""DT_STR_EXP"" : ""20250201"",
      ""DT_ISSUE"" : ""20250214"",
      ""DT_END_EXP"" : ""20260131"",
      ""DS_MON_EXP"" : 0,
      ""CD_TYPE_DAY_EXP"" : ""02"",
      ""CD_TYPE_COUPON"" : ""03"",
      ""CD_STAT_COUPON"" : ""04"",
      ""CD_BRAND"" : ""01"",
      ""AM_DISC"" : 0
    }, {
      ""TX_COUPON"" : ""202502_SVIP회원_수선15만원쿠폰"",
      ""RT_DISC"" : 0,
      ""NO_MAN_COUPON"" : ""COP2025JA0013"",
      ""NO_COUPON"" : ""49"",
      ""NM_RESPON"" : ""허정인"",
      ""NM_DEPT"" : ""IMC팀"",
      ""NM_COUPON"" : ""202502_SVIP회원_수선15만원쿠폰"",
      ""ID_INSERT"" : ""쿠폰자동발급"",
      ""DTS_INSERT"" : ""20250201070038"",
      ""DT_USE"" : """",
      ""DT_STR_EXP"" : ""20250201"",
      ""DT_ISSUE"" : ""20250201"",
      ""DT_END_EXP"" : ""20250228"",
      ""DS_MON_EXP"" : 0,
      ""CD_TYPE_DAY_EXP"" : ""02"",
      ""CD_TYPE_COUPON"" : ""03"",
      ""CD_STAT_COUPON"" : ""04"",
      ""CD_BRAND"" : ""01"",
      ""AM_DISC"" : 150000
    }, {
      ""TX_COUPON"" : ""2025_SVIP_승격축하쿠폰"",
      ""RT_DISC"" : 0,
      ""NO_MAN_COUPON"" : ""COP2025JA0032"",
      ""NO_COUPON"" : ""33"",
      ""NM_RESPON"" : ""허정인"",
      ""NM_DEPT"" : ""IMC팀"",
      ""NM_COUPON"" : ""2025_SVIP_승격축하쿠폰"",
      ""ID_INSERT"" : ""허정인"",
      ""DTS_INSERT"" : ""20250131163042"",
      ""DT_USE"" : """",
      ""DT_STR_EXP"" : ""20250201"",
      ""DT_ISSUE"" : ""20250131"",
      ""DT_END_EXP"" : ""20260131"",
      ""DS_MON_EXP"" : 0,
      ""CD_TYPE_DAY_EXP"" : ""02"",
      ""CD_TYPE_COUPON"" : ""03"",
      ""CD_STAT_COUPON"" : ""04"",
      ""CD_BRAND"" : ""01"",
      ""AM_DISC"" : 100000
    }, {
      ""TX_COUPON"" : ""10%할인_SVIP특별바우처3"",
      ""RT_DISC"" : 10,
      ""NO_MAN_COUPON"" : ""COP2025JA0021"",
      ""NO_COUPON"" : ""33"",
      ""NM_RESPON"" : ""허정인"",
      ""NM_DEPT"" : ""IMC팀"",
      ""NM_COUPON"" : ""10%할인_SVIP특별바우처3"",
      ""ID_INSERT"" : ""허정인"",
      ""DTS_INSERT"" : ""20250131163017"",
      ""DT_USE"" : """",
      ""DT_STR_EXP"" : ""20250201"",
      ""DT_ISSUE"" : ""20250131"",
      ""DT_END_EXP"" : ""20260131"",
      ""DS_MON_EXP"" : 0,
      ""CD_TYPE_DAY_EXP"" : ""02"",
      ""CD_TYPE_COUPON"" : ""03"",
      ""CD_STAT_COUPON"" : ""04"",
      ""CD_BRAND"" : ""01"",
      ""AM_DISC"" : 0
    }, {
      ""TX_COUPON"" : ""10%할인_SVIP특별바우처2"",
      ""RT_DISC"" : 10,
      ""NO_MAN_COUPON"" : ""COP2025JA0020"",
      ""NO_COUPON"" : ""33"",
      ""NM_RESPON"" : ""허정인"",
      ""NM_DEPT"" : ""IMC팀"",
      ""NM_COUPON"" : ""10%할인_SVIP특별바우처2"",
      ""ID_INSERT"" : ""허정인"",
      ""DTS_INSERT"" : ""20250131162957"",
      ""DT_USE"" : """",
      ""DT_STR_EXP"" : ""20250201"",
      ""DT_ISSUE"" : ""20250131"",
      ""DT_END_EXP"" : ""20260131"",
      ""DS_MON_EXP"" : 0,
      ""CD_TYPE_DAY_EXP"" : ""02"",
      ""CD_TYPE_COUPON"" : ""03"",
      ""CD_STAT_COUPON"" : ""04"",
      ""CD_BRAND"" : ""01"",
      ""AM_DISC"" : 0
    }, {
      ""TX_COUPON"" : ""10%할인_SVIP특별바우처1"",
      ""RT_DISC"" : 10,
      ""NO_MAN_COUPON"" : ""COP2025JA0019"",
      ""NO_COUPON"" : ""33"",
      ""NM_RESPON"" : ""허정인"",
      ""NM_DEPT"" : ""IMC팀"",
      ""NM_COUPON"" : ""10%할인_SVIP특별바우처1"",
      ""ID_INSERT"" : ""허정인"",
      ""DTS_INSERT"" : ""20250131162928"",
      ""DT_USE"" : ""20250408"",
      ""DT_STR_EXP"" : ""20250201"",
      ""DT_ISSUE"" : ""20250131"",
      ""DT_END_EXP"" : ""20260131"",
      ""DS_MON_EXP"" : 0,
      ""CD_TYPE_DAY_EXP"" : ""02"",
      ""CD_TYPE_COUPON"" : ""03"",
      ""CD_STAT_COUPON"" : ""01"",
      ""CD_BRAND"" : ""01"",
      ""AM_DISC"" : 0
    } ],
    ""TotalPointsBalance"" : 302412.0,
    ""GiftList"" : [ ],
    ""HistoryUpdatedList"" : [ {
      ""changedBy"" : ""milvus"",
      ""newValue"" : null,
      ""oldValue"" : null,
      ""field"" : ""created"",
      ""changeTarget"" : ""LoyaltyProgramMember"",
      ""changeDate"" : ""2026-05-05T12:41:51.000Z""
    }, {
      ""changedBy"" : ""milvus"",
      ""newValue"" : null,
      ""oldValue"" : null,
      ""field"" : ""created"",
      ""changeTarget"" : ""Contact"",
      ""changeDate"" : ""2026-04-26T04:33:09.000Z""
    }, {
      ""changedBy"" : ""milvus"",
      ""newValue"" : ""신세계아울렛파주점"",
      ""oldValue"" : ""현대신촌점"",
      ""field"" : ""StoreRegi__c"",
      ""changeTarget"" : ""Contact"",
      ""changeDate"" : ""2026-04-29T12:11:35.000Z""
    }, {
      ""changedBy"" : ""milvus"",
      ""newValue"" : ""001JO00000HHr0HYAT"",
      ""oldValue"" : ""001JO00000HHr1XYAT"",
      ""field"" : ""StoreRegi__c"",
      ""changeTarget"" : ""Contact"",
      ""changeDate"" : ""2026-04-29T12:11:35.000Z""
    }, {
      ""changedBy"" : ""milvus"",
      ""newValue"" : ""현대신촌점"",
      ""oldValue"" : ""신세계아울렛파주점"",
      ""field"" : ""StoreMana__c"",
      ""changeTarget"" : ""Contact"",
      ""changeDate"" : ""2026-04-29T12:11:35.000Z""
    }, {
      ""changedBy"" : ""milvus"",
      ""newValue"" : ""001JO00000HHr1XYAT"",
      ""oldValue"" : ""001JO00000HHr0HYAT"",
      ""field"" : ""StoreMana__c"",
      ""changeTarget"" : ""Contact"",
      ""changeDate"" : ""2026-04-29T12:11:35.000Z""
    }, {
      ""changedBy"" : ""milvus"",
      ""newValue"" : ""서울특별시 서대문구 증가로 150 (남가좌동, DMC센트럴아이파크)109-1201"",
      ""oldValue"" : ""서울특별시 서대문구 증가로 150 (남가좌동, DMC센트럴아이파크)"",
      ""field"" : ""MailingStreet"",
      ""changeTarget"" : ""Contact"",
      ""changeDate"" : ""2026-04-30T10:37:48.000Z""
    }, {
      ""changedBy"" : ""milvus"",
      ""newValue"" : ""03670"",
      ""oldValue"" : ""036"",
      ""field"" : ""MailingPostalCode"",
      ""changeTarget"" : ""Contact"",
      ""changeDate"" : ""2026-04-30T10:37:48.000Z""
    } ],
    ""ConsultationList"" : [ ],
    ""CustomerServiceHistory"" : [ ],
    ""WorksList"" : [ ],
    ""OrdersList"" : [ {
      ""DeleteDateTime"" : null,
      ""ActivatedDate"" : null,
      ""InsertId"" : ""갤러리아광교점"",
      ""OrderReferenceNumber"" : null,
      ""SaleStatus"" : null,
      ""OrderType"" : ""01"",
      ""SaleEndDate"" : null,
      ""SaleNo"" : null,
      ""StoreCode"" : ""001JO00000HHr21YAD"",
      ""ActualPaymentAmount"" : 11990000.0000,
      ""TotalAmount"" : 11990000,
      ""Status"" : ""orderSuccess"",
      ""OrderDate"" : ""2023-03-07"",
      ""OrderName"" : null
    } ],
    ""Depositlist"" : [ {
      ""PromotionId"" : null,
      ""TotalPromotionDiscount"" : null,
      ""JournalTypeName"" : ""Deposit"",
      ""Status"" : ""Processed"",
      ""Quantity"" : null,
      ""PaymentMethodName"" : ""카드"",
      ""PaymentMethodCode"" : ""03"",
      ""TransactionAmount"" : 10010000,
      ""JournalReason"" : null,
      ""DepositSeqNo"" : ""1"",
      ""DepositNo"" : ""DEP202108070183-1"",
      ""DepositType"" : ""01"",
      ""Brand"" : null
    }, {
      ""PromotionId"" : null,
      ""TotalPromotionDiscount"" : null,
      ""JournalTypeName"" : ""Deposit Reversal"",
      ""Status"" : ""Processed"",
      ""Quantity"" : null,
      ""PaymentMethodName"" : ""카드"",
      ""PaymentMethodCode"" : ""03"",
      ""TransactionAmount"" : 10010000,
      ""JournalReason"" : null,
      ""DepositSeqNo"" : ""1"",
      ""DepositNo"" : ""DEP202108130042-1"",
      ""DepositType"" : ""03"",
      ""Brand"" : null
    }, {
      ""PromotionId"" : null,
      ""TotalPromotionDiscount"" : null,
      ""JournalTypeName"" : ""Deposit"",
      ""Status"" : ""Processed"",
      ""Quantity"" : null,
      ""PaymentMethodName"" : ""카드"",
      ""PaymentMethodCode"" : ""03"",
      ""TransactionAmount"" : 10010000,
      ""JournalReason"" : null,
      ""DepositSeqNo"" : ""2"",
      ""DepositNo"" : ""DEP202108130042-2"",
      ""DepositType"" : ""01"",
      ""Brand"" : null
    }, {
      ""PromotionId"" : null,
      ""TotalPromotionDiscount"" : null,
      ""JournalTypeName"" : ""Deposit"",
      ""Status"" : ""Processed"",
      ""Quantity"" : null,
      ""PaymentMethodName"" : ""카드"",
      ""PaymentMethodCode"" : ""03"",
      ""TransactionAmount"" : 120000,
      ""JournalReason"" : null,
      ""DepositSeqNo"" : ""1"",
      ""DepositNo"" : ""DEP202108310223-1"",
      ""DepositType"" : ""01"",
      ""Brand"" : null
    }, {
      ""PromotionId"" : null,
      ""TotalPromotionDiscount"" : null,
      ""JournalTypeName"" : ""Deposit"",
      ""Status"" : ""Processed"",
      ""Quantity"" : null,
      ""PaymentMethodName"" : ""카드"",
      ""PaymentMethodCode"" : ""03"",
      ""TransactionAmount"" : 3180000,
      ""JournalReason"" : null,
      ""DepositSeqNo"" : ""1"",
      ""DepositNo"" : ""DEP202207060674-1"",
      ""DepositType"" : ""01"",
      ""Brand"" : null
    }, {
      ""PromotionId"" : null,
      ""TotalPromotionDiscount"" : null,
      ""JournalTypeName"" : ""Deposit"",
      ""Status"" : ""Processed"",
      ""Quantity"" : null,
      ""PaymentMethodName"" : ""백화점상품권"",
      ""PaymentMethodCode"" : ""92"",
      ""TransactionAmount"" : 960000,
      ""JournalReason"" : null,
      ""DepositSeqNo"" : ""1"",
      ""DepositNo"" : ""DEP202301080351-1"",
      ""DepositType"" : ""01"",
      ""Brand"" : null
    }, {
      ""PromotionId"" : null,
      ""TotalPromotionDiscount"" : null,
      ""JournalTypeName"" : ""Deposit"",
      ""Status"" : ""Processed"",
      ""Quantity"" : null,
      ""PaymentMethodName"" : ""카드"",
      ""PaymentMethodCode"" : ""03"",
      ""TransactionAmount"" : 679300,
      ""JournalReason"" : null,
      ""DepositSeqNo"" : ""2"",
      ""DepositNo"" : ""DEP202301080351-2"",
      ""DepositType"" : ""01"",
      ""Brand"" : null
    }, {
      ""PromotionId"" : null,
      ""TotalPromotionDiscount"" : null,
      ""JournalTypeName"" : ""Deposit"",
      ""Status"" : ""Processed"",
      ""Quantity"" : null,
      ""PaymentMethodName"" : ""카드"",
      ""PaymentMethodCode"" : ""03"",
      ""TransactionAmount"" : 1000000,
      ""JournalReason"" : null,
      ""DepositSeqNo"" : ""1"",
      ""DepositNo"" : ""DEP202302030089-1"",
      ""DepositType"" : ""01"",
      ""Brand"" : null
    }, {
      ""PromotionId"" : null,
      ""TotalPromotionDiscount"" : null,
      ""JournalTypeName"" : ""Deposit"",
      ""Status"" : ""Processed"",
      ""Quantity"" : null,
      ""PaymentMethodName"" : ""카드"",
      ""PaymentMethodCode"" : ""03"",
      ""TransactionAmount"" : 232000,
      ""JournalReason"" : null,
      ""DepositSeqNo"" : ""2"",
      ""DepositNo"" : ""DEP202302030089-2"",
      ""DepositType"" : ""01"",
      ""Brand"" : null
    }, {
      ""PromotionId"" : null,
      ""TotalPromotionDiscount"" : null,
      ""JournalTypeName"" : ""Deposit"",
      ""Status"" : ""Processed"",
      ""Quantity"" : null,
      ""PaymentMethodName"" : ""카드"",
      ""PaymentMethodCode"" : ""03"",
      ""TransactionAmount"" : 1200000,
      ""JournalReason"" : null,
      ""DepositSeqNo"" : ""1"",
      ""DepositNo"" : ""DEP202303070077-1"",
      ""DepositType"" : ""01"",
      ""Brand"" : null
    }, {
      ""PromotionId"" : null,
      ""TotalPromotionDiscount"" : null,
      ""JournalTypeName"" : ""Deposit"",
      ""Status"" : ""Processed"",
      ""Quantity"" : null,
      ""PaymentMethodName"" : ""카드"",
      ""PaymentMethodCode"" : ""03"",
      ""TransactionAmount"" : 1380000,
      ""JournalReason"" : null,
      ""DepositSeqNo"" : ""1"",
      ""DepositNo"" : ""DEP202305080032-1"",
      ""DepositType"" : ""01"",
      ""Brand"" : null
    }, {
      ""PromotionId"" : null,
      ""TotalPromotionDiscount"" : null,
      ""JournalTypeName"" : ""Deposit"",
      ""Status"" : ""Processed"",
      ""Quantity"" : null,
      ""PaymentMethodName"" : ""백화점상품권"",
      ""PaymentMethodCode"" : ""92"",
      ""TransactionAmount"" : 50000,
      ""JournalReason"" : null,
      ""DepositSeqNo"" : ""2"",
      ""DepositNo"" : ""DEP202305080032-2"",
      ""DepositType"" : ""01"",
      ""Brand"" : null
    }, {
      ""PromotionId"" : null,
      ""TotalPromotionDiscount"" : null,
      ""JournalTypeName"" : ""Deposit"",
      ""Status"" : ""Processed"",
      ""Quantity"" : null,
      ""PaymentMethodName"" : ""카드"",
      ""PaymentMethodCode"" : ""03"",
      ""TransactionAmount"" : 320000,
      ""JournalReason"" : null,
      ""DepositSeqNo"" : ""1"",
      ""DepositNo"" : ""DEP202305310075-1"",
      ""DepositType"" : ""01"",
      ""Brand"" : null
    }, {
      ""PromotionId"" : null,
      ""TotalPromotionDiscount"" : null,
      ""JournalTypeName"" : ""Redemption"",
      ""Status"" : ""Processed"",
      ""Quantity"" : null,
      ""PaymentMethodName"" : ""포인트"",
      ""PaymentMethodCode"" : ""81"",
      ""TransactionAmount"" : 25000,
      ""JournalReason"" : null,
      ""DepositSeqNo"" : ""1"",
      ""DepositNo"" : ""DEP202306040095-1"",
      ""DepositType"" : ""01"",
      ""Brand"" : null
    }, {
      ""PromotionId"" : null,
      ""TotalPromotionDiscount"" : null,
      ""JournalTypeName"" : ""Deposit"",
      ""Status"" : ""Processed"",
      ""Quantity"" : null,
      ""PaymentMethodName"" : ""카드"",
      ""PaymentMethodCode"" : ""03"",
      ""TransactionAmount"" : 300000,
      ""JournalReason"" : null,
      ""DepositSeqNo"" : ""1"",
      ""DepositNo"" : ""DEP202306070071-1"",
      ""DepositType"" : ""01"",
      ""Brand"" : null
    }, {
      ""PromotionId"" : null,
      ""TotalPromotionDiscount"" : null,
      ""JournalTypeName"" : ""Deposit"",
      ""Status"" : ""Processed"",
      ""Quantity"" : null,
      ""PaymentMethodName"" : ""카드"",
      ""PaymentMethodCode"" : ""03"",
      ""TransactionAmount"" : 1200000,
      ""JournalReason"" : null,
      ""DepositSeqNo"" : ""1"",
      ""DepositNo"" : ""DEP202306130073-1"",
      ""DepositType"" : ""01"",
      ""Brand"" : null
    }, {
      ""PromotionId"" : null,
      ""TotalPromotionDiscount"" : null,
      ""JournalTypeName"" : ""Deposit Reversal"",
      ""Status"" : ""Processed"",
      ""Quantity"" : null,
      ""PaymentMethodName"" : ""카드"",
      ""PaymentMethodCode"" : ""03"",
      ""TransactionAmount"" : 1200000,
      ""JournalReason"" : null,
      ""DepositSeqNo"" : ""1"",
      ""DepositNo"" : ""DEP202307021787-1"",
      ""DepositType"" : ""03"",
      ""Brand"" : null
    }, {
      ""PromotionId"" : null,
      ""TotalPromotionDiscount"" : null,
      ""JournalTypeName"" : ""Deposit"",
      ""Status"" : ""Processed"",
      ""Quantity"" : null,
      ""PaymentMethodName"" : ""카드"",
      ""PaymentMethodCode"" : ""03"",
      ""TransactionAmount"" : 10883200,
      ""JournalReason"" : null,
      ""DepositSeqNo"" : ""2"",
      ""DepositNo"" : ""DEP202307021787-2"",
      ""DepositType"" : ""01"",
      ""Brand"" : null
    }, {
      ""PromotionId"" : null,
      ""TotalPromotionDiscount"" : null,
      ""JournalTypeName"" : ""Deposit Reversal"",
      ""Status"" : ""Processed"",
      ""Quantity"" : null,
      ""PaymentMethodName"" : ""카드"",
      ""PaymentMethodCode"" : ""03"",
      ""TransactionAmount"" : 320000,
      ""JournalReason"" : null,
      ""DepositSeqNo"" : ""1"",
      ""DepositNo"" : ""DEP202307021805-1"",
      ""DepositType"" : ""03"",
      ""Brand"" : null
    }, {
      ""PromotionId"" : null,
      ""TotalPromotionDiscount"" : null,
      ""JournalTypeName"" : ""Deposit"",
      ""Status"" : ""Processed"",
      ""Quantity"" : null,
      ""PaymentMethodName"" : ""카드"",
      ""PaymentMethodCode"" : ""03"",
      ""TransactionAmount"" : 2970600,
      ""JournalReason"" : null,
      ""DepositSeqNo"" : ""2"",
      ""DepositNo"" : ""DEP202307021805-2"",
      ""DepositType"" : ""01"",
      ""Brand"" : null
    }, {
      ""PromotionId"" : null,
      ""TotalPromotionDiscount"" : null,
      ""JournalTypeName"" : ""Deposit"",
      ""Status"" : ""Processed"",
      ""Quantity"" : null,
      ""PaymentMethodName"" : ""카드"",
      ""PaymentMethodCode"" : ""03"",
      ""TransactionAmount"" : 11354400,
      ""JournalReason"" : null,
      ""DepositSeqNo"" : ""1"",
      ""DepositNo"" : ""DEP202307021833-1"",
      ""DepositType"" : ""01"",
      ""Brand"" : null
    }, {
      ""PromotionId"" : null,
      ""TotalPromotionDiscount"" : null,
      ""JournalTypeName"" : ""Deposit"",
      ""Status"" : ""Processed"",
      ""Quantity"" : null,
      ""PaymentMethodName"" : ""카드"",
      ""PaymentMethodCode"" : ""03"",
      ""TransactionAmount"" : 2637200,
      ""JournalReason"" : null,
      ""DepositSeqNo"" : ""1"",
      ""DepositNo"" : ""DEP202307031036-1"",
      ""DepositType"" : ""01"",
      ""Brand"" : null
    }, {
      ""PromotionId"" : null,
      ""TotalPromotionDiscount"" : null,
      ""JournalTypeName"" : ""Deposit"",
      ""Status"" : ""Processed"",
      ""Quantity"" : null,
      ""PaymentMethodName"" : ""카드"",
      ""PaymentMethodCode"" : ""03"",
      ""TransactionAmount"" : 780000,
      ""JournalReason"" : null,
      ""DepositSeqNo"" : ""1"",
      ""DepositNo"" : ""DEP202406140040-1"",
      ""DepositType"" : ""01"",
      ""Brand"" : null
    }, {
      ""PromotionId"" : null,
      ""TotalPromotionDiscount"" : null,
      ""JournalTypeName"" : ""Deposit"",
      ""Status"" : ""Processed"",
      ""Quantity"" : null,
      ""PaymentMethodName"" : ""카드"",
      ""PaymentMethodCode"" : ""03"",
      ""TransactionAmount"" : 2800000,
      ""JournalReason"" : null,
      ""DepositSeqNo"" : ""1"",
      ""DepositNo"" : ""DEP202406140045-1"",
      ""DepositType"" : ""01"",
      ""Brand"" : null
    }, {
      ""PromotionId"" : null,
      ""TotalPromotionDiscount"" : null,
      ""JournalTypeName"" : ""Deposit Reversal"",
      ""Status"" : ""Processed"",
      ""Quantity"" : null,
      ""PaymentMethodName"" : ""카드"",
      ""PaymentMethodCode"" : ""03"",
      ""TransactionAmount"" : 780000,
      ""JournalReason"" : null,
      ""DepositSeqNo"" : ""1"",
      ""DepositNo"" : ""DEP202407011825-1"",
      ""DepositType"" : ""03"",
      ""Brand"" : null
    }, {
      ""PromotionId"" : null,
      ""TotalPromotionDiscount"" : null,
      ""JournalTypeName"" : ""Deposit"",
      ""Status"" : ""Processed"",
      ""Quantity"" : null,
      ""PaymentMethodName"" : ""카드"",
      ""PaymentMethodCode"" : ""03"",
      ""TransactionAmount"" : 6734000,
      ""JournalReason"" : null,
      ""DepositSeqNo"" : ""2"",
      ""DepositNo"" : ""DEP202407011825-2"",
      ""DepositType"" : ""01"",
      ""Brand"" : null
    }, {
      ""PromotionId"" : null,
      ""TotalPromotionDiscount"" : null,
      ""JournalTypeName"" : ""Deposit"",
      ""Status"" : ""Processed"",
      ""Quantity"" : null,
      ""PaymentMethodName"" : ""백화점상품권"",
      ""PaymentMethodCode"" : ""92"",
      ""TransactionAmount"" : 490000,
      ""JournalReason"" : null,
      ""DepositSeqNo"" : ""3"",
      ""DepositNo"" : ""DEP202407011825-3"",
      ""DepositType"" : ""01"",
      ""Brand"" : null
    }, {
      ""PromotionId"" : null,
      ""TotalPromotionDiscount"" : null,
      ""JournalTypeName"" : ""Deposit Reversal"",
      ""Status"" : ""Processed"",
      ""Quantity"" : null,
      ""PaymentMethodName"" : ""카드"",
      ""PaymentMethodCode"" : ""03"",
      ""TransactionAmount"" : 2800000,
      ""JournalReason"" : null,
      ""DepositSeqNo"" : ""1"",
      ""DepositNo"" : ""DEP202407011904-1"",
      ""DepositType"" : ""03"",
      ""Brand"" : null
    }, {
      ""PromotionId"" : null,
      ""TotalPromotionDiscount"" : null,
      ""JournalTypeName"" : ""Deposit"",
      ""Status"" : ""Processed"",
      ""Quantity"" : null,
      ""PaymentMethodName"" : ""카드"",
      ""PaymentMethodCode"" : ""03"",
      ""TransactionAmount"" : 21033000,
      ""JournalReason"" : null,
      ""DepositSeqNo"" : ""2"",
      ""DepositNo"" : ""DEP202407011904-2"",
      ""DepositType"" : ""01"",
      ""Brand"" : null
    }, {
      ""PromotionId"" : null,
      ""TotalPromotionDiscount"" : null,
      ""JournalTypeName"" : ""Deposit"",
      ""Status"" : ""Processed"",
      ""Quantity"" : null,
      ""PaymentMethodName"" : ""카드"",
      ""PaymentMethodCode"" : ""03"",
      ""TransactionAmount"" : 3424100,
      ""JournalReason"" : null,
      ""DepositSeqNo"" : ""3"",
      ""DepositNo"" : ""DEP202407011904-3"",
      ""DepositType"" : ""01"",
      ""Brand"" : null
    }, {
      ""PromotionId"" : null,
      ""TotalPromotionDiscount"" : null,
      ""JournalTypeName"" : ""Deposit"",
      ""Status"" : ""Processed"",
      ""Quantity"" : null,
      ""PaymentMethodName"" : ""백화점상품권"",
      ""PaymentMethodCode"" : ""92"",
      ""TransactionAmount"" : 1210000,
      ""JournalReason"" : null,
      ""DepositSeqNo"" : ""4"",
      ""DepositNo"" : ""DEP202407011904-4"",
      ""DepositType"" : ""01"",
      ""Brand"" : null
    }, {
      ""PromotionId"" : null,
      ""TotalPromotionDiscount"" : null,
      ""JournalTypeName"" : ""Deposit"",
      ""Status"" : ""Processed"",
      ""Quantity"" : null,
      ""PaymentMethodName"" : ""카드"",
      ""PaymentMethodCode"" : ""03"",
      ""TransactionAmount"" : 3390000,
      ""JournalReason"" : null,
      ""DepositSeqNo"" : ""1"",
      ""DepositNo"" : ""DEP202503080353-1"",
      ""DepositType"" : ""01"",
      ""Brand"" : null
    }, {
      ""PromotionId"" : null,
      ""TotalPromotionDiscount"" : null,
      ""JournalTypeName"" : ""Deposit"",
      ""Status"" : ""Processed"",
      ""Quantity"" : null,
      ""PaymentMethodName"" : ""백화점상품권"",
      ""PaymentMethodCode"" : ""92"",
      ""TransactionAmount"" : 300000,
      ""JournalReason"" : null,
      ""DepositSeqNo"" : ""2"",
      ""DepositNo"" : ""DEP202503080353-2"",
      ""DepositType"" : ""01"",
      ""Brand"" : null
    }, {
      ""PromotionId"" : null,
      ""TotalPromotionDiscount"" : null,
      ""JournalTypeName"" : ""Deposit"",
      ""Status"" : ""Processed"",
      ""Quantity"" : null,
      ""PaymentMethodName"" : ""카드"",
      ""PaymentMethodCode"" : ""03"",
      ""TransactionAmount"" : 5000000,
      ""JournalReason"" : null,
      ""DepositSeqNo"" : ""1"",
      ""DepositNo"" : ""DEP202504080048-1"",
      ""DepositType"" : ""01"",
      ""Brand"" : null
    }, {
      ""PromotionId"" : null,
      ""TotalPromotionDiscount"" : null,
      ""JournalTypeName"" : ""Deposit"",
      ""Status"" : ""Processed"",
      ""Quantity"" : null,
      ""PaymentMethodName"" : ""카드"",
      ""PaymentMethodCode"" : ""03"",
      ""TransactionAmount"" : 20501000,
      ""JournalReason"" : null,
      ""DepositSeqNo"" : ""1"",
      ""DepositNo"" : ""DEP202504120322-1"",
      ""DepositType"" : ""01"",
      ""Brand"" : null
    }, {
      ""PromotionId"" : null,
      ""TotalPromotionDiscount"" : null,
      ""JournalTypeName"" : ""Deposit"",
      ""Status"" : ""Processed"",
      ""Quantity"" : null,
      ""PaymentMethodName"" : ""백화점상품권"",
      ""PaymentMethodCode"" : ""92"",
      ""TransactionAmount"" : 593000,
      ""JournalReason"" : null,
      ""DepositSeqNo"" : ""1"",
      ""DepositNo"" : ""DEP202508270268-1"",
      ""DepositType"" : ""01"",
      ""Brand"" : null
    }, {
      ""PromotionId"" : null,
      ""TotalPromotionDiscount"" : null,
      ""JournalTypeName"" : ""Deposit"",
      ""Status"" : ""Processed"",
      ""Quantity"" : null,
      ""PaymentMethodName"" : ""카드"",
      ""PaymentMethodCode"" : ""03"",
      ""TransactionAmount"" : 1166000,
      ""JournalReason"" : null,
      ""DepositSeqNo"" : ""1"",
      ""DepositNo"" : ""DEP202512050143-1"",
      ""DepositType"" : ""01"",
      ""Brand"" : null
    }, {
      ""PromotionId"" : null,
      ""TotalPromotionDiscount"" : null,
      ""JournalTypeName"" : ""Deposit"",
      ""Status"" : ""Processed"",
      ""Quantity"" : null,
      ""PaymentMethodName"" : ""백화점상품권"",
      ""PaymentMethodCode"" : ""92"",
      ""TransactionAmount"" : 50000,
      ""JournalReason"" : null,
      ""DepositSeqNo"" : ""2"",
      ""DepositNo"" : ""DEP202512050143-2"",
      ""DepositType"" : ""01"",
      ""Brand"" : null
    }, {
      ""PromotionId"" : null,
      ""TotalPromotionDiscount"" : null,
      ""JournalTypeName"" : ""Deposit"",
      ""Status"" : ""Processed"",
      ""Quantity"" : null,
      ""PaymentMethodName"" : ""현금"",
      ""PaymentMethodCode"" : ""01"",
      ""TransactionAmount"" : 3428000,
      ""JournalReason"" : null,
      ""DepositSeqNo"" : ""1"",
      ""DepositNo"" : ""DEP202603200107-1"",
      ""DepositType"" : ""01"",
      ""Brand"" : null
    }, {
      ""PromotionId"" : null,
      ""TotalPromotionDiscount"" : null,
      ""JournalTypeName"" : ""Deposit"",
      ""Status"" : ""Processed"",
      ""Quantity"" : null,
      ""PaymentMethodName"" : ""현금"",
      ""PaymentMethodCode"" : ""01"",
      ""TransactionAmount"" : 100000,
      ""JournalReason"" : null,
      ""DepositSeqNo"" : ""1"",
      ""DepositNo"" : ""DEP202603200134-1"",
      ""DepositType"" : ""01"",
      ""Brand"" : null
    }, {
      ""PromotionId"" : null,
      ""TotalPromotionDiscount"" : null,
      ""JournalTypeName"" : ""Deposit"",
      ""Status"" : ""Processed"",
      ""Quantity"" : null,
      ""PaymentMethodName"" : ""카드"",
      ""PaymentMethodCode"" : ""03"",
      ""TransactionAmount"" : 1360400,
      ""JournalReason"" : null,
      ""DepositSeqNo"" : ""1"",
      ""DepositNo"" : ""DEP202104250353-1"",
      ""DepositType"" : ""02"",
      ""Brand"" : null
    }, {
      ""PromotionId"" : null,
      ""TotalPromotionDiscount"" : null,
      ""JournalTypeName"" : ""Deposit"",
      ""Status"" : ""Processed"",
      ""Quantity"" : null,
      ""PaymentMethodName"" : ""카드"",
      ""PaymentMethodCode"" : ""03"",
      ""TransactionAmount"" : 460000,
      ""JournalReason"" : null,
      ""DepositSeqNo"" : ""1"",
      ""DepositNo"" : ""DEP202108070184-1"",
      ""DepositType"" : ""02"",
      ""Brand"" : null
    }, {
      ""PromotionId"" : null,
      ""TotalPromotionDiscount"" : null,
      ""JournalTypeName"" : ""Deposit"",
      ""Status"" : ""Processed"",
      ""Quantity"" : null,
      ""PaymentMethodName"" : ""카드"",
      ""PaymentMethodCode"" : ""03"",
      ""TransactionAmount"" : 7163500,
      ""JournalReason"" : null,
      ""DepositSeqNo"" : ""1"",
      ""DepositNo"" : ""DEP202207091145-1"",
      ""DepositType"" : ""02"",
      ""Brand"" : null
    }, {
      ""PromotionId"" : null,
      ""TotalPromotionDiscount"" : null,
      ""JournalTypeName"" : ""Deposit"",
      ""Status"" : ""Processed"",
      ""Quantity"" : null,
      ""PaymentMethodName"" : ""백화점상품권"",
      ""PaymentMethodCode"" : ""92"",
      ""TransactionAmount"" : 490000,
      ""JournalReason"" : null,
      ""DepositSeqNo"" : ""2"",
      ""DepositNo"" : ""DEP202207091145-2"",
      ""DepositType"" : ""02"",
      ""Brand"" : null
    }, {
      ""PromotionId"" : null,
      ""TotalPromotionDiscount"" : null,
      ""JournalTypeName"" : ""Redemption"",
      ""Status"" : ""Processed"",
      ""Quantity"" : null,
      ""PaymentMethodName"" : ""본사상품권"",
      ""PaymentMethodCode"" : ""90"",
      ""TransactionAmount"" : 50000,
      ""JournalReason"" : null,
      ""DepositSeqNo"" : ""3"",
      ""DepositNo"" : ""DEP202207091145-3"",
      ""DepositType"" : ""02"",
      ""Brand"" : null
    }, {
      ""PromotionId"" : null,
      ""TotalPromotionDiscount"" : null,
      ""JournalTypeName"" : ""Redemption"",
      ""Status"" : ""Processed"",
      ""Quantity"" : null,
      ""PaymentMethodName"" : ""포인트"",
      ""PaymentMethodCode"" : ""81"",
      ""TransactionAmount"" : 119000,
      ""JournalReason"" : null,
      ""DepositSeqNo"" : ""4"",
      ""DepositNo"" : ""DEP202207091145-4"",
      ""DepositType"" : ""02"",
      ""Brand"" : null
    }, {
      ""PromotionId"" : null,
      ""TotalPromotionDiscount"" : null,
      ""JournalTypeName"" : ""Redemption"",
      ""Status"" : ""Processed"",
      ""Quantity"" : null,
      ""PaymentMethodName"" : ""본사상품권"",
      ""PaymentMethodCode"" : ""90"",
      ""TransactionAmount"" : 203100,
      ""JournalReason"" : null,
      ""DepositSeqNo"" : ""1"",
      ""DepositNo"" : ""DEP202301080345-1"",
      ""DepositType"" : ""02"",
      ""Brand"" : null
    }, {
      ""PromotionId"" : null,
      ""TotalPromotionDiscount"" : null,
      ""JournalTypeName"" : ""Deposit"",
      ""Status"" : ""Processed"",
      ""Quantity"" : null,
      ""PaymentMethodName"" : ""백화점상품권"",
      ""PaymentMethodCode"" : ""92"",
      ""TransactionAmount"" : 750000,
      ""JournalReason"" : null,
      ""DepositSeqNo"" : ""2"",
      ""DepositNo"" : ""DEP202301080345-2"",
      ""DepositType"" : ""02"",
      ""Brand"" : null
    }, {
      ""PromotionId"" : null,
      ""TotalPromotionDiscount"" : null,
      ""JournalTypeName"" : ""Deposit"",
      ""Status"" : ""Processed"",
      ""Quantity"" : null,
      ""PaymentMethodName"" : ""카드"",
      ""PaymentMethodCode"" : ""03"",
      ""TransactionAmount"" : 5000000,
      ""JournalReason"" : null,
      ""DepositSeqNo"" : ""3"",
      ""DepositNo"" : ""DEP202301080345-3"",
      ""DepositType"" : ""02"",
      ""Brand"" : null
    }, {
      ""PromotionId"" : null,
      ""TotalPromotionDiscount"" : null,
      ""JournalTypeName"" : ""Redemption"",
      ""Status"" : ""Processed"",
      ""Quantity"" : null,
      ""PaymentMethodName"" : ""포인트"",
      ""PaymentMethodCode"" : ""81"",
      ""TransactionAmount"" : 163000,
      ""JournalReason"" : null,
      ""DepositSeqNo"" : ""4"",
      ""DepositNo"" : ""DEP202301080345-4"",
      ""DepositType"" : ""02"",
      ""Brand"" : null
    }, {
      ""PromotionId"" : null,
      ""TotalPromotionDiscount"" : null,
      ""JournalTypeName"" : ""Deposit"",
      ""Status"" : ""Processed"",
      ""Quantity"" : null,
      ""PaymentMethodName"" : ""카드"",
      ""PaymentMethodCode"" : ""03"",
      ""TransactionAmount"" : 653900,
      ""JournalReason"" : null,
      ""DepositSeqNo"" : ""5"",
      ""DepositNo"" : ""DEP202301080345-5"",
      ""DepositType"" : ""02"",
      ""Brand"" : null
    }, {
      ""PromotionId"" : null,
      ""TotalPromotionDiscount"" : null,
      ""JournalTypeName"" : ""Redemption"",
      ""Status"" : ""Processed"",
      ""Quantity"" : null,
      ""PaymentMethodName"" : ""본사상품권"",
      ""PaymentMethodCode"" : ""90"",
      ""TransactionAmount"" : 50700,
      ""JournalReason"" : null,
      ""DepositSeqNo"" : ""1"",
      ""DepositNo"" : ""DEP202301280247-1"",
      ""DepositType"" : ""02"",
      ""Brand"" : null
    }, {
      ""PromotionId"" : null,
      ""TotalPromotionDiscount"" : null,
      ""JournalTypeName"" : ""Deposit"",
      ""Status"" : ""Processed"",
      ""Quantity"" : null,
      ""PaymentMethodName"" : ""카드"",
      ""PaymentMethodCode"" : ""03"",
      ""TransactionAmount"" : 1288000,
      ""JournalReason"" : null,
      ""DepositSeqNo"" : ""1"",
      ""DepositNo"" : ""DEP202302030084-1"",
      ""DepositType"" : ""02"",
      ""Brand"" : null
    }, {
      ""PromotionId"" : null,
      ""TotalPromotionDiscount"" : null,
      ""JournalTypeName"" : ""Redemption"",
      ""Status"" : ""Processed"",
      ""Quantity"" : null,
      ""PaymentMethodName"" : ""포인트"",
      ""PaymentMethodCode"" : ""81"",
      ""TransactionAmount"" : 120000,
      ""JournalReason"" : null,
      ""DepositSeqNo"" : ""1"",
      ""DepositNo"" : ""DEP202302180261-1"",
      ""DepositType"" : ""02"",
      ""Brand"" : null
    }, {
      ""PromotionId"" : null,
      ""TotalPromotionDiscount"" : null,
      ""JournalTypeName"" : ""Deposit Reversal"",
      ""Status"" : ""Processed"",
      ""Quantity"" : null,
      ""PaymentMethodName"" : ""카드"",
      ""PaymentMethodCode"" : ""03"",
      ""TransactionAmount"" : 1200000,
      ""JournalReason"" : null,
      ""DepositSeqNo"" : ""1"",
      ""DepositNo"" : ""DEP202303160018-1"",
      ""DepositType"" : ""03"",
      ""Brand"" : null
    }, {
      ""PromotionId"" : null,
      ""TotalPromotionDiscount"" : null,
      ""JournalTypeName"" : ""Deposit"",
      ""Status"" : ""Processed"",
      ""Quantity"" : null,
      ""PaymentMethodName"" : ""카드"",
      ""PaymentMethodCode"" : ""03"",
      ""TransactionAmount"" : 11589300,
      ""JournalReason"" : null,
      ""DepositSeqNo"" : ""2"",
      ""DepositNo"" : ""DEP202303160018-2"",
      ""DepositType"" : ""02"",
      ""Brand"" : null
    }, {
      ""PromotionId"" : null,
      ""TotalPromotionDiscount"" : null,
      ""JournalTypeName"" : ""Redemption"",
      ""Status"" : ""Processed"",
      ""Quantity"" : null,
      ""PaymentMethodName"" : ""본사상품권"",
      ""PaymentMethodCode"" : ""90"",
      ""TransactionAmount"" : 359700,
      ""JournalReason"" : null,
      ""DepositSeqNo"" : ""3"",
      ""DepositNo"" : ""DEP202303160018-3"",
      ""DepositType"" : ""02"",
      ""Brand"" : null
    }, {
      ""PromotionId"" : null,
      ""TotalPromotionDiscount"" : null,
      ""JournalTypeName"" : ""Redemption"",
      ""Status"" : ""Processed"",
      ""Quantity"" : null,
      ""PaymentMethodName"" : ""포인트"",
      ""PaymentMethodCode"" : ""81"",
      ""TransactionAmount"" : 41000,
      ""JournalReason"" : null,
      ""DepositSeqNo"" : ""4"",
      ""DepositNo"" : ""DEP202303160018-4"",
      ""DepositType"" : ""02"",
      ""Brand"" : null
    }, {
      ""PromotionId"" : null,
      ""TotalPromotionDiscount"" : null,
      ""JournalTypeName"" : ""Redemption"",
      ""Status"" : ""Processed"",
      ""Quantity"" : null,
      ""PaymentMethodName"" : ""본사상품권"",
      ""PaymentMethodCode"" : ""90"",
      ""TransactionAmount"" : 50000,
      ""JournalReason"" : null,
      ""DepositSeqNo"" : ""1"",
      ""DepositNo"" : ""DEP202305170060-1"",
      ""DepositType"" : ""02"",
      ""Brand"" : null
    }, {
      ""PromotionId"" : null,
      ""TotalPromotionDiscount"" : null,
      ""JournalTypeName"" : ""Redemption"",
      ""Status"" : ""Processed"",
      ""Quantity"" : null,
      ""PaymentMethodName"" : ""포인트"",
      ""PaymentMethodCode"" : ""81"",
      ""TransactionAmount"" : 170000,
      ""JournalReason"" : null,
      ""DepositSeqNo"" : ""2"",
      ""DepositNo"" : ""DEP202305170060-2"",
      ""DepositType"" : ""02"",
      ""Brand"" : null
    }, {
      ""PromotionId"" : null,
      ""TotalPromotionDiscount"" : null,
      ""JournalTypeName"" : ""Redemption"",
      ""Status"" : ""Processed"",
      ""Quantity"" : null,
      ""PaymentMethodName"" : ""본사상품권"",
      ""PaymentMethodCode"" : ""90"",
      ""TransactionAmount"" : 179600,
      ""JournalReason"" : null,
      ""DepositSeqNo"" : ""1"",
      ""DepositNo"" : ""DEP202307031079-1"",
      ""DepositType"" : ""02"",
      ""Brand"" : null
    }, {
      ""PromotionId"" : null,
      ""TotalPromotionDiscount"" : null,
      ""JournalTypeName"" : ""Deposit"",
      ""Status"" : ""Processed"",
      ""Quantity"" : null,
      ""PaymentMethodName"" : ""카드"",
      ""PaymentMethodCode"" : ""03"",
      ""TransactionAmount"" : 3412400,
      ""JournalReason"" : null,
      ""DepositSeqNo"" : ""2"",
      ""DepositNo"" : ""DEP202307031079-2"",
      ""DepositType"" : ""02"",
      ""Brand"" : null
    }, {
      ""PromotionId"" : null,
      ""TotalPromotionDiscount"" : null,
      ""JournalTypeName"" : ""Deposit Reversal"",
      ""Status"" : ""Processed"",
      ""Quantity"" : null,
      ""PaymentMethodName"" : ""카드"",
      ""PaymentMethodCode"" : ""03"",
      ""TransactionAmount"" : 300000,
      ""JournalReason"" : null,
      ""DepositSeqNo"" : ""1"",
      ""DepositNo"" : ""DEP202307110383-1"",
      ""DepositType"" : ""03"",
      ""Brand"" : null
    }, {
      ""PromotionId"" : null,
      ""TotalPromotionDiscount"" : null,
      ""JournalTypeName"" : ""Deposit"",
      ""Status"" : ""Processed"",
      ""Quantity"" : null,
      ""PaymentMethodName"" : ""카드"",
      ""PaymentMethodCode"" : ""03"",
      ""TransactionAmount"" : 2682800,
      ""JournalReason"" : null,
      ""DepositSeqNo"" : ""2"",
      ""DepositNo"" : ""DEP202307110383-2"",
      ""DepositType"" : ""02"",
      ""Brand"" : null
    }, {
      ""PromotionId"" : null,
      ""TotalPromotionDiscount"" : null,
      ""JournalTypeName"" : ""Redemption"",
      ""Status"" : ""Processed"",
      ""Quantity"" : null,
      ""PaymentMethodName"" : ""본사상품권"",
      ""PaymentMethodCode"" : ""90"",
      ""TransactionAmount"" : 141200,
      ""JournalReason"" : null,
      ""DepositSeqNo"" : ""3"",
      ""DepositNo"" : ""DEP202307110383-3"",
      ""DepositType"" : ""02"",
      ""Brand"" : null
    }, {
      ""PromotionId"" : null,
      ""TotalPromotionDiscount"" : null,
      ""JournalTypeName"" : ""Redemption"",
      ""Status"" : ""Processed"",
      ""Quantity"" : null,
      ""PaymentMethodName"" : ""본사상품권"",
      ""PaymentMethodCode"" : ""90"",
      ""TransactionAmount"" : 157600,
      ""JournalReason"" : null,
      ""DepositSeqNo"" : ""1"",
      ""DepositNo"" : ""DEP202307210923-1"",
      ""DepositType"" : ""02"",
      ""Brand"" : null
    }, {
      ""PromotionId"" : null,
      ""TotalPromotionDiscount"" : null,
      ""JournalTypeName"" : ""Redemption"",
      ""Status"" : ""Processed"",
      ""Quantity"" : null,
      ""PaymentMethodName"" : ""본사상품권"",
      ""PaymentMethodCode"" : ""90"",
      ""TransactionAmount"" : 600400,
      ""JournalReason"" : null,
      ""DepositSeqNo"" : ""1"",
      ""DepositNo"" : ""DEP202307210934-1"",
      ""DepositType"" : ""02"",
      ""Brand"" : null
    }, {
      ""PromotionId"" : null,
      ""TotalPromotionDiscount"" : null,
      ""JournalTypeName"" : ""Deposit"",
      ""Status"" : ""Processed"",
      ""Quantity"" : null,
      ""PaymentMethodName"" : ""가주문"",
      ""PaymentMethodCode"" : ""06"",
      ""TransactionAmount"" : 60800,
      ""JournalReason"" : null,
      ""DepositSeqNo"" : ""2"",
      ""DepositNo"" : ""DEP202307210934-2"",
      ""DepositType"" : ""02"",
      ""Brand"" : null
    }, {
      ""PromotionId"" : null,
      ""TotalPromotionDiscount"" : null,
      ""JournalTypeName"" : ""Deposit"",
      ""Status"" : ""Processed"",
      ""Quantity"" : null,
      ""PaymentMethodName"" : ""현금"",
      ""PaymentMethodCode"" : ""01"",
      ""TransactionAmount"" : 463600,
      ""JournalReason"" : null,
      ""DepositSeqNo"" : ""3"",
      ""DepositNo"" : ""DEP202307210934-3"",
      ""DepositType"" : ""02"",
      ""Brand"" : null
    }, {
      ""PromotionId"" : null,
      ""TotalPromotionDiscount"" : null,
      ""JournalTypeName"" : ""Deposit Reversal"",
      ""Status"" : ""Processed"",
      ""Quantity"" : null,
      ""PaymentMethodName"" : ""현금"",
      ""PaymentMethodCode"" : ""01"",
      ""TransactionAmount"" : 463600,
      ""JournalReason"" : null,
      ""DepositSeqNo"" : ""1"",
      ""DepositNo"" : ""DEP202307210942-1"",
      ""DepositType"" : ""03"",
      ""Brand"" : null
    }, {
      ""PromotionId"" : null,
      ""TotalPromotionDiscount"" : null,
      ""JournalTypeName"" : ""Deposit Reversal"",
      ""Status"" : ""Processed"",
      ""Quantity"" : null,
      ""PaymentMethodName"" : ""본사상품권"",
      ""PaymentMethodCode"" : ""90"",
      ""TransactionAmount"" : 24400,
      ""JournalReason"" : null,
      ""DepositSeqNo"" : ""2"",
      ""DepositNo"" : ""DEP202307210942-2"",
      ""DepositType"" : ""03"",
      ""Brand"" : null
    }, {
      ""PromotionId"" : null,
      ""TotalPromotionDiscount"" : null,
      ""JournalTypeName"" : ""Redemption"",
      ""Status"" : ""Processed"",
      ""Quantity"" : null,
      ""PaymentMethodName"" : ""본사상품권"",
      ""PaymentMethodCode"" : ""90"",
      ""TransactionAmount"" : 736400,
      ""JournalReason"" : null,
      ""DepositSeqNo"" : ""1"",
      ""DepositNo"" : ""DEP202307210948-1"",
      ""DepositType"" : ""02"",
      ""Brand"" : null
    }, {
      ""PromotionId"" : null,
      ""TotalPromotionDiscount"" : null,
      ""JournalTypeName"" : ""Deposit"",
      ""Status"" : ""Processed"",
      ""Quantity"" : null,
      ""PaymentMethodName"" : ""카드"",
      ""PaymentMethodCode"" : ""03"",
      ""TransactionAmount"" : 4096000,
      ""JournalReason"" : null,
      ""DepositSeqNo"" : ""1"",
      ""DepositNo"" : ""DEP202403310385-1"",
      ""DepositType"" : ""02"",
      ""Brand"" : null
    }, {
      ""PromotionId"" : null,
      ""TotalPromotionDiscount"" : null,
      ""JournalTypeName"" : ""Redemption"",
      ""Status"" : ""Processed"",
      ""Quantity"" : null,
      ""PaymentMethodName"" : ""본사상품권"",
      ""PaymentMethodCode"" : ""90"",
      ""TransactionAmount"" : 68400,
      ""JournalReason"" : null,
      ""DepositSeqNo"" : ""1"",
      ""DepositNo"" : ""DEP202407011858-1"",
      ""DepositType"" : ""02"",
      ""Brand"" : null
    }, {
      ""PromotionId"" : null,
      ""TotalPromotionDiscount"" : null,
      ""JournalTypeName"" : ""Deposit"",
      ""Status"" : ""Processed"",
      ""Quantity"" : null,
      ""PaymentMethodName"" : ""백화점상품권"",
      ""PaymentMethodCode"" : ""92"",
      ""TransactionAmount"" : 70000,
      ""JournalReason"" : null,
      ""DepositSeqNo"" : ""2"",
      ""DepositNo"" : ""DEP202407011858-2"",
      ""DepositType"" : ""02"",
      ""Brand"" : null
    }, {
      ""PromotionId"" : null,
      ""TotalPromotionDiscount"" : null,
      ""JournalTypeName"" : ""Deposit"",
      ""Status"" : ""Processed"",
      ""Quantity"" : null,
      ""PaymentMethodName"" : ""카드"",
      ""PaymentMethodCode"" : ""03"",
      ""TransactionAmount"" : 1229600,
      ""JournalReason"" : null,
      ""DepositSeqNo"" : ""3"",
      ""DepositNo"" : ""DEP202407011858-3"",
      ""DepositType"" : ""02"",
      ""Brand"" : null
    }, {
      ""PromotionId"" : null,
      ""TotalPromotionDiscount"" : null,
      ""JournalTypeName"" : ""Redemption"",
      ""Status"" : ""Processed"",
      ""Quantity"" : null,
      ""PaymentMethodName"" : ""본사상품권"",
      ""PaymentMethodCode"" : ""90"",
      ""TransactionAmount"" : 1350900,
      ""JournalReason"" : null,
      ""DepositSeqNo"" : ""1"",
      ""DepositNo"" : ""DEP202407190939-1"",
      ""DepositType"" : ""02"",
      ""Brand"" : null
    }, {
      ""PromotionId"" : null,
      ""TotalPromotionDiscount"" : null,
      ""JournalTypeName"" : ""Deposit"",
      ""Status"" : ""Processed"",
      ""Quantity"" : null,
      ""PaymentMethodName"" : ""카드"",
      ""PaymentMethodCode"" : ""03"",
      ""TransactionAmount"" : 21033000,
      ""JournalReason"" : null,
      ""DepositSeqNo"" : ""1"",
      ""DepositNo"" : ""DEP202407220047-1"",
      ""DepositType"" : ""02"",
      ""Brand"" : null
    }, {
      ""PromotionId"" : null,
      ""TotalPromotionDiscount"" : null,
      ""JournalTypeName"" : ""Deposit Reversal"",
      ""Status"" : ""Processed"",
      ""Quantity"" : null,
      ""PaymentMethodName"" : ""카드"",
      ""PaymentMethodCode"" : ""03"",
      ""TransactionAmount"" : 21033000,
      ""JournalReason"" : null,
      ""DepositSeqNo"" : ""2"",
      ""DepositNo"" : ""DEP202407220047-2"",
      ""DepositType"" : ""03"",
      ""Brand"" : null
    }, {
      ""PromotionId"" : null,
      ""TotalPromotionDiscount"" : null,
      ""JournalTypeName"" : ""Redemption"",
      ""Status"" : ""Processed"",
      ""Quantity"" : null,
      ""PaymentMethodName"" : ""포인트"",
      ""PaymentMethodCode"" : ""81"",
      ""TransactionAmount"" : 500000,
      ""JournalReason"" : null,
      ""DepositSeqNo"" : ""1"",
      ""DepositNo"" : ""DEP202408040264-1"",
      ""DepositType"" : ""02"",
      ""Brand"" : null
    }, {
      ""PromotionId"" : null,
      ""TotalPromotionDiscount"" : null,
      ""JournalTypeName"" : ""Redemption"",
      ""Status"" : ""Processed"",
      ""Quantity"" : null,
      ""PaymentMethodName"" : ""본사상품권"",
      ""PaymentMethodCode"" : ""90"",
      ""TransactionAmount"" : 410000,
      ""JournalReason"" : null,
      ""DepositSeqNo"" : ""1"",
      ""DepositNo"" : ""DEP202504080044-1"",
      ""DepositType"" : ""02"",
      ""Brand"" : null
    }, {
      ""PromotionId"" : null,
      ""TotalPromotionDiscount"" : null,
      ""JournalTypeName"" : ""Redemption"",
      ""Status"" : ""Processed"",
      ""Quantity"" : null,
      ""PaymentMethodName"" : ""포인트"",
      ""PaymentMethodCode"" : ""81"",
      ""TransactionAmount"" : 145000,
      ""JournalReason"" : null,
      ""DepositSeqNo"" : ""1"",
      ""DepositNo"" : ""DEP202504100124-1"",
      ""DepositType"" : ""02"",
      ""Brand"" : null
    }, {
      ""PromotionId"" : null,
      ""TotalPromotionDiscount"" : null,
      ""JournalTypeName"" : ""Redemption"",
      ""Status"" : ""Processed"",
      ""Quantity"" : null,
      ""PaymentMethodName"" : ""포인트"",
      ""PaymentMethodCode"" : ""81"",
      ""TransactionAmount"" : 730000,
      ""JournalReason"" : null,
      ""DepositSeqNo"" : ""1"",
      ""DepositNo"" : ""DEP202505210085-1"",
      ""DepositType"" : ""02"",
      ""Brand"" : null
    }, {
      ""PromotionId"" : null,
      ""TotalPromotionDiscount"" : null,
      ""JournalTypeName"" : ""Deposit"",
      ""Status"" : ""Processed"",
      ""Quantity"" : null,
      ""PaymentMethodName"" : ""카드"",
      ""PaymentMethodCode"" : ""03"",
      ""TransactionAmount"" : 964000,
      ""JournalReason"" : null,
      ""DepositSeqNo"" : ""1"",
      ""DepositNo"" : ""DEP202509050055-1"",
      ""DepositType"" : ""02"",
      ""Brand"" : null
    }, {
      ""PromotionId"" : null,
      ""TotalPromotionDiscount"" : null,
      ""JournalTypeName"" : ""Deposit"",
      ""Status"" : ""Processed"",
      ""Quantity"" : null,
      ""PaymentMethodName"" : ""백화점상품권"",
      ""PaymentMethodCode"" : ""92"",
      ""TransactionAmount"" : 90000,
      ""JournalReason"" : null,
      ""DepositSeqNo"" : ""2"",
      ""DepositNo"" : ""DEP202509050055-2"",
      ""DepositType"" : ""02"",
      ""Brand"" : null
    }, {
      ""PromotionId"" : null,
      ""TotalPromotionDiscount"" : null,
      ""JournalTypeName"" : ""Redemption"",
      ""Status"" : ""Processed"",
      ""Quantity"" : null,
      ""PaymentMethodName"" : ""본사상품권"",
      ""PaymentMethodCode"" : ""90"",
      ""TransactionAmount"" : 183000,
      ""JournalReason"" : null,
      ""DepositSeqNo"" : ""3"",
      ""DepositNo"" : ""DEP202509050055-3"",
      ""DepositType"" : ""02"",
      ""Brand"" : null
    }, {
      ""PromotionId"" : null,
      ""TotalPromotionDiscount"" : null,
      ""JournalTypeName"" : ""Redemption"",
      ""Status"" : ""Processed"",
      ""Quantity"" : null,
      ""PaymentMethodName"" : ""포인트"",
      ""PaymentMethodCode"" : ""81"",
      ""TransactionAmount"" : 400000,
      ""JournalReason"" : null,
      ""DepositSeqNo"" : ""1"",
      ""DepositNo"" : ""DEP202512110043-1"",
      ""DepositType"" : ""02"",
      ""Brand"" : null
    }, {
      ""PromotionId"" : null,
      ""TotalPromotionDiscount"" : null,
      ""JournalTypeName"" : ""Deposit"",
      ""Status"" : ""Processed"",
      ""Quantity"" : null,
      ""PaymentMethodName"" : ""카드"",
      ""PaymentMethodCode"" : ""03"",
      ""TransactionAmount"" : 2032000,
      ""JournalReason"" : null,
      ""DepositSeqNo"" : ""1"",
      ""DepositNo"" : ""DEP202603040059-1"",
      ""DepositType"" : ""02"",
      ""Brand"" : null
    }, {
      ""PromotionId"" : null,
      ""TotalPromotionDiscount"" : null,
      ""JournalTypeName"" : ""Redemption"",
      ""Status"" : ""Processed"",
      ""Quantity"" : null,
      ""PaymentMethodName"" : ""포인트"",
      ""PaymentMethodCode"" : ""81"",
      ""TransactionAmount"" : 67000,
      ""JournalReason"" : null,
      ""DepositSeqNo"" : ""1"",
      ""DepositNo"" : ""DEP202603040062-1"",
      ""DepositType"" : ""02"",
      ""Brand"" : null
    }, {
      ""PromotionId"" : null,
      ""TotalPromotionDiscount"" : null,
      ""JournalTypeName"" : ""Redemption"",
      ""Status"" : ""Processed"",
      ""Quantity"" : null,
      ""PaymentMethodName"" : ""본사상품권"",
      ""PaymentMethodCode"" : ""90"",
      ""TransactionAmount"" : 100000,
      ""JournalReason"" : null,
      ""DepositSeqNo"" : ""2"",
      ""DepositNo"" : ""DEP202603040062-2"",
      ""DepositType"" : ""02"",
      ""Brand"" : null
    }, {
      ""PromotionId"" : null,
      ""TotalPromotionDiscount"" : null,
      ""JournalTypeName"" : ""Deposit"",
      ""Status"" : ""Processed"",
      ""Quantity"" : null,
      ""PaymentMethodName"" : ""백화점상품권"",
      ""PaymentMethodCode"" : ""92"",
      ""TransactionAmount"" : 140000,
      ""JournalReason"" : null,
      ""DepositSeqNo"" : ""3"",
      ""DepositNo"" : ""DEP202603040062-3"",
      ""DepositType"" : ""02"",
      ""Brand"" : null
    }, {
      ""PromotionId"" : null,
      ""TotalPromotionDiscount"" : null,
      ""JournalTypeName"" : ""Deposit"",
      ""Status"" : ""Processed"",
      ""Quantity"" : null,
      ""PaymentMethodName"" : ""카드"",
      ""PaymentMethodCode"" : ""03"",
      ""TransactionAmount"" : 543000,
      ""JournalReason"" : null,
      ""DepositSeqNo"" : ""4"",
      ""DepositNo"" : ""DEP202603040062-4"",
      ""DepositType"" : ""02"",
      ""Brand"" : null
    }, {
      ""PromotionId"" : null,
      ""TotalPromotionDiscount"" : null,
      ""JournalTypeName"" : ""Deposit"",
      ""Status"" : ""Processed"",
      ""Quantity"" : null,
      ""PaymentMethodName"" : ""카드"",
      ""PaymentMethodCode"" : ""03"",
      ""TransactionAmount"" : 1578000,
      ""JournalReason"" : null,
      ""DepositSeqNo"" : ""1"",
      ""DepositNo"" : ""DEP202603120166-1"",
      ""DepositType"" : ""02"",
      ""Brand"" : null
    }, {
      ""PromotionId"" : null,
      ""TotalPromotionDiscount"" : null,
      ""JournalTypeName"" : ""Deposit"",
      ""Status"" : ""Processed"",
      ""Quantity"" : null,
      ""PaymentMethodName"" : ""백화점상품권"",
      ""PaymentMethodCode"" : ""92"",
      ""TransactionAmount"" : 70000,
      ""JournalReason"" : null,
      ""DepositSeqNo"" : ""2"",
      ""DepositNo"" : ""DEP202603120166-2"",
      ""DepositType"" : ""02"",
      ""Brand"" : null
    }, {
      ""PromotionId"" : null,
      ""TotalPromotionDiscount"" : null,
      ""JournalTypeName"" : ""Redemption"",
      ""Status"" : ""Processed"",
      ""Quantity"" : null,
      ""PaymentMethodName"" : ""포인트"",
      ""PaymentMethodCode"" : ""81"",
      ""TransactionAmount"" : 16000,
      ""JournalReason"" : null,
      ""DepositSeqNo"" : ""3"",
      ""DepositNo"" : ""DEP202603120166-3"",
      ""DepositType"" : ""02"",
      ""Brand"" : null
    }, {
      ""PromotionId"" : null,
      ""TotalPromotionDiscount"" : null,
      ""JournalTypeName"" : ""Deposit"",
      ""Status"" : ""Processed"",
      ""Quantity"" : null,
      ""PaymentMethodName"" : ""카드"",
      ""PaymentMethodCode"" : ""03"",
      ""TransactionAmount"" : 1122000,
      ""JournalReason"" : null,
      ""DepositSeqNo"" : ""1"",
      ""DepositNo"" : ""DEP202603120169-1"",
      ""DepositType"" : ""02"",
      ""Brand"" : null
    }, {
      ""PromotionId"" : null,
      ""TotalPromotionDiscount"" : null,
      ""JournalTypeName"" : ""Redemption"",
      ""Status"" : ""Processed"",
      ""Quantity"" : null,
      ""PaymentMethodName"" : ""본사상품권"",
      ""PaymentMethodCode"" : ""90"",
      ""TransactionAmount"" : 138000,
      ""JournalReason"" : null,
      ""DepositSeqNo"" : ""2"",
      ""DepositNo"" : ""DEP202603120169-2"",
      ""DepositType"" : ""02"",
      ""Brand"" : null
    }, {
      ""PromotionId"" : null,
      ""TotalPromotionDiscount"" : null,
      ""JournalTypeName"" : ""Deposit"",
      ""Status"" : ""Processed"",
      ""Quantity"" : null,
      ""PaymentMethodName"" : ""백화점상품권"",
      ""PaymentMethodCode"" : ""92"",
      ""TransactionAmount"" : 120000,
      ""JournalReason"" : null,
      ""DepositSeqNo"" : ""3"",
      ""DepositNo"" : ""DEP202603120169-3"",
      ""DepositType"" : ""02"",
      ""Brand"" : null
    }, {
      ""PromotionId"" : null,
      ""TotalPromotionDiscount"" : null,
      ""JournalTypeName"" : ""Deposit"",
      ""Status"" : ""Processed"",
      ""Quantity"" : null,
      ""PaymentMethodName"" : ""카드"",
      ""PaymentMethodCode"" : ""03"",
      ""TransactionAmount"" : 752000,
      ""JournalReason"" : null,
      ""DepositSeqNo"" : ""1"",
      ""DepositNo"" : ""DEP202603130124-1"",
      ""DepositType"" : ""02"",
      ""Brand"" : null
    }, {
      ""PromotionId"" : null,
      ""TotalPromotionDiscount"" : null,
      ""JournalTypeName"" : ""Deposit"",
      ""Status"" : ""Processed"",
      ""Quantity"" : null,
      ""PaymentMethodName"" : ""백화점상품권"",
      ""PaymentMethodCode"" : ""92"",
      ""TransactionAmount"" : 360000,
      ""JournalReason"" : null,
      ""DepositSeqNo"" : ""2"",
      ""DepositNo"" : ""DEP202603130124-2"",
      ""DepositType"" : ""02"",
      ""Brand"" : null
    }, {
      ""PromotionId"" : null,
      ""TotalPromotionDiscount"" : null,
      ""JournalTypeName"" : ""Deposit Reversal"",
      ""Status"" : ""Processed"",
      ""Quantity"" : null,
      ""PaymentMethodName"" : ""카드"",
      ""PaymentMethodCode"" : ""03"",
      ""TransactionAmount"" : 1578000,
      ""JournalReason"" : null,
      ""DepositSeqNo"" : ""1"",
      ""DepositNo"" : ""DEP202603130879-1"",
      ""DepositType"" : ""03"",
      ""Brand"" : null
    }, {
      ""PromotionId"" : null,
      ""TotalPromotionDiscount"" : null,
      ""JournalTypeName"" : ""Deposit Reversal"",
      ""Status"" : ""Processed"",
      ""Quantity"" : null,
      ""PaymentMethodName"" : ""백화점상품권"",
      ""PaymentMethodCode"" : ""92"",
      ""TransactionAmount"" : 70000,
      ""JournalReason"" : null,
      ""DepositSeqNo"" : ""2"",
      ""DepositNo"" : ""DEP202603130879-2"",
      ""DepositType"" : ""03"",
      ""Brand"" : null
    }, {
      ""PromotionId"" : null,
      ""TotalPromotionDiscount"" : null,
      ""JournalTypeName"" : ""Redemption Reversal"",
      ""Status"" : ""Processed"",
      ""Quantity"" : null,
      ""PaymentMethodName"" : ""포인트"",
      ""PaymentMethodCode"" : ""81"",
      ""TransactionAmount"" : 16000,
      ""JournalReason"" : null,
      ""DepositSeqNo"" : ""3"",
      ""DepositNo"" : ""DEP202603130879-3"",
      ""DepositType"" : ""03"",
      ""Brand"" : null
    }, {
      ""PromotionId"" : null,
      ""TotalPromotionDiscount"" : null,
      ""JournalTypeName"" : ""Deposit"",
      ""Status"" : ""Processed"",
      ""Quantity"" : null,
      ""PaymentMethodName"" : ""카드"",
      ""PaymentMethodCode"" : ""03"",
      ""TransactionAmount"" : 5442000,
      ""JournalReason"" : null,
      ""DepositSeqNo"" : ""1"",
      ""DepositNo"" : ""DEP202603130915-1"",
      ""DepositType"" : ""02"",
      ""Brand"" : null
    }, {
      ""PromotionId"" : null,
      ""TotalPromotionDiscount"" : null,
      ""JournalTypeName"" : ""Deposit"",
      ""Status"" : ""Processed"",
      ""Quantity"" : null,
      ""PaymentMethodName"" : ""백화점상품권"",
      ""PaymentMethodCode"" : ""92"",
      ""TransactionAmount"" : 350000,
      ""JournalReason"" : null,
      ""DepositSeqNo"" : ""2"",
      ""DepositNo"" : ""DEP202603130915-2"",
      ""DepositType"" : ""02"",
      ""Brand"" : null
    }, {
      ""PromotionId"" : null,
      ""TotalPromotionDiscount"" : null,
      ""JournalTypeName"" : ""Deposit"",
      ""Status"" : ""Processed"",
      ""Quantity"" : null,
      ""PaymentMethodName"" : ""카드"",
      ""PaymentMethodCode"" : ""03"",
      ""TransactionAmount"" : 2361000,
      ""JournalReason"" : null,
      ""DepositSeqNo"" : ""1"",
      ""DepositNo"" : ""DEP202603130947-1"",
      ""DepositType"" : ""02"",
      ""Brand"" : null
    }, {
      ""PromotionId"" : null,
      ""TotalPromotionDiscount"" : null,
      ""JournalTypeName"" : ""Deposit"",
      ""Status"" : ""Processed"",
      ""Quantity"" : null,
      ""PaymentMethodName"" : ""백화점상품권"",
      ""PaymentMethodCode"" : ""92"",
      ""TransactionAmount"" : 100000,
      ""JournalReason"" : null,
      ""DepositSeqNo"" : ""2"",
      ""DepositNo"" : ""DEP202603130947-2"",
      ""DepositType"" : ""02"",
      ""Brand"" : null
    }, {
      ""PromotionId"" : null,
      ""TotalPromotionDiscount"" : null,
      ""JournalTypeName"" : ""Deposit"",
      ""Status"" : ""Processed"",
      ""Quantity"" : null,
      ""PaymentMethodName"" : ""백화점상품권"",
      ""PaymentMethodCode"" : ""92"",
      ""TransactionAmount"" : 140000,
      ""JournalReason"" : null,
      ""DepositSeqNo"" : ""3"",
      ""DepositNo"" : ""DEP202603130947-3"",
      ""DepositType"" : ""02"",
      ""Brand"" : null
    }, {
      ""PromotionId"" : null,
      ""TotalPromotionDiscount"" : null,
      ""JournalTypeName"" : ""Redemption"",
      ""Status"" : ""Processed"",
      ""Quantity"" : null,
      ""PaymentMethodName"" : ""본사상품권"",
      ""PaymentMethodCode"" : ""90"",
      ""TransactionAmount"" : 289000,
      ""JournalReason"" : null,
      ""DepositSeqNo"" : ""4"",
      ""DepositNo"" : ""DEP202603130947-4"",
      ""DepositType"" : ""02"",
      ""Brand"" : null
    }, {
      ""PromotionId"" : null,
      ""TotalPromotionDiscount"" : null,
      ""JournalTypeName"" : ""Deposit"",
      ""Status"" : ""Processed"",
      ""Quantity"" : null,
      ""PaymentMethodName"" : ""카드"",
      ""PaymentMethodCode"" : ""03"",
      ""TransactionAmount"" : 1716000,
      ""JournalReason"" : null,
      ""DepositSeqNo"" : ""1"",
      ""DepositNo"" : ""DEP202603130966-1"",
      ""DepositType"" : ""02"",
      ""Brand"" : null
    }, {
      ""PromotionId"" : null,
      ""TotalPromotionDiscount"" : null,
      ""JournalTypeName"" : ""Deposit"",
      ""Status"" : ""Processed"",
      ""Quantity"" : null,
      ""PaymentMethodName"" : ""백화점상품권"",
      ""PaymentMethodCode"" : ""92"",
      ""TransactionAmount"" : 120000,
      ""JournalReason"" : null,
      ""DepositSeqNo"" : ""2"",
      ""DepositNo"" : ""DEP202603130966-2"",
      ""DepositType"" : ""02"",
      ""Brand"" : null
    }, {
      ""PromotionId"" : null,
      ""TotalPromotionDiscount"" : null,
      ""JournalTypeName"" : ""Redemption"",
      ""Status"" : ""Processed"",
      ""Quantity"" : null,
      ""PaymentMethodName"" : ""본사상품권"",
      ""PaymentMethodCode"" : ""90"",
      ""TransactionAmount"" : 204000,
      ""JournalReason"" : null,
      ""DepositSeqNo"" : ""3"",
      ""DepositNo"" : ""DEP202603130966-3"",
      ""DepositType"" : ""02"",
      ""Brand"" : null
    }, {
      ""PromotionId"" : null,
      ""TotalPromotionDiscount"" : null,
      ""JournalTypeName"" : ""Deposit"",
      ""Status"" : ""Processed"",
      ""Quantity"" : null,
      ""PaymentMethodName"" : ""카드"",
      ""PaymentMethodCode"" : ""03"",
      ""TransactionAmount"" : 1000000,
      ""JournalReason"" : null,
      ""DepositSeqNo"" : ""1"",
      ""DepositNo"" : ""DEP202603130975-1"",
      ""DepositType"" : ""02"",
      ""Brand"" : null
    }, {
      ""PromotionId"" : null,
      ""TotalPromotionDiscount"" : null,
      ""JournalTypeName"" : ""Redemption"",
      ""Status"" : ""Processed"",
      ""Quantity"" : null,
      ""PaymentMethodName"" : ""포인트"",
      ""PaymentMethodCode"" : ""81"",
      ""TransactionAmount"" : 16000,
      ""JournalReason"" : null,
      ""DepositSeqNo"" : ""2"",
      ""DepositNo"" : ""DEP202603130975-2"",
      ""DepositType"" : ""02"",
      ""Brand"" : null
    }, {
      ""PromotionId"" : null,
      ""TotalPromotionDiscount"" : null,
      ""JournalTypeName"" : ""Deposit"",
      ""Status"" : ""Processed"",
      ""Quantity"" : null,
      ""PaymentMethodName"" : ""카드"",
      ""PaymentMethodCode"" : ""03"",
      ""TransactionAmount"" : 2406000,
      ""JournalReason"" : null,
      ""DepositSeqNo"" : ""1"",
      ""DepositNo"" : ""DEP202603150976-1"",
      ""DepositType"" : ""02"",
      ""Brand"" : null
    }, {
      ""PromotionId"" : null,
      ""TotalPromotionDiscount"" : null,
      ""JournalTypeName"" : ""Deposit"",
      ""Status"" : ""Processed"",
      ""Quantity"" : null,
      ""PaymentMethodName"" : ""백화점상품권"",
      ""PaymentMethodCode"" : ""92"",
      ""TransactionAmount"" : 140000,
      ""JournalReason"" : null,
      ""DepositSeqNo"" : ""2"",
      ""DepositNo"" : ""DEP202603150976-2"",
      ""DepositType"" : ""02"",
      ""Brand"" : null
    }, {
      ""PromotionId"" : null,
      ""TotalPromotionDiscount"" : null,
      ""JournalTypeName"" : ""Redemption"",
      ""Status"" : ""Processed"",
      ""Quantity"" : null,
      ""PaymentMethodName"" : ""포인트"",
      ""PaymentMethodCode"" : ""81"",
      ""TransactionAmount"" : 206000,
      ""JournalReason"" : null,
      ""DepositSeqNo"" : ""3"",
      ""DepositNo"" : ""DEP202603150976-3"",
      ""DepositType"" : ""02"",
      ""Brand"" : null
    }, {
      ""PromotionId"" : null,
      ""TotalPromotionDiscount"" : null,
      ""JournalTypeName"" : ""Deposit"",
      ""Status"" : ""Processed"",
      ""Quantity"" : null,
      ""PaymentMethodName"" : ""카드"",
      ""PaymentMethodCode"" : ""03"",
      ""TransactionAmount"" : 1376000,
      ""JournalReason"" : null,
      ""DepositSeqNo"" : ""1"",
      ""DepositNo"" : ""DEP202603151409-1"",
      ""DepositType"" : ""02"",
      ""Brand"" : null
    }, {
      ""PromotionId"" : null,
      ""TotalPromotionDiscount"" : null,
      ""JournalTypeName"" : ""Deposit"",
      ""Status"" : ""Processed"",
      ""Quantity"" : null,
      ""PaymentMethodName"" : ""가주문"",
      ""PaymentMethodCode"" : ""06"",
      ""TransactionAmount"" : 1242000,
      ""JournalReason"" : null,
      ""DepositSeqNo"" : ""1"",
      ""DepositNo"" : ""DEP202603170173-1"",
      ""DepositType"" : ""02"",
      ""Brand"" : null
    }, {
      ""PromotionId"" : null,
      ""TotalPromotionDiscount"" : null,
      ""JournalTypeName"" : ""Redemption"",
      ""Status"" : ""Processed"",
      ""Quantity"" : null,
      ""PaymentMethodName"" : ""본사상품권"",
      ""PaymentMethodCode"" : ""90"",
      ""TransactionAmount"" : 138000,
      ""JournalReason"" : null,
      ""DepositSeqNo"" : ""2"",
      ""DepositNo"" : ""DEP202603170173-2"",
      ""DepositType"" : ""02"",
      ""Brand"" : null
    }, {
      ""PromotionId"" : null,
      ""TotalPromotionDiscount"" : null,
      ""JournalTypeName"" : ""Redemption"",
      ""Status"" : ""Processed"",
      ""Quantity"" : null,
      ""PaymentMethodName"" : ""본사상품권"",
      ""PaymentMethodCode"" : ""90"",
      ""TransactionAmount"" : 392000,
      ""JournalReason"" : null,
      ""DepositSeqNo"" : ""1"",
      ""DepositNo"" : ""DEP202604170019-1"",
      ""DepositType"" : ""02"",
      ""Brand"" : null
    }, {
      ""PromotionId"" : null,
      ""TotalPromotionDiscount"" : null,
      ""JournalTypeName"" : ""Accrual"",
      ""Status"" : ""Processed"",
      ""Quantity"" : null,
      ""PaymentMethodName"" : null,
      ""PaymentMethodCode"" : null,
      ""TransactionAmount"" : 2718000,
      ""JournalReason"" : null,
      ""DepositSeqNo"" : null,
      ""DepositNo"" : ""OPTC_CREDIT_212501600243"",
      ""DepositType"" : null,
      ""Brand"" : null
    }, {
      ""PromotionId"" : null,
      ""TotalPromotionDiscount"" : null,
      ""JournalTypeName"" : ""Accrual"",
      ""Status"" : ""Processed"",
      ""Quantity"" : null,
      ""PaymentMethodName"" : null,
      ""PaymentMethodCode"" : null,
      ""TransactionAmount"" : 302412,
      ""JournalReason"" : null,
      ""DepositSeqNo"" : null,
      ""DepositNo"" : ""OPTC_RESIDUAL_212501600243"",
      ""DepositType"" : null,
      ""Brand"" : null
    } ]
  },
  ""code"" : 200
}"
a12JO000000LrqvYAC,2026-05-07T05:40:57.000+0000,GdPointHelpApiControllerV1,/gd/v1/point/help,"{""StoreCode__c"":""99998"",""MemberNo__c"":""212501600243"",""Type"":null,""PromotionNo__c"":""PRO202604161041"",""OrderDate"":""20260507"",""SaleNo__c"":""""}","{
  ""success"" : true,
  ""message"" : ""포인트 적용 조회 성공"",
  ""data"" : {
    ""pointList"" : [ {
      ""points"" : 302412,
      ""CD_TYPE_POINT"" : ""04""
    } ]
  },
  ""code"" : 200
}"
a12JO000000LrsXYAS,2026-05-07T05:41:00.000+0000,GdMemberHelpInfoApiControllerV1,"{""MemberNo__c"":""212501600243""}",,"{
  ""success"" : true,
  ""message"" : ""회원도움정보 조회 성공"",
  ""data"" : {
    ""CsList"" : [ ],
    ""UserDestoryHistoryList"" : [ {
      ""YM_CREATE"" : ""202605"",
      ""PT_USE"" : 119000,
      ""NO_SAL_SAVE"" : """",
      ""NO_SAL_RTN"" : """",
      ""NO_SAL_ORD"" : """",
      ""NO_SAL"" : ""SAL202207090199"",
      ""NM_TYPE_POINT"" : ""기타포인트"",
      ""NM_PERSON"" : ""사용"",
      ""DT_USE"" : ""20220709"",
      ""DT_SAVE"" : ""20200101"",
      ""AM_SAL"" : 7822500
    }, {
      ""YM_CREATE"" : ""202605"",
      ""PT_USE"" : 163000,
      ""NO_SAL_SAVE"" : """",
      ""NO_SAL_RTN"" : """",
      ""NO_SAL_ORD"" : """",
      ""NO_SAL"" : ""SAL202301080243"",
      ""NM_TYPE_POINT"" : ""기타포인트"",
      ""NM_PERSON"" : ""사용"",
      ""DT_USE"" : ""20230108"",
      ""DT_SAVE"" : ""20200101"",
      ""AM_SAL"" : 6770000
    }, {
      ""YM_CREATE"" : ""202605"",
      ""PT_USE"" : 120000,
      ""NO_SAL_SAVE"" : """",
      ""NO_SAL_RTN"" : """",
      ""NO_SAL_ORD"" : """",
      ""NO_SAL"" : ""SAL202302180188"",
      ""NM_TYPE_POINT"" : ""기타포인트"",
      ""NM_PERSON"" : ""사용"",
      ""DT_USE"" : ""20230218"",
      ""DT_SAVE"" : ""20200101"",
      ""AM_SAL"" : 1352000
    }, {
      ""YM_CREATE"" : ""202605"",
      ""PT_USE"" : 41000,
      ""NO_SAL_SAVE"" : """",
      ""NO_SAL_RTN"" : """",
      ""NO_SAL_ORD"" : """",
      ""NO_SAL"" : ""SAL202303160019"",
      ""NM_TYPE_POINT"" : ""기타포인트"",
      ""NM_PERSON"" : ""사용"",
      ""DT_USE"" : ""20230316"",
      ""DT_SAVE"" : ""20200101"",
      ""AM_SAL"" : 11990000
    }, {
      ""YM_CREATE"" : ""202605"",
      ""PT_USE"" : 170000,
      ""NO_SAL_SAVE"" : """",
      ""NO_SAL_RTN"" : """",
      ""NO_SAL_ORD"" : """",
      ""NO_SAL"" : ""SAL202305170021"",
      ""NM_TYPE_POINT"" : ""기타포인트"",
      ""NM_PERSON"" : ""사용"",
      ""DT_USE"" : ""20230517"",
      ""DT_SAVE"" : ""20200101"",
      ""AM_SAL"" : 1650000
    }, {
      ""YM_CREATE"" : ""202605"",
      ""PT_USE"" : 25000,
      ""NO_SAL_SAVE"" : """",
      ""NO_SAL_RTN"" : """",
      ""NO_SAL_ORD"" : """",
      ""NO_SAL"" : ""SAL202307210965"",
      ""NM_TYPE_POINT"" : ""기타포인트"",
      ""NM_PERSON"" : ""사용"",
      ""DT_USE"" : ""20230604"",
      ""DT_SAVE"" : ""20200101"",
      ""AM_SAL"" : 3153200
    }, {
      ""YM_CREATE"" : ""202605"",
      ""PT_USE"" : 500000,
      ""NO_SAL_SAVE"" : """",
      ""NO_SAL_RTN"" : """",
      ""NO_SAL_ORD"" : """",
      ""NO_SAL"" : ""SAL202408040178"",
      ""NM_TYPE_POINT"" : ""기타포인트"",
      ""NM_PERSON"" : ""사용"",
      ""DT_USE"" : ""20240804"",
      ""DT_SAVE"" : ""20200101"",
      ""AM_SAL"" : 7724000
    }, {
      ""YM_CREATE"" : ""202605"",
      ""PT_USE"" : 145000,
      ""NO_SAL_SAVE"" : """",
      ""NO_SAL_RTN"" : """",
      ""NO_SAL_ORD"" : """",
      ""NO_SAL"" : ""SAL202504100110"",
      ""NM_TYPE_POINT"" : ""기타포인트"",
      ""NM_PERSON"" : ""사용"",
      ""DT_USE"" : ""20250410"",
      ""DT_SAVE"" : ""20200101"",
      ""AM_SAL"" : 5145000
    }, {
      ""YM_CREATE"" : ""202605"",
      ""PT_USE"" : 730000,
      ""NO_SAL_SAVE"" : """",
      ""NO_SAL_RTN"" : """",
      ""NO_SAL_ORD"" : """",
      ""NO_SAL"" : ""SAL202505210165"",
      ""NM_TYPE_POINT"" : ""기타포인트"",
      ""NM_PERSON"" : ""사용"",
      ""DT_USE"" : ""20250521"",
      ""DT_SAVE"" : ""20200101"",
      ""AM_SAL"" : 21231000
    }, {
      ""YM_CREATE"" : ""202605"",
      ""PT_USE"" : 400000,
      ""NO_SAL_SAVE"" : """",
      ""NO_SAL_RTN"" : """",
      ""NO_SAL_ORD"" : """",
      ""NO_SAL"" : ""SAL202512110034"",
      ""NM_TYPE_POINT"" : ""기타포인트"",
      ""NM_PERSON"" : ""사용"",
      ""DT_USE"" : ""20251211"",
      ""DT_SAVE"" : ""20200101"",
      ""AM_SAL"" : 1616000
    }, {
      ""YM_CREATE"" : ""202605"",
      ""PT_USE"" : 67000,
      ""NO_SAL_SAVE"" : """",
      ""NO_SAL_RTN"" : """",
      ""NO_SAL_ORD"" : """",
      ""NO_SAL"" : ""SAL202603040049"",
      ""NM_TYPE_POINT"" : ""기타포인트"",
      ""NM_PERSON"" : ""사용"",
      ""DT_USE"" : ""20260304"",
      ""DT_SAVE"" : ""20200101"",
      ""AM_SAL"" : 850000
    }, {
      ""YM_CREATE"" : ""202605"",
      ""PT_USE"" : 16000,
      ""NO_SAL_SAVE"" : """",
      ""NO_SAL_RTN"" : """",
      ""NO_SAL_ORD"" : """",
      ""NO_SAL"" : ""SAL202603120536"",
      ""NM_TYPE_POINT"" : ""기타포인트"",
      ""NM_PERSON"" : ""사용"",
      ""DT_USE"" : ""20260312"",
      ""DT_SAVE"" : ""20200101"",
      ""AM_SAL"" : 1664000
    }, {
      ""YM_CREATE"" : ""202605"",
      ""PT_USE"" : 16000,
      ""NO_SAL_SAVE"" : """",
      ""NO_SAL_RTN"" : """",
      ""NO_SAL_ORD"" : """",
      ""NO_SAL"" : ""SAL202603130863"",
      ""NM_TYPE_POINT"" : ""기타포인트"",
      ""NM_PERSON"" : ""사용"",
      ""DT_USE"" : ""20260313"",
      ""DT_SAVE"" : ""20200101"",
      ""AM_SAL"" : 1016000
    }, {
      ""YM_CREATE"" : ""202605"",
      ""PT_USE"" : 206000,
      ""NO_SAL_SAVE"" : """",
      ""NO_SAL_RTN"" : """",
      ""NO_SAL_ORD"" : """",
      ""NO_SAL"" : ""SAL202603150433"",
      ""NM_TYPE_POINT"" : ""기타포인트"",
      ""NM_PERSON"" : ""사용"",
      ""DT_USE"" : ""20260315"",
      ""DT_SAVE"" : ""20200101"",
      ""AM_SAL"" : 2752000
    } ],
    ""AccrualHistoryList"" : [ {
      ""YM_CREATE"" : ""202001"",
      ""PT_USE_SALE_COUPON"" : 0,
      ""PT_USE_SALE"" : 0,
      ""PT_USE"" : 2718000,
      ""PT_TARGET"" : 2718000,
      ""PT_SAVE_PLAN"" : 2718000,
      ""PT_SAVE"" : 2718000,
      ""PT_DESTROY"" : 0,
      ""NO_SAL"" : """",
      ""NO_PROM_MBR"" : """",
      ""NM_TYPE_SAVE"" : ""Api Forced Credit"",
      ""NM_TYPE_POINT"" : ""기타포인트"",
      ""DT_SAVE_PLAN"" : ""20200101"",
      ""DT_SAVE"" : ""20200101"",
      ""DT_LIMIT_START"" : ""20200101"",
      ""DT_LIMIT_END"" : ""20280501"",
      ""DT_DESTROY_PLAN"" : ""20280502"",
      ""DT_DESTROY_DEL_SALE"" : """",
      ""AM_SAL"" : 0
    }, {
      ""YM_CREATE"" : ""202605"",
      ""PT_USE_SALE_COUPON"" : 0,
      ""PT_USE_SALE"" : 0,
      ""PT_USE"" : 0,
      ""PT_TARGET"" : 302412,
      ""PT_SAVE_PLAN"" : 302412,
      ""PT_SAVE"" : 302412,
      ""PT_DESTROY"" : 0,
      ""NO_SAL"" : """",
      ""NO_PROM_MBR"" : """",
      ""NM_TYPE_SAVE"" : ""Api Forced Credit"",
      ""NM_TYPE_POINT"" : ""기타포인트"",
      ""DT_SAVE_PLAN"" : ""20260501"",
      ""DT_SAVE"" : ""20260501"",
      ""DT_LIMIT_START"" : ""20260501"",
      ""DT_LIMIT_END"" : ""20280501"",
      ""DT_DESTROY_PLAN"" : ""20280502"",
      ""DT_DESTROY_DEL_SALE"" : """",
      ""AM_SAL"" : 0
    } ],
    ""CouponList"" : [ {
      ""TX_COUPON"" : ""10%할인_SVIP특별바우처6"",
      ""RT_DISC"" : 10,
      ""NO_MAN_COUPON"" : ""COP2026MA0009"",
      ""NO_COUPON"" : ""03"",
      ""NM_RESPON"" : ""최재현"",
      ""NM_DEPT"" : ""IMC팀"",
      ""NM_COUPON"" : ""10%할인_SVIP특별바우처6 (2)"",
      ""ID_INSERT"" : ""milvus"",
      ""DTS_INSERT"" : ""20260417102101"",
      ""DT_USE"" : """",
      ""DT_STR_EXP"" : ""20260201"",
      ""DT_ISSUE"" : ""20260417"",
      ""DT_END_EXP"" : ""20270131"",
      ""DS_MON_EXP"" : 0,
      ""CD_TYPE_DAY_EXP"" : ""02"",
      ""CD_TYPE_COUPON"" : ""03"",
      ""CD_STAT_COUPON"" : ""02"",
      ""CD_BRAND"" : ""01"",
      ""AM_DISC"" : 0
    }, {
      ""TX_COUPON"" : ""10%할인_SVIP특별바우처5"",
      ""RT_DISC"" : 10,
      ""NO_MAN_COUPON"" : ""COP2026MA0008"",
      ""NO_COUPON"" : ""03"",
      ""NM_RESPON"" : ""최재현"",
      ""NM_DEPT"" : ""IMC팀"",
      ""NM_COUPON"" : ""10%할인_SVIP특별바우처5 (2)"",
      ""ID_INSERT"" : ""milvus"",
      ""DTS_INSERT"" : ""20260417102056"",
      ""DT_USE"" : ""20260416"",
      ""DT_STR_EXP"" : ""20260201"",
      ""DT_ISSUE"" : ""20260417"",
      ""DT_END_EXP"" : ""20270131"",
      ""DS_MON_EXP"" : 0,
      ""CD_TYPE_DAY_EXP"" : ""02"",
      ""CD_TYPE_COUPON"" : ""03"",
      ""CD_STAT_COUPON"" : ""01"",
      ""CD_BRAND"" : ""01"",
      ""AM_DISC"" : 0
    }, {
      ""TX_COUPON"" : ""202604_SVIP회원_수선15만원쿠폰"",
      ""RT_DISC"" : 0,
      ""NO_MAN_COUPON"" : ""COP2026MA0020"",
      ""NO_COUPON"" : ""44"",
      ""NM_RESPON"" : ""최재현"",
      ""NM_DEPT"" : ""IMC팀"",
      ""NM_COUPON"" : ""202604_SVIP회원_수선15만원쿠폰"",
      ""ID_INSERT"" : ""쿠폰자동발급"",
      ""DTS_INSERT"" : ""20260401070005"",
      ""DT_USE"" : """",
      ""DT_STR_EXP"" : ""20260401"",
      ""DT_ISSUE"" : ""20260401"",
      ""DT_END_EXP"" : ""20260430"",
      ""DS_MON_EXP"" : 0,
      ""CD_TYPE_DAY_EXP"" : ""02"",
      ""CD_TYPE_COUPON"" : ""03"",
      ""CD_STAT_COUPON"" : ""04"",
      ""CD_BRAND"" : ""01"",
      ""AM_DISC"" : 150000
    }, {
      ""TX_COUPON"" : ""10%할인_SVIP특별바우처4"",
      ""RT_DISC"" : 10,
      ""NO_MAN_COUPON"" : ""COP2026MA0004"",
      ""NO_COUPON"" : ""02"",
      ""NM_RESPON"" : ""최재현"",
      ""NM_DEPT"" : ""IMC팀"",
      ""NM_COUPON"" : ""10%할인_SVIP특별바우처4 (2)"",
      ""ID_INSERT"" : ""milvus"",
      ""DTS_INSERT"" : ""20260317130645"",
      ""DT_USE"" : ""20260317"",
      ""DT_STR_EXP"" : ""20260201"",
      ""DT_ISSUE"" : ""20260317"",
      ""DT_END_EXP"" : ""20270131"",
      ""DS_MON_EXP"" : 0,
      ""CD_TYPE_DAY_EXP"" : ""02"",
      ""CD_TYPE_COUPON"" : ""03"",
      ""CD_STAT_COUPON"" : ""01"",
      ""CD_BRAND"" : ""01"",
      ""AM_DISC"" : 0
    }, {
      ""TX_COUPON"" : ""202603_SVIP회원_수선15만원쿠폰"",
      ""RT_DISC"" : 0,
      ""NO_MAN_COUPON"" : ""COP2026FE0008"",
      ""NO_COUPON"" : ""44"",
      ""NM_RESPON"" : ""최재현"",
      ""NM_DEPT"" : ""IMC팀"",
      ""NM_COUPON"" : ""202603_SVIP회원_수선15만원쿠폰"",
      ""ID_INSERT"" : ""쿠폰자동발급"",
      ""DTS_INSERT"" : ""20260301070005"",
      ""DT_USE"" : """",
      ""DT_STR_EXP"" : ""20260301"",
      ""DT_ISSUE"" : ""20260301"",
      ""DT_END_EXP"" : ""20260331"",
      ""DS_MON_EXP"" : 0,
      ""CD_TYPE_DAY_EXP"" : ""02"",
      ""CD_TYPE_COUPON"" : ""03"",
      ""CD_STAT_COUPON"" : ""04"",
      ""CD_BRAND"" : ""01"",
      ""AM_DISC"" : 150000
    }, {
      ""TX_COUPON"" : ""2026_SVIP_승격축하쿠폰"",
      ""RT_DISC"" : 0,
      ""NO_MAN_COUPON"" : ""COP2026JA0028"",
      ""NO_COUPON"" : ""29"",
      ""NM_RESPON"" : ""최재현"",
      ""NM_DEPT"" : ""IMC팀"",
      ""NM_COUPON"" : ""2026_SVIP_승격축하쿠폰"",
      ""ID_INSERT"" : ""최재현"",
      ""DTS_INSERT"" : ""20260202151859"",
      ""DT_USE"" : """",
      ""DT_STR_EXP"" : ""20260201"",
      ""DT_ISSUE"" : ""20260202"",
      ""DT_END_EXP"" : ""20270131"",
      ""DS_MON_EXP"" : 0,
      ""CD_TYPE_DAY_EXP"" : ""02"",
      ""CD_TYPE_COUPON"" : ""03"",
      ""CD_STAT_COUPON"" : ""02"",
      ""CD_BRAND"" : ""01"",
      ""AM_DISC"" : 100000
    }, {
      ""TX_COUPON"" : ""10%할인_SVIP특별바우처3"",
      ""RT_DISC"" : 10,
      ""NO_MAN_COUPON"" : ""COP2026JA0019"",
      ""NO_COUPON"" : ""29"",
      ""NM_RESPON"" : ""최재현"",
      ""NM_DEPT"" : ""IMC팀"",
      ""NM_COUPON"" : ""10%할인_SVIP특별바우처3 (2)"",
      ""ID_INSERT"" : ""최재현"",
      ""DTS_INSERT"" : ""20260202145016"",
      ""DT_USE"" : ""20260313"",
      ""DT_STR_EXP"" : ""20260201"",
      ""DT_ISSUE"" : ""20260202"",
      ""DT_END_EXP"" : ""20270131"",
      ""DS_MON_EXP"" : 0,
      ""CD_TYPE_DAY_EXP"" : ""02"",
      ""CD_TYPE_COUPON"" : ""03"",
      ""CD_STAT_COUPON"" : ""01"",
      ""CD_BRAND"" : ""01"",
      ""AM_DISC"" : 0
    }, {
      ""TX_COUPON"" : ""10%할인_SVIP특별바우처2"",
      ""RT_DISC"" : 10,
      ""NO_MAN_COUPON"" : ""COP2026JA0018"",
      ""NO_COUPON"" : ""29"",
      ""NM_RESPON"" : ""최재현"",
      ""NM_DEPT"" : ""IMC팀"",
      ""NM_COUPON"" : ""10%할인_SVIP특별바우처2 (2)"",
      ""ID_INSERT"" : ""최재현"",
      ""DTS_INSERT"" : ""20260202144916"",
      ""DT_USE"" : ""20260313"",
      ""DT_STR_EXP"" : ""20260201"",
      ""DT_ISSUE"" : ""20260202"",
      ""DT_END_EXP"" : ""20270131"",
      ""DS_MON_EXP"" : 0,
      ""CD_TYPE_DAY_EXP"" : ""02"",
      ""CD_TYPE_COUPON"" : ""03"",
      ""CD_STAT_COUPON"" : ""01"",
      ""CD_BRAND"" : ""01"",
      ""AM_DISC"" : 0
    }, {
      ""TX_COUPON"" : ""10%할인_SVIP특별바우처1"",
      ""RT_DISC"" : 10,
      ""NO_MAN_COUPON"" : ""COP2026JA0017"",
      ""NO_COUPON"" : ""29"",
      ""NM_RESPON"" : ""최재현"",
      ""NM_DEPT"" : ""IMC팀"",
      ""NM_COUPON"" : ""10%할인_SVIP특별바우처1 (2)"",
      ""ID_INSERT"" : ""최재현"",
      ""DTS_INSERT"" : ""20260202144801"",
      ""DT_USE"" : ""20260312"",
      ""DT_STR_EXP"" : ""20260201"",
      ""DT_ISSUE"" : ""20260202"",
      ""DT_END_EXP"" : ""20270131"",
      ""DS_MON_EXP"" : 0,
      ""CD_TYPE_DAY_EXP"" : ""02"",
      ""CD_TYPE_COUPON"" : ""03"",
      ""CD_STAT_COUPON"" : ""01"",
      ""CD_BRAND"" : ""01"",
      ""AM_DISC"" : 0
    }, {
      ""TX_COUPON"" : ""202602_SVIP회원_수선15만원쿠폰"",
      ""RT_DISC"" : 0,
      ""NO_MAN_COUPON"" : ""COP2026JA0031"",
      ""NO_COUPON"" : ""44"",
      ""NM_RESPON"" : ""최재현"",
      ""NM_DEPT"" : ""IMC팀"",
      ""NM_COUPON"" : ""202602_SVIP회원_수선15만원쿠폰"",
      ""ID_INSERT"" : ""쿠폰자동발급"",
      ""DTS_INSERT"" : ""20260201070005"",
      ""DT_USE"" : """",
      ""DT_STR_EXP"" : ""20260201"",
      ""DT_ISSUE"" : ""20260201"",
      ""DT_END_EXP"" : ""20260228"",
      ""DS_MON_EXP"" : 0,
      ""CD_TYPE_DAY_EXP"" : ""02"",
      ""CD_TYPE_COUPON"" : ""03"",
      ""CD_STAT_COUPON"" : ""04"",
      ""CD_BRAND"" : ""01"",
      ""AM_DISC"" : 150000
    }, {
      ""TX_COUPON"" : ""202601_SVIP회원_수선15만원쿠폰"",
      ""RT_DISC"" : 0,
      ""NO_MAN_COUPON"" : ""COP2025DC0037"",
      ""NO_COUPON"" : ""49"",
      ""NM_RESPON"" : ""최재현"",
      ""NM_DEPT"" : ""IMC팀"",
      ""NM_COUPON"" : ""202601_SVIP회원_수선15만원쿠폰"",
      ""ID_INSERT"" : ""쿠폰자동발급"",
      ""DTS_INSERT"" : ""20260101070007"",
      ""DT_USE"" : """",
      ""DT_STR_EXP"" : ""20260101"",
      ""DT_ISSUE"" : ""20260101"",
      ""DT_END_EXP"" : ""20260131"",
      ""DS_MON_EXP"" : 0,
      ""CD_TYPE_DAY_EXP"" : ""02"",
      ""CD_TYPE_COUPON"" : ""03"",
      ""CD_STAT_COUPON"" : ""04"",
      ""CD_BRAND"" : ""01"",
      ""AM_DISC"" : 150000
    }, {
      ""TX_COUPON"" : ""202512_SVIP회원_수선15만원쿠폰"",
      ""RT_DISC"" : 0,
      ""NO_MAN_COUPON"" : ""COP2025NV0025"",
      ""NO_COUPON"" : ""49"",
      ""NM_RESPON"" : ""최재현"",
      ""NM_DEPT"" : ""IMC팀"",
      ""NM_COUPON"" : ""202512_SVIP회원_수선15만원쿠폰"",
      ""ID_INSERT"" : ""쿠폰자동발급"",
      ""DTS_INSERT"" : ""20251201070005"",
      ""DT_USE"" : """",
      ""DT_STR_EXP"" : ""20251201"",
      ""DT_ISSUE"" : ""20251201"",
      ""DT_END_EXP"" : ""20251231"",
      ""DS_MON_EXP"" : 0,
      ""CD_TYPE_DAY_EXP"" : ""02"",
      ""CD_TYPE_COUPON"" : ""03"",
      ""CD_STAT_COUPON"" : ""04"",
      ""CD_BRAND"" : ""01"",
      ""AM_DISC"" : 150000
    }, {
      ""TX_COUPON"" : ""202511_SVIP회원_수선15만원쿠폰"",
      ""RT_DISC"" : 0,
      ""NO_MAN_COUPON"" : ""COP2025OC0017"",
      ""NO_COUPON"" : ""49"",
      ""NM_RESPON"" : ""최재현"",
      ""NM_DEPT"" : ""IMC팀"",
      ""NM_COUPON"" : ""202511_SVIP회원_수선15만원쿠폰"",
      ""ID_INSERT"" : ""쿠폰자동발급"",
      ""DTS_INSERT"" : ""20251101070005"",
      ""DT_USE"" : """",
      ""DT_STR_EXP"" : ""20251101"",
      ""DT_ISSUE"" : ""20251101"",
      ""DT_END_EXP"" : ""20251130"",
      ""DS_MON_EXP"" : 0,
      ""CD_TYPE_DAY_EXP"" : ""02"",
      ""CD_TYPE_COUPON"" : ""03"",
      ""CD_STAT_COUPON"" : ""04"",
      ""CD_BRAND"" : ""01"",
      ""AM_DISC"" : 150000
    }, {
      ""TX_COUPON"" : ""202510_SVIP회원_수선15만원쿠폰"",
      ""RT_DISC"" : 0,
      ""NO_MAN_COUPON"" : ""COP2025SP0007"",
      ""NO_COUPON"" : ""49"",
      ""NM_RESPON"" : ""최재현"",
      ""NM_DEPT"" : ""IMC팀"",
      ""NM_COUPON"" : ""202510_SVIP회원_수선15만원쿠폰"",
      ""ID_INSERT"" : ""쿠폰자동발급"",
      ""DTS_INSERT"" : ""20251001070005"",
      ""DT_USE"" : """",
      ""DT_STR_EXP"" : ""20251001"",
      ""DT_ISSUE"" : ""20251001"",
      ""DT_END_EXP"" : ""20251031"",
      ""DS_MON_EXP"" : 0,
      ""CD_TYPE_DAY_EXP"" : ""02"",
      ""CD_TYPE_COUPON"" : ""03"",
      ""CD_STAT_COUPON"" : ""04"",
      ""CD_BRAND"" : ""01"",
      ""AM_DISC"" : 150000
    }, {
      ""TX_COUPON"" : ""202509_SVIP회원_수선15만원쿠폰"",
      ""RT_DISC"" : 0,
      ""NO_MAN_COUPON"" : ""COP2025AG0009"",
      ""NO_COUPON"" : ""49"",
      ""NM_RESPON"" : ""최재현"",
      ""NM_DEPT"" : ""IMC팀"",
      ""NM_COUPON"" : ""202509_SVIP회원_수선15만원쿠폰"",
      ""ID_INSERT"" : ""쿠폰자동발급"",
      ""DTS_INSERT"" : ""20250901070005"",
      ""DT_USE"" : """",
      ""DT_STR_EXP"" : ""20250901"",
      ""DT_ISSUE"" : ""20250901"",
      ""DT_END_EXP"" : ""20250930"",
      ""DS_MON_EXP"" : 0,
      ""CD_TYPE_DAY_EXP"" : ""02"",
      ""CD_TYPE_COUPON"" : ""03"",
      ""CD_STAT_COUPON"" : ""04"",
      ""CD_BRAND"" : ""01"",
      ""AM_DISC"" : 150000
    }, {
      ""TX_COUPON"" : ""202509_SVIP회원_생일쿠폰"",
      ""RT_DISC"" : 0,
      ""NO_MAN_COUPON"" : ""COP2025AG0015"",
      ""NO_COUPON"" : ""05"",
      ""NM_RESPON"" : ""최재현"",
      ""NM_DEPT"" : ""IMC팀"",
      ""NM_COUPON"" : ""202509_SVIP회원_생일쿠폰"",
      ""ID_INSERT"" : ""쿠폰자동발급"",
      ""DTS_INSERT"" : ""20250901070004"",
      ""DT_USE"" : ""20260304"",
      ""DT_STR_EXP"" : ""20250901"",
      ""DT_ISSUE"" : ""20250901"",
      ""DT_END_EXP"" : ""20260831"",
      ""DS_MON_EXP"" : 0,
      ""CD_TYPE_DAY_EXP"" : ""02"",
      ""CD_TYPE_COUPON"" : ""03"",
      ""CD_STAT_COUPON"" : ""01"",
      ""CD_BRAND"" : ""01"",
      ""AM_DISC"" : 100000
    }, {
      ""TX_COUPON"" : ""202508_SVIP회원_수선15만원쿠폰"",
      ""RT_DISC"" : 0,
      ""NO_MAN_COUPON"" : ""COP2025JL0026"",
      ""NO_COUPON"" : ""49"",
      ""NM_RESPON"" : ""최재현"",
      ""NM_DEPT"" : ""IMC팀"",
      ""NM_COUPON"" : ""202508_SVIP회원_수선15만원쿠폰"",
      ""ID_INSERT"" : ""쿠폰자동발급"",
      ""DTS_INSERT"" : ""20250801070004"",
      ""DT_USE"" : """",
      ""DT_STR_EXP"" : ""20250801"",
      ""DT_ISSUE"" : ""20250801"",
      ""DT_END_EXP"" : ""20250831"",
      ""DS_MON_EXP"" : 0,
      ""CD_TYPE_DAY_EXP"" : ""02"",
      ""CD_TYPE_COUPON"" : ""03"",
      ""CD_STAT_COUPON"" : ""04"",
      ""CD_BRAND"" : ""01"",
      ""AM_DISC"" : 150000
    }, {
      ""TX_COUPON"" : ""10%할인_SVIP특별바우처9"",
      ""RT_DISC"" : 10,
      ""NO_MAN_COUPON"" : ""COP2025JL0005"",
      ""NO_COUPON"" : ""30"",
      ""NM_RESPON"" : ""최재현"",
      ""NM_DEPT"" : ""IMC팀"",
      ""NM_COUPON"" : ""10%할인_SVIP특별바우처9 (2)"",
      ""ID_INSERT"" : ""최재현"",
      ""DTS_INSERT"" : ""20250704111141"",
      ""DT_USE"" : ""20250905"",
      ""DT_STR_EXP"" : ""20250201"",
      ""DT_ISSUE"" : ""20250704"",
      ""DT_END_EXP"" : ""20260131"",
      ""DS_MON_EXP"" : 0,
      ""CD_TYPE_DAY_EXP"" : ""02"",
      ""CD_TYPE_COUPON"" : ""03"",
      ""CD_STAT_COUPON"" : ""01"",
      ""CD_BRAND"" : ""01"",
      ""AM_DISC"" : 0
    }, {
      ""TX_COUPON"" : ""10%할인_SVIP특별바우처8"",
      ""RT_DISC"" : 10,
      ""NO_MAN_COUPON"" : ""COP2025JL0004"",
      ""NO_COUPON"" : ""30"",
      ""NM_RESPON"" : ""최재현"",
      ""NM_DEPT"" : ""IMC팀"",
      ""NM_COUPON"" : ""10%할인_SVIP특별바우처8 (2)"",
      ""ID_INSERT"" : ""최재현"",
      ""DTS_INSERT"" : ""20250704111120"",
      ""DT_USE"" : """",
      ""DT_STR_EXP"" : ""20250201"",
      ""DT_ISSUE"" : ""20250704"",
      ""DT_END_EXP"" : ""20260131"",
      ""DS_MON_EXP"" : 0,
      ""CD_TYPE_DAY_EXP"" : ""02"",
      ""CD_TYPE_COUPON"" : ""03"",
      ""CD_STAT_COUPON"" : ""04"",
      ""CD_BRAND"" : ""01"",
      ""AM_DISC"" : 0
    }, {
      ""TX_COUPON"" : ""10%할인_SVIP특별바우처7"",
      ""RT_DISC"" : 10,
      ""NO_MAN_COUPON"" : ""COP2025JL0001"",
      ""NO_COUPON"" : ""30"",
      ""NM_RESPON"" : ""최재현"",
      ""NM_DEPT"" : ""IMC팀"",
      ""NM_COUPON"" : ""10%할인_SVIP특별바우처7"",
      ""ID_INSERT"" : ""최재현"",
      ""DTS_INSERT"" : ""20250704111053"",
      ""DT_USE"" : """",
      ""DT_STR_EXP"" : ""20250201"",
      ""DT_ISSUE"" : ""20250704"",
      ""DT_END_EXP"" : ""20260131"",
      ""DS_MON_EXP"" : 0,
      ""CD_TYPE_DAY_EXP"" : ""02"",
      ""CD_TYPE_COUPON"" : ""03"",
      ""CD_STAT_COUPON"" : ""04"",
      ""CD_BRAND"" : ""01"",
      ""AM_DISC"" : 0
    }, {
      ""TX_COUPON"" : ""202507_SVIP회원_수선15만원쿠폰"",
      ""RT_DISC"" : 0,
      ""NO_MAN_COUPON"" : ""COP2025JN0004"",
      ""NO_COUPON"" : ""49"",
      ""NM_RESPON"" : ""허정인"",
      ""NM_DEPT"" : ""IMC팀"",
      ""NM_COUPON"" : ""202507_SVIP회원_수선15만원쿠폰"",
      ""ID_INSERT"" : ""쿠폰자동발급"",
      ""DTS_INSERT"" : ""20250701070004"",
      ""DT_USE"" : """",
      ""DT_STR_EXP"" : ""20250701"",
      ""DT_ISSUE"" : ""20250701"",
      ""DT_END_EXP"" : ""20250731"",
      ""DS_MON_EXP"" : 0,
      ""CD_TYPE_DAY_EXP"" : ""02"",
      ""CD_TYPE_COUPON"" : ""03"",
      ""CD_STAT_COUPON"" : ""04"",
      ""CD_BRAND"" : ""01"",
      ""AM_DISC"" : 150000
    }, {
      ""TX_COUPON"" : ""202506_SVIP회원_수선15만원쿠폰"",
      ""RT_DISC"" : 0,
      ""NO_MAN_COUPON"" : ""COP2025MY0006"",
      ""NO_COUPON"" : ""49"",
      ""NM_RESPON"" : ""허정인"",
      ""NM_DEPT"" : ""IMC팀"",
      ""NM_COUPON"" : ""202506_SVIP회원_수선15만원쿠폰"",
      ""ID_INSERT"" : ""쿠폰자동발급"",
      ""DTS_INSERT"" : ""20250601070037"",
      ""DT_USE"" : """",
      ""DT_STR_EXP"" : ""20250601"",
      ""DT_ISSUE"" : ""20250601"",
      ""DT_END_EXP"" : ""20250630"",
      ""DS_MON_EXP"" : 0,
      ""CD_TYPE_DAY_EXP"" : ""02"",
      ""CD_TYPE_COUPON"" : ""03"",
      ""CD_STAT_COUPON"" : ""04"",
      ""CD_BRAND"" : ""01"",
      ""AM_DISC"" : 150000
    }, {
      ""TX_COUPON"" : ""10%할인_SVIP특별바우처6"",
      ""RT_DISC"" : 10,
      ""NO_MAN_COUPON"" : ""COP2025AP0006"",
      ""NO_COUPON"" : ""30"",
      ""NM_RESPON"" : ""허정인"",
      ""NM_DEPT"" : ""IMC팀"",
      ""NM_COUPON"" : ""10%할인_SVIP특별바우처6"",
      ""ID_INSERT"" : ""허정인"",
      ""DTS_INSERT"" : ""20250502133821"",
      ""DT_USE"" : """",
      ""DT_STR_EXP"" : ""20250501"",
      ""DT_ISSUE"" : ""20250502"",
      ""DT_END_EXP"" : ""20260131"",
      ""DS_MON_EXP"" : 0,
      ""CD_TYPE_DAY_EXP"" : ""02"",
      ""CD_TYPE_COUPON"" : ""03"",
      ""CD_STAT_COUPON"" : ""04"",
      ""CD_BRAND"" : ""01"",
      ""AM_DISC"" : 0
    }, {
      ""TX_COUPON"" : ""10%할인_SVIP특별바우처5"",
      ""RT_DISC"" : 10,
      ""NO_MAN_COUPON"" : ""COP2025AP0005"",
      ""NO_COUPON"" : ""30"",
      ""NM_RESPON"" : ""허정인"",
      ""NM_DEPT"" : ""IMC팀"",
      ""NM_COUPON"" : ""10%할인_SVIP특별바우처5"",
      ""ID_INSERT"" : ""허정인"",
      ""DTS_INSERT"" : ""20250502133809"",
      ""DT_USE"" : """",
      ""DT_STR_EXP"" : ""20250501"",
      ""DT_ISSUE"" : ""20250502"",
      ""DT_END_EXP"" : ""20260131"",
      ""DS_MON_EXP"" : 0,
      ""CD_TYPE_DAY_EXP"" : ""02"",
      ""CD_TYPE_COUPON"" : ""03"",
      ""CD_STAT_COUPON"" : ""04"",
      ""CD_BRAND"" : ""01"",
      ""AM_DISC"" : 0
    }, {
      ""TX_COUPON"" : ""10%할인_SVIP특별바우처4"",
      ""RT_DISC"" : 10,
      ""NO_MAN_COUPON"" : ""COP2025AP0004"",
      ""NO_COUPON"" : ""30"",
      ""NM_RESPON"" : ""허정인"",
      ""NM_DEPT"" : ""IMC팀"",
      ""NM_COUPON"" : ""10%할인_SVIP특별바우처4"",
      ""ID_INSERT"" : ""허정인"",
      ""DTS_INSERT"" : ""20250502133757"",
      ""DT_USE"" : """",
      ""DT_STR_EXP"" : ""20250501"",
      ""DT_ISSUE"" : ""20250502"",
      ""DT_END_EXP"" : ""20260131"",
      ""DS_MON_EXP"" : 0,
      ""CD_TYPE_DAY_EXP"" : ""02"",
      ""CD_TYPE_COUPON"" : ""03"",
      ""CD_STAT_COUPON"" : ""04"",
      ""CD_BRAND"" : ""01"",
      ""AM_DISC"" : 0
    }, {
      ""TX_COUPON"" : ""202505_SVIP회원_수선15만원쿠폰"",
      ""RT_DISC"" : 0,
      ""NO_MAN_COUPON"" : ""COP2025AP0008"",
      ""NO_COUPON"" : ""49"",
      ""NM_RESPON"" : ""허정인"",
      ""NM_DEPT"" : ""IMC팀"",
      ""NM_COUPON"" : ""202505_SVIP회원_수선15만원쿠폰"",
      ""ID_INSERT"" : ""쿠폰자동발급"",
      ""DTS_INSERT"" : ""20250501070015"",
      ""DT_USE"" : """",
      ""DT_STR_EXP"" : ""20250501"",
      ""DT_ISSUE"" : ""20250501"",
      ""DT_END_EXP"" : ""20250531"",
      ""DS_MON_EXP"" : 0,
      ""CD_TYPE_DAY_EXP"" : ""02"",
      ""CD_TYPE_COUPON"" : ""03"",
      ""CD_STAT_COUPON"" : ""04"",
      ""CD_BRAND"" : ""01"",
      ""AM_DISC"" : 150000
    }, {
      ""TX_COUPON"" : ""202504_SVIP회원_수선15만원쿠폰"",
      ""RT_DISC"" : 0,
      ""NO_MAN_COUPON"" : ""COP2025MA0008"",
      ""NO_COUPON"" : ""49"",
      ""NM_RESPON"" : ""허정인"",
      ""NM_DEPT"" : ""IMC팀"",
      ""NM_COUPON"" : ""202504_SVIP회원_수선15만원쿠폰"",
      ""ID_INSERT"" : ""쿠폰자동발급"",
      ""DTS_INSERT"" : ""20250401070035"",
      ""DT_USE"" : """",
      ""DT_STR_EXP"" : ""20250401"",
      ""DT_ISSUE"" : ""20250401"",
      ""DT_END_EXP"" : ""20250430"",
      ""DS_MON_EXP"" : 0,
      ""CD_TYPE_DAY_EXP"" : ""02"",
      ""CD_TYPE_COUPON"" : ""03"",
      ""CD_STAT_COUPON"" : ""04"",
      ""CD_BRAND"" : ""01"",
      ""AM_DISC"" : 150000
    }, {
      ""TX_COUPON"" : ""202503_SVIP회원_수선15만원쿠폰"",
      ""RT_DISC"" : 0,
      ""NO_MAN_COUPON"" : ""COP2025FE0009"",
      ""NO_COUPON"" : ""49"",
      ""NM_RESPON"" : ""허정인"",
      ""NM_DEPT"" : ""IMC팀"",
      ""NM_COUPON"" : ""202503_SVIP회원_수선15만원쿠폰"",
      ""ID_INSERT"" : ""쿠폰자동발급"",
      ""DTS_INSERT"" : ""20250301070037"",
      ""DT_USE"" : """",
      ""DT_STR_EXP"" : ""20250301"",
      ""DT_ISSUE"" : ""20250301"",
      ""DT_END_EXP"" : ""20250331"",
      ""DS_MON_EXP"" : 0,
      ""CD_TYPE_DAY_EXP"" : ""02"",
      ""CD_TYPE_COUPON"" : ""03"",
      ""CD_STAT_COUPON"" : ""04"",
      ""CD_BRAND"" : ""01"",
      ""AM_DISC"" : 150000
    }, {
      ""TX_COUPON"" : ""2025_VIP_업그레이드쿠폰2"",
      ""RT_DISC"" : 0,
      ""NO_MAN_COUPON"" : ""COP2025FE0006"",
      ""NO_COUPON"" : ""00309"",
      ""NM_RESPON"" : ""허정인"",
      ""NM_DEPT"" : ""IMC팀"",
      ""NM_COUPON"" : ""2025_VIP_업그레이드쿠폰2"",
      ""ID_INSERT"" : ""허정인"",
      ""DTS_INSERT"" : ""20250214160700"",
      ""DT_USE"" : """",
      ""DT_STR_EXP"" : ""20250201"",
      ""DT_ISSUE"" : ""20250214"",
      ""DT_END_EXP"" : ""20260131"",
      ""DS_MON_EXP"" : 0,
      ""CD_TYPE_DAY_EXP"" : ""02"",
      ""CD_TYPE_COUPON"" : ""03"",
      ""CD_STAT_COUPON"" : ""04"",
      ""CD_BRAND"" : ""01"",
      ""AM_DISC"" : 0
    }, {
      ""TX_COUPON"" : ""2025_VIP_업그레이드쿠폰1"",
      ""RT_DISC"" : 0,
      ""NO_MAN_COUPON"" : ""COP2025FE0005"",
      ""NO_COUPON"" : ""02328"",
      ""NM_RESPON"" : ""허정인"",
      ""NM_DEPT"" : ""IMC팀"",
      ""NM_COUPON"" : ""2025_VIP_업그레이드쿠폰1"",
      ""ID_INSERT"" : ""허정인"",
      ""DTS_INSERT"" : ""20250214154859"",
      ""DT_USE"" : """",
      ""DT_STR_EXP"" : ""20250201"",
      ""DT_ISSUE"" : ""20250214"",
      ""DT_END_EXP"" : ""20260131"",
      ""DS_MON_EXP"" : 0,
      ""CD_TYPE_DAY_EXP"" : ""02"",
      ""CD_TYPE_COUPON"" : ""03"",
      ""CD_STAT_COUPON"" : ""04"",
      ""CD_BRAND"" : ""01"",
      ""AM_DISC"" : 0
    }, {
      ""TX_COUPON"" : ""202502_SVIP회원_수선15만원쿠폰"",
      ""RT_DISC"" : 0,
      ""NO_MAN_COUPON"" : ""COP2025JA0013"",
      ""NO_COUPON"" : ""49"",
      ""NM_RESPON"" : ""허정인"",
      ""NM_DEPT"" : ""IMC팀"",
      ""NM_COUPON"" : ""202502_SVIP회원_수선15만원쿠폰"",
      ""ID_INSERT"" : ""쿠폰자동발급"",
      ""DTS_INSERT"" : ""20250201070038"",
      ""DT_USE"" : """",
      ""DT_STR_EXP"" : ""20250201"",
      ""DT_ISSUE"" : ""20250201"",
      ""DT_END_EXP"" : ""20250228"",
      ""DS_MON_EXP"" : 0,
      ""CD_TYPE_DAY_EXP"" : ""02"",
      ""CD_TYPE_COUPON"" : ""03"",
      ""CD_STAT_COUPON"" : ""04"",
      ""CD_BRAND"" : ""01"",
      ""AM_DISC"" : 150000
    }, {
      ""TX_COUPON"" : ""2025_SVIP_승격축하쿠폰"",
      ""RT_DISC"" : 0,
      ""NO_MAN_COUPON"" : ""COP2025JA0032"",
      ""NO_COUPON"" : ""33"",
      ""NM_RESPON"" : ""허정인"",
      ""NM_DEPT"" : ""IMC팀"",
      ""NM_COUPON"" : ""2025_SVIP_승격축하쿠폰"",
      ""ID_INSERT"" : ""허정인"",
      ""DTS_INSERT"" : ""20250131163042"",
      ""DT_USE"" : """",
      ""DT_STR_EXP"" : ""20250201"",
      ""DT_ISSUE"" : ""20250131"",
      ""DT_END_EXP"" : ""20260131"",
      ""DS_MON_EXP"" : 0,
      ""CD_TYPE_DAY_EXP"" : ""02"",
      ""CD_TYPE_COUPON"" : ""03"",
      ""CD_STAT_COUPON"" : ""04"",
      ""CD_BRAND"" : ""01"",
      ""AM_DISC"" : 100000
    }, {
      ""TX_COUPON"" : ""10%할인_SVIP특별바우처3"",
      ""RT_DISC"" : 10,
      ""NO_MAN_COUPON"" : ""COP2025JA0021"",
      ""NO_COUPON"" : ""33"",
      ""NM_RESPON"" : ""허정인"",
      ""NM_DEPT"" : ""IMC팀"",
      ""NM_COUPON"" : ""10%할인_SVIP특별바우처3"",
      ""ID_INSERT"" : ""허정인"",
      ""DTS_INSERT"" : ""20250131163017"",
      ""DT_USE"" : """",
      ""DT_STR_EXP"" : ""20250201"",
      ""DT_ISSUE"" : ""20250131"",
      ""DT_END_EXP"" : ""20260131"",
      ""DS_MON_EXP"" : 0,
      ""CD_TYPE_DAY_EXP"" : ""02"",
      ""CD_TYPE_COUPON"" : ""03"",
      ""CD_STAT_COUPON"" : ""04"",
      ""CD_BRAND"" : ""01"",
      ""AM_DISC"" : 0
    }, {
      ""TX_COUPON"" : ""10%할인_SVIP특별바우처2"",
      ""RT_DISC"" : 10,
      ""NO_MAN_COUPON"" : ""COP2025JA0020"",
      ""NO_COUPON"" : ""33"",
      ""NM_RESPON"" : ""허정인"",
      ""NM_DEPT"" : ""IMC팀"",
      ""NM_COUPON"" : ""10%할인_SVIP특별바우처2"",
      ""ID_INSERT"" : ""허정인"",
      ""DTS_INSERT"" : ""20250131162957"",
      ""DT_USE"" : """",
      ""DT_STR_EXP"" : ""20250201"",
      ""DT_ISSUE"" : ""20250131"",
      ""DT_END_EXP"" : ""20260131"",
      ""DS_MON_EXP"" : 0,
      ""CD_TYPE_DAY_EXP"" : ""02"",
      ""CD_TYPE_COUPON"" : ""03"",
      ""CD_STAT_COUPON"" : ""04"",
      ""CD_BRAND"" : ""01"",
      ""AM_DISC"" : 0
    }, {
      ""TX_COUPON"" : ""10%할인_SVIP특별바우처1"",
      ""RT_DISC"" : 10,
      ""NO_MAN_COUPON"" : ""COP2025JA0019"",
      ""NO_COUPON"" : ""33"",
      ""NM_RESPON"" : ""허정인"",
      ""NM_DEPT"" : ""IMC팀"",
      ""NM_COUPON"" : ""10%할인_SVIP특별바우처1"",
      ""ID_INSERT"" : ""허정인"",
      ""DTS_INSERT"" : ""20250131162928"",
      ""DT_USE"" : ""20250408"",
      ""DT_STR_EXP"" : ""20250201"",
      ""DT_ISSUE"" : ""20250131"",
      ""DT_END_EXP"" : ""20260131"",
      ""DS_MON_EXP"" : 0,
      ""CD_TYPE_DAY_EXP"" : ""02"",
      ""CD_TYPE_COUPON"" : ""03"",
      ""CD_STAT_COUPON"" : ""01"",
      ""CD_BRAND"" : ""01"",
      ""AM_DISC"" : 0
    } ],
    ""TotalPointsBalance"" : 302412.0,
    ""GiftList"" : [ ],
    ""HistoryUpdatedList"" : [ {
      ""changedBy"" : ""milvus"",
      ""newValue"" : null,
      ""oldValue"" : null,
      ""field"" : ""created"",
      ""changeTarget"" : ""LoyaltyProgramMember"",
      ""changeDate"" : ""2026-05-05T12:41:51.000Z""
    }, {
      ""changedBy"" : ""milvus"",
      ""newValue"" : null,
      ""oldValue"" : null,
      ""field"" : ""created"",
      ""changeTarget"" : ""Contact"",
      ""changeDate"" : ""2026-04-26T04:33:09.000Z""
    }, {
      ""changedBy"" : ""milvus"",
      ""newValue"" : ""신세계아울렛파주점"",
      ""oldValue"" : ""현대신촌점"",
      ""field"" : ""StoreRegi__c"",
      ""changeTarget"" : ""Contact"",
      ""changeDate"" : ""2026-04-29T12:11:35.000Z""
    }, {
      ""changedBy"" : ""milvus"",
      ""newValue"" : ""001JO00000HHr0HYAT"",
      ""oldValue"" : ""001JO00000HHr1XYAT"",
      ""field"" : ""StoreRegi__c"",
      ""changeTarget"" : ""Contact"",
      ""changeDate"" : ""2026-04-29T12:11:35.000Z""
    }, {
      ""changedBy"" : ""milvus"",
      ""newValue"" : ""현대신촌점"",
      ""oldValue"" : ""신세계아울렛파주점"",
      ""field"" : ""StoreMana__c"",
      ""changeTarget"" : ""Contact"",
      ""changeDate"" : ""2026-04-29T12:11:35.000Z""
    }, {
      ""changedBy"" : ""milvus"",
      ""newValue"" : ""001JO00000HHr1XYAT"",
      ""oldValue"" : ""001JO00000HHr0HYAT"",
      ""field"" : ""StoreMana__c"",
      ""changeTarget"" : ""Contact"",
      ""changeDate"" : ""2026-04-29T12:11:35.000Z""
    }, {
      ""changedBy"" : ""milvus"",
      ""newValue"" : ""서울특별시 서대문구 증가로 150 (남가좌동, DMC센트럴아이파크)109-1201"",
      ""oldValue"" : ""서울특별시 서대문구 증가로 150 (남가좌동, DMC센트럴아이파크)"",
      ""field"" : ""MailingStreet"",
      ""changeTarget"" : ""Contact"",
      ""changeDate"" : ""2026-04-30T10:37:48.000Z""
    }, {
      ""changedBy"" : ""milvus"",
      ""newValue"" : ""03670"",
      ""oldValue"" : ""036"",
      ""field"" : ""MailingPostalCode"",
      ""changeTarget"" : ""Contact"",
      ""changeDate"" : ""2026-04-30T10:37:48.000Z""
    } ],
    ""ConsultationList"" : [ ],
    ""CustomerServiceHistory"" : [ ],
    ""WorksList"" : [ ],
    ""OrdersList"" : [ {
      ""DeleteDateTime"" : null,
      ""ActivatedDate"" : null,
      ""InsertId"" : ""갤러리아광교점"",
      ""OrderReferenceNumber"" : null,
      ""SaleStatus"" : null,
      ""OrderType"" : ""01"",
      ""SaleEndDate"" : null,
      ""SaleNo"" : null,
      ""StoreCode"" : ""001JO00000HHr21YAD"",
      ""ActualPaymentAmount"" : 11990000.0000,
      ""TotalAmount"" : 11990000,
      ""Status"" : ""orderSuccess"",
      ""OrderDate"" : ""2023-03-07"",
      ""OrderName"" : null
    } ],
    ""Depositlist"" : [ {
      ""PromotionId"" : null,
      ""TotalPromotionDiscount"" : null,
      ""JournalTypeName"" : ""Deposit"",
      ""Status"" : ""Processed"",
      ""Quantity"" : null,
      ""PaymentMethodName"" : ""카드"",
      ""PaymentMethodCode"" : ""03"",
      ""TransactionAmount"" : 10010000,
      ""JournalReason"" : null,
      ""DepositSeqNo"" : ""1"",
      ""DepositNo"" : ""DEP202108070183-1"",
      ""DepositType"" : ""01"",
      ""Brand"" : null
    }, {
      ""PromotionId"" : null,
      ""TotalPromotionDiscount"" : null,
      ""JournalTypeName"" : ""Deposit Reversal"",
      ""Status"" : ""Processed"",
      ""Quantity"" : null,
      ""PaymentMethodName"" : ""카드"",
      ""PaymentMethodCode"" : ""03"",
      ""TransactionAmount"" : 10010000,
      ""JournalReason"" : null,
      ""DepositSeqNo"" : ""1"",
      ""DepositNo"" : ""DEP202108130042-1"",
      ""DepositType"" : ""03"",
      ""Brand"" : null
    }, {
      ""PromotionId"" : null,
      ""TotalPromotionDiscount"" : null,
      ""JournalTypeName"" : ""Deposit"",
      ""Status"" : ""Processed"",
      ""Quantity"" : null,
      ""PaymentMethodName"" : ""카드"",
      ""PaymentMethodCode"" : ""03"",
      ""TransactionAmount"" : 10010000,
      ""JournalReason"" : null,
      ""DepositSeqNo"" : ""2"",
      ""DepositNo"" : ""DEP202108130042-2"",
      ""DepositType"" : ""01"",
      ""Brand"" : null
    }, {
      ""PromotionId"" : null,
      ""TotalPromotionDiscount"" : null,
      ""JournalTypeName"" : ""Deposit"",
      ""Status"" : ""Processed"",
      ""Quantity"" : null,
      ""PaymentMethodName"" : ""카드"",
      ""PaymentMethodCode"" : ""03"",
      ""TransactionAmount"" : 120000,
      ""JournalReason"" : null,
      ""DepositSeqNo"" : ""1"",
      ""DepositNo"" : ""DEP202108310223-1"",
      ""DepositType"" : ""01"",
      ""Brand"" : null
    }, {
      ""PromotionId"" : null,
      ""TotalPromotionDiscount"" : null,
      ""JournalTypeName"" : ""Deposit"",
      ""Status"" : ""Processed"",
      ""Quantity"" : null,
      ""PaymentMethodName"" : ""카드"",
      ""PaymentMethodCode"" : ""03"",
      ""TransactionAmount"" : 3180000,
      ""JournalReason"" : null,
      ""DepositSeqNo"" : ""1"",
      ""DepositNo"" : ""DEP202207060674-1"",
      ""DepositType"" : ""01"",
      ""Brand"" : null
    }, {
      ""PromotionId"" : null,
      ""TotalPromotionDiscount"" : null,
      ""JournalTypeName"" : ""Deposit"",
      ""Status"" : ""Processed"",
      ""Quantity"" : null,
      ""PaymentMethodName"" : ""백화점상품권"",
      ""PaymentMethodCode"" : ""92"",
      ""TransactionAmount"" : 960000,
      ""JournalReason"" : null,
      ""DepositSeqNo"" : ""1"",
      ""DepositNo"" : ""DEP202301080351-1"",
      ""DepositType"" : ""01"",
      ""Brand"" : null
    }, {
      ""PromotionId"" : null,
      ""TotalPromotionDiscount"" : null,
      ""JournalTypeName"" : ""Deposit"",
      ""Status"" : ""Processed"",
      ""Quantity"" : null,
      ""PaymentMethodName"" : ""카드"",
      ""PaymentMethodCode"" : ""03"",
      ""TransactionAmount"" : 679300,
      ""JournalReason"" : null,
      ""DepositSeqNo"" : ""2"",
      ""DepositNo"" : ""DEP202301080351-2"",
      ""DepositType"" : ""01"",
      ""Brand"" : null
    }, {
      ""PromotionId"" : null,
      ""TotalPromotionDiscount"" : null,
      ""JournalTypeName"" : ""Deposit"",
      ""Status"" : ""Processed"",
      ""Quantity"" : null,
      ""PaymentMethodName"" : ""카드"",
      ""PaymentMethodCode"" : ""03"",
      ""TransactionAmount"" : 1000000,
      ""JournalReason"" : null,
      ""DepositSeqNo"" : ""1"",
      ""DepositNo"" : ""DEP202302030089-1"",
      ""DepositType"" : ""01"",
      ""Brand"" : null
    }, {
      ""PromotionId"" : null,
      ""TotalPromotionDiscount"" : null,
      ""JournalTypeName"" : ""Deposit"",
      ""Status"" : ""Processed"",
      ""Quantity"" : null,
      ""PaymentMethodName"" : ""카드"",
      ""PaymentMethodCode"" : ""03"",
      ""TransactionAmount"" : 232000,
      ""JournalReason"" : null,
      ""DepositSeqNo"" : ""2"",
      ""DepositNo"" : ""DEP202302030089-2"",
      ""DepositType"" : ""01"",
      ""Brand"" : null
    }, {
      ""PromotionId"" : null,
      ""TotalPromotionDiscount"" : null,
      ""JournalTypeName"" : ""Deposit"",
      ""Status"" : ""Processed"",
      ""Quantity"" : null,
      ""PaymentMethodName"" : ""카드"",
      ""PaymentMethodCode"" : ""03"",
      ""TransactionAmount"" : 1200000,
      ""JournalReason"" : null,
      ""DepositSeqNo"" : ""1"",
      ""DepositNo"" : ""DEP202303070077-1"",
      ""DepositType"" : ""01"",
      ""Brand"" : null
    }, {
      ""PromotionId"" : null,
      ""TotalPromotionDiscount"" : null,
      ""JournalTypeName"" : ""Deposit"",
      ""Status"" : ""Processed"",
      ""Quantity"" : null,
      ""PaymentMethodName"" : ""카드"",
      ""PaymentMethodCode"" : ""03"",
      ""TransactionAmount"" : 1380000,
      ""JournalReason"" : null,
      ""DepositSeqNo"" : ""1"",
      ""DepositNo"" : ""DEP202305080032-1"",
      ""DepositType"" : ""01"",
      ""Brand"" : null
    }, {
      ""PromotionId"" : null,
      ""TotalPromotionDiscount"" : null,
      ""JournalTypeName"" : ""Deposit"",
      ""Status"" : ""Processed"",
      ""Quantity"" : null,
      ""PaymentMethodName"" : ""백화점상품권"",
      ""PaymentMethodCode"" : ""92"",
      ""TransactionAmount"" : 50000,
      ""JournalReason"" : null,
      ""DepositSeqNo"" : ""2"",
      ""DepositNo"" : ""DEP202305080032-2"",
      ""DepositType"" : ""01"",
      ""Brand"" : null
    }, {
      ""PromotionId"" : null,
      ""TotalPromotionDiscount"" : null,
      ""JournalTypeName"" : ""Deposit"",
      ""Status"" : ""Processed"",
      ""Quantity"" : null,
      ""PaymentMethodName"" : ""카드"",
      ""PaymentMethodCode"" : ""03"",
      ""TransactionAmount"" : 320000,
      ""JournalReason"" : null,
      ""DepositSeqNo"" : ""1"",
      ""DepositNo"" : ""DEP202305310075-1"",
      ""DepositType"" : ""01"",
      ""Brand"" : null
    }, {
      ""PromotionId"" : null,
      ""TotalPromotionDiscount"" : null,
      ""JournalTypeName"" : ""Redemption"",
      ""Status"" : ""Processed"",
      ""Quantity"" : null,
      ""PaymentMethodName"" : ""포인트"",
      ""PaymentMethodCode"" : ""81"",
      ""TransactionAmount"" : 25000,
      ""JournalReason"" : null,
      ""DepositSeqNo"" : ""1"",
      ""DepositNo"" : ""DEP202306040095-1"",
      ""DepositType"" : ""01"",
      ""Brand"" : null
    }, {
      ""PromotionId"" : null,
      ""TotalPromotionDiscount"" : null,
      ""JournalTypeName"" : ""Deposit"",
      ""Status"" : ""Processed"",
      ""Quantity"" : null,
      ""PaymentMethodName"" : ""카드"",
      ""PaymentMethodCode"" : ""03"",
      ""TransactionAmount"" : 300000,
      ""JournalReason"" : null,
      ""DepositSeqNo"" : ""1"",
      ""DepositNo"" : ""DEP202306070071-1"",
      ""DepositType"" : ""01"",
      ""Brand"" : null
    }, {
      ""PromotionId"" : null,
      ""TotalPromotionDiscount"" : null,
      ""JournalTypeName"" : ""Deposit"",
      ""Status"" : ""Processed"",
      ""Quantity"" : null,
      ""PaymentMethodName"" : ""카드"",
      ""PaymentMethodCode"" : ""03"",
      ""TransactionAmount"" : 1200000,
      ""JournalReason"" : null,
      ""DepositSeqNo"" : ""1"",
      ""DepositNo"" : ""DEP202306130073-1"",
      ""DepositType"" : ""01"",
      ""Brand"" : null
    }, {
      ""PromotionId"" : null,
      ""TotalPromotionDiscount"" : null,
      ""JournalTypeName"" : ""Deposit Reversal"",
      ""Status"" : ""Processed"",
      ""Quantity"" : null,
      ""PaymentMethodName"" : ""카드"",
      ""PaymentMethodCode"" : ""03"",
      ""TransactionAmount"" : 1200000,
      ""JournalReason"" : null,
      ""DepositSeqNo"" : ""1"",
      ""DepositNo"" : ""DEP202307021787-1"",
      ""DepositType"" : ""03"",
      ""Brand"" : null
    }, {
      ""PromotionId"" : null,
      ""TotalPromotionDiscount"" : null,
      ""JournalTypeName"" : ""Deposit"",
      ""Status"" : ""Processed"",
      ""Quantity"" : null,
      ""PaymentMethodName"" : ""카드"",
      ""PaymentMethodCode"" : ""03"",
      ""TransactionAmount"" : 10883200,
      ""JournalReason"" : null,
      ""DepositSeqNo"" : ""2"",
      ""DepositNo"" : ""DEP202307021787-2"",
      ""DepositType"" : ""01"",
      ""Brand"" : null
    }, {
      ""PromotionId"" : null,
      ""TotalPromotionDiscount"" : null,
      ""JournalTypeName"" : ""Deposit Reversal"",
      ""Status"" : ""Processed"",
      ""Quantity"" : null,
      ""PaymentMethodName"" : ""카드"",
      ""PaymentMethodCode"" : ""03"",
      ""TransactionAmount"" : 320000,
      ""JournalReason"" : null,
      ""DepositSeqNo"" : ""1"",
      ""DepositNo"" : ""DEP202307021805-1"",
      ""DepositType"" : ""03"",
      ""Brand"" : null
    }, {
      ""PromotionId"" : null,
      ""TotalPromotionDiscount"" : null,
      ""JournalTypeName"" : ""Deposit"",
      ""Status"" : ""Processed"",
      ""Quantity"" : null,
      ""PaymentMethodName"" : ""카드"",
      ""PaymentMethodCode"" : ""03"",
      ""TransactionAmount"" : 2970600,
      ""JournalReason"" : null,
      ""DepositSeqNo"" : ""2"",
      ""DepositNo"" : ""DEP202307021805-2"",
      ""DepositType"" : ""01"",
      ""Brand"" : null
    }, {
      ""PromotionId"" : null,
      ""TotalPromotionDiscount"" : null,
      ""JournalTypeName"" : ""Deposit"",
      ""Status"" : ""Processed"",
      ""Quantity"" : null,
      ""PaymentMethodName"" : ""카드"",
      ""PaymentMethodCode"" : ""03"",
      ""TransactionAmount"" : 11354400,
      ""JournalReason"" : null,
      ""DepositSeqNo"" : ""1"",
      ""DepositNo"" : ""DEP202307021833-1"",
      ""DepositType"" : ""01"",
      ""Brand"" : null
    }, {
      ""PromotionId"" : null,
      ""TotalPromotionDiscount"" : null,
      ""JournalTypeName"" : ""Deposit"",
      ""Status"" : ""Processed"",
      ""Quantity"" : null,
      ""PaymentMethodName"" : ""카드"",
      ""PaymentMethodCode"" : ""03"",
      ""TransactionAmount"" : 2637200,
      ""JournalReason"" : null,
      ""DepositSeqNo"" : ""1"",
      ""DepositNo"" : ""DEP202307031036-1"",
      ""DepositType"" : ""01"",
      ""Brand"" : null
    }, {
      ""PromotionId"" : null,
      ""TotalPromotionDiscount"" : null,
      ""JournalTypeName"" : ""Deposit"",
      ""Status"" : ""Processed"",
      ""Quantity"" : null,
      ""PaymentMethodName"" : ""카드"",
      ""PaymentMethodCode"" : ""03"",
      ""TransactionAmount"" : 780000,
      ""JournalReason"" : null,
      ""DepositSeqNo"" : ""1"",
      ""DepositNo"" : ""DEP202406140040-1"",
      ""DepositType"" : ""01"",
      ""Brand"" : null
    }, {
      ""PromotionId"" : null,
      ""TotalPromotionDiscount"" : null,
      ""JournalTypeName"" : ""Deposit"",
      ""Status"" : ""Processed"",
      ""Quantity"" : null,
      ""PaymentMethodName"" : ""카드"",
      ""PaymentMethodCode"" : ""03"",
      ""TransactionAmount"" : 2800000,
      ""JournalReason"" : null,
      ""DepositSeqNo"" : ""1"",
      ""DepositNo"" : ""DEP202406140045-1"",
      ""DepositType"" : ""01"",
      ""Brand"" : null
    }, {
      ""PromotionId"" : null,
      ""TotalPromotionDiscount"" : null,
      ""JournalTypeName"" : ""Deposit Reversal"",
      ""Status"" : ""Processed"",
      ""Quantity"" : null,
      ""PaymentMethodName"" : ""카드"",
      ""PaymentMethodCode"" : ""03"",
      ""TransactionAmount"" : 780000,
      ""JournalReason"" : null,
      ""DepositSeqNo"" : ""1"",
      ""DepositNo"" : ""DEP202407011825-1"",
      ""DepositType"" : ""03"",
      ""Brand"" : null
    }, {
      ""PromotionId"" : null,
      ""TotalPromotionDiscount"" : null,
      ""JournalTypeName"" : ""Deposit"",
      ""Status"" : ""Processed"",
      ""Quantity"" : null,
      ""PaymentMethodName"" : ""카드"",
      ""PaymentMethodCode"" : ""03"",
      ""TransactionAmount"" : 6734000,
      ""JournalReason"" : null,
      ""DepositSeqNo"" : ""2"",
      ""DepositNo"" : ""DEP202407011825-2"",
      ""DepositType"" : ""01"",
      ""Brand"" : null
    }, {
      ""PromotionId"" : null,
      ""TotalPromotionDiscount"" : null,
      ""JournalTypeName"" : ""Deposit"",
      ""Status"" : ""Processed"",
      ""Quantity"" : null,
      ""PaymentMethodName"" : ""백화점상품권"",
      ""PaymentMethodCode"" : ""92"",
      ""TransactionAmount"" : 490000,
      ""JournalReason"" : null,
      ""DepositSeqNo"" : ""3"",
      ""DepositNo"" : ""DEP202407011825-3"",
      ""DepositType"" : ""01"",
      ""Brand"" : null
    }, {
      ""PromotionId"" : null,
      ""TotalPromotionDiscount"" : null,
      ""JournalTypeName"" : ""Deposit Reversal"",
      ""Status"" : ""Processed"",
      ""Quantity"" : null,
      ""PaymentMethodName"" : ""카드"",
      ""PaymentMethodCode"" : ""03"",
      ""TransactionAmount"" : 2800000,
      ""JournalReason"" : null,
      ""DepositSeqNo"" : ""1"",
      ""DepositNo"" : ""DEP202407011904-1"",
      ""DepositType"" : ""03"",
      ""Brand"" : null
    }, {
      ""PromotionId"" : null,
      ""TotalPromotionDiscount"" : null,
      ""JournalTypeName"" : ""Deposit"",
      ""Status"" : ""Processed"",
      ""Quantity"" : null,
      ""PaymentMethodName"" : ""카드"",
      ""PaymentMethodCode"" : ""03"",
      ""TransactionAmount"" : 21033000,
      ""JournalReason"" : null,
      ""DepositSeqNo"" : ""2"",
      ""DepositNo"" : ""DEP202407011904-2"",
      ""DepositType"" : ""01"",
      ""Brand"" : null
    }, {
      ""PromotionId"" : null,
      ""TotalPromotionDiscount"" : null,
      ""JournalTypeName"" : ""Deposit"",
      ""Status"" : ""Processed"",
      ""Quantity"" : null,
      ""PaymentMethodName"" : ""카드"",
      ""PaymentMethodCode"" : ""03"",
      ""TransactionAmount"" : 3424100,
      ""JournalReason"" : null,
      ""DepositSeqNo"" : ""3"",
      ""DepositNo"" : ""DEP202407011904-3"",
      ""DepositType"" : ""01"",
      ""Brand"" : null
    }, {
      ""PromotionId"" : null,
      ""TotalPromotionDiscount"" : null,
      ""JournalTypeName"" : ""Deposit"",
      ""Status"" : ""Processed"",
      ""Quantity"" : null,
      ""PaymentMethodName"" : ""백화점상품권"",
      ""PaymentMethodCode"" : ""92"",
      ""TransactionAmount"" : 1210000,
      ""JournalReason"" : null,
      ""DepositSeqNo"" : ""4"",
      ""DepositNo"" : ""DEP202407011904-4"",
      ""DepositType"" : ""01"",
      ""Brand"" : null
    }, {
      ""PromotionId"" : null,
      ""TotalPromotionDiscount"" : null,
      ""JournalTypeName"" : ""Deposit"",
      ""Status"" : ""Processed"",
      ""Quantity"" : null,
      ""PaymentMethodName"" : ""카드"",
      ""PaymentMethodCode"" : ""03"",
      ""TransactionAmount"" : 3390000,
      ""JournalReason"" : null,
      ""DepositSeqNo"" : ""1"",
      ""DepositNo"" : ""DEP202503080353-1"",
      ""DepositType"" : ""01"",
      ""Brand"" : null
    }, {
      ""PromotionId"" : null,
      ""TotalPromotionDiscount"" : null,
      ""JournalTypeName"" : ""Deposit"",
      ""Status"" : ""Processed"",
      ""Quantity"" : null,
      ""PaymentMethodName"" : ""백화점상품권"",
      ""PaymentMethodCode"" : ""92"",
      ""TransactionAmount"" : 300000,
      ""JournalReason"" : null,
      ""DepositSeqNo"" : ""2"",
      ""DepositNo"" : ""DEP202503080353-2"",
      ""DepositType"" : ""01"",
      ""Brand"" : null
    }, {
      ""PromotionId"" : null,
      ""TotalPromotionDiscount"" : null,
      ""JournalTypeName"" : ""Deposit"",
      ""Status"" : ""Processed"",
      ""Quantity"" : null,
      ""PaymentMethodName"" : ""카드"",
      ""PaymentMethodCode"" : ""03"",
      ""TransactionAmount"" : 5000000,
      ""JournalReason"" : null,
      ""DepositSeqNo"" : ""1"",
      ""DepositNo"" : ""DEP202504080048-1"",
      ""DepositType"" : ""01"",
      ""Brand"" : null
    }, {
      ""PromotionId"" : null,
      ""TotalPromotionDiscount"" : null,
      ""JournalTypeName"" : ""Deposit"",
      ""Status"" : ""Processed"",
      ""Quantity"" : null,
      ""PaymentMethodName"" : ""카드"",
      ""PaymentMethodCode"" : ""03"",
      ""TransactionAmount"" : 20501000,
      ""JournalReason"" : null,
      ""DepositSeqNo"" : ""1"",
      ""DepositNo"" : ""DEP202504120322-1"",
      ""DepositType"" : ""01"",
      ""Brand"" : null
    }, {
      ""PromotionId"" : null,
      ""TotalPromotionDiscount"" : null,
      ""JournalTypeName"" : ""Deposit"",
      ""Status"" : ""Processed"",
      ""Quantity"" : null,
      ""PaymentMethodName"" : ""백화점상품권"",
      ""PaymentMethodCode"" : ""92"",
      ""TransactionAmount"" : 593000,
      ""JournalReason"" : null,
      ""DepositSeqNo"" : ""1"",
      ""DepositNo"" : ""DEP202508270268-1"",
      ""DepositType"" : ""01"",
      ""Brand"" : null
    }, {
      ""PromotionId"" : null,
      ""TotalPromotionDiscount"" : null,
      ""JournalTypeName"" : ""Deposit"",
      ""Status"" : ""Processed"",
      ""Quantity"" : null,
      ""PaymentMethodName"" : ""카드"",
      ""PaymentMethodCode"" : ""03"",
      ""TransactionAmount"" : 1166000,
      ""JournalReason"" : null,
      ""DepositSeqNo"" : ""1"",
      ""DepositNo"" : ""DEP202512050143-1"",
      ""DepositType"" : ""01"",
      ""Brand"" : null
    }, {
      ""PromotionId"" : null,
      ""TotalPromotionDiscount"" : null,
      ""JournalTypeName"" : ""Deposit"",
      ""Status"" : ""Processed"",
      ""Quantity"" : null,
      ""PaymentMethodName"" : ""백화점상품권"",
      ""PaymentMethodCode"" : ""92"",
      ""TransactionAmount"" : 50000,
      ""JournalReason"" : null,
      ""DepositSeqNo"" : ""2"",
      ""DepositNo"" : ""DEP202512050143-2"",
      ""DepositType"" : ""01"",
      ""Brand"" : null
    }, {
      ""PromotionId"" : null,
      ""TotalPromotionDiscount"" : null,
      ""JournalTypeName"" : ""Deposit"",
      ""Status"" : ""Processed"",
      ""Quantity"" : null,
      ""PaymentMethodName"" : ""현금"",
      ""PaymentMethodCode"" : ""01"",
      ""TransactionAmount"" : 3428000,
      ""JournalReason"" : null,
      ""DepositSeqNo"" : ""1"",
      ""DepositNo"" : ""DEP202603200107-1"",
      ""DepositType"" : ""01"",
      ""Brand"" : null
    }, {
      ""PromotionId"" : null,
      ""TotalPromotionDiscount"" : null,
      ""JournalTypeName"" : ""Deposit"",
      ""Status"" : ""Processed"",
      ""Quantity"" : null,
      ""PaymentMethodName"" : ""현금"",
      ""PaymentMethodCode"" : ""01"",
      ""TransactionAmount"" : 100000,
      ""JournalReason"" : null,
      ""DepositSeqNo"" : ""1"",
      ""DepositNo"" : ""DEP202603200134-1"",
      ""DepositType"" : ""01"",
      ""Brand"" : null
    }, {
      ""PromotionId"" : null,
      ""TotalPromotionDiscount"" : null,
      ""JournalTypeName"" : ""Deposit"",
      ""Status"" : ""Processed"",
      ""Quantity"" : null,
      ""PaymentMethodName"" : ""카드"",
      ""PaymentMethodCode"" : ""03"",
      ""TransactionAmount"" : 1360400,
      ""JournalReason"" : null,
      ""DepositSeqNo"" : ""1"",
      ""DepositNo"" : ""DEP202104250353-1"",
      ""DepositType"" : ""02"",
      ""Brand"" : null
    }, {
      ""PromotionId"" : null,
      ""TotalPromotionDiscount"" : null,
      ""JournalTypeName"" : ""Deposit"",
      ""Status"" : ""Processed"",
      ""Quantity"" : null,
      ""PaymentMethodName"" : ""카드"",
      ""PaymentMethodCode"" : ""03"",
      ""TransactionAmount"" : 460000,
      ""JournalReason"" : null,
      ""DepositSeqNo"" : ""1"",
      ""DepositNo"" : ""DEP202108070184-1"",
      ""DepositType"" : ""02"",
      ""Brand"" : null
    }, {
      ""PromotionId"" : null,
      ""TotalPromotionDiscount"" : null,
      ""JournalTypeName"" : ""Deposit"",
      ""Status"" : ""Processed"",
      ""Quantity"" : null,
      ""PaymentMethodName"" : ""카드"",
      ""PaymentMethodCode"" : ""03"",
      ""TransactionAmount"" : 7163500,
      ""JournalReason"" : null,
      ""DepositSeqNo"" : ""1"",
      ""DepositNo"" : ""DEP202207091145-1"",
      ""DepositType"" : ""02"",
      ""Brand"" : null
    }, {
      ""PromotionId"" : null,
      ""TotalPromotionDiscount"" : null,
      ""JournalTypeName"" : ""Deposit"",
      ""Status"" : ""Processed"",
      ""Quantity"" : null,
      ""PaymentMethodName"" : ""백화점상품권"",
      ""PaymentMethodCode"" : ""92"",
      ""TransactionAmount"" : 490000,
      ""JournalReason"" : null,
      ""DepositSeqNo"" : ""2"",
      ""DepositNo"" : ""DEP202207091145-2"",
      ""DepositType"" : ""02"",
      ""Brand"" : null
    }, {
      ""PromotionId"" : null,
      ""TotalPromotionDiscount"" : null,
      ""JournalTypeName"" : ""Redemption"",
      ""Status"" : ""Processed"",
      ""Quantity"" : null,
      ""PaymentMethodName"" : ""본사상품권"",
      ""PaymentMethodCode"" : ""90"",
      ""TransactionAmount"" : 50000,
      ""JournalReason"" : null,
      ""DepositSeqNo"" : ""3"",
      ""DepositNo"" : ""DEP202207091145-3"",
      ""DepositType"" : ""02"",
      ""Brand"" : null
    }, {
      ""PromotionId"" : null,
      ""TotalPromotionDiscount"" : null,
      ""JournalTypeName"" : ""Redemption"",
      ""Status"" : ""Processed"",
      ""Quantity"" : null,
      ""PaymentMethodName"" : ""포인트"",
      ""PaymentMethodCode"" : ""81"",
      ""TransactionAmount"" : 119000,
      ""JournalReason"" : null,
      ""DepositSeqNo"" : ""4"",
      ""DepositNo"" : ""DEP202207091145-4"",
      ""DepositType"" : ""02"",
      ""Brand"" : null
    }, {
      ""PromotionId"" : null,
      ""TotalPromotionDiscount"" : null,
      ""JournalTypeName"" : ""Redemption"",
      ""Status"" : ""Processed"",
      ""Quantity"" : null,
      ""PaymentMethodName"" : ""본사상품권"",
      ""PaymentMethodCode"" : ""90"",
      ""TransactionAmount"" : 203100,
      ""JournalReason"" : null,
      ""DepositSeqNo"" : ""1"",
      ""DepositNo"" : ""DEP202301080345-1"",
      ""DepositType"" : ""02"",
      ""Brand"" : null
    }, {
      ""PromotionId"" : null,
      ""TotalPromotionDiscount"" : null,
      ""JournalTypeName"" : ""Deposit"",
      ""Status"" : ""Processed"",
      ""Quantity"" : null,
      ""PaymentMethodName"" : ""백화점상품권"",
      ""PaymentMethodCode"" : ""92"",
      ""TransactionAmount"" : 750000,
      ""JournalReason"" : null,
      ""DepositSeqNo"" : ""2"",
      ""DepositNo"" : ""DEP202301080345-2"",
      ""DepositType"" : ""02"",
      ""Brand"" : null
    }, {
      ""PromotionId"" : null,
      ""TotalPromotionDiscount"" : null,
      ""JournalTypeName"" : ""Deposit"",
      ""Status"" : ""Processed"",
      ""Quantity"" : null,
      ""PaymentMethodName"" : ""카드"",
      ""PaymentMethodCode"" : ""03"",
      ""TransactionAmount"" : 5000000,
      ""JournalReason"" : null,
      ""DepositSeqNo"" : ""3"",
      ""DepositNo"" : ""DEP202301080345-3"",
      ""DepositType"" : ""02"",
      ""Brand"" : null
    }, {
      ""PromotionId"" : null,
      ""TotalPromotionDiscount"" : null,
      ""JournalTypeName"" : ""Redemption"",
      ""Status"" : ""Processed"",
      ""Quantity"" : null,
      ""PaymentMethodName"" : ""포인트"",
      ""PaymentMethodCode"" : ""81"",
      ""TransactionAmount"" : 163000,
      ""JournalReason"" : null,
      ""DepositSeqNo"" : ""4"",
      ""DepositNo"" : ""DEP202301080345-4"",
      ""DepositType"" : ""02"",
      ""Brand"" : null
    }, {
      ""PromotionId"" : null,
      ""TotalPromotionDiscount"" : null,
      ""JournalTypeName"" : ""Deposit"",
      ""Status"" : ""Processed"",
      ""Quantity"" : null,
      ""PaymentMethodName"" : ""카드"",
      ""PaymentMethodCode"" : ""03"",
      ""TransactionAmount"" : 653900,
      ""JournalReason"" : null,
      ""DepositSeqNo"" : ""5"",
      ""DepositNo"" : ""DEP202301080345-5"",
      ""DepositType"" : ""02"",
      ""Brand"" : null
    }, {
      ""PromotionId"" : null,
      ""TotalPromotionDiscount"" : null,
      ""JournalTypeName"" : ""Redemption"",
      ""Status"" : ""Processed"",
      ""Quantity"" : null,
      ""PaymentMethodName"" : ""본사상품권"",
      ""PaymentMethodCode"" : ""90"",
      ""TransactionAmount"" : 50700,
      ""JournalReason"" : null,
      ""DepositSeqNo"" : ""1"",
      ""DepositNo"" : ""DEP202301280247-1"",
      ""DepositType"" : ""02"",
      ""Brand"" : null
    }, {
      ""PromotionId"" : null,
      ""TotalPromotionDiscount"" : null,
      ""JournalTypeName"" : ""Deposit"",
      ""Status"" : ""Processed"",
      ""Quantity"" : null,
      ""PaymentMethodName"" : ""카드"",
      ""PaymentMethodCode"" : ""03"",
      ""TransactionAmount"" : 1288000,
      ""JournalReason"" : null,
      ""DepositSeqNo"" : ""1"",
      ""DepositNo"" : ""DEP202302030084-1"",
      ""DepositType"" : ""02"",
      ""Brand"" : null
    }, {
      ""PromotionId"" : null,
      ""TotalPromotionDiscount"" : null,
      ""JournalTypeName"" : ""Redemption"",
      ""Status"" : ""Processed"",
      ""Quantity"" : null,
      ""PaymentMethodName"" : ""포인트"",
      ""PaymentMethodCode"" : ""81"",
      ""TransactionAmount"" : 120000,
      ""JournalReason"" : null,
      ""DepositSeqNo"" : ""1"",
      ""DepositNo"" : ""DEP202302180261-1"",
      ""DepositType"" : ""02"",
      ""Brand"" : null
    }, {
      ""PromotionId"" : null,
      ""TotalPromotionDiscount"" : null,
      ""JournalTypeName"" : ""Deposit Reversal"",
      ""Status"" : ""Processed"",
      ""Quantity"" : null,
      ""PaymentMethodName"" : ""카드"",
      ""PaymentMethodCode"" : ""03"",
      ""TransactionAmount"" : 1200000,
      ""JournalReason"" : null,
      ""DepositSeqNo"" : ""1"",
      ""DepositNo"" : ""DEP202303160018-1"",
      ""DepositType"" : ""03"",
      ""Brand"" : null
    }, {
      ""PromotionId"" : null,
      ""TotalPromotionDiscount"" : null,
      ""JournalTypeName"" : ""Deposit"",
      ""Status"" : ""Processed"",
      ""Quantity"" : null,
      ""PaymentMethodName"" : ""카드"",
      ""PaymentMethodCode"" : ""03"",
      ""TransactionAmount"" : 11589300,
      ""JournalReason"" : null,
      ""DepositSeqNo"" : ""2"",
      ""DepositNo"" : ""DEP202303160018-2"",
      ""DepositType"" : ""02"",
      ""Brand"" : null
    }, {
      ""PromotionId"" : null,
      ""TotalPromotionDiscount"" : null,
      ""JournalTypeName"" : ""Redemption"",
      ""Status"" : ""Processed"",
      ""Quantity"" : null,
      ""PaymentMethodName"" : ""본사상품권"",
      ""PaymentMethodCode"" : ""90"",
      ""TransactionAmount"" : 359700,
      ""JournalReason"" : null,
      ""DepositSeqNo"" : ""3"",
      ""DepositNo"" : ""DEP202303160018-3"",
      ""DepositType"" : ""02"",
      ""Brand"" : null
    }, {
      ""PromotionId"" : null,
      ""TotalPromotionDiscount"" : null,
      ""JournalTypeName"" : ""Redemption"",
      ""Status"" : ""Processed"",
      ""Quantity"" : null,
      ""PaymentMethodName"" : ""포인트"",
      ""PaymentMethodCode"" : ""81"",
      ""TransactionAmount"" : 41000,
      ""JournalReason"" : null,
      ""DepositSeqNo"" : ""4"",
      ""DepositNo"" : ""DEP202303160018-4"",
      ""DepositType"" : ""02"",
      ""Brand"" : null
    }, {
      ""PromotionId"" : null,
      ""TotalPromotionDiscount"" : null,
      ""JournalTypeName"" : ""Redemption"",
      ""Status"" : ""Processed"",
      ""Quantity"" : null,
      ""PaymentMethodName"" : ""본사상품권"",
      ""PaymentMethodCode"" : ""90"",
      ""TransactionAmount"" : 50000,
      ""JournalReason"" : null,
      ""DepositSeqNo"" : ""1"",
      ""DepositNo"" : ""DEP202305170060-1"",
      ""DepositType"" : ""02"",
      ""Brand"" : null
    }, {
      ""PromotionId"" : null,
      ""TotalPromotionDiscount"" : null,
      ""JournalTypeName"" : ""Redemption"",
      ""Status"" : ""Processed"",
      ""Quantity"" : null,
      ""PaymentMethodName"" : ""포인트"",
      ""PaymentMethodCode"" : ""81"",
      ""TransactionAmount"" : 170000,
      ""JournalReason"" : null,
      ""DepositSeqNo"" : ""2"",
      ""DepositNo"" : ""DEP202305170060-2"",
      ""DepositType"" : ""02"",
      ""Brand"" : null
    }, {
      ""PromotionId"" : null,
      ""TotalPromotionDiscount"" : null,
      ""JournalTypeName"" : ""Redemption"",
      ""Status"" : ""Processed"",
      ""Quantity"" : null,
      ""PaymentMethodName"" : ""본사상품권"",
      ""PaymentMethodCode"" : ""90"",
      ""TransactionAmount"" : 179600,
      ""JournalReason"" : null,
      ""DepositSeqNo"" : ""1"",
      ""DepositNo"" : ""DEP202307031079-1"",
      ""DepositType"" : ""02"",
      ""Brand"" : null
    }, {
      ""PromotionId"" : null,
      ""TotalPromotionDiscount"" : null,
      ""JournalTypeName"" : ""Deposit"",
      ""Status"" : ""Processed"",
      ""Quantity"" : null,
      ""PaymentMethodName"" : ""카드"",
      ""PaymentMethodCode"" : ""03"",
      ""TransactionAmount"" : 3412400,
      ""JournalReason"" : null,
      ""DepositSeqNo"" : ""2"",
      ""DepositNo"" : ""DEP202307031079-2"",
      ""DepositType"" : ""02"",
      ""Brand"" : null
    }, {
      ""PromotionId"" : null,
      ""TotalPromotionDiscount"" : null,
      ""JournalTypeName"" : ""Deposit Reversal"",
      ""Status"" : ""Processed"",
      ""Quantity"" : null,
      ""PaymentMethodName"" : ""카드"",
      ""PaymentMethodCode"" : ""03"",
      ""TransactionAmount"" : 300000,
      ""JournalReason"" : null,
      ""DepositSeqNo"" : ""1"",
      ""DepositNo"" : ""DEP202307110383-1"",
      ""DepositType"" : ""03"",
      ""Brand"" : null
    }, {
      ""PromotionId"" : null,
      ""TotalPromotionDiscount"" : null,
      ""JournalTypeName"" : ""Deposit"",
      ""Status"" : ""Processed"",
      ""Quantity"" : null,
      ""PaymentMethodName"" : ""카드"",
      ""PaymentMethodCode"" : ""03"",
      ""TransactionAmount"" : 2682800,
      ""JournalReason"" : null,
      ""DepositSeqNo"" : ""2"",
      ""DepositNo"" : ""DEP202307110383-2"",
      ""DepositType"" : ""02"",
      ""Brand"" : null
    }, {
      ""PromotionId"" : null,
      ""TotalPromotionDiscount"" : null,
      ""JournalTypeName"" : ""Redemption"",
      ""Status"" : ""Processed"",
      ""Quantity"" : null,
      ""PaymentMethodName"" : ""본사상품권"",
      ""PaymentMethodCode"" : ""90"",
      ""TransactionAmount"" : 141200,
      ""JournalReason"" : null,
      ""DepositSeqNo"" : ""3"",
      ""DepositNo"" : ""DEP202307110383-3"",
      ""DepositType"" : ""02"",
      ""Brand"" : null
    }, {
      ""PromotionId"" : null,
      ""TotalPromotionDiscount"" : null,
      ""JournalTypeName"" : ""Redemption"",
      ""Status"" : ""Processed"",
      ""Quantity"" : null,
      ""PaymentMethodName"" : ""본사상품권"",
      ""PaymentMethodCode"" : ""90"",
      ""TransactionAmount"" : 157600,
      ""JournalReason"" : null,
      ""DepositSeqNo"" : ""1"",
      ""DepositNo"" : ""DEP202307210923-1"",
      ""DepositType"" : ""02"",
      ""Brand"" : null
    }, {
      ""PromotionId"" : null,
      ""TotalPromotionDiscount"" : null,
      ""JournalTypeName"" : ""Redemption"",
      ""Status"" : ""Processed"",
      ""Quantity"" : null,
      ""PaymentMethodName"" : ""본사상품권"",
      ""PaymentMethodCode"" : ""90"",
      ""TransactionAmount"" : 600400,
      ""JournalReason"" : null,
      ""DepositSeqNo"" : ""1"",
      ""DepositNo"" : ""DEP202307210934-1"",
      ""DepositType"" : ""02"",
      ""Brand"" : null
    }, {
      ""PromotionId"" : null,
      ""TotalPromotionDiscount"" : null,
      ""JournalTypeName"" : ""Deposit"",
      ""Status"" : ""Processed"",
      ""Quantity"" : null,
      ""PaymentMethodName"" : ""가주문"",
      ""PaymentMethodCode"" : ""06"",
      ""TransactionAmount"" : 60800,
      ""JournalReason"" : null,
      ""DepositSeqNo"" : ""2"",
      ""DepositNo"" : ""DEP202307210934-2"",
      ""DepositType"" : ""02"",
      ""Brand"" : null
    }, {
      ""PromotionId"" : null,
      ""TotalPromotionDiscount"" : null,
      ""JournalTypeName"" : ""Deposit"",
      ""Status"" : ""Processed"",
      ""Quantity"" : null,
      ""PaymentMethodName"" : ""현금"",
      ""PaymentMethodCode"" : ""01"",
      ""TransactionAmount"" : 463600,
      ""JournalReason"" : null,
      ""DepositSeqNo"" : ""3"",
      ""DepositNo"" : ""DEP202307210934-3"",
      ""DepositType"" : ""02"",
      ""Brand"" : null
    }, {
      ""PromotionId"" : null,
      ""TotalPromotionDiscount"" : null,
      ""JournalTypeName"" : ""Deposit Reversal"",
      ""Status"" : ""Processed"",
      ""Quantity"" : null,
      ""PaymentMethodName"" : ""현금"",
      ""PaymentMethodCode"" : ""01"",
      ""TransactionAmount"" : 463600,
      ""JournalReason"" : null,
      ""DepositSeqNo"" : ""1"",
      ""DepositNo"" : ""DEP202307210942-1"",
      ""DepositType"" : ""03"",
      ""Brand"" : null
    }, {
      ""PromotionId"" : null,
      ""TotalPromotionDiscount"" : null,
      ""JournalTypeName"" : ""Deposit Reversal"",
      ""Status"" : ""Processed"",
      ""Quantity"" : null,
      ""PaymentMethodName"" : ""본사상품권"",
      ""PaymentMethodCode"" : ""90"",
      ""TransactionAmount"" : 24400,
      ""JournalReason"" : null,
      ""DepositSeqNo"" : ""2"",
      ""DepositNo"" : ""DEP202307210942-2"",
      ""DepositType"" : ""03"",
      ""Brand"" : null
    }, {
      ""PromotionId"" : null,
      ""TotalPromotionDiscount"" : null,
      ""JournalTypeName"" : ""Redemption"",
      ""Status"" : ""Processed"",
      ""Quantity"" : null,
      ""PaymentMethodName"" : ""본사상품권"",
      ""PaymentMethodCode"" : ""90"",
      ""TransactionAmount"" : 736400,
      ""JournalReason"" : null,
      ""DepositSeqNo"" : ""1"",
      ""DepositNo"" : ""DEP202307210948-1"",
      ""DepositType"" : ""02"",
      ""Brand"" : null
    }, {
      ""PromotionId"" : null,
      ""TotalPromotionDiscount"" : null,
      ""JournalTypeName"" : ""Deposit"",
      ""Status"" : ""Processed"",
      ""Quantity"" : null,
      ""PaymentMethodName"" : ""카드"",
      ""PaymentMethodCode"" : ""03"",
      ""TransactionAmount"" : 4096000,
      ""JournalReason"" : null,
      ""DepositSeqNo"" : ""1"",
      ""DepositNo"" : ""DEP202403310385-1"",
      ""DepositType"" : ""02"",
      ""Brand"" : null
    }, {
      ""PromotionId"" : null,
      ""TotalPromotionDiscount"" : null,
      ""JournalTypeName"" : ""Redemption"",
      ""Status"" : ""Processed"",
      ""Quantity"" : null,
      ""PaymentMethodName"" : ""본사상품권"",
      ""PaymentMethodCode"" : ""90"",
      ""TransactionAmount"" : 68400,
      ""JournalReason"" : null,
      ""DepositSeqNo"" : ""1"",
      ""DepositNo"" : ""DEP202407011858-1"",
      ""DepositType"" : ""02"",
      ""Brand"" : null
    }, {
      ""PromotionId"" : null,
      ""TotalPromotionDiscount"" : null,
      ""JournalTypeName"" : ""Deposit"",
      ""Status"" : ""Processed"",
      ""Quantity"" : null,
      ""PaymentMethodName"" : ""백화점상품권"",
      ""PaymentMethodCode"" : ""92"",
      ""TransactionAmount"" : 70000,
      ""JournalReason"" : null,
      ""DepositSeqNo"" : ""2"",
      ""DepositNo"" : ""DEP202407011858-2"",
      ""DepositType"" : ""02"",
      ""Brand"" : null
    }, {
      ""PromotionId"" : null,
      ""TotalPromotionDiscount"" : null,
      ""JournalTypeName"" : ""Deposit"",
      ""Status"" : ""Processed"",
      ""Quantity"" : null,
      ""PaymentMethodName"" : ""카드"",
      ""PaymentMethodCode"" : ""03"",
      ""TransactionAmount"" : 1229600,
      ""JournalReason"" : null,
      ""DepositSeqNo"" : ""3"",
      ""DepositNo"" : ""DEP202407011858-3"",
      ""DepositType"" : ""02"",
      ""Brand"" : null
    }, {
      ""PromotionId"" : null,
      ""TotalPromotionDiscount"" : null,
      ""JournalTypeName"" : ""Redemption"",
      ""Status"" : ""Processed"",
      ""Quantity"" : null,
      ""PaymentMethodName"" : ""본사상품권"",
      ""PaymentMethodCode"" : ""90"",
      ""TransactionAmount"" : 1350900,
      ""JournalReason"" : null,
      ""DepositSeqNo"" : ""1"",
      ""DepositNo"" : ""DEP202407190939-1"",
      ""DepositType"" : ""02"",
      ""Brand"" : null
    }, {
      ""PromotionId"" : null,
      ""TotalPromotionDiscount"" : null,
      ""JournalTypeName"" : ""Deposit"",
      ""Status"" : ""Processed"",
      ""Quantity"" : null,
      ""PaymentMethodName"" : ""카드"",
      ""PaymentMethodCode"" : ""03"",
      ""TransactionAmount"" : 21033000,
      ""JournalReason"" : null,
      ""DepositSeqNo"" : ""1"",
      ""DepositNo"" : ""DEP202407220047-1"",
      ""DepositType"" : ""02"",
      ""Brand"" : null
    }, {
      ""PromotionId"" : null,
      ""TotalPromotionDiscount"" : null,
      ""JournalTypeName"" : ""Deposit Reversal"",
      ""Status"" : ""Processed"",
      ""Quantity"" : null,
      ""PaymentMethodName"" : ""카드"",
      ""PaymentMethodCode"" : ""03"",
      ""TransactionAmount"" : 21033000,
      ""JournalReason"" : null,
      ""DepositSeqNo"" : ""2"",
      ""DepositNo"" : ""DEP202407220047-2"",
      ""DepositType"" : ""03"",
      ""Brand"" : null
    }, {
      ""PromotionId"" : null,
      ""TotalPromotionDiscount"" : null,
      ""JournalTypeName"" : ""Redemption"",
      ""Status"" : ""Processed"",
      ""Quantity"" : null,
      ""PaymentMethodName"" : ""포인트"",
      ""PaymentMethodCode"" : ""81"",
      ""TransactionAmount"" : 500000,
      ""JournalReason"" : null,
      ""DepositSeqNo"" : ""1"",
      ""DepositNo"" : ""DEP202408040264-1"",
      ""DepositType"" : ""02"",
      ""Brand"" : null
    }, {
      ""PromotionId"" : null,
      ""TotalPromotionDiscount"" : null,
      ""JournalTypeName"" : ""Redemption"",
      ""Status"" : ""Processed"",
      ""Quantity"" : null,
      ""PaymentMethodName"" : ""본사상품권"",
      ""PaymentMethodCode"" : ""90"",
      ""TransactionAmount"" : 410000,
      ""JournalReason"" : null,
      ""DepositSeqNo"" : ""1"",
      ""DepositNo"" : ""DEP202504080044-1"",
      ""DepositType"" : ""02"",
      ""Brand"" : null
    }, {
      ""PromotionId"" : null,
      ""TotalPromotionDiscount"" : null,
      ""JournalTypeName"" : ""Redemption"",
      ""Status"" : ""Processed"",
      ""Quantity"" : null,
      ""PaymentMethodName"" : ""포인트"",
      ""PaymentMethodCode"" : ""81"",
      ""TransactionAmount"" : 145000,
      ""JournalReason"" : null,
      ""DepositSeqNo"" : ""1"",
      ""DepositNo"" : ""DEP202504100124-1"",
      ""DepositType"" : ""02"",
      ""Brand"" : null
    }, {
      ""PromotionId"" : null,
      ""TotalPromotionDiscount"" : null,
      ""JournalTypeName"" : ""Redemption"",
      ""Status"" : ""Processed"",
      ""Quantity"" : null,
      ""PaymentMethodName"" : ""포인트"",
      ""PaymentMethodCode"" : ""81"",
      ""TransactionAmount"" : 730000,
      ""JournalReason"" : null,
      ""DepositSeqNo"" : ""1"",
      ""DepositNo"" : ""DEP202505210085-1"",
      ""DepositType"" : ""02"",
      ""Brand"" : null
    }, {
      ""PromotionId"" : null,
      ""TotalPromotionDiscount"" : null,
      ""JournalTypeName"" : ""Deposit"",
      ""Status"" : ""Processed"",
      ""Quantity"" : null,
      ""PaymentMethodName"" : ""카드"",
      ""PaymentMethodCode"" : ""03"",
      ""TransactionAmount"" : 964000,
      ""JournalReason"" : null,
      ""DepositSeqNo"" : ""1"",
      ""DepositNo"" : ""DEP202509050055-1"",
      ""DepositType"" : ""02"",
      ""Brand"" : null
    }, {
      ""PromotionId"" : null,
      ""TotalPromotionDiscount"" : null,
      ""JournalTypeName"" : ""Deposit"",
      ""Status"" : ""Processed"",
      ""Quantity"" : null,
      ""PaymentMethodName"" : ""백화점상품권"",
      ""PaymentMethodCode"" : ""92"",
      ""TransactionAmount"" : 90000,
      ""JournalReason"" : null,
      ""DepositSeqNo"" : ""2"",
      ""DepositNo"" : ""DEP202509050055-2"",
      ""DepositType"" : ""02"",
      ""Brand"" : null
    }, {
      ""PromotionId"" : null,
      ""TotalPromotionDiscount"" : null,
      ""JournalTypeName"" : ""Redemption"",
      ""Status"" : ""Processed"",
      ""Quantity"" : null,
      ""PaymentMethodName"" : ""본사상품권"",
      ""PaymentMethodCode"" : ""90"",
      ""TransactionAmount"" : 183000,
      ""JournalReason"" : null,
      ""DepositSeqNo"" : ""3"",
      ""DepositNo"" : ""DEP202509050055-3"",
      ""DepositType"" : ""02"",
      ""Brand"" : null
    }, {
      ""PromotionId"" : null,
      ""TotalPromotionDiscount"" : null,
      ""JournalTypeName"" : ""Redemption"",
      ""Status"" : ""Processed"",
      ""Quantity"" : null,
      ""PaymentMethodName"" : ""포인트"",
      ""PaymentMethodCode"" : ""81"",
      ""TransactionAmount"" : 400000,
      ""JournalReason"" : null,
      ""DepositSeqNo"" : ""1"",
      ""DepositNo"" : ""DEP202512110043-1"",
      ""DepositType"" : ""02"",
      ""Brand"" : null
    }, {
      ""PromotionId"" : null,
      ""TotalPromotionDiscount"" : null,
      ""JournalTypeName"" : ""Deposit"",
      ""Status"" : ""Processed"",
      ""Quantity"" : null,
      ""PaymentMethodName"" : ""카드"",
      ""PaymentMethodCode"" : ""03"",
      ""TransactionAmount"" : 2032000,
      ""JournalReason"" : null,
      ""DepositSeqNo"" : ""1"",
      ""DepositNo"" : ""DEP202603040059-1"",
      ""DepositType"" : ""02"",
      ""Brand"" : null
    }, {
      ""PromotionId"" : null,
      ""TotalPromotionDiscount"" : null,
      ""JournalTypeName"" : ""Redemption"",
      ""Status"" : ""Processed"",
      ""Quantity"" : null,
      ""PaymentMethodName"" : ""포인트"",
      ""PaymentMethodCode"" : ""81"",
      ""TransactionAmount"" : 67000,
      ""JournalReason"" : null,
      ""DepositSeqNo"" : ""1"",
      ""DepositNo"" : ""DEP202603040062-1"",
      ""DepositType"" : ""02"",
      ""Brand"" : null
    }, {
      ""PromotionId"" : null,
      ""TotalPromotionDiscount"" : null,
      ""JournalTypeName"" : ""Redemption"",
      ""Status"" : ""Processed"",
      ""Quantity"" : null,
      ""PaymentMethodName"" : ""본사상품권"",
      ""PaymentMethodCode"" : ""90"",
      ""TransactionAmount"" : 100000,
      ""JournalReason"" : null,
      ""DepositSeqNo"" : ""2"",
      ""DepositNo"" : ""DEP202603040062-2"",
      ""DepositType"" : ""02"",
      ""Brand"" : null
    }, {
      ""PromotionId"" : null,
      ""TotalPromotionDiscount"" : null,
      ""JournalTypeName"" : ""Deposit"",
      ""Status"" : ""Processed"",
      ""Quantity"" : null,
      ""PaymentMethodName"" : ""백화점상품권"",
      ""PaymentMethodCode"" : ""92"",
      ""TransactionAmount"" : 140000,
      ""JournalReason"" : null,
      ""DepositSeqNo"" : ""3"",
      ""DepositNo"" : ""DEP202603040062-3"",
      ""DepositType"" : ""02"",
      ""Brand"" : null
    }, {
      ""PromotionId"" : null,
      ""TotalPromotionDiscount"" : null,
      ""JournalTypeName"" : ""Deposit"",
      ""Status"" : ""Processed"",
      ""Quantity"" : null,
      ""PaymentMethodName"" : ""카드"",
      ""PaymentMethodCode"" : ""03"",
      ""TransactionAmount"" : 543000,
      ""JournalReason"" : null,
      ""DepositSeqNo"" : ""4"",
      ""DepositNo"" : ""DEP202603040062-4"",
      ""DepositType"" : ""02"",
      ""Brand"" : null
    }, {
      ""PromotionId"" : null,
      ""TotalPromotionDiscount"" : null,
      ""JournalTypeName"" : ""Deposit"",
      ""Status"" : ""Processed"",
      ""Quantity"" : null,
      ""PaymentMethodName"" : ""카드"",
      ""PaymentMethodCode"" : ""03"",
      ""TransactionAmount"" : 1578000,
      ""JournalReason"" : null,
      ""DepositSeqNo"" : ""1"",
      ""DepositNo"" : ""DEP202603120166-1"",
      ""DepositType"" : ""02"",
      ""Brand"" : null
    }, {
      ""PromotionId"" : null,
      ""TotalPromotionDiscount"" : null,
      ""JournalTypeName"" : ""Deposit"",
      ""Status"" : ""Processed"",
      ""Quantity"" : null,
      ""PaymentMethodName"" : ""백화점상품권"",
      ""PaymentMethodCode"" : ""92"",
      ""TransactionAmount"" : 70000,
      ""JournalReason"" : null,
      ""DepositSeqNo"" : ""2"",
      ""DepositNo"" : ""DEP202603120166-2"",
      ""DepositType"" : ""02"",
      ""Brand"" : null
    }, {
      ""PromotionId"" : null,
      ""TotalPromotionDiscount"" : null,
      ""JournalTypeName"" : ""Redemption"",
      ""Status"" : ""Processed"",
      ""Quantity"" : null,
      ""PaymentMethodName"" : ""포인트"",
      ""PaymentMethodCode"" : ""81"",
      ""TransactionAmount"" : 16000,
      ""JournalReason"" : null,
      ""DepositSeqNo"" : ""3"",
      ""DepositNo"" : ""DEP202603120166-3"",
      ""DepositType"" : ""02"",
      ""Brand"" : null
    }, {
      ""PromotionId"" : null,
      ""TotalPromotionDiscount"" : null,
      ""JournalTypeName"" : ""Deposit"",
      ""Status"" : ""Processed"",
      ""Quantity"" : null,
      ""PaymentMethodName"" : ""카드"",
      ""PaymentMethodCode"" : ""03"",
      ""TransactionAmount"" : 1122000,
      ""JournalReason"" : null,
      ""DepositSeqNo"" : ""1"",
      ""DepositNo"" : ""DEP202603120169-1"",
      ""DepositType"" : ""02"",
      ""Brand"" : null
    }, {
      ""PromotionId"" : null,
      ""TotalPromotionDiscount"" : null,
      ""JournalTypeName"" : ""Redemption"",
      ""Status"" : ""Processed"",
      ""Quantity"" : null,
      ""PaymentMethodName"" : ""본사상품권"",
      ""PaymentMethodCode"" : ""90"",
      ""TransactionAmount"" : 138000,
      ""JournalReason"" : null,
      ""DepositSeqNo"" : ""2"",
      ""DepositNo"" : ""DEP202603120169-2"",
      ""DepositType"" : ""02"",
      ""Brand"" : null
    }, {
      ""PromotionId"" : null,
      ""TotalPromotionDiscount"" : null,
      ""JournalTypeName"" : ""Deposit"",
      ""Status"" : ""Processed"",
      ""Quantity"" : null,
      ""PaymentMethodName"" : ""백화점상품권"",
      ""PaymentMethodCode"" : ""92"",
      ""TransactionAmount"" : 120000,
      ""JournalReason"" : null,
      ""DepositSeqNo"" : ""3"",
      ""DepositNo"" : ""DEP202603120169-3"",
      ""DepositType"" : ""02"",
      ""Brand"" : null
    }, {
      ""PromotionId"" : null,
      ""TotalPromotionDiscount"" : null,
      ""JournalTypeName"" : ""Deposit"",
      ""Status"" : ""Processed"",
      ""Quantity"" : null,
      ""PaymentMethodName"" : ""카드"",
      ""PaymentMethodCode"" : ""03"",
      ""TransactionAmount"" : 752000,
      ""JournalReason"" : null,
      ""DepositSeqNo"" : ""1"",
      ""DepositNo"" : ""DEP202603130124-1"",
      ""DepositType"" : ""02"",
      ""Brand"" : null
    }, {
      ""PromotionId"" : null,
      ""TotalPromotionDiscount"" : null,
      ""JournalTypeName"" : ""Deposit"",
      ""Status"" : ""Processed"",
      ""Quantity"" : null,
      ""PaymentMethodName"" : ""백화점상품권"",
      ""PaymentMethodCode"" : ""92"",
      ""TransactionAmount"" : 360000,
      ""JournalReason"" : null,
      ""DepositSeqNo"" : ""2"",
      ""DepositNo"" : ""DEP202603130124-2"",
      ""DepositType"" : ""02"",
      ""Brand"" : null
    }, {
      ""PromotionId"" : null,
      ""TotalPromotionDiscount"" : null,
      ""JournalTypeName"" : ""Deposit Reversal"",
      ""Status"" : ""Processed"",
      ""Quantity"" : null,
      ""PaymentMethodName"" : ""카드"",
      ""PaymentMethodCode"" : ""03"",
      ""TransactionAmount"" : 1578000,
      ""JournalReason"" : null,
      ""DepositSeqNo"" : ""1"",
      ""DepositNo"" : ""DEP202603130879-1"",
      ""DepositType"" : ""03"",
      ""Brand"" : null
    }, {
      ""PromotionId"" : null,
      ""TotalPromotionDiscount"" : null,
      ""JournalTypeName"" : ""Deposit Reversal"",
      ""Status"" : ""Processed"",
      ""Quantity"" : null,
      ""PaymentMethodName"" : ""백화점상품권"",
      ""PaymentMethodCode"" : ""92"",
      ""TransactionAmount"" : 70000,
      ""JournalReason"" : null,
      ""DepositSeqNo"" : ""2"",
      ""DepositNo"" : ""DEP202603130879-2"",
      ""DepositType"" : ""03"",
      ""Brand"" : null
    }, {
      ""PromotionId"" : null,
      ""TotalPromotionDiscount"" : null,
      ""JournalTypeName"" : ""Redemption Reversal"",
      ""Status"" : ""Processed"",
      ""Quantity"" : null,
      ""PaymentMethodName"" : ""포인트"",
      ""PaymentMethodCode"" : ""81"",
      ""TransactionAmount"" : 16000,
      ""JournalReason"" : null,
      ""DepositSeqNo"" : ""3"",
      ""DepositNo"" : ""DEP202603130879-3"",
      ""DepositType"" : ""03"",
      ""Brand"" : null
    }, {
      ""PromotionId"" : null,
      ""TotalPromotionDiscount"" : null,
      ""JournalTypeName"" : ""Deposit"",
      ""Status"" : ""Processed"",
      ""Quantity"" : null,
      ""PaymentMethodName"" : ""카드"",
      ""PaymentMethodCode"" : ""03"",
      ""TransactionAmount"" : 5442000,
      ""JournalReason"" : null,
      ""DepositSeqNo"" : ""1"",
      ""DepositNo"" : ""DEP202603130915-1"",
      ""DepositType"" : ""02"",
      ""Brand"" : null
    }, {
      ""PromotionId"" : null,
      ""TotalPromotionDiscount"" : null,
      ""JournalTypeName"" : ""Deposit"",
      ""Status"" : ""Processed"",
      ""Quantity"" : null,
      ""PaymentMethodName"" : ""백화점상품권"",
      ""PaymentMethodCode"" : ""92"",
      ""TransactionAmount"" : 350000,
      ""JournalReason"" : null,
      ""DepositSeqNo"" : ""2"",
      ""DepositNo"" : ""DEP202603130915-2"",
      ""DepositType"" : ""02"",
      ""Brand"" : null
    }, {
      ""PromotionId"" : null,
      ""TotalPromotionDiscount"" : null,
      ""JournalTypeName"" : ""Deposit"",
      ""Status"" : ""Processed"",
      ""Quantity"" : null,
      ""PaymentMethodName"" : ""카드"",
      ""PaymentMethodCode"" : ""03"",
      ""TransactionAmount"" : 2361000,
      ""JournalReason"" : null,
      ""DepositSeqNo"" : ""1"",
      ""DepositNo"" : ""DEP202603130947-1"",
      ""DepositType"" : ""02"",
      ""Brand"" : null
    }, {
      ""PromotionId"" : null,
      ""TotalPromotionDiscount"" : null,
      ""JournalTypeName"" : ""Deposit"",
      ""Status"" : ""Processed"",
      ""Quantity"" : null,
      ""PaymentMethodName"" : ""백화점상품권"",
      ""PaymentMethodCode"" : ""92"",
      ""TransactionAmount"" : 100000,
      ""JournalReason"" : null,
      ""DepositSeqNo"" : ""2"",
      ""DepositNo"" : ""DEP202603130947-2"",
      ""DepositType"" : ""02"",
      ""Brand"" : null
    }, {
      ""PromotionId"" : null,
      ""TotalPromotionDiscount"" : null,
      ""JournalTypeName"" : ""Deposit"",
      ""Status"" : ""Processed"",
      ""Quantity"" : null,
      ""PaymentMethodName"" : ""백화점상품권"",
      ""PaymentMethodCode"" : ""92"",
      ""TransactionAmount"" : 140000,
      ""JournalReason"" : null,
      ""DepositSeqNo"" : ""3"",
      ""DepositNo"" : ""DEP202603130947-3"",
      ""DepositType"" : ""02"",
      ""Brand"" : null
    }, {
      ""PromotionId"" : null,
      ""TotalPromotionDiscount"" : null,
      ""JournalTypeName"" : ""Redemption"",
      ""Status"" : ""Processed"",
      ""Quantity"" : null,
      ""PaymentMethodName"" : ""본사상품권"",
      ""PaymentMethodCode"" : ""90"",
      ""TransactionAmount"" : 289000,
      ""JournalReason"" : null,
      ""DepositSeqNo"" : ""4"",
      ""DepositNo"" : ""DEP202603130947-4"",
      ""DepositType"" : ""02"",
      ""Brand"" : null
    }, {
      ""PromotionId"" : null,
      ""TotalPromotionDiscount"" : null,
      ""JournalTypeName"" : ""Deposit"",
      ""Status"" : ""Processed"",
      ""Quantity"" : null,
      ""PaymentMethodName"" : ""카드"",
      ""PaymentMethodCode"" : ""03"",
      ""TransactionAmount"" : 1716000,
      ""JournalReason"" : null,
      ""DepositSeqNo"" : ""1"",
      ""DepositNo"" : ""DEP202603130966-1"",
      ""DepositType"" : ""02"",
      ""Brand"" : null
    }, {
      ""PromotionId"" : null,
      ""TotalPromotionDiscount"" : null,
      ""JournalTypeName"" : ""Deposit"",
      ""Status"" : ""Processed"",
      ""Quantity"" : null,
      ""PaymentMethodName"" : ""백화점상품권"",
      ""PaymentMethodCode"" : ""92"",
      ""TransactionAmount"" : 120000,
      ""JournalReason"" : null,
      ""DepositSeqNo"" : ""2"",
      ""DepositNo"" : ""DEP202603130966-2"",
      ""DepositType"" : ""02"",
      ""Brand"" : null
    }, {
      ""PromotionId"" : null,
      ""TotalPromotionDiscount"" : null,
      ""JournalTypeName"" : ""Redemption"",
      ""Status"" : ""Processed"",
      ""Quantity"" : null,
      ""PaymentMethodName"" : ""본사상품권"",
      ""PaymentMethodCode"" : ""90"",
      ""TransactionAmount"" : 204000,
      ""JournalReason"" : null,
      ""DepositSeqNo"" : ""3"",
      ""DepositNo"" : ""DEP202603130966-3"",
      ""DepositType"" : ""02"",
      ""Brand"" : null
    }, {
      ""PromotionId"" : null,
      ""TotalPromotionDiscount"" : null,
      ""JournalTypeName"" : ""Deposit"",
      ""Status"" : ""Processed"",
      ""Quantity"" : null,
      ""PaymentMethodName"" : ""카드"",
      ""PaymentMethodCode"" : ""03"",
      ""TransactionAmount"" : 1000000,
      ""JournalReason"" : null,
      ""DepositSeqNo"" : ""1"",
      ""DepositNo"" : ""DEP202603130975-1"",
      ""DepositType"" : ""02"",
      ""Brand"" : null
    }, {
      ""PromotionId"" : null,
      ""TotalPromotionDiscount"" : null,
      ""JournalTypeName"" : ""Redemption"",
      ""Status"" : ""Processed"",
      ""Quantity"" : null,
      ""PaymentMethodName"" : ""포인트"",
      ""PaymentMethodCode"" : ""81"",
      ""TransactionAmount"" : 16000,
      ""JournalReason"" : null,
      ""DepositSeqNo"" : ""2"",
      ""DepositNo"" : ""DEP202603130975-2"",
      ""DepositType"" : ""02"",
      ""Brand"" : null
    }, {
      ""PromotionId"" : null,
      ""TotalPromotionDiscount"" : null,
      ""JournalTypeName"" : ""Deposit"",
      ""Status"" : ""Processed"",
      ""Quantity"" : null,
      ""PaymentMethodName"" : ""카드"",
      ""PaymentMethodCode"" : ""03"",
      ""TransactionAmount"" : 2406000,
      ""JournalReason"" : null,
      ""DepositSeqNo"" : ""1"",
      ""DepositNo"" : ""DEP202603150976-1"",
      ""DepositType"" : ""02"",
      ""Brand"" : null
    }, {
      ""PromotionId"" : null,
      ""TotalPromotionDiscount"" : null,
      ""JournalTypeName"" : ""Deposit"",
      ""Status"" : ""Processed"",
      ""Quantity"" : null,
      ""PaymentMethodName"" : ""백화점상품권"",
      ""PaymentMethodCode"" : ""92"",
      ""TransactionAmount"" : 140000,
      ""JournalReason"" : null,
      ""DepositSeqNo"" : ""2"",
      ""DepositNo"" : ""DEP202603150976-2"",
      ""DepositType"" : ""02"",
      ""Brand"" : null
    }, {
      ""PromotionId"" : null,
      ""TotalPromotionDiscount"" : null,
      ""JournalTypeName"" : ""Redemption"",
      ""Status"" : ""Processed"",
      ""Quantity"" : null,
      ""PaymentMethodName"" : ""포인트"",
      ""PaymentMethodCode"" : ""81"",
      ""TransactionAmount"" : 206000,
      ""JournalReason"" : null,
      ""DepositSeqNo"" : ""3"",
      ""DepositNo"" : ""DEP202603150976-3"",
      ""DepositType"" : ""02"",
      ""Brand"" : null
    }, {
      ""PromotionId"" : null,
      ""TotalPromotionDiscount"" : null,
      ""JournalTypeName"" : ""Deposit"",
      ""Status"" : ""Processed"",
      ""Quantity"" : null,
      ""PaymentMethodName"" : ""카드"",
      ""PaymentMethodCode"" : ""03"",
      ""TransactionAmount"" : 1376000,
      ""JournalReason"" : null,
      ""DepositSeqNo"" : ""1"",
      ""DepositNo"" : ""DEP202603151409-1"",
      ""DepositType"" : ""02"",
      ""Brand"" : null
    }, {
      ""PromotionId"" : null,
      ""TotalPromotionDiscount"" : null,
      ""JournalTypeName"" : ""Deposit"",
      ""Status"" : ""Processed"",
      ""Quantity"" : null,
      ""PaymentMethodName"" : ""가주문"",
      ""PaymentMethodCode"" : ""06"",
      ""TransactionAmount"" : 1242000,
      ""JournalReason"" : null,
      ""DepositSeqNo"" : ""1"",
      ""DepositNo"" : ""DEP202603170173-1"",
      ""DepositType"" : ""02"",
      ""Brand"" : null
    }, {
      ""PromotionId"" : null,
      ""TotalPromotionDiscount"" : null,
      ""JournalTypeName"" : ""Redemption"",
      ""Status"" : ""Processed"",
      ""Quantity"" : null,
      ""PaymentMethodName"" : ""본사상품권"",
      ""PaymentMethodCode"" : ""90"",
      ""TransactionAmount"" : 138000,
      ""JournalReason"" : null,
      ""DepositSeqNo"" : ""2"",
      ""DepositNo"" : ""DEP202603170173-2"",
      ""DepositType"" : ""02"",
      ""Brand"" : null
    }, {
      ""PromotionId"" : null,
      ""TotalPromotionDiscount"" : null,
      ""JournalTypeName"" : ""Redemption"",
      ""Status"" : ""Processed"",
      ""Quantity"" : null,
      ""PaymentMethodName"" : ""본사상품권"",
      ""PaymentMethodCode"" : ""90"",
      ""TransactionAmount"" : 392000,
      ""JournalReason"" : null,
      ""DepositSeqNo"" : ""1"",
      ""DepositNo"" : ""DEP202604170019-1"",
      ""DepositType"" : ""02"",
      ""Brand"" : null
    }, {
      ""PromotionId"" : null,
      ""TotalPromotionDiscount"" : null,
      ""JournalTypeName"" : ""Accrual"",
      ""Status"" : ""Processed"",
      ""Quantity"" : null,
      ""PaymentMethodName"" : null,
      ""PaymentMethodCode"" : null,
      ""TransactionAmount"" : 2718000,
      ""JournalReason"" : null,
      ""DepositSeqNo"" : null,
      ""DepositNo"" : ""OPTC_CREDIT_212501600243"",
      ""DepositType"" : null,
      ""Brand"" : null
    }, {
      ""PromotionId"" : null,
      ""TotalPromotionDiscount"" : null,
      ""JournalTypeName"" : ""Accrual"",
      ""Status"" : ""Processed"",
      ""Quantity"" : null,
      ""PaymentMethodName"" : null,
      ""PaymentMethodCode"" : null,
      ""TransactionAmount"" : 302412,
      ""JournalReason"" : null,
      ""DepositSeqNo"" : null,
      ""DepositNo"" : ""OPTC_RESIDUAL_212501600243"",
      ""DepositType"" : null,
      ""Brand"" : null
    } ]
  },
  ""code"" : 200
}"
a12JO000000Lru9YAC,2026-05-07T05:41:06.000+0000,GdPointHelpApiControllerV1,/gd/v1/point/help,"{""StoreCode__c"":""99998"",""MemberNo__c"":""212501600243"",""Type"":null,""PromotionNo__c"":""PRO202604161041"",""OrderDate"":""20260507"",""SaleNo__c"":""""}","{
  ""success"" : true,
  ""message"" : ""포인트 적용 조회 성공"",
  ""data"" : {
    ""pointList"" : [ {
      ""points"" : 302412,
      ""CD_TYPE_POINT"" : ""04""
    } ]
  },
  ""code"" : 200
}"
a12JO000000LrvlYAC,2026-05-07T05:41:23.000+0000,GdVoucherHelpApiControllerV1,/gd/v1/voucher/help,"{""StoreCode__c"":""99998"",""MemberNo__c"":""212501600243"",""ActualPaymentAmount__c"":1000000.0,""OrderStatus__c"":null,""Type"":""02"",""PromotionNo__c"":""PRO202604161041"",""OrderItem"":[{""OrderSeqNo__c"":null,""Status__c"":null,""ProductCode"":""2A2600001"",""Quantity"":1,""isExclude"":null,""NetSalesUnitPrice__c"":0.0,""DiscountRate__c"":0.0},{""OrderSeqNo__c"":null,""Status__c"":null,""ProductCode"":""3A2600005"",""Quantity"":1,""isExclude"":null,""NetSalesUnitPrice__c"":0.0,""DiscountRate__c"":0.0}],""TransactionJournal"":null}","{
  ""success"" : true,
  ""message"" : ""사용 가능한 쿠폰 조회 성공"",
  ""data"" : {
    ""voucherList"" : [ {
      ""TX_COUPON"" : ""2026_SVIP_승격축하쿠폰"",
      ""RT_DISC"" : 0,
      ""NO_MAN_COUPON"" : ""COP2026JA0028"",
      ""NO_COUPON"" : ""29"",
      ""NM_RESPON"" : ""최재현"",
      ""NM_DEPT"" : ""IMC팀"",
      ""NM_COUPON"" : ""2026_SVIP_승격축하쿠폰"",
      ""ID_INSERT"" : ""최재현"",
      ""DTS_INSERT"" : ""20260202151859"",
      ""DT_USE"" : """",
      ""DT_STR_EXP"" : ""20260201"",
      ""DT_ISSUE"" : ""20260202"",
      ""DT_END_EXP"" : ""20270131"",
      ""DS_MON_EXP"" : 0,
      ""CD_TYPE_DAY_EXP"" : ""02"",
      ""CD_TYPE_COUPON"" : ""03"",
      ""CD_STAT_COUPON"" : ""02"",
      ""CD_BRAND"" : ""01"",
      ""AM_DISC"" : 100000
    }, {
      ""TX_COUPON"" : ""10%할인_SVIP특별바우처6"",
      ""RT_DISC"" : 10,
      ""NO_MAN_COUPON"" : ""COP2026MA0009"",
      ""NO_COUPON"" : ""03"",
      ""NM_RESPON"" : ""최재현"",
      ""NM_DEPT"" : ""IMC팀"",
      ""NM_COUPON"" : ""10%할인_SVIP특별바우처6 (2)"",
      ""ID_INSERT"" : ""milvus"",
      ""DTS_INSERT"" : ""20260417102101"",
      ""DT_USE"" : """",
      ""DT_STR_EXP"" : ""20260201"",
      ""DT_ISSUE"" : ""20260417"",
      ""DT_END_EXP"" : ""20270131"",
      ""DS_MON_EXP"" : 0,
      ""CD_TYPE_DAY_EXP"" : ""02"",
      ""CD_TYPE_COUPON"" : ""03"",
      ""CD_STAT_COUPON"" : ""02"",
      ""CD_BRAND"" : ""01"",
      ""AM_DISC"" : 0
    } ]
  },
  ""code"" : 200
}"
a12JO000000LrxNYAS,2026-05-07T05:41:26.000+0000,GdMemberHelpInfoApiControllerV1,"{""MemberNo__c"":""212501600243""}",,"{
  ""success"" : true,
  ""message"" : ""회원도움정보 조회 성공"",
  ""data"" : {
    ""CsList"" : [ ],
    ""UserDestoryHistoryList"" : [ {
      ""YM_CREATE"" : ""202605"",
      ""PT_USE"" : 119000,
      ""NO_SAL_SAVE"" : """",
      ""NO_SAL_RTN"" : """",
      ""NO_SAL_ORD"" : """",
      ""NO_SAL"" : ""SAL202207090199"",
      ""NM_TYPE_POINT"" : ""기타포인트"",
      ""NM_PERSON"" : ""사용"",
      ""DT_USE"" : ""20220709"",
      ""DT_SAVE"" : ""20200101"",
      ""AM_SAL"" : 7822500
    }, {
      ""YM_CREATE"" : ""202605"",
      ""PT_USE"" : 163000,
      ""NO_SAL_SAVE"" : """",
      ""NO_SAL_RTN"" : """",
      ""NO_SAL_ORD"" : """",
      ""NO_SAL"" : ""SAL202301080243"",
      ""NM_TYPE_POINT"" : ""기타포인트"",
      ""NM_PERSON"" : ""사용"",
      ""DT_USE"" : ""20230108"",
      ""DT_SAVE"" : ""20200101"",
      ""AM_SAL"" : 6770000
    }, {
      ""YM_CREATE"" : ""202605"",
      ""PT_USE"" : 120000,
      ""NO_SAL_SAVE"" : """",
      ""NO_SAL_RTN"" : """",
      ""NO_SAL_ORD"" : """",
      ""NO_SAL"" : ""SAL202302180188"",
      ""NM_TYPE_POINT"" : ""기타포인트"",
      ""NM_PERSON"" : ""사용"",
      ""DT_USE"" : ""20230218"",
      ""DT_SAVE"" : ""20200101"",
      ""AM_SAL"" : 1352000
    }, {
      ""YM_CREATE"" : ""202605"",
      ""PT_USE"" : 41000,
      ""NO_SAL_SAVE"" : """",
      ""NO_SAL_RTN"" : """",
      ""NO_SAL_ORD"" : """",
      ""NO_SAL"" : ""SAL202303160019"",
      ""NM_TYPE_POINT"" : ""기타포인트"",
      ""NM_PERSON"" : ""사용"",
      ""DT_USE"" : ""20230316"",
      ""DT_SAVE"" : ""20200101"",
      ""AM_SAL"" : 11990000
    }, {
      ""YM_CREATE"" : ""202605"",
      ""PT_USE"" : 170000,
      ""NO_SAL_SAVE"" : """",
      ""NO_SAL_RTN"" : """",
      ""NO_SAL_ORD"" : """",
      ""NO_SAL"" : ""SAL202305170021"",
      ""NM_TYPE_POINT"" : ""기타포인트"",
      ""NM_PERSON"" : ""사용"",
      ""DT_USE"" : ""20230517"",
      ""DT_SAVE"" : ""20200101"",
      ""AM_SAL"" : 1650000
    }, {
      ""YM_CREATE"" : ""202605"",
      ""PT_USE"" : 25000,
      ""NO_SAL_SAVE"" : """",
      ""NO_SAL_RTN"" : """",
      ""NO_SAL_ORD"" : """",
      ""NO_SAL"" : ""SAL202307210965"",
      ""NM_TYPE_POINT"" : ""기타포인트"",
      ""NM_PERSON"" : ""사용"",
      ""DT_USE"" : ""20230604"",
      ""DT_SAVE"" : ""20200101"",
      ""AM_SAL"" : 3153200
    }, {
      ""YM_CREATE"" : ""202605"",
      ""PT_USE"" : 500000,
      ""NO_SAL_SAVE"" : """",
      ""NO_SAL_RTN"" : """",
      ""NO_SAL_ORD"" : """",
      ""NO_SAL"" : ""SAL202408040178"",
      ""NM_TYPE_POINT"" : ""기타포인트"",
      ""NM_PERSON"" : ""사용"",
      ""DT_USE"" : ""20240804"",
      ""DT_SAVE"" : ""20200101"",
      ""AM_SAL"" : 7724000
    }, {
      ""YM_CREATE"" : ""202605"",
      ""PT_USE"" : 145000,
      ""NO_SAL_SAVE"" : """",
      ""NO_SAL_RTN"" : """",
      ""NO_SAL_ORD"" : """",
      ""NO_SAL"" : ""SAL202504100110"",
      ""NM_TYPE_POINT"" : ""기타포인트"",
      ""NM_PERSON"" : ""사용"",
      ""DT_USE"" : ""20250410"",
      ""DT_SAVE"" : ""20200101"",
      ""AM_SAL"" : 5145000
    }, {
      ""YM_CREATE"" : ""202605"",
      ""PT_USE"" : 730000,
      ""NO_SAL_SAVE"" : """",
      ""NO_SAL_RTN"" : """",
      ""NO_SAL_ORD"" : """",
      ""NO_SAL"" : ""SAL202505210165"",
      ""NM_TYPE_POINT"" : ""기타포인트"",
      ""NM_PERSON"" : ""사용"",
      ""DT_USE"" : ""20250521"",
      ""DT_SAVE"" : ""20200101"",
      ""AM_SAL"" : 21231000
    }, {
      ""YM_CREATE"" : ""202605"",
      ""PT_USE"" : 400000,
      ""NO_SAL_SAVE"" : """",
      ""NO_SAL_RTN"" : """",
      ""NO_SAL_ORD"" : """",
      ""NO_SAL"" : ""SAL202512110034"",
      ""NM_TYPE_POINT"" : ""기타포인트"",
      ""NM_PERSON"" : ""사용"",
      ""DT_USE"" : ""20251211"",
      ""DT_SAVE"" : ""20200101"",
      ""AM_SAL"" : 1616000
    }, {
      ""YM_CREATE"" : ""202605"",
      ""PT_USE"" : 67000,
      ""NO_SAL_SAVE"" : """",
      ""NO_SAL_RTN"" : """",
      ""NO_SAL_ORD"" : """",
      ""NO_SAL"" : ""SAL202603040049"",
      ""NM_TYPE_POINT"" : ""기타포인트"",
      ""NM_PERSON"" : ""사용"",
      ""DT_USE"" : ""20260304"",
      ""DT_SAVE"" : ""20200101"",
      ""AM_SAL"" : 850000
    }, {
      ""YM_CREATE"" : ""202605"",
      ""PT_USE"" : 16000,
      ""NO_SAL_SAVE"" : """",
      ""NO_SAL_RTN"" : """",
      ""NO_SAL_ORD"" : """",
      ""NO_SAL"" : ""SAL202603120536"",
      ""NM_TYPE_POINT"" : ""기타포인트"",
      ""NM_PERSON"" : ""사용"",
      ""DT_USE"" : ""20260312"",
      ""DT_SAVE"" : ""20200101"",
      ""AM_SAL"" : 1664000
    }, {
      ""YM_CREATE"" : ""202605"",
      ""PT_USE"" : 16000,
      ""NO_SAL_SAVE"" : """",
      ""NO_SAL_RTN"" : """",
      ""NO_SAL_ORD"" : """",
      ""NO_SAL"" : ""SAL202603130863"",
      ""NM_TYPE_POINT"" : ""기타포인트"",
      ""NM_PERSON"" : ""사용"",
      ""DT_USE"" : ""20260313"",
      ""DT_SAVE"" : ""20200101"",
      ""AM_SAL"" : 1016000
    }, {
      ""YM_CREATE"" : ""202605"",
      ""PT_USE"" : 206000,
      ""NO_SAL_SAVE"" : """",
      ""NO_SAL_RTN"" : """",
      ""NO_SAL_ORD"" : """",
      ""NO_SAL"" : ""SAL202603150433"",
      ""NM_TYPE_POINT"" : ""기타포인트"",
      ""NM_PERSON"" : ""사용"",
      ""DT_USE"" : ""20260315"",
      ""DT_SAVE"" : ""20200101"",
      ""AM_SAL"" : 2752000
    } ],
    ""AccrualHistoryList"" : [ {
      ""YM_CREATE"" : ""202001"",
      ""PT_USE_SALE_COUPON"" : 0,
      ""PT_USE_SALE"" : 0,
      ""PT_USE"" : 2718000,
      ""PT_TARGET"" : 2718000,
      ""PT_SAVE_PLAN"" : 2718000,
      ""PT_SAVE"" : 2718000,
      ""PT_DESTROY"" : 0,
      ""NO_SAL"" : """",
      ""NO_PROM_MBR"" : """",
      ""NM_TYPE_SAVE"" : ""Api Forced Credit"",
      ""NM_TYPE_POINT"" : ""기타포인트"",
      ""DT_SAVE_PLAN"" : ""20200101"",
      ""DT_SAVE"" : ""20200101"",
      ""DT_LIMIT_START"" : ""20200101"",
      ""DT_LIMIT_END"" : ""20280501"",
      ""DT_DESTROY_PLAN"" : ""20280502"",
      ""DT_DESTROY_DEL_SALE"" : """",
      ""AM_SAL"" : 0
    }, {
      ""YM_CREATE"" : ""202605"",
      ""PT_USE_SALE_COUPON"" : 0,
      ""PT_USE_SALE"" : 0,
      ""PT_USE"" : 0,
      ""PT_TARGET"" : 302412,
      ""PT_SAVE_PLAN"" : 302412,
      ""PT_SAVE"" : 302412,
      ""PT_DESTROY"" : 0,
      ""NO_SAL"" : """",
      ""NO_PROM_MBR"" : """",
      ""NM_TYPE_SAVE"" : ""Api Forced Credit"",
      ""NM_TYPE_POINT"" : ""기타포인트"",
      ""DT_SAVE_PLAN"" : ""20260501"",
      ""DT_SAVE"" : ""20260501"",
      ""DT_LIMIT_START"" : ""20260501"",
      ""DT_LIMIT_END"" : ""20280501"",
      ""DT_DESTROY_PLAN"" : ""20280502"",
      ""DT_DESTROY_DEL_SALE"" : """",
      ""AM_SAL"" : 0
    } ],
    ""CouponList"" : [ {
      ""TX_COUPON"" : ""10%할인_SVIP특별바우처6"",
      ""RT_DISC"" : 10,
      ""NO_MAN_COUPON"" : ""COP2026MA0009"",
      ""NO_COUPON"" : ""03"",
      ""NM_RESPON"" : ""최재현"",
      ""NM_DEPT"" : ""IMC팀"",
      ""NM_COUPON"" : ""10%할인_SVIP특별바우처6 (2)"",
      ""ID_INSERT"" : ""milvus"",
      ""DTS_INSERT"" : ""20260417102101"",
      ""DT_USE"" : """",
      ""DT_STR_EXP"" : ""20260201"",
      ""DT_ISSUE"" : ""20260417"",
      ""DT_END_EXP"" : ""20270131"",
      ""DS_MON_EXP"" : 0,
      ""CD_TYPE_DAY_EXP"" : ""02"",
      ""CD_TYPE_COUPON"" : ""03"",
      ""CD_STAT_COUPON"" : ""02"",
      ""CD_BRAND"" : ""01"",
      ""AM_DISC"" : 0
    }, {
      ""TX_COUPON"" : ""10%할인_SVIP특별바우처5"",
      ""RT_DISC"" : 10,
      ""NO_MAN_COUPON"" : ""COP2026MA0008"",
      ""NO_COUPON"" : ""03"",
      ""NM_RESPON"" : ""최재현"",
      ""NM_DEPT"" : ""IMC팀"",
      ""NM_COUPON"" : ""10%할인_SVIP특별바우처5 (2)"",
      ""ID_INSERT"" : ""milvus"",
      ""DTS_INSERT"" : ""20260417102056"",
      ""DT_USE"" : ""20260416"",
      ""DT_STR_EXP"" : ""20260201"",
      ""DT_ISSUE"" : ""20260417"",
      ""DT_END_EXP"" : ""20270131"",
      ""DS_MON_EXP"" : 0,
      ""CD_TYPE_DAY_EXP"" : ""02"",
      ""CD_TYPE_COUPON"" : ""03"",
      ""CD_STAT_COUPON"" : ""01"",
      ""CD_BRAND"" : ""01"",
      ""AM_DISC"" : 0
    }, {
      ""TX_COUPON"" : ""202604_SVIP회원_수선15만원쿠폰"",
      ""RT_DISC"" : 0,
      ""NO_MAN_COUPON"" : ""COP2026MA0020"",
      ""NO_COUPON"" : ""44"",
      ""NM_RESPON"" : ""최재현"",
      ""NM_DEPT"" : ""IMC팀"",
      ""NM_COUPON"" : ""202604_SVIP회원_수선15만원쿠폰"",
      ""ID_INSERT"" : ""쿠폰자동발급"",
      ""DTS_INSERT"" : ""20260401070005"",
      ""DT_USE"" : """",
      ""DT_STR_EXP"" : ""20260401"",
      ""DT_ISSUE"" : ""20260401"",
      ""DT_END_EXP"" : ""20260430"",
      ""DS_MON_EXP"" : 0,
      ""CD_TYPE_DAY_EXP"" : ""02"",
      ""CD_TYPE_COUPON"" : ""03"",
      ""CD_STAT_COUPON"" : ""04"",
      ""CD_BRAND"" : ""01"",
      ""AM_DISC"" : 150000
    }, {
      ""TX_COUPON"" : ""10%할인_SVIP특별바우처4"",
      ""RT_DISC"" : 10,
      ""NO_MAN_COUPON"" : ""COP2026MA0004"",
      ""NO_COUPON"" : ""02"",
      ""NM_RESPON"" : ""최재현"",
      ""NM_DEPT"" : ""IMC팀"",
      ""NM_COUPON"" : ""10%할인_SVIP특별바우처4 (2)"",
      ""ID_INSERT"" : ""milvus"",
      ""DTS_INSERT"" : ""20260317130645"",
      ""DT_USE"" : ""20260317"",
      ""DT_STR_EXP"" : ""20260201"",
      ""DT_ISSUE"" : ""20260317"",
      ""DT_END_EXP"" : ""20270131"",
      ""DS_MON_EXP"" : 0,
      ""CD_TYPE_DAY_EXP"" : ""02"",
      ""CD_TYPE_COUPON"" : ""03"",
      ""CD_STAT_COUPON"" : ""01"",
      ""CD_BRAND"" : ""01"",
      ""AM_DISC"" : 0
    }, {
      ""TX_COUPON"" : ""202603_SVIP회원_수선15만원쿠폰"",
      ""RT_DISC"" : 0,
      ""NO_MAN_COUPON"" : ""COP2026FE0008"",
      ""NO_COUPON"" : ""44"",
      ""NM_RESPON"" : ""최재현"",
      ""NM_DEPT"" : ""IMC팀"",
      ""NM_COUPON"" : ""202603_SVIP회원_수선15만원쿠폰"",
      ""ID_INSERT"" : ""쿠폰자동발급"",
      ""DTS_INSERT"" : ""20260301070005"",
      ""DT_USE"" : """",
      ""DT_STR_EXP"" : ""20260301"",
      ""DT_ISSUE"" : ""20260301"",
      ""DT_END_EXP"" : ""20260331"",
      ""DS_MON_EXP"" : 0,
      ""CD_TYPE_DAY_EXP"" : ""02"",
      ""CD_TYPE_COUPON"" : ""03"",
      ""CD_STAT_COUPON"" : ""04"",
      ""CD_BRAND"" : ""01"",
      ""AM_DISC"" : 150000
    }, {
      ""TX_COUPON"" : ""2026_SVIP_승격축하쿠폰"",
      ""RT_DISC"" : 0,
      ""NO_MAN_COUPON"" : ""COP2026JA0028"",
      ""NO_COUPON"" : ""29"",
      ""NM_RESPON"" : ""최재현"",
      ""NM_DEPT"" : ""IMC팀"",
      ""NM_COUPON"" : ""2026_SVIP_승격축하쿠폰"",
      ""ID_INSERT"" : ""최재현"",
      ""DTS_INSERT"" : ""20260202151859"",
      ""DT_USE"" : """",
      ""DT_STR_EXP"" : ""20260201"",
      ""DT_ISSUE"" : ""20260202"",
      ""DT_END_EXP"" : ""20270131"",
      ""DS_MON_EXP"" : 0,
      ""CD_TYPE_DAY_EXP"" : ""02"",
      ""CD_TYPE_COUPON"" : ""03"",
      ""CD_STAT_COUPON"" : ""02"",
      ""CD_BRAND"" : ""01"",
      ""AM_DISC"" : 100000
    }, {
      ""TX_COUPON"" : ""10%할인_SVIP특별바우처3"",
      ""RT_DISC"" : 10,
      ""NO_MAN_COUPON"" : ""COP2026JA0019"",
      ""NO_COUPON"" : ""29"",
      ""NM_RESPON"" : ""최재현"",
      ""NM_DEPT"" : ""IMC팀"",
      ""NM_COUPON"" : ""10%할인_SVIP특별바우처3 (2)"",
      ""ID_INSERT"" : ""최재현"",
      ""DTS_INSERT"" : ""20260202145016"",
      ""DT_USE"" : ""20260313"",
      ""DT_STR_EXP"" : ""20260201"",
      ""DT_ISSUE"" : ""20260202"",
      ""DT_END_EXP"" : ""20270131"",
      ""DS_MON_EXP"" : 0,
      ""CD_TYPE_DAY_EXP"" : ""02"",
      ""CD_TYPE_COUPON"" : ""03"",
      ""CD_STAT_COUPON"" : ""01"",
      ""CD_BRAND"" : ""01"",
      ""AM_DISC"" : 0
    }, {
      ""TX_COUPON"" : ""10%할인_SVIP특별바우처2"",
      ""RT_DISC"" : 10,
      ""NO_MAN_COUPON"" : ""COP2026JA0018"",
      ""NO_COUPON"" : ""29"",
      ""NM_RESPON"" : ""최재현"",
      ""NM_DEPT"" : ""IMC팀"",
      ""NM_COUPON"" : ""10%할인_SVIP특별바우처2 (2)"",
      ""ID_INSERT"" : ""최재현"",
      ""DTS_INSERT"" : ""20260202144916"",
      ""DT_USE"" : ""20260313"",
      ""DT_STR_EXP"" : ""20260201"",
      ""DT_ISSUE"" : ""20260202"",
      ""DT_END_EXP"" : ""20270131"",
      ""DS_MON_EXP"" : 0,
      ""CD_TYPE_DAY_EXP"" : ""02"",
      ""CD_TYPE_COUPON"" : ""03"",
      ""CD_STAT_COUPON"" : ""01"",
      ""CD_BRAND"" : ""01"",
      ""AM_DISC"" : 0
    }, {
      ""TX_COUPON"" : ""10%할인_SVIP특별바우처1"",
      ""RT_DISC"" : 10,
      ""NO_MAN_COUPON"" : ""COP2026JA0017"",
      ""NO_COUPON"" : ""29"",
      ""NM_RESPON"" : ""최재현"",
      ""NM_DEPT"" : ""IMC팀"",
      ""NM_COUPON"" : ""10%할인_SVIP특별바우처1 (2)"",
      ""ID_INSERT"" : ""최재현"",
      ""DTS_INSERT"" : ""20260202144801"",
      ""DT_USE"" : ""20260312"",
      ""DT_STR_EXP"" : ""20260201"",
      ""DT_ISSUE"" : ""20260202"",
      ""DT_END_EXP"" : ""20270131"",
      ""DS_MON_EXP"" : 0,
      ""CD_TYPE_DAY_EXP"" : ""02"",
      ""CD_TYPE_COUPON"" : ""03"",
      ""CD_STAT_COUPON"" : ""01"",
      ""CD_BRAND"" : ""01"",
      ""AM_DISC"" : 0
    }, {
      ""TX_COUPON"" : ""202602_SVIP회원_수선15만원쿠폰"",
      ""RT_DISC"" : 0,
      ""NO_MAN_COUPON"" : ""COP2026JA0031"",
      ""NO_COUPON"" : ""44"",
      ""NM_RESPON"" : ""최재현"",
      ""NM_DEPT"" : ""IMC팀"",
      ""NM_COUPON"" : ""202602_SVIP회원_수선15만원쿠폰"",
      ""ID_INSERT"" : ""쿠폰자동발급"",
      ""DTS_INSERT"" : ""20260201070005"",
      ""DT_USE"" : """",
      ""DT_STR_EXP"" : ""20260201"",
      ""DT_ISSUE"" : ""20260201"",
      ""DT_END_EXP"" : ""20260228"",
      ""DS_MON_EXP"" : 0,
      ""CD_TYPE_DAY_EXP"" : ""02"",
      ""CD_TYPE_COUPON"" : ""03"",
      ""CD_STAT_COUPON"" : ""04"",
      ""CD_BRAND"" : ""01"",
      ""AM_DISC"" : 150000
    }, {
      ""TX_COUPON"" : ""202601_SVIP회원_수선15만원쿠폰"",
      ""RT_DISC"" : 0,
      ""NO_MAN_COUPON"" : ""COP2025DC0037"",
      ""NO_COUPON"" : ""49"",
      ""NM_RESPON"" : ""최재현"",
      ""NM_DEPT"" : ""IMC팀"",
      ""NM_COUPON"" : ""202601_SVIP회원_수선15만원쿠폰"",
      ""ID_INSERT"" : ""쿠폰자동발급"",
      ""DTS_INSERT"" : ""20260101070007"",
      ""DT_USE"" : """",
      ""DT_STR_EXP"" : ""20260101"",
      ""DT_ISSUE"" : ""20260101"",
      ""DT_END_EXP"" : ""20260131"",
      ""DS_MON_EXP"" : 0,
      ""CD_TYPE_DAY_EXP"" : ""02"",
      ""CD_TYPE_COUPON"" : ""03"",
      ""CD_STAT_COUPON"" : ""04"",
      ""CD_BRAND"" : ""01"",
      ""AM_DISC"" : 150000
    }, {
      ""TX_COUPON"" : ""202512_SVIP회원_수선15만원쿠폰"",
      ""RT_DISC"" : 0,
      ""NO_MAN_COUPON"" : ""COP2025NV0025"",
      ""NO_COUPON"" : ""49"",
      ""NM_RESPON"" : ""최재현"",
      ""NM_DEPT"" : ""IMC팀"",
      ""NM_COUPON"" : ""202512_SVIP회원_수선15만원쿠폰"",
      ""ID_INSERT"" : ""쿠폰자동발급"",
      ""DTS_INSERT"" : ""20251201070005"",
      ""DT_USE"" : """",
      ""DT_STR_EXP"" : ""20251201"",
      ""DT_ISSUE"" : ""20251201"",
      ""DT_END_EXP"" : ""20251231"",
      ""DS_MON_EXP"" : 0,
      ""CD_TYPE_DAY_EXP"" : ""02"",
      ""CD_TYPE_COUPON"" : ""03"",
      ""CD_STAT_COUPON"" : ""04"",
      ""CD_BRAND"" : ""01"",
      ""AM_DISC"" : 150000
    }, {
      ""TX_COUPON"" : ""202511_SVIP회원_수선15만원쿠폰"",
      ""RT_DISC"" : 0,
      ""NO_MAN_COUPON"" : ""COP2025OC0017"",
      ""NO_COUPON"" : ""49"",
      ""NM_RESPON"" : ""최재현"",
      ""NM_DEPT"" : ""IMC팀"",
      ""NM_COUPON"" : ""202511_SVIP회원_수선15만원쿠폰"",
      ""ID_INSERT"" : ""쿠폰자동발급"",
      ""DTS_INSERT"" : ""20251101070005"",
      ""DT_USE"" : """",
      ""DT_STR_EXP"" : ""20251101"",
      ""DT_ISSUE"" : ""20251101"",
      ""DT_END_EXP"" : ""20251130"",
      ""DS_MON_EXP"" : 0,
      ""CD_TYPE_DAY_EXP"" : ""02"",
      ""CD_TYPE_COUPON"" : ""03"",
      ""CD_STAT_COUPON"" : ""04"",
      ""CD_BRAND"" : ""01"",
      ""AM_DISC"" : 150000
    }, {
      ""TX_COUPON"" : ""202510_SVIP회원_수선15만원쿠폰"",
      ""RT_DISC"" : 0,
      ""NO_MAN_COUPON"" : ""COP2025SP0007"",
      ""NO_COUPON"" : ""49"",
      ""NM_RESPON"" : ""최재현"",
      ""NM_DEPT"" : ""IMC팀"",
      ""NM_COUPON"" : ""202510_SVIP회원_수선15만원쿠폰"",
      ""ID_INSERT"" : ""쿠폰자동발급"",
      ""DTS_INSERT"" : ""20251001070005"",
      ""DT_USE"" : """",
      ""DT_STR_EXP"" : ""20251001"",
      ""DT_ISSUE"" : ""20251001"",
      ""DT_END_EXP"" : ""20251031"",
      ""DS_MON_EXP"" : 0,
      ""CD_TYPE_DAY_EXP"" : ""02"",
      ""CD_TYPE_COUPON"" : ""03"",
      ""CD_STAT_COUPON"" : ""04"",
      ""CD_BRAND"" : ""01"",
      ""AM_DISC"" : 150000
    }, {
      ""TX_COUPON"" : ""202509_SVIP회원_수선15만원쿠폰"",
      ""RT_DISC"" : 0,
      ""NO_MAN_COUPON"" : ""COP2025AG0009"",
      ""NO_COUPON"" : ""49"",
      ""NM_RESPON"" : ""최재현"",
      ""NM_DEPT"" : ""IMC팀"",
      ""NM_COUPON"" : ""202509_SVIP회원_수선15만원쿠폰"",
      ""ID_INSERT"" : ""쿠폰자동발급"",
      ""DTS_INSERT"" : ""20250901070005"",
      ""DT_USE"" : """",
      ""DT_STR_EXP"" : ""20250901"",
      ""DT_ISSUE"" : ""20250901"",
      ""DT_END_EXP"" : ""20250930"",
      ""DS_MON_EXP"" : 0,
      ""CD_TYPE_DAY_EXP"" : ""02"",
      ""CD_TYPE_COUPON"" : ""03"",
      ""CD_STAT_COUPON"" : ""04"",
      ""CD_BRAND"" : ""01"",
      ""AM_DISC"" : 150000
    }, {
      ""TX_COUPON"" : ""202509_SVIP회원_생일쿠폰"",
      ""RT_DISC"" : 0,
      ""NO_MAN_COUPON"" : ""COP2025AG0015"",
      ""NO_COUPON"" : ""05"",
      ""NM_RESPON"" : ""최재현"",
      ""NM_DEPT"" : ""IMC팀"",
      ""NM_COUPON"" : ""202509_SVIP회원_생일쿠폰"",
      ""ID_INSERT"" : ""쿠폰자동발급"",
      ""DTS_INSERT"" : ""20250901070004"",
      ""DT_USE"" : ""20260304"",
      ""DT_STR_EXP"" : ""20250901"",
      ""DT_ISSUE"" : ""20250901"",
      ""DT_END_EXP"" : ""20260831"",
      ""DS_MON_EXP"" : 0,
      ""CD_TYPE_DAY_EXP"" : ""02"",
      ""CD_TYPE_COUPON"" : ""03"",
      ""CD_STAT_COUPON"" : ""01"",
      ""CD_BRAND"" : ""01"",
      ""AM_DISC"" : 100000
    }, {
      ""TX_COUPON"" : ""202508_SVIP회원_수선15만원쿠폰"",
      ""RT_DISC"" : 0,
      ""NO_MAN_COUPON"" : ""COP2025JL0026"",
      ""NO_COUPON"" : ""49"",
      ""NM_RESPON"" : ""최재현"",
      ""NM_DEPT"" : ""IMC팀"",
      ""NM_COUPON"" : ""202508_SVIP회원_수선15만원쿠폰"",
      ""ID_INSERT"" : ""쿠폰자동발급"",
      ""DTS_INSERT"" : ""20250801070004"",
      ""DT_USE"" : """",
      ""DT_STR_EXP"" : ""20250801"",
      ""DT_ISSUE"" : ""20250801"",
      ""DT_END_EXP"" : ""20250831"",
      ""DS_MON_EXP"" : 0,
      ""CD_TYPE_DAY_EXP"" : ""02"",
      ""CD_TYPE_COUPON"" : ""03"",
      ""CD_STAT_COUPON"" : ""04"",
      ""CD_BRAND"" : ""01"",
      ""AM_DISC"" : 150000
    }, {
      ""TX_COUPON"" : ""10%할인_SVIP특별바우처9"",
      ""RT_DISC"" : 10,
      ""NO_MAN_COUPON"" : ""COP2025JL0005"",
      ""NO_COUPON"" : ""30"",
      ""NM_RESPON"" : ""최재현"",
      ""NM_DEPT"" : ""IMC팀"",
      ""NM_COUPON"" : ""10%할인_SVIP특별바우처9 (2)"",
      ""ID_INSERT"" : ""최재현"",
      ""DTS_INSERT"" : ""20250704111141"",
      ""DT_USE"" : ""20250905"",
      ""DT_STR_EXP"" : ""20250201"",
      ""DT_ISSUE"" : ""20250704"",
      ""DT_END_EXP"" : ""20260131"",
      ""DS_MON_EXP"" : 0,
      ""CD_TYPE_DAY_EXP"" : ""02"",
      ""CD_TYPE_COUPON"" : ""03"",
      ""CD_STAT_COUPON"" : ""01"",
      ""CD_BRAND"" : ""01"",
      ""AM_DISC"" : 0
    }, {
      ""TX_COUPON"" : ""10%할인_SVIP특별바우처8"",
      ""RT_DISC"" : 10,
      ""NO_MAN_COUPON"" : ""COP2025JL0004"",
      ""NO_COUPON"" : ""30"",
      ""NM_RESPON"" : ""최재현"",
      ""NM_DEPT"" : ""IMC팀"",
      ""NM_COUPON"" : ""10%할인_SVIP특별바우처8 (2)"",
      ""ID_INSERT"" : ""최재현"",
      ""DTS_INSERT"" : ""20250704111120"",
      ""DT_USE"" : """",
      ""DT_STR_EXP"" : ""20250201"",
      ""DT_ISSUE"" : ""20250704"",
      ""DT_END_EXP"" : ""20260131"",
      ""DS_MON_EXP"" : 0,
      ""CD_TYPE_DAY_EXP"" : ""02"",
      ""CD_TYPE_COUPON"" : ""03"",
      ""CD_STAT_COUPON"" : ""04"",
      ""CD_BRAND"" : ""01"",
      ""AM_DISC"" : 0
    }, {
      ""TX_COUPON"" : ""10%할인_SVIP특별바우처7"",
      ""RT_DISC"" : 10,
      ""NO_MAN_COUPON"" : ""COP2025JL0001"",
      ""NO_COUPON"" : ""30"",
      ""NM_RESPON"" : ""최재현"",
      ""NM_DEPT"" : ""IMC팀"",
      ""NM_COUPON"" : ""10%할인_SVIP특별바우처7"",
      ""ID_INSERT"" : ""최재현"",
      ""DTS_INSERT"" : ""20250704111053"",
      ""DT_USE"" : """",
      ""DT_STR_EXP"" : ""20250201"",
      ""DT_ISSUE"" : ""20250704"",
      ""DT_END_EXP"" : ""20260131"",
      ""DS_MON_EXP"" : 0,
      ""CD_TYPE_DAY_EXP"" : ""02"",
      ""CD_TYPE_COUPON"" : ""03"",
      ""CD_STAT_COUPON"" : ""04"",
      ""CD_BRAND"" : ""01"",
      ""AM_DISC"" : 0
    }, {
      ""TX_COUPON"" : ""202507_SVIP회원_수선15만원쿠폰"",
      ""RT_DISC"" : 0,
      ""NO_MAN_COUPON"" : ""COP2025JN0004"",
      ""NO_COUPON"" : ""49"",
      ""NM_RESPON"" : ""허정인"",
      ""NM_DEPT"" : ""IMC팀"",
      ""NM_COUPON"" : ""202507_SVIP회원_수선15만원쿠폰"",
      ""ID_INSERT"" : ""쿠폰자동발급"",
      ""DTS_INSERT"" : ""20250701070004"",
      ""DT_USE"" : """",
      ""DT_STR_EXP"" : ""20250701"",
      ""DT_ISSUE"" : ""20250701"",
      ""DT_END_EXP"" : ""20250731"",
      ""DS_MON_EXP"" : 0,
      ""CD_TYPE_DAY_EXP"" : ""02"",
      ""CD_TYPE_COUPON"" : ""03"",
      ""CD_STAT_COUPON"" : ""04"",
      ""CD_BRAND"" : ""01"",
      ""AM_DISC"" : 150000
    }, {
      ""TX_COUPON"" : ""202506_SVIP회원_수선15만원쿠폰"",
      ""RT_DISC"" : 0,
      ""NO_MAN_COUPON"" : ""COP2025MY0006"",
      ""NO_COUPON"" : ""49"",
      ""NM_RESPON"" : ""허정인"",
      ""NM_DEPT"" : ""IMC팀"",
      ""NM_COUPON"" : ""202506_SVIP회원_수선15만원쿠폰"",
      ""ID_INSERT"" : ""쿠폰자동발급"",
      ""DTS_INSERT"" : ""20250601070037"",
      ""DT_USE"" : """",
      ""DT_STR_EXP"" : ""20250601"",
      ""DT_ISSUE"" : ""20250601"",
      ""DT_END_EXP"" : ""20250630"",
      ""DS_MON_EXP"" : 0,
      ""CD_TYPE_DAY_EXP"" : ""02"",
      ""CD_TYPE_COUPON"" : ""03"",
      ""CD_STAT_COUPON"" : ""04"",
      ""CD_BRAND"" : ""01"",
      ""AM_DISC"" : 150000
    }, {
      ""TX_COUPON"" : ""10%할인_SVIP특별바우처6"",
      ""RT_DISC"" : 10,
      ""NO_MAN_COUPON"" : ""COP2025AP0006"",
      ""NO_COUPON"" : ""30"",
      ""NM_RESPON"" : ""허정인"",
      ""NM_DEPT"" : ""IMC팀"",
      ""NM_COUPON"" : ""10%할인_SVIP특별바우처6"",
      ""ID_INSERT"" : ""허정인"",
      ""DTS_INSERT"" : ""20250502133821"",
      ""DT_USE"" : """",
      ""DT_STR_EXP"" : ""20250501"",
      ""DT_ISSUE"" : ""20250502"",
      ""DT_END_EXP"" : ""20260131"",
      ""DS_MON_EXP"" : 0,
      ""CD_TYPE_DAY_EXP"" : ""02"",
      ""CD_TYPE_COUPON"" : ""03"",
      ""CD_STAT_COUPON"" : ""04"",
      ""CD_BRAND"" : ""01"",
      ""AM_DISC"" : 0
    }, {
      ""TX_COUPON"" : ""10%할인_SVIP특별바우처5"",
      ""RT_DISC"" : 10,
      ""NO_MAN_COUPON"" : ""COP2025AP0005"",
      ""NO_COUPON"" : ""30"",
      ""NM_RESPON"" : ""허정인"",
      ""NM_DEPT"" : ""IMC팀"",
      ""NM_COUPON"" : ""10%할인_SVIP특별바우처5"",
      ""ID_INSERT"" : ""허정인"",
      ""DTS_INSERT"" : ""20250502133809"",
      ""DT_USE"" : """",
      ""DT_STR_EXP"" : ""20250501"",
      ""DT_ISSUE"" : ""20250502"",
      ""DT_END_EXP"" : ""20260131"",
      ""DS_MON_EXP"" : 0,
      ""CD_TYPE_DAY_EXP"" : ""02"",
      ""CD_TYPE_COUPON"" : ""03"",
      ""CD_STAT_COUPON"" : ""04"",
      ""CD_BRAND"" : ""01"",
      ""AM_DISC"" : 0
    }, {
      ""TX_COUPON"" : ""10%할인_SVIP특별바우처4"",
      ""RT_DISC"" : 10,
      ""NO_MAN_COUPON"" : ""COP2025AP0004"",
      ""NO_COUPON"" : ""30"",
      ""NM_RESPON"" : ""허정인"",
      ""NM_DEPT"" : ""IMC팀"",
      ""NM_COUPON"" : ""10%할인_SVIP특별바우처4"",
      ""ID_INSERT"" : ""허정인"",
      ""DTS_INSERT"" : ""20250502133757"",
      ""DT_USE"" : """",
      ""DT_STR_EXP"" : ""20250501"",
      ""DT_ISSUE"" : ""20250502"",
      ""DT_END_EXP"" : ""20260131"",
      ""DS_MON_EXP"" : 0,
      ""CD_TYPE_DAY_EXP"" : ""02"",
      ""CD_TYPE_COUPON"" : ""03"",
      ""CD_STAT_COUPON"" : ""04"",
      ""CD_BRAND"" : ""01"",
      ""AM_DISC"" : 0
    }, {
      ""TX_COUPON"" : ""202505_SVIP회원_수선15만원쿠폰"",
      ""RT_DISC"" : 0,
      ""NO_MAN_COUPON"" : ""COP2025AP0008"",
      ""NO_COUPON"" : ""49"",
      ""NM_RESPON"" : ""허정인"",
      ""NM_DEPT"" : ""IMC팀"",
      ""NM_COUPON"" : ""202505_SVIP회원_수선15만원쿠폰"",
      ""ID_INSERT"" : ""쿠폰자동발급"",
      ""DTS_INSERT"" : ""20250501070015"",
      ""DT_USE"" : """",
      ""DT_STR_EXP"" : ""20250501"",
      ""DT_ISSUE"" : ""20250501"",
      ""DT_END_EXP"" : ""20250531"",
      ""DS_MON_EXP"" : 0,
      ""CD_TYPE_DAY_EXP"" : ""02"",
      ""CD_TYPE_COUPON"" : ""03"",
      ""CD_STAT_COUPON"" : ""04"",
      ""CD_BRAND"" : ""01"",
      ""AM_DISC"" : 150000
    }, {
      ""TX_COUPON"" : ""202504_SVIP회원_수선15만원쿠폰"",
      ""RT_DISC"" : 0,
      ""NO_MAN_COUPON"" : ""COP2025MA0008"",
      ""NO_COUPON"" : ""49"",
      ""NM_RESPON"" : ""허정인"",
      ""NM_DEPT"" : ""IMC팀"",
      ""NM_COUPON"" : ""202504_SVIP회원_수선15만원쿠폰"",
      ""ID_INSERT"" : ""쿠폰자동발급"",
      ""DTS_INSERT"" : ""20250401070035"",
      ""DT_USE"" : """",
      ""DT_STR_EXP"" : ""20250401"",
      ""DT_ISSUE"" : ""20250401"",
      ""DT_END_EXP"" : ""20250430"",
      ""DS_MON_EXP"" : 0,
      ""CD_TYPE_DAY_EXP"" : ""02"",
      ""CD_TYPE_COUPON"" : ""03"",
      ""CD_STAT_COUPON"" : ""04"",
      ""CD_BRAND"" : ""01"",
      ""AM_DISC"" : 150000
    }, {
      ""TX_COUPON"" : ""202503_SVIP회원_수선15만원쿠폰"",
      ""RT_DISC"" : 0,
      ""NO_MAN_COUPON"" : ""COP2025FE0009"",
      ""NO_COUPON"" : ""49"",
      ""NM_RESPON"" : ""허정인"",
      ""NM_DEPT"" : ""IMC팀"",
      ""NM_COUPON"" : ""202503_SVIP회원_수선15만원쿠폰"",
      ""ID_INSERT"" : ""쿠폰자동발급"",
      ""DTS_INSERT"" : ""20250301070037"",
      ""DT_USE"" : """",
      ""DT_STR_EXP"" : ""20250301"",
      ""DT_ISSUE"" : ""20250301"",
      ""DT_END_EXP"" : ""20250331"",
      ""DS_MON_EXP"" : 0,
      ""CD_TYPE_DAY_EXP"" : ""02"",
      ""CD_TYPE_COUPON"" : ""03"",
      ""CD_STAT_COUPON"" : ""04"",
      ""CD_BRAND"" : ""01"",
      ""AM_DISC"" : 150000
    }, {
      ""TX_COUPON"" : ""2025_VIP_업그레이드쿠폰2"",
      ""RT_DISC"" : 0,
      ""NO_MAN_COUPON"" : ""COP2025FE0006"",
      ""NO_COUPON"" : ""00309"",
      ""NM_RESPON"" : ""허정인"",
      ""NM_DEPT"" : ""IMC팀"",
      ""NM_COUPON"" : ""2025_VIP_업그레이드쿠폰2"",
      ""ID_INSERT"" : ""허정인"",
      ""DTS_INSERT"" : ""20250214160700"",
      ""DT_USE"" : """",
      ""DT_STR_EXP"" : ""20250201"",
      ""DT_ISSUE"" : ""20250214"",
      ""DT_END_EXP"" : ""20260131"",
      ""DS_MON_EXP"" : 0,
      ""CD_TYPE_DAY_EXP"" : ""02"",
      ""CD_TYPE_COUPON"" : ""03"",
      ""CD_STAT_COUPON"" : ""04"",
      ""CD_BRAND"" : ""01"",
      ""AM_DISC"" : 0
    }, {
      ""TX_COUPON"" : ""2025_VIP_업그레이드쿠폰1"",
      ""RT_DISC"" : 0,
      ""NO_MAN_COUPON"" : ""COP2025FE0005"",
      ""NO_COUPON"" : ""02328"",
      ""NM_RESPON"" : ""허정인"",
      ""NM_DEPT"" : ""IMC팀"",
      ""NM_COUPON"" : ""2025_VIP_업그레이드쿠폰1"",
      ""ID_INSERT"" : ""허정인"",
      ""DTS_INSERT"" : ""20250214154859"",
      ""DT_USE"" : """",
      ""DT_STR_EXP"" : ""20250201"",
      ""DT_ISSUE"" : ""20250214"",
      ""DT_END_EXP"" : ""20260131"",
      ""DS_MON_EXP"" : 0,
      ""CD_TYPE_DAY_EXP"" : ""02"",
      ""CD_TYPE_COUPON"" : ""03"",
      ""CD_STAT_COUPON"" : ""04"",
      ""CD_BRAND"" : ""01"",
      ""AM_DISC"" : 0
    }, {
      ""TX_COUPON"" : ""202502_SVIP회원_수선15만원쿠폰"",
      ""RT_DISC"" : 0,
      ""NO_MAN_COUPON"" : ""COP2025JA0013"",
      ""NO_COUPON"" : ""49"",
      ""NM_RESPON"" : ""허정인"",
      ""NM_DEPT"" : ""IMC팀"",
      ""NM_COUPON"" : ""202502_SVIP회원_수선15만원쿠폰"",
      ""ID_INSERT"" : ""쿠폰자동발급"",
      ""DTS_INSERT"" : ""20250201070038"",
      ""DT_USE"" : """",
      ""DT_STR_EXP"" : ""20250201"",
      ""DT_ISSUE"" : ""20250201"",
      ""DT_END_EXP"" : ""20250228"",
      ""DS_MON_EXP"" : 0,
      ""CD_TYPE_DAY_EXP"" : ""02"",
      ""CD_TYPE_COUPON"" : ""03"",
      ""CD_STAT_COUPON"" : ""04"",
      ""CD_BRAND"" : ""01"",
      ""AM_DISC"" : 150000
    }, {
      ""TX_COUPON"" : ""2025_SVIP_승격축하쿠폰"",
      ""RT_DISC"" : 0,
      ""NO_MAN_COUPON"" : ""COP2025JA0032"",
      ""NO_COUPON"" : ""33"",
      ""NM_RESPON"" : ""허정인"",
      ""NM_DEPT"" : ""IMC팀"",
      ""NM_COUPON"" : ""2025_SVIP_승격축하쿠폰"",
      ""ID_INSERT"" : ""허정인"",
      ""DTS_INSERT"" : ""20250131163042"",
      ""DT_USE"" : """",
      ""DT_STR_EXP"" : ""20250201"",
      ""DT_ISSUE"" : ""20250131"",
      ""DT_END_EXP"" : ""20260131"",
      ""DS_MON_EXP"" : 0,
      ""CD_TYPE_DAY_EXP"" : ""02"",
      ""CD_TYPE_COUPON"" : ""03"",
      ""CD_STAT_COUPON"" : ""04"",
      ""CD_BRAND"" : ""01"",
      ""AM_DISC"" : 100000
    }, {
      ""TX_COUPON"" : ""10%할인_SVIP특별바우처3"",
      ""RT_DISC"" : 10,
      ""NO_MAN_COUPON"" : ""COP2025JA0021"",
      ""NO_COUPON"" : ""33"",
      ""NM_RESPON"" : ""허정인"",
      ""NM_DEPT"" : ""IMC팀"",
      ""NM_COUPON"" : ""10%할인_SVIP특별바우처3"",
      ""ID_INSERT"" : ""허정인"",
      ""DTS_INSERT"" : ""20250131163017"",
      ""DT_USE"" : """",
      ""DT_STR_EXP"" : ""20250201"",
      ""DT_ISSUE"" : ""20250131"",
      ""DT_END_EXP"" : ""20260131"",
      ""DS_MON_EXP"" : 0,
      ""CD_TYPE_DAY_EXP"" : ""02"",
      ""CD_TYPE_COUPON"" : ""03"",
      ""CD_STAT_COUPON"" : ""04"",
      ""CD_BRAND"" : ""01"",
      ""AM_DISC"" : 0
    }, {
      ""TX_COUPON"" : ""10%할인_SVIP특별바우처2"",
      ""RT_DISC"" : 10,
      ""NO_MAN_COUPON"" : ""COP2025JA0020"",
      ""NO_COUPON"" : ""33"",
      ""NM_RESPON"" : ""허정인"",
      ""NM_DEPT"" : ""IMC팀"",
      ""NM_COUPON"" : ""10%할인_SVIP특별바우처2"",
      ""ID_INSERT"" : ""허정인"",
      ""DTS_INSERT"" : ""20250131162957"",
      ""DT_USE"" : """",
      ""DT_STR_EXP"" : ""20250201"",
      ""DT_ISSUE"" : ""20250131"",
      ""DT_END_EXP"" : ""20260131"",
      ""DS_MON_EXP"" : 0,
      ""CD_TYPE_DAY_EXP"" : ""02"",
      ""CD_TYPE_COUPON"" : ""03"",
      ""CD_STAT_COUPON"" : ""04"",
      ""CD_BRAND"" : ""01"",
      ""AM_DISC"" : 0
    }, {
      ""TX_COUPON"" : ""10%할인_SVIP특별바우처1"",
      ""RT_DISC"" : 10,
      ""NO_MAN_COUPON"" : ""COP2025JA0019"",
      ""NO_COUPON"" : ""33"",
      ""NM_RESPON"" : ""허정인"",
      ""NM_DEPT"" : ""IMC팀"",
      ""NM_COUPON"" : ""10%할인_SVIP특별바우처1"",
      ""ID_INSERT"" : ""허정인"",
      ""DTS_INSERT"" : ""20250131162928"",
      ""DT_USE"" : ""20250408"",
      ""DT_STR_EXP"" : ""20250201"",
      ""DT_ISSUE"" : ""20250131"",
      ""DT_END_EXP"" : ""20260131"",
      ""DS_MON_EXP"" : 0,
      ""CD_TYPE_DAY_EXP"" : ""02"",
      ""CD_TYPE_COUPON"" : ""03"",
      ""CD_STAT_COUPON"" : ""01"",
      ""CD_BRAND"" : ""01"",
      ""AM_DISC"" : 0
    } ],
    ""TotalPointsBalance"" : 302412.0,
    ""GiftList"" : [ ],
    ""HistoryUpdatedList"" : [ {
      ""changedBy"" : ""milvus"",
      ""newValue"" : null,
      ""oldValue"" : null,
      ""field"" : ""created"",
      ""changeTarget"" : ""LoyaltyProgramMember"",
      ""changeDate"" : ""2026-05-05T12:41:51.000Z""
    }, {
      ""changedBy"" : ""milvus"",
      ""newValue"" : null,
      ""oldValue"" : null,
      ""field"" : ""created"",
      ""changeTarget"" : ""Contact"",
      ""changeDate"" : ""2026-04-26T04:33:09.000Z""
    }, {
      ""changedBy"" : ""milvus"",
      ""newValue"" : ""신세계아울렛파주점"",
      ""oldValue"" : ""현대신촌점"",
      ""field"" : ""StoreRegi__c"",
      ""changeTarget"" : ""Contact"",
      ""changeDate"" : ""2026-04-29T12:11:35.000Z""
    }, {
      ""changedBy"" : ""milvus"",
      ""newValue"" : ""001JO00000HHr0HYAT"",
      ""oldValue"" : ""001JO00000HHr1XYAT"",
      ""field"" : ""StoreRegi__c"",
      ""changeTarget"" : ""Contact"",
      ""changeDate"" : ""2026-04-29T12:11:35.000Z""
    }, {
      ""changedBy"" : ""milvus"",
      ""newValue"" : ""현대신촌점"",
      ""oldValue"" : ""신세계아울렛파주점"",
      ""field"" : ""StoreMana__c"",
      ""changeTarget"" : ""Contact"",
      ""changeDate"" : ""2026-04-29T12:11:35.000Z""
    }, {
      ""changedBy"" : ""milvus"",
      ""newValue"" : ""001JO00000HHr1XYAT"",
      ""oldValue"" : ""001JO00000HHr0HYAT"",
      ""field"" : ""StoreMana__c"",
      ""changeTarget"" : ""Contact"",
      ""changeDate"" : ""2026-04-29T12:11:35.000Z""
    }, {
      ""changedBy"" : ""milvus"",
      ""newValue"" : ""서울특별시 서대문구 증가로 150 (남가좌동, DMC센트럴아이파크)109-1201"",
      ""oldValue"" : ""서울특별시 서대문구 증가로 150 (남가좌동, DMC센트럴아이파크)"",
      ""field"" : ""MailingStreet"",
      ""changeTarget"" : ""Contact"",
      ""changeDate"" : ""2026-04-30T10:37:48.000Z""
    }, {
      ""changedBy"" : ""milvus"",
      ""newValue"" : ""03670"",
      ""oldValue"" : ""036"",
      ""field"" : ""MailingPostalCode"",
      ""changeTarget"" : ""Contact"",
      ""changeDate"" : ""2026-04-30T10:37:48.000Z""
    } ],
    ""ConsultationList"" : [ ],
    ""CustomerServiceHistory"" : [ ],
    ""WorksList"" : [ ],
    ""OrdersList"" : [ {
      ""DeleteDateTime"" : null,
      ""ActivatedDate"" : null,
      ""InsertId"" : ""갤러리아광교점"",
      ""OrderReferenceNumber"" : null,
      ""SaleStatus"" : null,
      ""OrderType"" : ""01"",
      ""SaleEndDate"" : null,
      ""SaleNo"" : null,
      ""StoreCode"" : ""001JO00000HHr21YAD"",
      ""ActualPaymentAmount"" : 11990000.0000,
      ""TotalAmount"" : 11990000,
      ""Status"" : ""orderSuccess"",
      ""OrderDate"" : ""2023-03-07"",
      ""OrderName"" : null
    } ],
    ""Depositlist"" : [ {
      ""PromotionId"" : null,
      ""TotalPromotionDiscount"" : null,
      ""JournalTypeName"" : ""Deposit"",
      ""Status"" : ""Processed"",
      ""Quantity"" : null,
      ""PaymentMethodName"" : ""카드"",
      ""PaymentMethodCode"" : ""03"",
      ""TransactionAmount"" : 10010000,
      ""JournalReason"" : null,
      ""DepositSeqNo"" : ""1"",
      ""DepositNo"" : ""DEP202108070183-1"",
      ""DepositType"" : ""01"",
      ""Brand"" : null
    }, {
      ""PromotionId"" : null,
      ""TotalPromotionDiscount"" : null,
      ""JournalTypeName"" : ""Deposit Reversal"",
      ""Status"" : ""Processed"",
      ""Quantity"" : null,
      ""PaymentMethodName"" : ""카드"",
      ""PaymentMethodCode"" : ""03"",
      ""TransactionAmount"" : 10010000,
      ""JournalReason"" : null,
      ""DepositSeqNo"" : ""1"",
      ""DepositNo"" : ""DEP202108130042-1"",
      ""DepositType"" : ""03"",
      ""Brand"" : null
    }, {
      ""PromotionId"" : null,
      ""TotalPromotionDiscount"" : null,
      ""JournalTypeName"" : ""Deposit"",
      ""Status"" : ""Processed"",
      ""Quantity"" : null,
      ""PaymentMethodName"" : ""카드"",
      ""PaymentMethodCode"" : ""03"",
      ""TransactionAmount"" : 10010000,
      ""JournalReason"" : null,
      ""DepositSeqNo"" : ""2"",
      ""DepositNo"" : ""DEP202108130042-2"",
      ""DepositType"" : ""01"",
      ""Brand"" : null
    }, {
      ""PromotionId"" : null,
      ""TotalPromotionDiscount"" : null,
      ""JournalTypeName"" : ""Deposit"",
      ""Status"" : ""Processed"",
      ""Quantity"" : null,
      ""PaymentMethodName"" : ""카드"",
      ""PaymentMethodCode"" : ""03"",
      ""TransactionAmount"" : 120000,
      ""JournalReason"" : null,
      ""DepositSeqNo"" : ""1"",
      ""DepositNo"" : ""DEP202108310223-1"",
      ""DepositType"" : ""01"",
      ""Brand"" : null
    }, {
      ""PromotionId"" : null,
      ""TotalPromotionDiscount"" : null,
      ""JournalTypeName"" : ""Deposit"",
      ""Status"" : ""Processed"",
      ""Quantity"" : null,
      ""PaymentMethodName"" : ""카드"",
      ""PaymentMethodCode"" : ""03"",
      ""TransactionAmount"" : 3180000,
      ""JournalReason"" : null,
      ""DepositSeqNo"" : ""1"",
      ""DepositNo"" : ""DEP202207060674-1"",
      ""DepositType"" : ""01"",
      ""Brand"" : null
    }, {
      ""PromotionId"" : null,
      ""TotalPromotionDiscount"" : null,
      ""JournalTypeName"" : ""Deposit"",
      ""Status"" : ""Processed"",
      ""Quantity"" : null,
      ""PaymentMethodName"" : ""백화점상품권"",
      ""PaymentMethodCode"" : ""92"",
      ""TransactionAmount"" : 960000,
      ""JournalReason"" : null,
      ""DepositSeqNo"" : ""1"",
      ""DepositNo"" : ""DEP202301080351-1"",
      ""DepositType"" : ""01"",
      ""Brand"" : null
    }, {
      ""PromotionId"" : null,
      ""TotalPromotionDiscount"" : null,
      ""JournalTypeName"" : ""Deposit"",
      ""Status"" : ""Processed"",
      ""Quantity"" : null,
      ""PaymentMethodName"" : ""카드"",
      ""PaymentMethodCode"" : ""03"",
      ""TransactionAmount"" : 679300,
      ""JournalReason"" : null,
      ""DepositSeqNo"" : ""2"",
      ""DepositNo"" : ""DEP202301080351-2"",
      ""DepositType"" : ""01"",
      ""Brand"" : null
    }, {
      ""PromotionId"" : null,
      ""TotalPromotionDiscount"" : null,
      ""JournalTypeName"" : ""Deposit"",
      ""Status"" : ""Processed"",
      ""Quantity"" : null,
      ""PaymentMethodName"" : ""카드"",
      ""PaymentMethodCode"" : ""03"",
      ""TransactionAmount"" : 1000000,
      ""JournalReason"" : null,
      ""DepositSeqNo"" : ""1"",
      ""DepositNo"" : ""DEP202302030089-1"",
      ""DepositType"" : ""01"",
      ""Brand"" : null
    }, {
      ""PromotionId"" : null,
      ""TotalPromotionDiscount"" : null,
      ""JournalTypeName"" : ""Deposit"",
      ""Status"" : ""Processed"",
      ""Quantity"" : null,
      ""PaymentMethodName"" : ""카드"",
      ""PaymentMethodCode"" : ""03"",
      ""TransactionAmount"" : 232000,
      ""JournalReason"" : null,
      ""DepositSeqNo"" : ""2"",
      ""DepositNo"" : ""DEP202302030089-2"",
      ""DepositType"" : ""01"",
      ""Brand"" : null
    }, {
      ""PromotionId"" : null,
      ""TotalPromotionDiscount"" : null,
      ""JournalTypeName"" : ""Deposit"",
      ""Status"" : ""Processed"",
      ""Quantity"" : null,
      ""PaymentMethodName"" : ""카드"",
      ""PaymentMethodCode"" : ""03"",
      ""TransactionAmount"" : 1200000,
      ""JournalReason"" : null,
      ""DepositSeqNo"" : ""1"",
      ""DepositNo"" : ""DEP202303070077-1"",
      ""DepositType"" : ""01"",
      ""Brand"" : null
    }, {
      ""PromotionId"" : null,
      ""TotalPromotionDiscount"" : null,
      ""JournalTypeName"" : ""Deposit"",
      ""Status"" : ""Processed"",
      ""Quantity"" : null,
      ""PaymentMethodName"" : ""카드"",
      ""PaymentMethodCode"" : ""03"",
      ""TransactionAmount"" : 1380000,
      ""JournalReason"" : null,
      ""DepositSeqNo"" : ""1"",
      ""DepositNo"" : ""DEP202305080032-1"",
      ""DepositType"" : ""01"",
      ""Brand"" : null
    }, {
      ""PromotionId"" : null,
      ""TotalPromotionDiscount"" : null,
      ""JournalTypeName"" : ""Deposit"",
      ""Status"" : ""Processed"",
      ""Quantity"" : null,
      ""PaymentMethodName"" : ""백화점상품권"",
      ""PaymentMethodCode"" : ""92"",
      ""TransactionAmount"" : 50000,
      ""JournalReason"" : null,
      ""DepositSeqNo"" : ""2"",
      ""DepositNo"" : ""DEP202305080032-2"",
      ""DepositType"" : ""01"",
      ""Brand"" : null
    }, {
      ""PromotionId"" : null,
      ""TotalPromotionDiscount"" : null,
      ""JournalTypeName"" : ""Deposit"",
      ""Status"" : ""Processed"",
      ""Quantity"" : null,
      ""PaymentMethodName"" : ""카드"",
      ""PaymentMethodCode"" : ""03"",
      ""TransactionAmount"" : 320000,
      ""JournalReason"" : null,
      ""DepositSeqNo"" : ""1"",
      ""DepositNo"" : ""DEP202305310075-1"",
      ""DepositType"" : ""01"",
      ""Brand"" : null
    }, {
      ""PromotionId"" : null,
      ""TotalPromotionDiscount"" : null,
      ""JournalTypeName"" : ""Redemption"",
      ""Status"" : ""Processed"",
      ""Quantity"" : null,
      ""PaymentMethodName"" : ""포인트"",
      ""PaymentMethodCode"" : ""81"",
      ""TransactionAmount"" : 25000,
      ""JournalReason"" : null,
      ""DepositSeqNo"" : ""1"",
      ""DepositNo"" : ""DEP202306040095-1"",
      ""DepositType"" : ""01"",
      ""Brand"" : null
    }, {
      ""PromotionId"" : null,
      ""TotalPromotionDiscount"" : null,
      ""JournalTypeName"" : ""Deposit"",
      ""Status"" : ""Processed"",
      ""Quantity"" : null,
      ""PaymentMethodName"" : ""카드"",
      ""PaymentMethodCode"" : ""03"",
      ""TransactionAmount"" : 300000,
      ""JournalReason"" : null,
      ""DepositSeqNo"" : ""1"",
      ""DepositNo"" : ""DEP202306070071-1"",
      ""DepositType"" : ""01"",
      ""Brand"" : null
    }, {
      ""PromotionId"" : null,
      ""TotalPromotionDiscount"" : null,
      ""JournalTypeName"" : ""Deposit"",
      ""Status"" : ""Processed"",
      ""Quantity"" : null,
      ""PaymentMethodName"" : ""카드"",
      ""PaymentMethodCode"" : ""03"",
      ""TransactionAmount"" : 1200000,
      ""JournalReason"" : null,
      ""DepositSeqNo"" : ""1"",
      ""DepositNo"" : ""DEP202306130073-1"",
      ""DepositType"" : ""01"",
      ""Brand"" : null
    }, {
      ""PromotionId"" : null,
      ""TotalPromotionDiscount"" : null,
      ""JournalTypeName"" : ""Deposit Reversal"",
      ""Status"" : ""Processed"",
      ""Quantity"" : null,
      ""PaymentMethodName"" : ""카드"",
      ""PaymentMethodCode"" : ""03"",
      ""TransactionAmount"" : 1200000,
      ""JournalReason"" : null,
      ""DepositSeqNo"" : ""1"",
      ""DepositNo"" : ""DEP202307021787-1"",
      ""DepositType"" : ""03"",
      ""Brand"" : null
    }, {
      ""PromotionId"" : null,
      ""TotalPromotionDiscount"" : null,
      ""JournalTypeName"" : ""Deposit"",
      ""Status"" : ""Processed"",
      ""Quantity"" : null,
      ""PaymentMethodName"" : ""카드"",
      ""PaymentMethodCode"" : ""03"",
      ""TransactionAmount"" : 10883200,
      ""JournalReason"" : null,
      ""DepositSeqNo"" : ""2"",
      ""DepositNo"" : ""DEP202307021787-2"",
      ""DepositType"" : ""01"",
      ""Brand"" : null
    }, {
      ""PromotionId"" : null,
      ""TotalPromotionDiscount"" : null,
      ""JournalTypeName"" : ""Deposit Reversal"",
      ""Status"" : ""Processed"",
      ""Quantity"" : null,
      ""PaymentMethodName"" : ""카드"",
      ""PaymentMethodCode"" : ""03"",
      ""TransactionAmount"" : 320000,
      ""JournalReason"" : null,
      ""DepositSeqNo"" : ""1"",
      ""DepositNo"" : ""DEP202307021805-1"",
      ""DepositType"" : ""03"",
      ""Brand"" : null
    }, {
      ""PromotionId"" : null,
      ""TotalPromotionDiscount"" : null,
      ""JournalTypeName"" : ""Deposit"",
      ""Status"" : ""Processed"",
      ""Quantity"" : null,
      ""PaymentMethodName"" : ""카드"",
      ""PaymentMethodCode"" : ""03"",
      ""TransactionAmount"" : 2970600,
      ""JournalReason"" : null,
      ""DepositSeqNo"" : ""2"",
      ""DepositNo"" : ""DEP202307021805-2"",
      ""DepositType"" : ""01"",
      ""Brand"" : null
    }, {
      ""PromotionId"" : null,
      ""TotalPromotionDiscount"" : null,
      ""JournalTypeName"" : ""Deposit"",
      ""Status"" : ""Processed"",
      ""Quantity"" : null,
      ""PaymentMethodName"" : ""카드"",
      ""PaymentMethodCode"" : ""03"",
      ""TransactionAmount"" : 11354400,
      ""JournalReason"" : null,
      ""DepositSeqNo"" : ""1"",
      ""DepositNo"" : ""DEP202307021833-1"",
      ""DepositType"" : ""01"",
      ""Brand"" : null
    }, {
      ""PromotionId"" : null,
      ""TotalPromotionDiscount"" : null,
      ""JournalTypeName"" : ""Deposit"",
      ""Status"" : ""Processed"",
      ""Quantity"" : null,
      ""PaymentMethodName"" : ""카드"",
      ""PaymentMethodCode"" : ""03"",
      ""TransactionAmount"" : 2637200,
      ""JournalReason"" : null,
      ""DepositSeqNo"" : ""1"",
      ""DepositNo"" : ""DEP202307031036-1"",
      ""DepositType"" : ""01"",
      ""Brand"" : null
    }, {
      ""PromotionId"" : null,
      ""TotalPromotionDiscount"" : null,
      ""JournalTypeName"" : ""Deposit"",
      ""Status"" : ""Processed"",
      ""Quantity"" : null,
      ""PaymentMethodName"" : ""카드"",
      ""PaymentMethodCode"" : ""03"",
      ""TransactionAmount"" : 780000,
      ""JournalReason"" : null,
      ""DepositSeqNo"" : ""1"",
      ""DepositNo"" : ""DEP202406140040-1"",
      ""DepositType"" : ""01"",
      ""Brand"" : null
    }, {
      ""PromotionId"" : null,
      ""TotalPromotionDiscount"" : null,
      ""JournalTypeName"" : ""Deposit"",
      ""Status"" : ""Processed"",
      ""Quantity"" : null,
      ""PaymentMethodName"" : ""카드"",
      ""PaymentMethodCode"" : ""03"",
      ""TransactionAmount"" : 2800000,
      ""JournalReason"" : null,
      ""DepositSeqNo"" : ""1"",
      ""DepositNo"" : ""DEP202406140045-1"",
      ""DepositType"" : ""01"",
      ""Brand"" : null
    }, {
      ""PromotionId"" : null,
      ""TotalPromotionDiscount"" : null,
      ""JournalTypeName"" : ""Deposit Reversal"",
      ""Status"" : ""Processed"",
      ""Quantity"" : null,
      ""PaymentMethodName"" : ""카드"",
      ""PaymentMethodCode"" : ""03"",
      ""TransactionAmount"" : 780000,
      ""JournalReason"" : null,
      ""DepositSeqNo"" : ""1"",
      ""DepositNo"" : ""DEP202407011825-1"",
      ""DepositType"" : ""03"",
      ""Brand"" : null
    }, {
      ""PromotionId"" : null,
      ""TotalPromotionDiscount"" : null,
      ""JournalTypeName"" : ""Deposit"",
      ""Status"" : ""Processed"",
      ""Quantity"" : null,
      ""PaymentMethodName"" : ""카드"",
      ""PaymentMethodCode"" : ""03"",
      ""TransactionAmount"" : 6734000,
      ""JournalReason"" : null,
      ""DepositSeqNo"" : ""2"",
      ""DepositNo"" : ""DEP202407011825-2"",
      ""DepositType"" : ""01"",
      ""Brand"" : null
    }, {
      ""PromotionId"" : null,
      ""TotalPromotionDiscount"" : null,
      ""JournalTypeName"" : ""Deposit"",
      ""Status"" : ""Processed"",
      ""Quantity"" : null,
      ""PaymentMethodName"" : ""백화점상품권"",
      ""PaymentMethodCode"" : ""92"",
      ""TransactionAmount"" : 490000,
      ""JournalReason"" : null,
      ""DepositSeqNo"" : ""3"",
      ""DepositNo"" : ""DEP202407011825-3"",
      ""DepositType"" : ""01"",
      ""Brand"" : null
    }, {
      ""PromotionId"" : null,
      ""TotalPromotionDiscount"" : null,
      ""JournalTypeName"" : ""Deposit Reversal"",
      ""Status"" : ""Processed"",
      ""Quantity"" : null,
      ""PaymentMethodName"" : ""카드"",
      ""PaymentMethodCode"" : ""03"",
      ""TransactionAmount"" : 2800000,
      ""JournalReason"" : null,
      ""DepositSeqNo"" : ""1"",
      ""DepositNo"" : ""DEP202407011904-1"",
      ""DepositType"" : ""03"",
      ""Brand"" : null
    }, {
      ""PromotionId"" : null,
      ""TotalPromotionDiscount"" : null,
      ""JournalTypeName"" : ""Deposit"",
      ""Status"" : ""Processed"",
      ""Quantity"" : null,
      ""PaymentMethodName"" : ""카드"",
      ""PaymentMethodCode"" : ""03"",
      ""TransactionAmount"" : 21033000,
      ""JournalReason"" : null,
      ""DepositSeqNo"" : ""2"",
      ""DepositNo"" : ""DEP202407011904-2"",
      ""DepositType"" : ""01"",
      ""Brand"" : null
    }, {
      ""PromotionId"" : null,
      ""TotalPromotionDiscount"" : null,
      ""JournalTypeName"" : ""Deposit"",
      ""Status"" : ""Processed"",
      ""Quantity"" : null,
      ""PaymentMethodName"" : ""카드"",
      ""PaymentMethodCode"" : ""03"",
      ""TransactionAmount"" : 3424100,
      ""JournalReason"" : null,
      ""DepositSeqNo"" : ""3"",
      ""DepositNo"" : ""DEP202407011904-3"",
      ""DepositType"" : ""01"",
      ""Brand"" : null
    }, {
      ""PromotionId"" : null,
      ""TotalPromotionDiscount"" : null,
      ""JournalTypeName"" : ""Deposit"",
      ""Status"" : ""Processed"",
      ""Quantity"" : null,
      ""PaymentMethodName"" : ""백화점상품권"",
      ""PaymentMethodCode"" : ""92"",
      ""TransactionAmount"" : 1210000,
      ""JournalReason"" : null,
      ""DepositSeqNo"" : ""4"",
      ""DepositNo"" : ""DEP202407011904-4"",
      ""DepositType"" : ""01"",
      ""Brand"" : null
    }, {
      ""PromotionId"" : null,
      ""TotalPromotionDiscount"" : null,
      ""JournalTypeName"" : ""Deposit"",
      ""Status"" : ""Processed"",
      ""Quantity"" : null,
      ""PaymentMethodName"" : ""카드"",
      ""PaymentMethodCode"" : ""03"",
      ""TransactionAmount"" : 3390000,
      ""JournalReason"" : null,
      ""DepositSeqNo"" : ""1"",
      ""DepositNo"" : ""DEP202503080353-1"",
      ""DepositType"" : ""01"",
      ""Brand"" : null
    }, {
      ""PromotionId"" : null,
      ""TotalPromotionDiscount"" : null,
      ""JournalTypeName"" : ""Deposit"",
      ""Status"" : ""Processed"",
      ""Quantity"" : null,
      ""PaymentMethodName"" : ""백화점상품권"",
      ""PaymentMethodCode"" : ""92"",
      ""TransactionAmount"" : 300000,
      ""JournalReason"" : null,
      ""DepositSeqNo"" : ""2"",
      ""DepositNo"" : ""DEP202503080353-2"",
      ""DepositType"" : ""01"",
      ""Brand"" : null
    }, {
      ""PromotionId"" : null,
      ""TotalPromotionDiscount"" : null,
      ""JournalTypeName"" : ""Deposit"",
      ""Status"" : ""Processed"",
      ""Quantity"" : null,
      ""PaymentMethodName"" : ""카드"",
      ""PaymentMethodCode"" : ""03"",
      ""TransactionAmount"" : 5000000,
      ""JournalReason"" : null,
      ""DepositSeqNo"" : ""1"",
      ""DepositNo"" : ""DEP202504080048-1"",
      ""DepositType"" : ""01"",
      ""Brand"" : null
    }, {
      ""PromotionId"" : null,
      ""TotalPromotionDiscount"" : null,
      ""JournalTypeName"" : ""Deposit"",
      ""Status"" : ""Processed"",
      ""Quantity"" : null,
      ""PaymentMethodName"" : ""카드"",
      ""PaymentMethodCode"" : ""03"",
      ""TransactionAmount"" : 20501000,
      ""JournalReason"" : null,
      ""DepositSeqNo"" : ""1"",
      ""DepositNo"" : ""DEP202504120322-1"",
      ""DepositType"" : ""01"",
      ""Brand"" : null
    }, {
      ""PromotionId"" : null,
      ""TotalPromotionDiscount"" : null,
      ""JournalTypeName"" : ""Deposit"",
      ""Status"" : ""Processed"",
      ""Quantity"" : null,
      ""PaymentMethodName"" : ""백화점상품권"",
      ""PaymentMethodCode"" : ""92"",
      ""TransactionAmount"" : 593000,
      ""JournalReason"" : null,
      ""DepositSeqNo"" : ""1"",
      ""DepositNo"" : ""DEP202508270268-1"",
      ""DepositType"" : ""01"",
      ""Brand"" : null
    }, {
      ""PromotionId"" : null,
      ""TotalPromotionDiscount"" : null,
      ""JournalTypeName"" : ""Deposit"",
      ""Status"" : ""Processed"",
      ""Quantity"" : null,
      ""PaymentMethodName"" : ""카드"",
      ""PaymentMethodCode"" : ""03"",
      ""TransactionAmount"" : 1166000,
      ""JournalReason"" : null,
      ""DepositSeqNo"" : ""1"",
      ""DepositNo"" : ""DEP202512050143-1"",
      ""DepositType"" : ""01"",
      ""Brand"" : null
    }, {
      ""PromotionId"" : null,
      ""TotalPromotionDiscount"" : null,
      ""JournalTypeName"" : ""Deposit"",
      ""Status"" : ""Processed"",
      ""Quantity"" : null,
      ""PaymentMethodName"" : ""백화점상품권"",
      ""PaymentMethodCode"" : ""92"",
      ""TransactionAmount"" : 50000,
      ""JournalReason"" : null,
      ""DepositSeqNo"" : ""2"",
      ""DepositNo"" : ""DEP202512050143-2"",
      ""DepositType"" : ""01"",
      ""Brand"" : null
    }, {
      ""PromotionId"" : null,
      ""TotalPromotionDiscount"" : null,
      ""JournalTypeName"" : ""Deposit"",
      ""Status"" : ""Processed"",
      ""Quantity"" : null,
      ""PaymentMethodName"" : ""현금"",
      ""PaymentMethodCode"" : ""01"",
      ""TransactionAmount"" : 3428000,
      ""JournalReason"" : null,
      ""DepositSeqNo"" : ""1"",
      ""DepositNo"" : ""DEP202603200107-1"",
      ""DepositType"" : ""01"",
      ""Brand"" : null
    }, {
      ""PromotionId"" : null,
      ""TotalPromotionDiscount"" : null,
      ""JournalTypeName"" : ""Deposit"",
      ""Status"" : ""Processed"",
      ""Quantity"" : null,
      ""PaymentMethodName"" : ""현금"",
      ""PaymentMethodCode"" : ""01"",
      ""TransactionAmount"" : 100000,
      ""JournalReason"" : null,
      ""DepositSeqNo"" : ""1"",
      ""DepositNo"" : ""DEP202603200134-1"",
      ""DepositType"" : ""01"",
      ""Brand"" : null
    }, {
      ""PromotionId"" : null,
      ""TotalPromotionDiscount"" : null,
      ""JournalTypeName"" : ""Deposit"",
      ""Status"" : ""Processed"",
      ""Quantity"" : null,
      ""PaymentMethodName"" : ""카드"",
      ""PaymentMethodCode"" : ""03"",
      ""TransactionAmount"" : 1360400,
      ""JournalReason"" : null,
      ""DepositSeqNo"" : ""1"",
      ""DepositNo"" : ""DEP202104250353-1"",
      ""DepositType"" : ""02"",
      ""Brand"" : null
    }, {
      ""PromotionId"" : null,
      ""TotalPromotionDiscount"" : null,
      ""JournalTypeName"" : ""Deposit"",
      ""Status"" : ""Processed"",
      ""Quantity"" : null,
      ""PaymentMethodName"" : ""카드"",
      ""PaymentMethodCode"" : ""03"",
      ""TransactionAmount"" : 460000,
      ""JournalReason"" : null,
      ""DepositSeqNo"" : ""1"",
      ""DepositNo"" : ""DEP202108070184-1"",
      ""DepositType"" : ""02"",
      ""Brand"" : null
    }, {
      ""PromotionId"" : null,
      ""TotalPromotionDiscount"" : null,
      ""JournalTypeName"" : ""Deposit"",
      ""Status"" : ""Processed"",
      ""Quantity"" : null,
      ""PaymentMethodName"" : ""카드"",
      ""PaymentMethodCode"" : ""03"",
      ""TransactionAmount"" : 7163500,
      ""JournalReason"" : null,
      ""DepositSeqNo"" : ""1"",
      ""DepositNo"" : ""DEP202207091145-1"",
      ""DepositType"" : ""02"",
      ""Brand"" : null
    }, {
      ""PromotionId"" : null,
      ""TotalPromotionDiscount"" : null,
      ""JournalTypeName"" : ""Deposit"",
      ""Status"" : ""Processed"",
      ""Quantity"" : null,
      ""PaymentMethodName"" : ""백화점상품권"",
      ""PaymentMethodCode"" : ""92"",
      ""TransactionAmount"" : 490000,
      ""JournalReason"" : null,
      ""DepositSeqNo"" : ""2"",
      ""DepositNo"" : ""DEP202207091145-2"",
      ""DepositType"" : ""02"",
      ""Brand"" : null
    }, {
      ""PromotionId"" : null,
      ""TotalPromotionDiscount"" : null,
      ""JournalTypeName"" : ""Redemption"",
      ""Status"" : ""Processed"",
      ""Quantity"" : null,
      ""PaymentMethodName"" : ""본사상품권"",
      ""PaymentMethodCode"" : ""90"",
      ""TransactionAmount"" : 50000,
      ""JournalReason"" : null,
      ""DepositSeqNo"" : ""3"",
      ""DepositNo"" : ""DEP202207091145-3"",
      ""DepositType"" : ""02"",
      ""Brand"" : null
    }, {
      ""PromotionId"" : null,
      ""TotalPromotionDiscount"" : null,
      ""JournalTypeName"" : ""Redemption"",
      ""Status"" : ""Processed"",
      ""Quantity"" : null,
      ""PaymentMethodName"" : ""포인트"",
      ""PaymentMethodCode"" : ""81"",
      ""TransactionAmount"" : 119000,
      ""JournalReason"" : null,
      ""DepositSeqNo"" : ""4"",
      ""DepositNo"" : ""DEP202207091145-4"",
      ""DepositType"" : ""02"",
      ""Brand"" : null
    }, {
      ""PromotionId"" : null,
      ""TotalPromotionDiscount"" : null,
      ""JournalTypeName"" : ""Redemption"",
      ""Status"" : ""Processed"",
      ""Quantity"" : null,
      ""PaymentMethodName"" : ""본사상품권"",
      ""PaymentMethodCode"" : ""90"",
      ""TransactionAmount"" : 203100,
      ""JournalReason"" : null,
      ""DepositSeqNo"" : ""1"",
      ""DepositNo"" : ""DEP202301080345-1"",
      ""DepositType"" : ""02"",
      ""Brand"" : null
    }, {
      ""PromotionId"" : null,
      ""TotalPromotionDiscount"" : null,
      ""JournalTypeName"" : ""Deposit"",
      ""Status"" : ""Processed"",
      ""Quantity"" : null,
      ""PaymentMethodName"" : ""백화점상품권"",
      ""PaymentMethodCode"" : ""92"",
      ""TransactionAmount"" : 750000,
      ""JournalReason"" : null,
      ""DepositSeqNo"" : ""2"",
      ""DepositNo"" : ""DEP202301080345-2"",
      ""DepositType"" : ""02"",
      ""Brand"" : null
    }, {
      ""PromotionId"" : null,
      ""TotalPromotionDiscount"" : null,
      ""JournalTypeName"" : ""Deposit"",
      ""Status"" : ""Processed"",
      ""Quantity"" : null,
      ""PaymentMethodName"" : ""카드"",
      ""PaymentMethodCode"" : ""03"",
      ""TransactionAmount"" : 5000000,
      ""JournalReason"" : null,
      ""DepositSeqNo"" : ""3"",
      ""DepositNo"" : ""DEP202301080345-3"",
      ""DepositType"" : ""02"",
      ""Brand"" : null
    }, {
      ""PromotionId"" : null,
      ""TotalPromotionDiscount"" : null,
      ""JournalTypeName"" : ""Redemption"",
      ""Status"" : ""Processed"",
      ""Quantity"" : null,
      ""PaymentMethodName"" : ""포인트"",
      ""PaymentMethodCode"" : ""81"",
      ""TransactionAmount"" : 163000,
      ""JournalReason"" : null,
      ""DepositSeqNo"" : ""4"",
      ""DepositNo"" : ""DEP202301080345-4"",
      ""DepositType"" : ""02"",
      ""Brand"" : null
    }, {
      ""PromotionId"" : null,
      ""TotalPromotionDiscount"" : null,
      ""JournalTypeName"" : ""Deposit"",
      ""Status"" : ""Processed"",
      ""Quantity"" : null,
      ""PaymentMethodName"" : ""카드"",
      ""PaymentMethodCode"" : ""03"",
      ""TransactionAmount"" : 653900,
      ""JournalReason"" : null,
      ""DepositSeqNo"" : ""5"",
      ""DepositNo"" : ""DEP202301080345-5"",
      ""DepositType"" : ""02"",
      ""Brand"" : null
    }, {
      ""PromotionId"" : null,
      ""TotalPromotionDiscount"" : null,
      ""JournalTypeName"" : ""Redemption"",
      ""Status"" : ""Processed"",
      ""Quantity"" : null,
      ""PaymentMethodName"" : ""본사상품권"",
      ""PaymentMethodCode"" : ""90"",
      ""TransactionAmount"" : 50700,
      ""JournalReason"" : null,
      ""DepositSeqNo"" : ""1"",
      ""DepositNo"" : ""DEP202301280247-1"",
      ""DepositType"" : ""02"",
      ""Brand"" : null
    }, {
      ""PromotionId"" : null,
      ""TotalPromotionDiscount"" : null,
      ""JournalTypeName"" : ""Deposit"",
      ""Status"" : ""Processed"",
      ""Quantity"" : null,
      ""PaymentMethodName"" : ""카드"",
      ""PaymentMethodCode"" : ""03"",
      ""TransactionAmount"" : 1288000,
      ""JournalReason"" : null,
      ""DepositSeqNo"" : ""1"",
      ""DepositNo"" : ""DEP202302030084-1"",
      ""DepositType"" : ""02"",
      ""Brand"" : null
    }, {
      ""PromotionId"" : null,
      ""TotalPromotionDiscount"" : null,
      ""JournalTypeName"" : ""Redemption"",
      ""Status"" : ""Processed"",
      ""Quantity"" : null,
      ""PaymentMethodName"" : ""포인트"",
      ""PaymentMethodCode"" : ""81"",
      ""TransactionAmount"" : 120000,
      ""JournalReason"" : null,
      ""DepositSeqNo"" : ""1"",
      ""DepositNo"" : ""DEP202302180261-1"",
      ""DepositType"" : ""02"",
      ""Brand"" : null
    }, {
      ""PromotionId"" : null,
      ""TotalPromotionDiscount"" : null,
      ""JournalTypeName"" : ""Deposit Reversal"",
      ""Status"" : ""Processed"",
      ""Quantity"" : null,
      ""PaymentMethodName"" : ""카드"",
      ""PaymentMethodCode"" : ""03"",
      ""TransactionAmount"" : 1200000,
      ""JournalReason"" : null,
      ""DepositSeqNo"" : ""1"",
      ""DepositNo"" : ""DEP202303160018-1"",
      ""DepositType"" : ""03"",
      ""Brand"" : null
    }, {
      ""PromotionId"" : null,
      ""TotalPromotionDiscount"" : null,
      ""JournalTypeName"" : ""Deposit"",
      ""Status"" : ""Processed"",
      ""Quantity"" : null,
      ""PaymentMethodName"" : ""카드"",
      ""PaymentMethodCode"" : ""03"",
      ""TransactionAmount"" : 11589300,
      ""JournalReason"" : null,
      ""DepositSeqNo"" : ""2"",
      ""DepositNo"" : ""DEP202303160018-2"",
      ""DepositType"" : ""02"",
      ""Brand"" : null
    }, {
      ""PromotionId"" : null,
      ""TotalPromotionDiscount"" : null,
      ""JournalTypeName"" : ""Redemption"",
      ""Status"" : ""Processed"",
      ""Quantity"" : null,
      ""PaymentMethodName"" : ""본사상품권"",
      ""PaymentMethodCode"" : ""90"",
      ""TransactionAmount"" : 359700,
      ""JournalReason"" : null,
      ""DepositSeqNo"" : ""3"",
      ""DepositNo"" : ""DEP202303160018-3"",
      ""DepositType"" : ""02"",
      ""Brand"" : null
    }, {
      ""PromotionId"" : null,
      ""TotalPromotionDiscount"" : null,
      ""JournalTypeName"" : ""Redemption"",
      ""Status"" : ""Processed"",
      ""Quantity"" : null,
      ""PaymentMethodName"" : ""포인트"",
      ""PaymentMethodCode"" : ""81"",
      ""TransactionAmount"" : 41000,
      ""JournalReason"" : null,
      ""DepositSeqNo"" : ""4"",
      ""DepositNo"" : ""DEP202303160018-4"",
      ""DepositType"" : ""02"",
      ""Brand"" : null
    }, {
      ""PromotionId"" : null,
      ""TotalPromotionDiscount"" : null,
      ""JournalTypeName"" : ""Redemption"",
      ""Status"" : ""Processed"",
      ""Quantity"" : null,
      ""PaymentMethodName"" : ""본사상품권"",
      ""PaymentMethodCode"" : ""90"",
      ""TransactionAmount"" : 50000,
      ""JournalReason"" : null,
      ""DepositSeqNo"" : ""1"",
      ""DepositNo"" : ""DEP202305170060-1"",
      ""DepositType"" : ""02"",
      ""Brand"" : null
    }, {
      ""PromotionId"" : null,
      ""TotalPromotionDiscount"" : null,
      ""JournalTypeName"" : ""Redemption"",
      ""Status"" : ""Processed"",
      ""Quantity"" : null,
      ""PaymentMethodName"" : ""포인트"",
      ""PaymentMethodCode"" : ""81"",
      ""TransactionAmount"" : 170000,
      ""JournalReason"" : null,
      ""DepositSeqNo"" : ""2"",
      ""DepositNo"" : ""DEP202305170060-2"",
      ""DepositType"" : ""02"",
      ""Brand"" : null
    }, {
      ""PromotionId"" : null,
      ""TotalPromotionDiscount"" : null,
      ""JournalTypeName"" : ""Redemption"",
      ""Status"" : ""Processed"",
      ""Quantity"" : null,
      ""PaymentMethodName"" : ""본사상품권"",
      ""PaymentMethodCode"" : ""90"",
      ""TransactionAmount"" : 179600,
      ""JournalReason"" : null,
      ""DepositSeqNo"" : ""1"",
      ""DepositNo"" : ""DEP202307031079-1"",
      ""DepositType"" : ""02"",
      ""Brand"" : null
    }, {
      ""PromotionId"" : null,
      ""TotalPromotionDiscount"" : null,
      ""JournalTypeName"" : ""Deposit"",
      ""Status"" : ""Processed"",
      ""Quantity"" : null,
      ""PaymentMethodName"" : ""카드"",
      ""PaymentMethodCode"" : ""03"",
      ""TransactionAmount"" : 3412400,
      ""JournalReason"" : null,
      ""DepositSeqNo"" : ""2"",
      ""DepositNo"" : ""DEP202307031079-2"",
      ""DepositType"" : ""02"",
      ""Brand"" : null
    }, {
      ""PromotionId"" : null,
      ""TotalPromotionDiscount"" : null,
      ""JournalTypeName"" : ""Deposit Reversal"",
      ""Status"" : ""Processed"",
      ""Quantity"" : null,
      ""PaymentMethodName"" : ""카드"",
      ""PaymentMethodCode"" : ""03"",
      ""TransactionAmount"" : 300000,
      ""JournalReason"" : null,
      ""DepositSeqNo"" : ""1"",
      ""DepositNo"" : ""DEP202307110383-1"",
      ""DepositType"" : ""03"",
      ""Brand"" : null
    }, {
      ""PromotionId"" : null,
      ""TotalPromotionDiscount"" : null,
      ""JournalTypeName"" : ""Deposit"",
      ""Status"" : ""Processed"",
      ""Quantity"" : null,
      ""PaymentMethodName"" : ""카드"",
      ""PaymentMethodCode"" : ""03"",
      ""TransactionAmount"" : 2682800,
      ""JournalReason"" : null,
      ""DepositSeqNo"" : ""2"",
      ""DepositNo"" : ""DEP202307110383-2"",
      ""DepositType"" : ""02"",
      ""Brand"" : null
    }, {
      ""PromotionId"" : null,
      ""TotalPromotionDiscount"" : null,
      ""JournalTypeName"" : ""Redemption"",
      ""Status"" : ""Processed"",
      ""Quantity"" : null,
      ""PaymentMethodName"" : ""본사상품권"",
      ""PaymentMethodCode"" : ""90"",
      ""TransactionAmount"" : 141200,
      ""JournalReason"" : null,
      ""DepositSeqNo"" : ""3"",
      ""DepositNo"" : ""DEP202307110383-3"",
      ""DepositType"" : ""02"",
      ""Brand"" : null
    }, {
      ""PromotionId"" : null,
      ""TotalPromotionDiscount"" : null,
      ""JournalTypeName"" : ""Redemption"",
      ""Status"" : ""Processed"",
      ""Quantity"" : null,
      ""PaymentMethodName"" : ""본사상품권"",
      ""PaymentMethodCode"" : ""90"",
      ""TransactionAmount"" : 157600,
      ""JournalReason"" : null,
      ""DepositSeqNo"" : ""1"",
      ""DepositNo"" : ""DEP202307210923-1"",
      ""DepositType"" : ""02"",
      ""Brand"" : null
    }, {
      ""PromotionId"" : null,
      ""TotalPromotionDiscount"" : null,
      ""JournalTypeName"" : ""Redemption"",
      ""Status"" : ""Processed"",
      ""Quantity"" : null,
      ""PaymentMethodName"" : ""본사상품권"",
      ""PaymentMethodCode"" : ""90"",
      ""TransactionAmount"" : 600400,
      ""JournalReason"" : null,
      ""DepositSeqNo"" : ""1"",
      ""DepositNo"" : ""DEP202307210934-1"",
      ""DepositType"" : ""02"",
      ""Brand"" : null
    }, {
      ""PromotionId"" : null,
      ""TotalPromotionDiscount"" : null,
      ""JournalTypeName"" : ""Deposit"",
      ""Status"" : ""Processed"",
      ""Quantity"" : null,
      ""PaymentMethodName"" : ""가주문"",
      ""PaymentMethodCode"" : ""06"",
      ""TransactionAmount"" : 60800,
      ""JournalReason"" : null,
      ""DepositSeqNo"" : ""2"",
      ""DepositNo"" : ""DEP202307210934-2"",
      ""DepositType"" : ""02"",
      ""Brand"" : null
    }, {
      ""PromotionId"" : null,
      ""TotalPromotionDiscount"" : null,
      ""JournalTypeName"" : ""Deposit"",
      ""Status"" : ""Processed"",
      ""Quantity"" : null,
      ""PaymentMethodName"" : ""현금"",
      ""PaymentMethodCode"" : ""01"",
      ""TransactionAmount"" : 463600,
      ""JournalReason"" : null,
      ""DepositSeqNo"" : ""3"",
      ""DepositNo"" : ""DEP202307210934-3"",
      ""DepositType"" : ""02"",
      ""Brand"" : null
    }, {
      ""PromotionId"" : null,
      ""TotalPromotionDiscount"" : null,
      ""JournalTypeName"" : ""Deposit Reversal"",
      ""Status"" : ""Processed"",
      ""Quantity"" : null,
      ""PaymentMethodName"" : ""현금"",
      ""PaymentMethodCode"" : ""01"",
      ""TransactionAmount"" : 463600,
      ""JournalReason"" : null,
      ""DepositSeqNo"" : ""1"",
      ""DepositNo"" : ""DEP202307210942-1"",
      ""DepositType"" : ""03"",
      ""Brand"" : null
    }, {
      ""PromotionId"" : null,
      ""TotalPromotionDiscount"" : null,
      ""JournalTypeName"" : ""Deposit Reversal"",
      ""Status"" : ""Processed"",
      ""Quantity"" : null,
      ""PaymentMethodName"" : ""본사상품권"",
      ""PaymentMethodCode"" : ""90"",
      ""TransactionAmount"" : 24400,
      ""JournalReason"" : null,
      ""DepositSeqNo"" : ""2"",
      ""DepositNo"" : ""DEP202307210942-2"",
      ""DepositType"" : ""03"",
      ""Brand"" : null
    }, {
      ""PromotionId"" : null,
      ""TotalPromotionDiscount"" : null,
      ""JournalTypeName"" : ""Redemption"",
      ""Status"" : ""Processed"",
      ""Quantity"" : null,
      ""PaymentMethodName"" : ""본사상품권"",
      ""PaymentMethodCode"" : ""90"",
      ""TransactionAmount"" : 736400,
      ""JournalReason"" : null,
      ""DepositSeqNo"" : ""1"",
      ""DepositNo"" : ""DEP202307210948-1"",
      ""DepositType"" : ""02"",
      ""Brand"" : null
    }, {
      ""PromotionId"" : null,
      ""TotalPromotionDiscount"" : null,
      ""JournalTypeName"" : ""Deposit"",
      ""Status"" : ""Processed"",
      ""Quantity"" : null,
      ""PaymentMethodName"" : ""카드"",
      ""PaymentMethodCode"" : ""03"",
      ""TransactionAmount"" : 4096000,
      ""JournalReason"" : null,
      ""DepositSeqNo"" : ""1"",
      ""DepositNo"" : ""DEP202403310385-1"",
      ""DepositType"" : ""02"",
      ""Brand"" : null
    }, {
      ""PromotionId"" : null,
      ""TotalPromotionDiscount"" : null,
      ""JournalTypeName"" : ""Redemption"",
      ""Status"" : ""Processed"",
      ""Quantity"" : null,
      ""PaymentMethodName"" : ""본사상품권"",
      ""PaymentMethodCode"" : ""90"",
      ""TransactionAmount"" : 68400,
      ""JournalReason"" : null,
      ""DepositSeqNo"" : ""1"",
      ""DepositNo"" : ""DEP202407011858-1"",
      ""DepositType"" : ""02"",
      ""Brand"" : null
    }, {
      ""PromotionId"" : null,
      ""TotalPromotionDiscount"" : null,
      ""JournalTypeName"" : ""Deposit"",
      ""Status"" : ""Processed"",
      ""Quantity"" : null,
      ""PaymentMethodName"" : ""백화점상품권"",
      ""PaymentMethodCode"" : ""92"",
      ""TransactionAmount"" : 70000,
      ""JournalReason"" : null,
      ""DepositSeqNo"" : ""2"",
      ""DepositNo"" : ""DEP202407011858-2"",
      ""DepositType"" : ""02"",
      ""Brand"" : null
    }, {
      ""PromotionId"" : null,
      ""TotalPromotionDiscount"" : null,
      ""JournalTypeName"" : ""Deposit"",
      ""Status"" : ""Processed"",
      ""Quantity"" : null,
      ""PaymentMethodName"" : ""카드"",
      ""PaymentMethodCode"" : ""03"",
      ""TransactionAmount"" : 1229600,
      ""JournalReason"" : null,
      ""DepositSeqNo"" : ""3"",
      ""DepositNo"" : ""DEP202407011858-3"",
      ""DepositType"" : ""02"",
      ""Brand"" : null
    }, {
      ""PromotionId"" : null,
      ""TotalPromotionDiscount"" : null,
      ""JournalTypeName"" : ""Redemption"",
      ""Status"" : ""Processed"",
      ""Quantity"" : null,
      ""PaymentMethodName"" : ""본사상품권"",
      ""PaymentMethodCode"" : ""90"",
      ""TransactionAmount"" : 1350900,
      ""JournalReason"" : null,
      ""DepositSeqNo"" : ""1"",
      ""DepositNo"" : ""DEP202407190939-1"",
      ""DepositType"" : ""02"",
      ""Brand"" : null
    }, {
      ""PromotionId"" : null,
      ""TotalPromotionDiscount"" : null,
      ""JournalTypeName"" : ""Deposit"",
      ""Status"" : ""Processed"",
      ""Quantity"" : null,
      ""PaymentMethodName"" : ""카드"",
      ""PaymentMethodCode"" : ""03"",
      ""TransactionAmount"" : 21033000,
      ""JournalReason"" : null,
      ""DepositSeqNo"" : ""1"",
      ""DepositNo"" : ""DEP202407220047-1"",
      ""DepositType"" : ""02"",
      ""Brand"" : null
    }, {
      ""PromotionId"" : null,
      ""TotalPromotionDiscount"" : null,
      ""JournalTypeName"" : ""Deposit Reversal"",
      ""Status"" : ""Processed"",
      ""Quantity"" : null,
      ""PaymentMethodName"" : ""카드"",
      ""PaymentMethodCode"" : ""03"",
      ""TransactionAmount"" : 21033000,
      ""JournalReason"" : null,
      ""DepositSeqNo"" : ""2"",
      ""DepositNo"" : ""DEP202407220047-2"",
      ""DepositType"" : ""03"",
      ""Brand"" : null
    }, {
      ""PromotionId"" : null,
      ""TotalPromotionDiscount"" : null,
      ""JournalTypeName"" : ""Redemption"",
      ""Status"" : ""Processed"",
      ""Quantity"" : null,
      ""PaymentMethodName"" : ""포인트"",
      ""PaymentMethodCode"" : ""81"",
      ""TransactionAmount"" : 500000,
      ""JournalReason"" : null,
      ""DepositSeqNo"" : ""1"",
      ""DepositNo"" : ""DEP202408040264-1"",
      ""DepositType"" : ""02"",
      ""Brand"" : null
    }, {
      ""PromotionId"" : null,
      ""TotalPromotionDiscount"" : null,
      ""JournalTypeName"" : ""Redemption"",
      ""Status"" : ""Processed"",
      ""Quantity"" : null,
      ""PaymentMethodName"" : ""본사상품권"",
      ""PaymentMethodCode"" : ""90"",
      ""TransactionAmount"" : 410000,
      ""JournalReason"" : null,
      ""DepositSeqNo"" : ""1"",
      ""DepositNo"" : ""DEP202504080044-1"",
      ""DepositType"" : ""02"",
      ""Brand"" : null
    }, {
      ""PromotionId"" : null,
      ""TotalPromotionDiscount"" : null,
      ""JournalTypeName"" : ""Redemption"",
      ""Status"" : ""Processed"",
      ""Quantity"" : null,
      ""PaymentMethodName"" : ""포인트"",
      ""PaymentMethodCode"" : ""81"",
      ""TransactionAmount"" : 145000,
      ""JournalReason"" : null,
      ""DepositSeqNo"" : ""1"",
      ""DepositNo"" : ""DEP202504100124-1"",
      ""DepositType"" : ""02"",
      ""Brand"" : null
    }, {
      ""PromotionId"" : null,
      ""TotalPromotionDiscount"" : null,
      ""JournalTypeName"" : ""Redemption"",
      ""Status"" : ""Processed"",
      ""Quantity"" : null,
      ""PaymentMethodName"" : ""포인트"",
      ""PaymentMethodCode"" : ""81"",
      ""TransactionAmount"" : 730000,
      ""JournalReason"" : null,
      ""DepositSeqNo"" : ""1"",
      ""DepositNo"" : ""DEP202505210085-1"",
      ""DepositType"" : ""02"",
      ""Brand"" : null
    }, {
      ""PromotionId"" : null,
      ""TotalPromotionDiscount"" : null,
      ""JournalTypeName"" : ""Deposit"",
      ""Status"" : ""Processed"",
      ""Quantity"" : null,
      ""PaymentMethodName"" : ""카드"",
      ""PaymentMethodCode"" : ""03"",
      ""TransactionAmount"" : 964000,
      ""JournalReason"" : null,
      ""DepositSeqNo"" : ""1"",
      ""DepositNo"" : ""DEP202509050055-1"",
      ""DepositType"" : ""02"",
      ""Brand"" : null
    }, {
      ""PromotionId"" : null,
      ""TotalPromotionDiscount"" : null,
      ""JournalTypeName"" : ""Deposit"",
      ""Status"" : ""Processed"",
      ""Quantity"" : null,
      ""PaymentMethodName"" : ""백화점상품권"",
      ""PaymentMethodCode"" : ""92"",
      ""TransactionAmount"" : 90000,
      ""JournalReason"" : null,
      ""DepositSeqNo"" : ""2"",
      ""DepositNo"" : ""DEP202509050055-2"",
      ""DepositType"" : ""02"",
      ""Brand"" : null
    }, {
      ""PromotionId"" : null,
      ""TotalPromotionDiscount"" : null,
      ""JournalTypeName"" : ""Redemption"",
      ""Status"" : ""Processed"",
      ""Quantity"" : null,
      ""PaymentMethodName"" : ""본사상품권"",
      ""PaymentMethodCode"" : ""90"",
      ""TransactionAmount"" : 183000,
      ""JournalReason"" : null,
      ""DepositSeqNo"" : ""3"",
      ""DepositNo"" : ""DEP202509050055-3"",
      ""DepositType"" : ""02"",
      ""Brand"" : null
    }, {
      ""PromotionId"" : null,
      ""TotalPromotionDiscount"" : null,
      ""JournalTypeName"" : ""Redemption"",
      ""Status"" : ""Processed"",
      ""Quantity"" : null,
      ""PaymentMethodName"" : ""포인트"",
      ""PaymentMethodCode"" : ""81"",
      ""TransactionAmount"" : 400000,
      ""JournalReason"" : null,
      ""DepositSeqNo"" : ""1"",
      ""DepositNo"" : ""DEP202512110043-1"",
      ""DepositType"" : ""02"",
      ""Brand"" : null
    }, {
      ""PromotionId"" : null,
      ""TotalPromotionDiscount"" : null,
      ""JournalTypeName"" : ""Deposit"",
      ""Status"" : ""Processed"",
      ""Quantity"" : null,
      ""PaymentMethodName"" : ""카드"",
      ""PaymentMethodCode"" : ""03"",
      ""TransactionAmount"" : 2032000,
      ""JournalReason"" : null,
      ""DepositSeqNo"" : ""1"",
      ""DepositNo"" : ""DEP202603040059-1"",
      ""DepositType"" : ""02"",
      ""Brand"" : null
    }, {
      ""PromotionId"" : null,
      ""TotalPromotionDiscount"" : null,
      ""JournalTypeName"" : ""Redemption"",
      ""Status"" : ""Processed"",
      ""Quantity"" : null,
      ""PaymentMethodName"" : ""포인트"",
      ""PaymentMethodCode"" : ""81"",
      ""TransactionAmount"" : 67000,
      ""JournalReason"" : null,
      ""DepositSeqNo"" : ""1"",
      ""DepositNo"" : ""DEP202603040062-1"",
      ""DepositType"" : ""02"",
      ""Brand"" : null
    }, {
      ""PromotionId"" : null,
      ""TotalPromotionDiscount"" : null,
      ""JournalTypeName"" : ""Redemption"",
      ""Status"" : ""Processed"",
      ""Quantity"" : null,
      ""PaymentMethodName"" : ""본사상품권"",
      ""PaymentMethodCode"" : ""90"",
      ""TransactionAmount"" : 100000,
      ""JournalReason"" : null,
      ""DepositSeqNo"" : ""2"",
      ""DepositNo"" : ""DEP202603040062-2"",
      ""DepositType"" : ""02"",
      ""Brand"" : null
    }, {
      ""PromotionId"" : null,
      ""TotalPromotionDiscount"" : null,
      ""JournalTypeName"" : ""Deposit"",
      ""Status"" : ""Processed"",
      ""Quantity"" : null,
      ""PaymentMethodName"" : ""백화점상품권"",
      ""PaymentMethodCode"" : ""92"",
      ""TransactionAmount"" : 140000,
      ""JournalReason"" : null,
      ""DepositSeqNo"" : ""3"",
      ""DepositNo"" : ""DEP202603040062-3"",
      ""DepositType"" : ""02"",
      ""Brand"" : null
    }, {
      ""PromotionId"" : null,
      ""TotalPromotionDiscount"" : null,
      ""JournalTypeName"" : ""Deposit"",
      ""Status"" : ""Processed"",
      ""Quantity"" : null,
      ""PaymentMethodName"" : ""카드"",
      ""PaymentMethodCode"" : ""03"",
      ""TransactionAmount"" : 543000,
      ""JournalReason"" : null,
      ""DepositSeqNo"" : ""4"",
      ""DepositNo"" : ""DEP202603040062-4"",
      ""DepositType"" : ""02"",
      ""Brand"" : null
    }, {
      ""PromotionId"" : null,
      ""TotalPromotionDiscount"" : null,
      ""JournalTypeName"" : ""Deposit"",
      ""Status"" : ""Processed"",
      ""Quantity"" : null,
      ""PaymentMethodName"" : ""카드"",
      ""PaymentMethodCode"" : ""03"",
      ""TransactionAmount"" : 1578000,
      ""JournalReason"" : null,
      ""DepositSeqNo"" : ""1"",
      ""DepositNo"" : ""DEP202603120166-1"",
      ""DepositType"" : ""02"",
      ""Brand"" : null
    }, {
      ""PromotionId"" : null,
      ""TotalPromotionDiscount"" : null,
      ""JournalTypeName"" : ""Deposit"",
      ""Status"" : ""Processed"",
      ""Quantity"" : null,
      ""PaymentMethodName"" : ""백화점상품권"",
      ""PaymentMethodCode"" : ""92"",
      ""TransactionAmount"" : 70000,
      ""JournalReason"" : null,
      ""DepositSeqNo"" : ""2"",
      ""DepositNo"" : ""DEP202603120166-2"",
      ""DepositType"" : ""02"",
      ""Brand"" : null
    }, {
      ""PromotionId"" : null,
      ""TotalPromotionDiscount"" : null,
      ""JournalTypeName"" : ""Redemption"",
      ""Status"" : ""Processed"",
      ""Quantity"" : null,
      ""PaymentMethodName"" : ""포인트"",
      ""PaymentMethodCode"" : ""81"",
      ""TransactionAmount"" : 16000,
      ""JournalReason"" : null,
      ""DepositSeqNo"" : ""3"",
      ""DepositNo"" : ""DEP202603120166-3"",
      ""DepositType"" : ""02"",
      ""Brand"" : null
    }, {
      ""PromotionId"" : null,
      ""TotalPromotionDiscount"" : null,
      ""JournalTypeName"" : ""Deposit"",
      ""Status"" : ""Processed"",
      ""Quantity"" : null,
      ""PaymentMethodName"" : ""카드"",
      ""PaymentMethodCode"" : ""03"",
      ""TransactionAmount"" : 1122000,
      ""JournalReason"" : null,
      ""DepositSeqNo"" : ""1"",
      ""DepositNo"" : ""DEP202603120169-1"",
      ""DepositType"" : ""02"",
      ""Brand"" : null
    }, {
      ""PromotionId"" : null,
      ""TotalPromotionDiscount"" : null,
      ""JournalTypeName"" : ""Redemption"",
      ""Status"" : ""Processed"",
      ""Quantity"" : null,
      ""PaymentMethodName"" : ""본사상품권"",
      ""PaymentMethodCode"" : ""90"",
      ""TransactionAmount"" : 138000,
      ""JournalReason"" : null,
      ""DepositSeqNo"" : ""2"",
      ""DepositNo"" : ""DEP202603120169-2"",
      ""DepositType"" : ""02"",
      ""Brand"" : null
    }, {
      ""PromotionId"" : null,
      ""TotalPromotionDiscount"" : null,
      ""JournalTypeName"" : ""Deposit"",
      ""Status"" : ""Processed"",
      ""Quantity"" : null,
      ""PaymentMethodName"" : ""백화점상품권"",
      ""PaymentMethodCode"" : ""92"",
      ""TransactionAmount"" : 120000,
      ""JournalReason"" : null,
      ""DepositSeqNo"" : ""3"",
      ""DepositNo"" : ""DEP202603120169-3"",
      ""DepositType"" : ""02"",
      ""Brand"" : null
    }, {
      ""PromotionId"" : null,
      ""TotalPromotionDiscount"" : null,
      ""JournalTypeName"" : ""Deposit"",
      ""Status"" : ""Processed"",
      ""Quantity"" : null,
      ""PaymentMethodName"" : ""카드"",
      ""PaymentMethodCode"" : ""03"",
      ""TransactionAmount"" : 752000,
      ""JournalReason"" : null,
      ""DepositSeqNo"" : ""1"",
      ""DepositNo"" : ""DEP202603130124-1"",
      ""DepositType"" : ""02"",
      ""Brand"" : null
    }, {
      ""PromotionId"" : null,
      ""TotalPromotionDiscount"" : null,
      ""JournalTypeName"" : ""Deposit"",
      ""Status"" : ""Processed"",
      ""Quantity"" : null,
      ""PaymentMethodName"" : ""백화점상품권"",
      ""PaymentMethodCode"" : ""92"",
      ""TransactionAmount"" : 360000,
      ""JournalReason"" : null,
      ""DepositSeqNo"" : ""2"",
      ""DepositNo"" : ""DEP202603130124-2"",
      ""DepositType"" : ""02"",
      ""Brand"" : null
    }, {
      ""PromotionId"" : null,
      ""TotalPromotionDiscount"" : null,
      ""JournalTypeName"" : ""Deposit Reversal"",
      ""Status"" : ""Processed"",
      ""Quantity"" : null,
      ""PaymentMethodName"" : ""카드"",
      ""PaymentMethodCode"" : ""03"",
      ""TransactionAmount"" : 1578000,
      ""JournalReason"" : null,
      ""DepositSeqNo"" : ""1"",
      ""DepositNo"" : ""DEP202603130879-1"",
      ""DepositType"" : ""03"",
      ""Brand"" : null
    }, {
      ""PromotionId"" : null,
      ""TotalPromotionDiscount"" : null,
      ""JournalTypeName"" : ""Deposit Reversal"",
      ""Status"" : ""Processed"",
      ""Quantity"" : null,
      ""PaymentMethodName"" : ""백화점상품권"",
      ""PaymentMethodCode"" : ""92"",
      ""TransactionAmount"" : 70000,
      ""JournalReason"" : null,
      ""DepositSeqNo"" : ""2"",
      ""DepositNo"" : ""DEP202603130879-2"",
      ""DepositType"" : ""03"",
      ""Brand"" : null
    }, {
      ""PromotionId"" : null,
      ""TotalPromotionDiscount"" : null,
      ""JournalTypeName"" : ""Redemption Reversal"",
      ""Status"" : ""Processed"",
      ""Quantity"" : null,
      ""PaymentMethodName"" : ""포인트"",
      ""PaymentMethodCode"" : ""81"",
      ""TransactionAmount"" : 16000,
      ""JournalReason"" : null,
      ""DepositSeqNo"" : ""3"",
      ""DepositNo"" : ""DEP202603130879-3"",
      ""DepositType"" : ""03"",
      ""Brand"" : null
    }, {
      ""PromotionId"" : null,
      ""TotalPromotionDiscount"" : null,
      ""JournalTypeName"" : ""Deposit"",
      ""Status"" : ""Processed"",
      ""Quantity"" : null,
      ""PaymentMethodName"" : ""카드"",
      ""PaymentMethodCode"" : ""03"",
      ""TransactionAmount"" : 5442000,
      ""JournalReason"" : null,
      ""DepositSeqNo"" : ""1"",
      ""DepositNo"" : ""DEP202603130915-1"",
      ""DepositType"" : ""02"",
      ""Brand"" : null
    }, {
      ""PromotionId"" : null,
      ""TotalPromotionDiscount"" : null,
      ""JournalTypeName"" : ""Deposit"",
      ""Status"" : ""Processed"",
      ""Quantity"" : null,
      ""PaymentMethodName"" : ""백화점상품권"",
      ""PaymentMethodCode"" : ""92"",
      ""TransactionAmount"" : 350000,
      ""JournalReason"" : null,
      ""DepositSeqNo"" : ""2"",
      ""DepositNo"" : ""DEP202603130915-2"",
      ""DepositType"" : ""02"",
      ""Brand"" : null
    }, {
      ""PromotionId"" : null,
      ""TotalPromotionDiscount"" : null,
      ""JournalTypeName"" : ""Deposit"",
      ""Status"" : ""Processed"",
      ""Quantity"" : null,
      ""PaymentMethodName"" : ""카드"",
      ""PaymentMethodCode"" : ""03"",
      ""TransactionAmount"" : 2361000,
      ""JournalReason"" : null,
      ""DepositSeqNo"" : ""1"",
      ""DepositNo"" : ""DEP202603130947-1"",
      ""DepositType"" : ""02"",
      ""Brand"" : null
    }, {
      ""PromotionId"" : null,
      ""TotalPromotionDiscount"" : null,
      ""JournalTypeName"" : ""Deposit"",
      ""Status"" : ""Processed"",
      ""Quantity"" : null,
      ""PaymentMethodName"" : ""백화점상품권"",
      ""PaymentMethodCode"" : ""92"",
      ""TransactionAmount"" : 100000,
      ""JournalReason"" : null,
      ""DepositSeqNo"" : ""2"",
      ""DepositNo"" : ""DEP202603130947-2"",
      ""DepositType"" : ""02"",
      ""Brand"" : null
    }, {
      ""PromotionId"" : null,
      ""TotalPromotionDiscount"" : null,
      ""JournalTypeName"" : ""Deposit"",
      ""Status"" : ""Processed"",
      ""Quantity"" : null,
      ""PaymentMethodName"" : ""백화점상품권"",
      ""PaymentMethodCode"" : ""92"",
      ""TransactionAmount"" : 140000,
      ""JournalReason"" : null,
      ""DepositSeqNo"" : ""3"",
      ""DepositNo"" : ""DEP202603130947-3"",
      ""DepositType"" : ""02"",
      ""Brand"" : null
    }, {
      ""PromotionId"" : null,
      ""TotalPromotionDiscount"" : null,
      ""JournalTypeName"" : ""Redemption"",
      ""Status"" : ""Processed"",
      ""Quantity"" : null,
      ""PaymentMethodName"" : ""본사상품권"",
      ""PaymentMethodCode"" : ""90"",
      ""TransactionAmount"" : 289000,
      ""JournalReason"" : null,
      ""DepositSeqNo"" : ""4"",
      ""DepositNo"" : ""DEP202603130947-4"",
      ""DepositType"" : ""02"",
      ""Brand"" : null
    }, {
      ""PromotionId"" : null,
      ""TotalPromotionDiscount"" : null,
      ""JournalTypeName"" : ""Deposit"",
      ""Status"" : ""Processed"",
      ""Quantity"" : null,
      ""PaymentMethodName"" : ""카드"",
      ""PaymentMethodCode"" : ""03"",
      ""TransactionAmount"" : 1716000,
      ""JournalReason"" : null,
      ""DepositSeqNo"" : ""1"",
      ""DepositNo"" : ""DEP202603130966-1"",
      ""DepositType"" : ""02"",
      ""Brand"" : null
    }, {
      ""PromotionId"" : null,
      ""TotalPromotionDiscount"" : null,
      ""JournalTypeName"" : ""Deposit"",
      ""Status"" : ""Processed"",
      ""Quantity"" : null,
      ""PaymentMethodName"" : ""백화점상품권"",
      ""PaymentMethodCode"" : ""92"",
      ""TransactionAmount"" : 120000,
      ""JournalReason"" : null,
      ""DepositSeqNo"" : ""2"",
      ""DepositNo"" : ""DEP202603130966-2"",
      ""DepositType"" : ""02"",
      ""Brand"" : null
    }, {
      ""PromotionId"" : null,
      ""TotalPromotionDiscount"" : null,
      ""JournalTypeName"" : ""Redemption"",
      ""Status"" : ""Processed"",
      ""Quantity"" : null,
      ""PaymentMethodName"" : ""본사상품권"",
      ""PaymentMethodCode"" : ""90"",
      ""TransactionAmount"" : 204000,
      ""JournalReason"" : null,
      ""DepositSeqNo"" : ""3"",
      ""DepositNo"" : ""DEP202603130966-3"",
      ""DepositType"" : ""02"",
      ""Brand"" : null
    }, {
      ""PromotionId"" : null,
      ""TotalPromotionDiscount"" : null,
      ""JournalTypeName"" : ""Deposit"",
      ""Status"" : ""Processed"",
      ""Quantity"" : null,
      ""PaymentMethodName"" : ""카드"",
      ""PaymentMethodCode"" : ""03"",
      ""TransactionAmount"" : 1000000,
      ""JournalReason"" : null,
      ""DepositSeqNo"" : ""1"",
      ""DepositNo"" : ""DEP202603130975-1"",
      ""DepositType"" : ""02"",
      ""Brand"" : null
    }, {
      ""PromotionId"" : null,
      ""TotalPromotionDiscount"" : null,
      ""JournalTypeName"" : ""Redemption"",
      ""Status"" : ""Processed"",
      ""Quantity"" : null,
      ""PaymentMethodName"" : ""포인트"",
      ""PaymentMethodCode"" : ""81"",
      ""TransactionAmount"" : 16000,
      ""JournalReason"" : null,
      ""DepositSeqNo"" : ""2"",
      ""DepositNo"" : ""DEP202603130975-2"",
      ""DepositType"" : ""02"",
      ""Brand"" : null
    }, {
      ""PromotionId"" : null,
      ""TotalPromotionDiscount"" : null,
      ""JournalTypeName"" : ""Deposit"",
      ""Status"" : ""Processed"",
      ""Quantity"" : null,
      ""PaymentMethodName"" : ""카드"",
      ""PaymentMethodCode"" : ""03"",
      ""TransactionAmount"" : 2406000,
      ""JournalReason"" : null,
      ""DepositSeqNo"" : ""1"",
      ""DepositNo"" : ""DEP202603150976-1"",
      ""DepositType"" : ""02"",
      ""Brand"" : null
    }, {
      ""PromotionId"" : null,
      ""TotalPromotionDiscount"" : null,
      ""JournalTypeName"" : ""Deposit"",
      ""Status"" : ""Processed"",
      ""Quantity"" : null,
      ""PaymentMethodName"" : ""백화점상품권"",
      ""PaymentMethodCode"" : ""92"",
      ""TransactionAmount"" : 140000,
      ""JournalReason"" : null,
      ""DepositSeqNo"" : ""2"",
      ""DepositNo"" : ""DEP202603150976-2"",
      ""DepositType"" : ""02"",
      ""Brand"" : null
    }, {
      ""PromotionId"" : null,
      ""TotalPromotionDiscount"" : null,
      ""JournalTypeName"" : ""Redemption"",
      ""Status"" : ""Processed"",
      ""Quantity"" : null,
      ""PaymentMethodName"" : ""포인트"",
      ""PaymentMethodCode"" : ""81"",
      ""TransactionAmount"" : 206000,
      ""JournalReason"" : null,
      ""DepositSeqNo"" : ""3"",
      ""DepositNo"" : ""DEP202603150976-3"",
      ""DepositType"" : ""02"",
      ""Brand"" : null
    }, {
      ""PromotionId"" : null,
      ""TotalPromotionDiscount"" : null,
      ""JournalTypeName"" : ""Deposit"",
      ""Status"" : ""Processed"",
      ""Quantity"" : null,
      ""PaymentMethodName"" : ""카드"",
      ""PaymentMethodCode"" : ""03"",
      ""TransactionAmount"" : 1376000,
      ""JournalReason"" : null,
      ""DepositSeqNo"" : ""1"",
      ""DepositNo"" : ""DEP202603151409-1"",
      ""DepositType"" : ""02"",
      ""Brand"" : null
    }, {
      ""PromotionId"" : null,
      ""TotalPromotionDiscount"" : null,
      ""JournalTypeName"" : ""Deposit"",
      ""Status"" : ""Processed"",
      ""Quantity"" : null,
      ""PaymentMethodName"" : ""가주문"",
      ""PaymentMethodCode"" : ""06"",
      ""TransactionAmount"" : 1242000,
      ""JournalReason"" : null,
      ""DepositSeqNo"" : ""1"",
      ""DepositNo"" : ""DEP202603170173-1"",
      ""DepositType"" : ""02"",
      ""Brand"" : null
    }, {
      ""PromotionId"" : null,
      ""TotalPromotionDiscount"" : null,
      ""JournalTypeName"" : ""Redemption"",
      ""Status"" : ""Processed"",
      ""Quantity"" : null,
      ""PaymentMethodName"" : ""본사상품권"",
      ""PaymentMethodCode"" : ""90"",
      ""TransactionAmount"" : 138000,
      ""JournalReason"" : null,
      ""DepositSeqNo"" : ""2"",
      ""DepositNo"" : ""DEP202603170173-2"",
      ""DepositType"" : ""02"",
      ""Brand"" : null
    }, {
      ""PromotionId"" : null,
      ""TotalPromotionDiscount"" : null,
      ""JournalTypeName"" : ""Redemption"",
      ""Status"" : ""Processed"",
      ""Quantity"" : null,
      ""PaymentMethodName"" : ""본사상품권"",
      ""PaymentMethodCode"" : ""90"",
      ""TransactionAmount"" : 392000,
      ""JournalReason"" : null,
      ""DepositSeqNo"" : ""1"",
      ""DepositNo"" : ""DEP202604170019-1"",
      ""DepositType"" : ""02"",
      ""Brand"" : null
    }, {
      ""PromotionId"" : null,
      ""TotalPromotionDiscount"" : null,
      ""JournalTypeName"" : ""Accrual"",
      ""Status"" : ""Processed"",
      ""Quantity"" : null,
      ""PaymentMethodName"" : null,
      ""PaymentMethodCode"" : null,
      ""TransactionAmount"" : 2718000,
      ""JournalReason"" : null,
      ""DepositSeqNo"" : null,
      ""DepositNo"" : ""OPTC_CREDIT_212501600243"",
      ""DepositType"" : null,
      ""Brand"" : null
    }, {
      ""PromotionId"" : null,
      ""TotalPromotionDiscount"" : null,
      ""JournalTypeName"" : ""Accrual"",
      ""Status"" : ""Processed"",
      ""Quantity"" : null,
      ""PaymentMethodName"" : null,
      ""PaymentMethodCode"" : null,
      ""TransactionAmount"" : 302412,
      ""JournalReason"" : null,
      ""DepositSeqNo"" : null,
      ""DepositNo"" : ""OPTC_RESIDUAL_212501600243"",
      ""DepositType"" : null,
      ""Brand"" : null
    } ]
  },
  ""code"" : 200
}"
a12JO000000Lo9uYAC,2026-05-07T05:41:44.000+0000,GdVoucherHelpApiControllerV1,/gd/v1/voucher/help,"{""StoreCode__c"":""99998"",""MemberNo__c"":""212501600243"",""ActualPaymentAmount__c"":1000000.0,""OrderStatus__c"":null,""Type"":""02"",""PromotionNo__c"":""PRO202604161041"",""OrderItem"":[{""OrderSeqNo__c"":null,""Status__c"":null,""ProductCode"":""2A2600001"",""Quantity"":1,""isExclude"":null,""NetSalesUnitPrice__c"":0.0,""DiscountRate__c"":0.0},{""OrderSeqNo__c"":null,""Status__c"":null,""ProductCode"":""3A2600005"",""Quantity"":1,""isExclude"":null,""NetSalesUnitPrice__c"":0.0,""DiscountRate__c"":0.0}],""TransactionJournal"":null}","{
  ""success"" : true,
  ""message"" : ""사용 가능한 쿠폰 조회 성공"",
  ""data"" : {
    ""voucherList"" : [ {
      ""TX_COUPON"" : ""2026_SVIP_승격축하쿠폰"",
      ""RT_DISC"" : 0,
      ""NO_MAN_COUPON"" : ""COP2026JA0028"",
      ""NO_COUPON"" : ""29"",
      ""NM_RESPON"" : ""최재현"",
      ""NM_DEPT"" : ""IMC팀"",
      ""NM_COUPON"" : ""2026_SVIP_승격축하쿠폰"",
      ""ID_INSERT"" : ""최재현"",
      ""DTS_INSERT"" : ""20260202151859"",
      ""DT_USE"" : """",
      ""DT_STR_EXP"" : ""20260201"",
      ""DT_ISSUE"" : ""20260202"",
      ""DT_END_EXP"" : ""20270131"",
      ""DS_MON_EXP"" : 0,
      ""CD_TYPE_DAY_EXP"" : ""02"",
      ""CD_TYPE_COUPON"" : ""03"",
      ""CD_STAT_COUPON"" : ""02"",
      ""CD_BRAND"" : ""01"",
      ""AM_DISC"" : 100000
    }, {
      ""TX_COUPON"" : ""10%할인_SVIP특별바우처6"",
      ""RT_DISC"" : 10,
      ""NO_MAN_COUPON"" : ""COP2026MA0009"",
      ""NO_COUPON"" : ""03"",
      ""NM_RESPON"" : ""최재현"",
      ""NM_DEPT"" : ""IMC팀"",
      ""NM_COUPON"" : ""10%할인_SVIP특별바우처6 (2)"",
      ""ID_INSERT"" : ""milvus"",
      ""DTS_INSERT"" : ""20260417102101"",
      ""DT_USE"" : """",
      ""DT_STR_EXP"" : ""20260201"",
      ""DT_ISSUE"" : ""20260417"",
      ""DT_END_EXP"" : ""20270131"",
      ""DS_MON_EXP"" : 0,
      ""CD_TYPE_DAY_EXP"" : ""02"",
      ""CD_TYPE_COUPON"" : ""03"",
      ""CD_STAT_COUPON"" : ""02"",
      ""CD_BRAND"" : ""01"",
      ""AM_DISC"" : 0
    } ]
  },
  ""code"" : 200
}"
a12JO000000LrEHYA0,2026-05-07T05:42:17.000+0000,GdSaleApiControllerV1,/gd/v1/sale,"{""AccountId"":""1000"",""StoreCode__c"":""99998"",""MemberNo__c"":""212501600243"",""SaleNo__c"":""SAL202605070163"",""ActualPaymentAmount__c"":1000000.0,""EndDate"":""20260507"",""SaleStatus__c"":""01"",""PromotionNo__c"":""PRO202604161041"",""OrderItem"":[{""SaleSeqNo__c"":""1"",""OrderNo__c"":null,""ProductCode"":""2A2600001"",""Quantity"":1,""isExclude"":false,""NetSalesUnitPrice__c"":500000.0000,""DiscountRate__c"":0.0000},{""SaleSeqNo__c"":""2"",""OrderNo__c"":null,""ProductCode"":""3A2600005"",""Quantity"":1,""isExclude"":false,""NetSalesUnitPrice__c"":500000.0000,""DiscountRate__c"":0.0000}],""TransactionJournal"":[{""DepositNo__c"":""DEP202605070172"",""DeposiSeqNo__c"":""1"",""ActivityDate"":""20260507"",""PaymentMethod"":""01"",""DepositType__c"":""02"",""TransactionAmount"":920000.0000,""CouponNo"":"""",""OrderNo__c"":null},{""DepositNo__c"":""DEP202605070172"",""DeposiSeqNo__c"":""2"",""ActivityDate"":""20260507"",""PaymentMethod"":""81"",""DepositType__c"":""02"",""TransactionAmount"":50000.0000,""CouponNo"":"""",""OrderNo__c"":null},{""DepositNo__c"":""DEP202605070172"",""DeposiSeqNo__c"":""3"",""ActivityDate"":""20260507"",""PaymentMethod"":""90"",""DepositType__c"":""02"",""TransactionAmount"":30000.0000,""CouponNo"":""COP2026JA0028;-;29"",""OrderNo__c"":null}]}","{
  ""success"" : true,
  ""message"" : ""판매 등록 완료"",
  ""data"" : {
    ""CreditPointList"" : [ {
      ""TX_REMARK"" : ""구매포인트|11cJO000001BAZlYAO|2.00"",
      ""PT_TARGET"" : 18400.00,
      ""NO_SAL"" : null,
      ""NO_PROM_MBR"" : ""PRO202604161041"",
      ""NO_MBR"" : ""212501600243"",
      ""NO_GRADE_ADVAN"" : ""04"",
      ""ID_INSERT"" : null,
      ""DTS_INSERT"" : ""2026-05-07 14:42:17"",
      ""DT_SAVE_PLAN"" : null,
      ""DT_LIMIT_START"" : ""2026-05-07 09:00:00"",
      ""DT_LIMIT_END"" : ""2028-05-07"",
      ""DT_DESTROY_PLAN"" : ""2028-05-08"",
      ""CD_TYPE_SAVE"" : ""Credit"",
      ""CD_TYPE_POINT"" : ""01"",
      ""CD_JOURNAL"" : ""05wJO00000046LOYAY"",
      ""AM_SAL"" : 1000000.0
    }, {
      ""TX_REMARK"" : ""사은포인트|11cJO000001BAY9YAO|3.00"",
      ""PT_TARGET"" : 27600.00,
      ""NO_SAL"" : null,
      ""NO_PROM_MBR"" : ""PRO202604161041"",
      ""NO_MBR"" : ""212501600243"",
      ""NO_GRADE_ADVAN"" : ""04"",
      ""ID_INSERT"" : null,
      ""DTS_INSERT"" : ""2026-05-07 14:42:17"",
      ""DT_SAVE_PLAN"" : null,
      ""DT_LIMIT_START"" : ""2026-05-07 09:00:00"",
      ""DT_LIMIT_END"" : ""2028-05-07"",
      ""DT_DESTROY_PLAN"" : ""2028-05-08"",
      ""CD_TYPE_SAVE"" : ""Credit"",
      ""CD_TYPE_POINT"" : ""01"",
      ""CD_JOURNAL"" : ""05wJO00000046LPYAY"",
      ""AM_SAL"" : 1000000.0
    } ],
    ""DebitPointList"" : [ {
      ""PT_USE"" : 50000.00,
      ""NO_SAL_RTN"" : null,
      ""NO_SAL"" : ""SAL202605070163"",
      ""NO_MBR"" : ""212501600243"",
      ""ID_INSERT"" : null,
      ""DTS_INSERT"" : ""2026-05-07 14:42:16"",
      ""CD_TYPE_POINT"" : ""04"",
      ""CD_RESON"" : ""1"",
      ""CD_LEDGER"" : ""05wJO00000046LNYAY"",
      ""CD_JOURNAL"" : ""05wJO00000044V0YAI"",
      ""AM_SAL"" : 1000000.0
    } ],
    ""oiList"" : [ {
      ""attributes"" : {
        ""type"" : ""OrderItem"",
        ""url"" : ""/services/data/v66.0/sobjects/OrderItem/802JO0000052CQPYA2""
      },
      ""OrderId"" : ""801JO00000I9PfzYAF"",
      ""PricebookEntryId"" : ""01uJO000001R0w4YAC"",
      ""Quantity"" : 1,
      ""UnitPrice"" : 500000,
      ""SaleSeqNo__c"" : ""1"",
      ""SaleItemNo__c"" : ""801JO00000I9PfzYAF-1"",
      ""IsExclude__c"" : false,
      ""NetSalesUnitPrice__c"" : 500000.0000,
      ""DiscountRate__c"" : 0.0000,
      ""Id"" : ""802JO0000052CQPYA2""
    }, {
      ""attributes"" : {
        ""type"" : ""OrderItem"",
        ""url"" : ""/services/data/v66.0/sobjects/OrderItem/802JO0000052CQQYA2""
      },
      ""OrderId"" : ""801JO00000I9PfzYAF"",
      ""PricebookEntryId"" : ""01uJO000001RG0OYAW"",
      ""Quantity"" : 1,
      ""UnitPrice"" : 500000,
      ""SaleSeqNo__c"" : ""2"",
      ""SaleItemNo__c"" : ""801JO00000I9PfzYAF-2"",
      ""IsExclude__c"" : false,
      ""NetSalesUnitPrice__c"" : 500000.0000,
      ""DiscountRate__c"" : 0.0000,
      ""Id"" : ""802JO0000052CQQYA2""
    } ],
    ""storeType"" : ""09"",
    ""storeTypeFour"" : ""NULL"",
    ""orderId"" : ""801JO00000I9PfzYAF"",
    ""TransactionJournal"" : [ {
      ""OrderNo__c"" : null,
      ""CouponNo"" : """",
      ""TransactionAmount"" : 920000.0000,
      ""DepositType__c"" : ""02"",
      ""PaymentMethod"" : ""01"",
      ""ActivityDate"" : ""20260507"",
      ""DeposiSeqNo__c"" : ""1"",
      ""DepositNo__c"" : ""DEP202605070172""
    }, {
      ""OrderNo__c"" : null,
      ""CouponNo"" : """",
      ""TransactionAmount"" : 50000.0000,
      ""DepositType__c"" : ""02"",
      ""PaymentMethod"" : ""81"",
      ""ActivityDate"" : ""20260507"",
      ""DeposiSeqNo__c"" : ""2"",
      ""DepositNo__c"" : ""DEP202605070172""
    }, {
      ""OrderNo__c"" : null,
      ""CouponNo"" : ""COP2026JA0028;-;29"",
      ""TransactionAmount"" : 30000.0000,
      ""DepositType__c"" : ""02"",
      ""PaymentMethod"" : ""90"",
      ""ActivityDate"" : ""20260507"",
      ""DeposiSeqNo__c"" : ""3"",
      ""DepositNo__c"" : ""DEP202605070172""
    } ],
    ""OrderItem"" : [ {
      ""DiscountRate__c"" : 0.0000,
      ""NetSalesUnitPrice__c"" : 500000.0000,
      ""isExclude"" : false,
      ""Quantity"" : 1,
      ""ProductCode"" : ""2A2600001"",
      ""OrderNo__c"" : null,
      ""SaleSeqNo__c"" : ""1""
    }, {
      ""DiscountRate__c"" : 0.0000,
      ""NetSalesUnitPrice__c"" : 500000.0000,
      ""isExclude"" : false,
      ""Quantity"" : 1,
      ""ProductCode"" : ""3A2600005"",
      ""OrderNo__c"" : null,
      ""SaleSeqNo__c"" : ""2""
    } ],
    ""PromotionNo__c"" : ""PRO202604161041"",
    ""SaleStatus__c"" : ""01"",
    ""EndDate"" : ""20260507"",
    ""ActualPaymentAmount__c"" : 1000000.0,
    ""SaleNo__c"" : ""SAL202605070163"",
    ""MemberNo__c"" : ""212501600243"",
    ""StoreCode__c"" : ""99998"",
    ""AccountId"" : ""1000""
  },
  ""code"" : 200
}"
a12JO000000LpHKYA0,2026-05-07T05:43:14.000+0000,GdMemberHelpInfoApiControllerV1,"{""MemberNo__c"":""212501600243""}",,"{
  ""success"" : true,
  ""message"" : ""회원도움정보 조회 성공"",
  ""data"" : {
    ""CsList"" : [ ],
    ""UserDestoryHistoryList"" : [ {
      ""YM_CREATE"" : ""202605"",
      ""PT_USE"" : 119000,
      ""NO_SAL_SAVE"" : """",
      ""NO_SAL_RTN"" : """",
      ""NO_SAL_ORD"" : """",
      ""NO_SAL"" : ""SAL202207090199"",
      ""NM_TYPE_POINT"" : ""기타포인트"",
      ""NM_PERSON"" : ""사용"",
      ""DT_USE"" : ""20220709"",
      ""DT_SAVE"" : ""20200101"",
      ""AM_SAL"" : 7822500
    }, {
      ""YM_CREATE"" : ""202605"",
      ""PT_USE"" : 163000,
      ""NO_SAL_SAVE"" : """",
      ""NO_SAL_RTN"" : """",
      ""NO_SAL_ORD"" : """",
      ""NO_SAL"" : ""SAL202301080243"",
      ""NM_TYPE_POINT"" : ""기타포인트"",
      ""NM_PERSON"" : ""사용"",
      ""DT_USE"" : ""20230108"",
      ""DT_SAVE"" : ""20200101"",
      ""AM_SAL"" : 6770000
    }, {
      ""YM_CREATE"" : ""202605"",
      ""PT_USE"" : 120000,
      ""NO_SAL_SAVE"" : """",
      ""NO_SAL_RTN"" : """",
      ""NO_SAL_ORD"" : """",
      ""NO_SAL"" : ""SAL202302180188"",
      ""NM_TYPE_POINT"" : ""기타포인트"",
      ""NM_PERSON"" : ""사용"",
      ""DT_USE"" : ""20230218"",
      ""DT_SAVE"" : ""20200101"",
      ""AM_SAL"" : 1352000
    }, {
      ""YM_CREATE"" : ""202605"",
      ""PT_USE"" : 41000,
      ""NO_SAL_SAVE"" : """",
      ""NO_SAL_RTN"" : """",
      ""NO_SAL_ORD"" : """",
      ""NO_SAL"" : ""SAL202303160019"",
      ""NM_TYPE_POINT"" : ""기타포인트"",
      ""NM_PERSON"" : ""사용"",
      ""DT_USE"" : ""20230316"",
      ""DT_SAVE"" : ""20200101"",
      ""AM_SAL"" : 11990000
    }, {
      ""YM_CREATE"" : ""202605"",
      ""PT_USE"" : 170000,
      ""NO_SAL_SAVE"" : """",
      ""NO_SAL_RTN"" : """",
      ""NO_SAL_ORD"" : """",
      ""NO_SAL"" : ""SAL202305170021"",
      ""NM_TYPE_POINT"" : ""기타포인트"",
      ""NM_PERSON"" : ""사용"",
      ""DT_USE"" : ""20230517"",
      ""DT_SAVE"" : ""20200101"",
      ""AM_SAL"" : 1650000
    }, {
      ""YM_CREATE"" : ""202605"",
      ""PT_USE"" : 25000,
      ""NO_SAL_SAVE"" : """",
      ""NO_SAL_RTN"" : """",
      ""NO_SAL_ORD"" : """",
      ""NO_SAL"" : ""SAL202307210965"",
      ""NM_TYPE_POINT"" : ""기타포인트"",
      ""NM_PERSON"" : ""사용"",
      ""DT_USE"" : ""20230604"",
      ""DT_SAVE"" : ""20200101"",
      ""AM_SAL"" : 3153200
    }, {
      ""YM_CREATE"" : ""202605"",
      ""PT_USE"" : 500000,
      ""NO_SAL_SAVE"" : """",
      ""NO_SAL_RTN"" : """",
      ""NO_SAL_ORD"" : """",
      ""NO_SAL"" : ""SAL202408040178"",
      ""NM_TYPE_POINT"" : ""기타포인트"",
      ""NM_PERSON"" : ""사용"",
      ""DT_USE"" : ""20240804"",
      ""DT_SAVE"" : ""20200101"",
      ""AM_SAL"" : 7724000
    }, {
      ""YM_CREATE"" : ""202605"",
      ""PT_USE"" : 145000,
      ""NO_SAL_SAVE"" : """",
      ""NO_SAL_RTN"" : """",
      ""NO_SAL_ORD"" : """",
      ""NO_SAL"" : ""SAL202504100110"",
      ""NM_TYPE_POINT"" : ""기타포인트"",
      ""NM_PERSON"" : ""사용"",
      ""DT_USE"" : ""20250410"",
      ""DT_SAVE"" : ""20200101"",
      ""AM_SAL"" : 5145000
    }, {
      ""YM_CREATE"" : ""202605"",
      ""PT_USE"" : 730000,
      ""NO_SAL_SAVE"" : """",
      ""NO_SAL_RTN"" : """",
      ""NO_SAL_ORD"" : """",
      ""NO_SAL"" : ""SAL202505210165"",
      ""NM_TYPE_POINT"" : ""기타포인트"",
      ""NM_PERSON"" : ""사용"",
      ""DT_USE"" : ""20250521"",
      ""DT_SAVE"" : ""20200101"",
      ""AM_SAL"" : 21231000
    }, {
      ""YM_CREATE"" : ""202605"",
      ""PT_USE"" : 400000,
      ""NO_SAL_SAVE"" : """",
      ""NO_SAL_RTN"" : """",
      ""NO_SAL_ORD"" : """",
      ""NO_SAL"" : ""SAL202512110034"",
      ""NM_TYPE_POINT"" : ""기타포인트"",
      ""NM_PERSON"" : ""사용"",
      ""DT_USE"" : ""20251211"",
      ""DT_SAVE"" : ""20200101"",
      ""AM_SAL"" : 1616000
    }, {
      ""YM_CREATE"" : ""202605"",
      ""PT_USE"" : 67000,
      ""NO_SAL_SAVE"" : """",
      ""NO_SAL_RTN"" : """",
      ""NO_SAL_ORD"" : """",
      ""NO_SAL"" : ""SAL202603040049"",
      ""NM_TYPE_POINT"" : ""기타포인트"",
      ""NM_PERSON"" : ""사용"",
      ""DT_USE"" : ""20260304"",
      ""DT_SAVE"" : ""20200101"",
      ""AM_SAL"" : 850000
    }, {
      ""YM_CREATE"" : ""202605"",
      ""PT_USE"" : 16000,
      ""NO_SAL_SAVE"" : """",
      ""NO_SAL_RTN"" : """",
      ""NO_SAL_ORD"" : """",
      ""NO_SAL"" : ""SAL202603120536"",
      ""NM_TYPE_POINT"" : ""기타포인트"",
      ""NM_PERSON"" : ""사용"",
      ""DT_USE"" : ""20260312"",
      ""DT_SAVE"" : ""20200101"",
      ""AM_SAL"" : 1664000
    }, {
      ""YM_CREATE"" : ""202605"",
      ""PT_USE"" : 16000,
      ""NO_SAL_SAVE"" : """",
      ""NO_SAL_RTN"" : """",
      ""NO_SAL_ORD"" : """",
      ""NO_SAL"" : ""SAL202603130863"",
      ""NM_TYPE_POINT"" : ""기타포인트"",
      ""NM_PERSON"" : ""사용"",
      ""DT_USE"" : ""20260313"",
      ""DT_SAVE"" : ""20200101"",
      ""AM_SAL"" : 1016000
    }, {
      ""YM_CREATE"" : ""202605"",
      ""PT_USE"" : 206000,
      ""NO_SAL_SAVE"" : """",
      ""NO_SAL_RTN"" : """",
      ""NO_SAL_ORD"" : """",
      ""NO_SAL"" : ""SAL202603150433"",
      ""NM_TYPE_POINT"" : ""기타포인트"",
      ""NM_PERSON"" : ""사용"",
      ""DT_USE"" : ""20260315"",
      ""DT_SAVE"" : ""20200101"",
      ""AM_SAL"" : 2752000
    }, {
      ""YM_CREATE"" : ""202605"",
      ""PT_USE"" : 50000,
      ""NO_SAL_SAVE"" : """",
      ""NO_SAL_RTN"" : """",
      ""NO_SAL_ORD"" : """",
      ""NO_SAL"" : ""SAL202605070163"",
      ""NM_TYPE_POINT"" : ""기타포인트"",
      ""NM_PERSON"" : ""사용"",
      ""DT_USE"" : ""20260507"",
      ""DT_SAVE"" : ""20260501"",
      ""AM_SAL"" : 1000000
    } ],
    ""AccrualHistoryList"" : [ {
      ""YM_CREATE"" : ""202001"",
      ""PT_USE_SALE_COUPON"" : 0,
      ""PT_USE_SALE"" : 0,
      ""PT_USE"" : 2718000,
      ""PT_TARGET"" : 2718000,
      ""PT_SAVE_PLAN"" : 2718000,
      ""PT_SAVE"" : 2718000,
      ""PT_DESTROY"" : 0,
      ""NO_SAL"" : """",
      ""NO_PROM_MBR"" : """",
      ""NM_TYPE_SAVE"" : ""Api Forced Credit"",
      ""NM_TYPE_POINT"" : ""기타포인트"",
      ""DT_SAVE_PLAN"" : ""20200101"",
      ""DT_SAVE"" : ""20200101"",
      ""DT_LIMIT_START"" : ""20200101"",
      ""DT_LIMIT_END"" : ""20280501"",
      ""DT_DESTROY_PLAN"" : ""20280502"",
      ""DT_DESTROY_DEL_SALE"" : """",
      ""AM_SAL"" : 0
    }, {
      ""YM_CREATE"" : ""202605"",
      ""PT_USE_SALE_COUPON"" : 0,
      ""PT_USE_SALE"" : 0,
      ""PT_USE"" : 50000,
      ""PT_TARGET"" : 302412,
      ""PT_SAVE_PLAN"" : 302412,
      ""PT_SAVE"" : 302412,
      ""PT_DESTROY"" : 0,
      ""NO_SAL"" : """",
      ""NO_PROM_MBR"" : """",
      ""NM_TYPE_SAVE"" : ""Api Forced Credit"",
      ""NM_TYPE_POINT"" : ""기타포인트"",
      ""DT_SAVE_PLAN"" : ""20260501"",
      ""DT_SAVE"" : ""20260501"",
      ""DT_LIMIT_START"" : ""20260501"",
      ""DT_LIMIT_END"" : ""20280501"",
      ""DT_DESTROY_PLAN"" : ""20280502"",
      ""DT_DESTROY_DEL_SALE"" : """",
      ""AM_SAL"" : 0
    }, {
      ""YM_CREATE"" : ""202605"",
      ""PT_USE_SALE_COUPON"" : 30000,
      ""PT_USE_SALE"" : 50000,
      ""PT_USE"" : 0,
      ""PT_TARGET"" : 18400,
      ""PT_SAVE_PLAN"" : 18400,
      ""PT_SAVE"" : 18400,
      ""PT_DESTROY"" : 0,
      ""NO_SAL"" : ""SAL202605070163"",
      ""NO_PROM_MBR"" : ""PRO202604161041"",
      ""NM_TYPE_SAVE"" : ""구매 시 포인트 지급"",
      ""NM_TYPE_POINT"" : ""구매포인트"",
      ""DT_SAVE_PLAN"" : ""20260507"",
      ""DT_SAVE"" : ""20260507"",
      ""DT_LIMIT_START"" : ""20260507"",
      ""DT_LIMIT_END"" : ""20280507"",
      ""DT_DESTROY_PLAN"" : ""20280508"",
      ""DT_DESTROY_DEL_SALE"" : """",
      ""AM_SAL"" : 1000000
    }, {
      ""YM_CREATE"" : ""202605"",
      ""PT_USE_SALE_COUPON"" : 30000,
      ""PT_USE_SALE"" : 50000,
      ""PT_USE"" : 0,
      ""PT_TARGET"" : 27600,
      ""PT_SAVE_PLAN"" : 27600,
      ""PT_SAVE"" : 27600,
      ""PT_DESTROY"" : 0,
      ""NO_SAL"" : ""SAL202605070163"",
      ""NO_PROM_MBR"" : ""PRO202604161041"",
      ""NM_TYPE_SAVE"" : ""구매 시 포인트 지급"",
      ""NM_TYPE_POINT"" : ""사은포인트"",
      ""DT_SAVE_PLAN"" : ""20260507"",
      ""DT_SAVE"" : ""20260507"",
      ""DT_LIMIT_START"" : ""20260507"",
      ""DT_LIMIT_END"" : ""20280507"",
      ""DT_DESTROY_PLAN"" : ""20280508"",
      ""DT_DESTROY_DEL_SALE"" : """",
      ""AM_SAL"" : 1000000
    } ],
    ""CouponList"" : [ {
      ""TX_COUPON"" : ""10%할인_SVIP특별바우처6"",
      ""RT_DISC"" : 10,
      ""NO_MAN_COUPON"" : ""COP2026MA0009"",
      ""NO_COUPON"" : ""03"",
      ""NM_RESPON"" : ""최재현"",
      ""NM_DEPT"" : ""IMC팀"",
      ""NM_COUPON"" : ""10%할인_SVIP특별바우처6 (2)"",
      ""ID_INSERT"" : ""milvus"",
      ""DTS_INSERT"" : ""20260417102101"",
      ""DT_USE"" : """",
      ""DT_STR_EXP"" : ""20260201"",
      ""DT_ISSUE"" : ""20260417"",
      ""DT_END_EXP"" : ""20270131"",
      ""DS_MON_EXP"" : 0,
      ""CD_TYPE_DAY_EXP"" : ""02"",
      ""CD_TYPE_COUPON"" : ""03"",
      ""CD_STAT_COUPON"" : ""02"",
      ""CD_BRAND"" : ""01"",
      ""AM_DISC"" : 0
    }, {
      ""TX_COUPON"" : ""10%할인_SVIP특별바우처5"",
      ""RT_DISC"" : 10,
      ""NO_MAN_COUPON"" : ""COP2026MA0008"",
      ""NO_COUPON"" : ""03"",
      ""NM_RESPON"" : ""최재현"",
      ""NM_DEPT"" : ""IMC팀"",
      ""NM_COUPON"" : ""10%할인_SVIP특별바우처5 (2)"",
      ""ID_INSERT"" : ""milvus"",
      ""DTS_INSERT"" : ""20260417102056"",
      ""DT_USE"" : ""20260416"",
      ""DT_STR_EXP"" : ""20260201"",
      ""DT_ISSUE"" : ""20260417"",
      ""DT_END_EXP"" : ""20270131"",
      ""DS_MON_EXP"" : 0,
      ""CD_TYPE_DAY_EXP"" : ""02"",
      ""CD_TYPE_COUPON"" : ""03"",
      ""CD_STAT_COUPON"" : ""01"",
      ""CD_BRAND"" : ""01"",
      ""AM_DISC"" : 0
    }, {
      ""TX_COUPON"" : ""202604_SVIP회원_수선15만원쿠폰"",
      ""RT_DISC"" : 0,
      ""NO_MAN_COUPON"" : ""COP2026MA0020"",
      ""NO_COUPON"" : ""44"",
      ""NM_RESPON"" : ""최재현"",
      ""NM_DEPT"" : ""IMC팀"",
      ""NM_COUPON"" : ""202604_SVIP회원_수선15만원쿠폰"",
      ""ID_INSERT"" : ""쿠폰자동발급"",
      ""DTS_INSERT"" : ""20260401070005"",
      ""DT_USE"" : """",
      ""DT_STR_EXP"" : ""20260401"",
      ""DT_ISSUE"" : ""20260401"",
      ""DT_END_EXP"" : ""20260430"",
      ""DS_MON_EXP"" : 0,
      ""CD_TYPE_DAY_EXP"" : ""02"",
      ""CD_TYPE_COUPON"" : ""03"",
      ""CD_STAT_COUPON"" : ""04"",
      ""CD_BRAND"" : ""01"",
      ""AM_DISC"" : 150000
    }, {
      ""TX_COUPON"" : ""10%할인_SVIP특별바우처4"",
      ""RT_DISC"" : 10,
      ""NO_MAN_COUPON"" : ""COP2026MA0004"",
      ""NO_COUPON"" : ""02"",
      ""NM_RESPON"" : ""최재현"",
      ""NM_DEPT"" : ""IMC팀"",
      ""NM_COUPON"" : ""10%할인_SVIP특별바우처4 (2)"",
      ""ID_INSERT"" : ""milvus"",
      ""DTS_INSERT"" : ""20260317130645"",
      ""DT_USE"" : ""20260317"",
      ""DT_STR_EXP"" : ""20260201"",
      ""DT_ISSUE"" : ""20260317"",
      ""DT_END_EXP"" : ""20270131"",
      ""DS_MON_EXP"" : 0,
      ""CD_TYPE_DAY_EXP"" : ""02"",
      ""CD_TYPE_COUPON"" : ""03"",
      ""CD_STAT_COUPON"" : ""01"",
      ""CD_BRAND"" : ""01"",
      ""AM_DISC"" : 0
    }, {
      ""TX_COUPON"" : ""202603_SVIP회원_수선15만원쿠폰"",
      ""RT_DISC"" : 0,
      ""NO_MAN_COUPON"" : ""COP2026FE0008"",
      ""NO_COUPON"" : ""44"",
      ""NM_RESPON"" : ""최재현"",
      ""NM_DEPT"" : ""IMC팀"",
      ""NM_COUPON"" : ""202603_SVIP회원_수선15만원쿠폰"",
      ""ID_INSERT"" : ""쿠폰자동발급"",
      ""DTS_INSERT"" : ""20260301070005"",
      ""DT_USE"" : """",
      ""DT_STR_EXP"" : ""20260301"",
      ""DT_ISSUE"" : ""20260301"",
      ""DT_END_EXP"" : ""20260331"",
      ""DS_MON_EXP"" : 0,
      ""CD_TYPE_DAY_EXP"" : ""02"",
      ""CD_TYPE_COUPON"" : ""03"",
      ""CD_STAT_COUPON"" : ""04"",
      ""CD_BRAND"" : ""01"",
      ""AM_DISC"" : 150000
    }, {
      ""TX_COUPON"" : ""2026_SVIP_승격축하쿠폰"",
      ""RT_DISC"" : 0,
      ""NO_MAN_COUPON"" : ""COP2026JA0028"",
      ""NO_COUPON"" : ""29"",
      ""NM_RESPON"" : ""최재현"",
      ""NM_DEPT"" : ""IMC팀"",
      ""NM_COUPON"" : ""2026_SVIP_승격축하쿠폰"",
      ""ID_INSERT"" : ""최재현"",
      ""DTS_INSERT"" : ""20260202151859"",
      ""DT_USE"" : ""20260507"",
      ""DT_STR_EXP"" : ""20260201"",
      ""DT_ISSUE"" : ""20260202"",
      ""DT_END_EXP"" : ""20270131"",
      ""DS_MON_EXP"" : 0,
      ""CD_TYPE_DAY_EXP"" : ""02"",
      ""CD_TYPE_COUPON"" : ""03"",
      ""CD_STAT_COUPON"" : ""01"",
      ""CD_BRAND"" : ""01"",
      ""AM_DISC"" : 100000
    }, {
      ""TX_COUPON"" : ""10%할인_SVIP특별바우처3"",
      ""RT_DISC"" : 10,
      ""NO_MAN_COUPON"" : ""COP2026JA0019"",
      ""NO_COUPON"" : ""29"",
      ""NM_RESPON"" : ""최재현"",
      ""NM_DEPT"" : ""IMC팀"",
      ""NM_COUPON"" : ""10%할인_SVIP특별바우처3 (2)"",
      ""ID_INSERT"" : ""최재현"",
      ""DTS_INSERT"" : ""20260202145016"",
      ""DT_USE"" : ""20260313"",
      ""DT_STR_EXP"" : ""20260201"",
      ""DT_ISSUE"" : ""20260202"",
      ""DT_END_EXP"" : ""20270131"",
      ""DS_MON_EXP"" : 0,
      ""CD_TYPE_DAY_EXP"" : ""02"",
      ""CD_TYPE_COUPON"" : ""03"",
      ""CD_STAT_COUPON"" : ""01"",
      ""CD_BRAND"" : ""01"",
      ""AM_DISC"" : 0
    }, {
      ""TX_COUPON"" : ""10%할인_SVIP특별바우처2"",
      ""RT_DISC"" : 10,
      ""NO_MAN_COUPON"" : ""COP2026JA0018"",
      ""NO_COUPON"" : ""29"",
      ""NM_RESPON"" : ""최재현"",
      ""NM_DEPT"" : ""IMC팀"",
      ""NM_COUPON"" : ""10%할인_SVIP특별바우처2 (2)"",
      ""ID_INSERT"" : ""최재현"",
      ""DTS_INSERT"" : ""20260202144916"",
      ""DT_USE"" : ""20260313"",
      ""DT_STR_EXP"" : ""20260201"",
      ""DT_ISSUE"" : ""20260202"",
      ""DT_END_EXP"" : ""20270131"",
      ""DS_MON_EXP"" : 0,
      ""CD_TYPE_DAY_EXP"" : ""02"",
      ""CD_TYPE_COUPON"" : ""03"",
      ""CD_STAT_COUPON"" : ""01"",
      ""CD_BRAND"" : ""01"",
      ""AM_DISC"" : 0
    }, {
      ""TX_COUPON"" : ""10%할인_SVIP특별바우처1"",
      ""RT_DISC"" : 10,
      ""NO_MAN_COUPON"" : ""COP2026JA0017"",
      ""NO_COUPON"" : ""29"",
      ""NM_RESPON"" : ""최재현"",
      ""NM_DEPT"" : ""IMC팀"",
      ""NM_COUPON"" : ""10%할인_SVIP특별바우처1 (2)"",
      ""ID_INSERT"" : ""최재현"",
      ""DTS_INSERT"" : ""20260202144801"",
      ""DT_USE"" : ""20260312"",
      ""DT_STR_EXP"" : ""20260201"",
      ""DT_ISSUE"" : ""20260202"",
      ""DT_END_EXP"" : ""20270131"",
      ""DS_MON_EXP"" : 0,
      ""CD_TYPE_DAY_EXP"" : ""02"",
      ""CD_TYPE_COUPON"" : ""03"",
      ""CD_STAT_COUPON"" : ""01"",
      ""CD_BRAND"" : ""01"",
      ""AM_DISC"" : 0
    }, {
      ""TX_COUPON"" : ""202602_SVIP회원_수선15만원쿠폰"",
      ""RT_DISC"" : 0,
      ""NO_MAN_COUPON"" : ""COP2026JA0031"",
      ""NO_COUPON"" : ""44"",
      ""NM_RESPON"" : ""최재현"",
      ""NM_DEPT"" : ""IMC팀"",
      ""NM_COUPON"" : ""202602_SVIP회원_수선15만원쿠폰"",
      ""ID_INSERT"" : ""쿠폰자동발급"",
      ""DTS_INSERT"" : ""20260201070005"",
      ""DT_USE"" : """",
      ""DT_STR_EXP"" : ""20260201"",
      ""DT_ISSUE"" : ""20260201"",
      ""DT_END_EXP"" : ""20260228"",
      ""DS_MON_EXP"" : 0,
      ""CD_TYPE_DAY_EXP"" : ""02"",
      ""CD_TYPE_COUPON"" : ""03"",
      ""CD_STAT_COUPON"" : ""04"",
      ""CD_BRAND"" : ""01"",
      ""AM_DISC"" : 150000
    }, {
      ""TX_COUPON"" : ""202601_SVIP회원_수선15만원쿠폰"",
      ""RT_DISC"" : 0,
      ""NO_MAN_COUPON"" : ""COP2025DC0037"",
      ""NO_COUPON"" : ""49"",
      ""NM_RESPON"" : ""최재현"",
      ""NM_DEPT"" : ""IMC팀"",
      ""NM_COUPON"" : ""202601_SVIP회원_수선15만원쿠폰"",
      ""ID_INSERT"" : ""쿠폰자동발급"",
      ""DTS_INSERT"" : ""20260101070007"",
      ""DT_USE"" : """",
      ""DT_STR_EXP"" : ""20260101"",
      ""DT_ISSUE"" : ""20260101"",
      ""DT_END_EXP"" : ""20260131"",
      ""DS_MON_EXP"" : 0,
      ""CD_TYPE_DAY_EXP"" : ""02"",
      ""CD_TYPE_COUPON"" : ""03"",
      ""CD_STAT_COUPON"" : ""04"",
      ""CD_BRAND"" : ""01"",
      ""AM_DISC"" : 150000
    }, {
      ""TX_COUPON"" : ""202512_SVIP회원_수선15만원쿠폰"",
      ""RT_DISC"" : 0,
      ""NO_MAN_COUPON"" : ""COP2025NV0025"",
      ""NO_COUPON"" : ""49"",
      ""NM_RESPON"" : ""최재현"",
      ""NM_DEPT"" : ""IMC팀"",
      ""NM_COUPON"" : ""202512_SVIP회원_수선15만원쿠폰"",
      ""ID_INSERT"" : ""쿠폰자동발급"",
      ""DTS_INSERT"" : ""20251201070005"",
      ""DT_USE"" : """",
      ""DT_STR_EXP"" : ""20251201"",
      ""DT_ISSUE"" : ""20251201"",
      ""DT_END_EXP"" : ""20251231"",
      ""DS_MON_EXP"" : 0,
      ""CD_TYPE_DAY_EXP"" : ""02"",
      ""CD_TYPE_COUPON"" : ""03"",
      ""CD_STAT_COUPON"" : ""04"",
      ""CD_BRAND"" : ""01"",
      ""AM_DISC"" : 150000
    }, {
      ""TX_COUPON"" : ""202511_SVIP회원_수선15만원쿠폰"",
      ""RT_DISC"" : 0,
      ""NO_MAN_COUPON"" : ""COP2025OC0017"",
      ""NO_COUPON"" : ""49"",
      ""NM_RESPON"" : ""최재현"",
      ""NM_DEPT"" : ""IMC팀"",
      ""NM_COUPON"" : ""202511_SVIP회원_수선15만원쿠폰"",
      ""ID_INSERT"" : ""쿠폰자동발급"",
      ""DTS_INSERT"" : ""20251101070005"",
      ""DT_USE"" : """",
      ""DT_STR_EXP"" : ""20251101"",
      ""DT_ISSUE"" : ""20251101"",
      ""DT_END_EXP"" : ""20251130"",
      ""DS_MON_EXP"" : 0,
      ""CD_TYPE_DAY_EXP"" : ""02"",
      ""CD_TYPE_COUPON"" : ""03"",
      ""CD_STAT_COUPON"" : ""04"",
      ""CD_BRAND"" : ""01"",
      ""AM_DISC"" : 150000
    }, {
      ""TX_COUPON"" : ""202510_SVIP회원_수선15만원쿠폰"",
      ""RT_DISC"" : 0,
      ""NO_MAN_COUPON"" : ""COP2025SP0007"",
      ""NO_COUPON"" : ""49"",
      ""NM_RESPON"" : ""최재현"",
      ""NM_DEPT"" : ""IMC팀"",
      ""NM_COUPON"" : ""202510_SVIP회원_수선15만원쿠폰"",
      ""ID_INSERT"" : ""쿠폰자동발급"",
      ""DTS_INSERT"" : ""20251001070005"",
      ""DT_USE"" : """",
      ""DT_STR_EXP"" : ""20251001"",
      ""DT_ISSUE"" : ""20251001"",
      ""DT_END_EXP"" : ""20251031"",
      ""DS_MON_EXP"" : 0,
      ""CD_TYPE_DAY_EXP"" : ""02"",
      ""CD_TYPE_COUPON"" : ""03"",
      ""CD_STAT_COUPON"" : ""04"",
      ""CD_BRAND"" : ""01"",
      ""AM_DISC"" : 150000
    }, {
      ""TX_COUPON"" : ""202509_SVIP회원_수선15만원쿠폰"",
      ""RT_DISC"" : 0,
      ""NO_MAN_COUPON"" : ""COP2025AG0009"",
      ""NO_COUPON"" : ""49"",
      ""NM_RESPON"" : ""최재현"",
      ""NM_DEPT"" : ""IMC팀"",
      ""NM_COUPON"" : ""202509_SVIP회원_수선15만원쿠폰"",
      ""ID_INSERT"" : ""쿠폰자동발급"",
      ""DTS_INSERT"" : ""20250901070005"",
      ""DT_USE"" : """",
      ""DT_STR_EXP"" : ""20250901"",
      ""DT_ISSUE"" : ""20250901"",
      ""DT_END_EXP"" : ""20250930"",
      ""DS_MON_EXP"" : 0,
      ""CD_TYPE_DAY_EXP"" : ""02"",
      ""CD_TYPE_COUPON"" : ""03"",
      ""CD_STAT_COUPON"" : ""04"",
      ""CD_BRAND"" : ""01"",
      ""AM_DISC"" : 150000
    }, {
      ""TX_COUPON"" : ""202509_SVIP회원_생일쿠폰"",
      ""RT_DISC"" : 0,
      ""NO_MAN_COUPON"" : ""COP2025AG0015"",
      ""NO_COUPON"" : ""05"",
      ""NM_RESPON"" : ""최재현"",
      ""NM_DEPT"" : ""IMC팀"",
      ""NM_COUPON"" : ""202509_SVIP회원_생일쿠폰"",
      ""ID_INSERT"" : ""쿠폰자동발급"",
      ""DTS_INSERT"" : ""20250901070004"",
      ""DT_USE"" : ""20260304"",
      ""DT_STR_EXP"" : ""20250901"",
      ""DT_ISSUE"" : ""20250901"",
      ""DT_END_EXP"" : ""20260831"",
      ""DS_MON_EXP"" : 0,
      ""CD_TYPE_DAY_EXP"" : ""02"",
      ""CD_TYPE_COUPON"" : ""03"",
      ""CD_STAT_COUPON"" : ""01"",
      ""CD_BRAND"" : ""01"",
      ""AM_DISC"" : 100000
    }, {
      ""TX_COUPON"" : ""202508_SVIP회원_수선15만원쿠폰"",
      ""RT_DISC"" : 0,
      ""NO_MAN_COUPON"" : ""COP2025JL0026"",
      ""NO_COUPON"" : ""49"",
      ""NM_RESPON"" : ""최재현"",
      ""NM_DEPT"" : ""IMC팀"",
      ""NM_COUPON"" : ""202508_SVIP회원_수선15만원쿠폰"",
      ""ID_INSERT"" : ""쿠폰자동발급"",
      ""DTS_INSERT"" : ""20250801070004"",
      ""DT_USE"" : """",
      ""DT_STR_EXP"" : ""20250801"",
      ""DT_ISSUE"" : ""20250801"",
      ""DT_END_EXP"" : ""20250831"",
      ""DS_MON_EXP"" : 0,
      ""CD_TYPE_DAY_EXP"" : ""02"",
      ""CD_TYPE_COUPON"" : ""03"",
      ""CD_STAT_COUPON"" : ""04"",
      ""CD_BRAND"" : ""01"",
      ""AM_DISC"" : 150000
    }, {
      ""TX_COUPON"" : ""10%할인_SVIP특별바우처9"",
      ""RT_DISC"" : 10,
      ""NO_MAN_COUPON"" : ""COP2025JL0005"",
      ""NO_COUPON"" : ""30"",
      ""NM_RESPON"" : ""최재현"",
      ""NM_DEPT"" : ""IMC팀"",
      ""NM_COUPON"" : ""10%할인_SVIP특별바우처9 (2)"",
      ""ID_INSERT"" : ""최재현"",
      ""DTS_INSERT"" : ""20250704111141"",
      ""DT_USE"" : ""20250905"",
      ""DT_STR_EXP"" : ""20250201"",
      ""DT_ISSUE"" : ""20250704"",
      ""DT_END_EXP"" : ""20260131"",
      ""DS_MON_EXP"" : 0,
      ""CD_TYPE_DAY_EXP"" : ""02"",
      ""CD_TYPE_COUPON"" : ""03"",
      ""CD_STAT_COUPON"" : ""01"",
      ""CD_BRAND"" : ""01"",
      ""AM_DISC"" : 0
    }, {
      ""TX_COUPON"" : ""10%할인_SVIP특별바우처8"",
      ""RT_DISC"" : 10,
      ""NO_MAN_COUPON"" : ""COP2025JL0004"",
      ""NO_COUPON"" : ""30"",
      ""NM_RESPON"" : ""최재현"",
      ""NM_DEPT"" : ""IMC팀"",
      ""NM_COUPON"" : ""10%할인_SVIP특별바우처8 (2)"",
      ""ID_INSERT"" : ""최재현"",
      ""DTS_INSERT"" : ""20250704111120"",
      ""DT_USE"" : """",
      ""DT_STR_EXP"" : ""20250201"",
      ""DT_ISSUE"" : ""20250704"",
      ""DT_END_EXP"" : ""20260131"",
      ""DS_MON_EXP"" : 0,
      ""CD_TYPE_DAY_EXP"" : ""02"",
      ""CD_TYPE_COUPON"" : ""03"",
      ""CD_STAT_COUPON"" : ""04"",
      ""CD_BRAND"" : ""01"",
      ""AM_DISC"" : 0
    }, {
      ""TX_COUPON"" : ""10%할인_SVIP특별바우처7"",
      ""RT_DISC"" : 10,
      ""NO_MAN_COUPON"" : ""COP2025JL0001"",
      ""NO_COUPON"" : ""30"",
      ""NM_RESPON"" : ""최재현"",
      ""NM_DEPT"" : ""IMC팀"",
      ""NM_COUPON"" : ""10%할인_SVIP특별바우처7"",
      ""ID_INSERT"" : ""최재현"",
      ""DTS_INSERT"" : ""20250704111053"",
      ""DT_USE"" : """",
      ""DT_STR_EXP"" : ""20250201"",
      ""DT_ISSUE"" : ""20250704"",
      ""DT_END_EXP"" : ""20260131"",
      ""DS_MON_EXP"" : 0,
      ""CD_TYPE_DAY_EXP"" : ""02"",
      ""CD_TYPE_COUPON"" : ""03"",
      ""CD_STAT_COUPON"" : ""04"",
      ""CD_BRAND"" : ""01"",
      ""AM_DISC"" : 0
    }, {
      ""TX_COUPON"" : ""202507_SVIP회원_수선15만원쿠폰"",
      ""RT_DISC"" : 0,
      ""NO_MAN_COUPON"" : ""COP2025JN0004"",
      ""NO_COUPON"" : ""49"",
      ""NM_RESPON"" : ""허정인"",
      ""NM_DEPT"" : ""IMC팀"",
      ""NM_COUPON"" : ""202507_SVIP회원_수선15만원쿠폰"",
      ""ID_INSERT"" : ""쿠폰자동발급"",
      ""DTS_INSERT"" : ""20250701070004"",
      ""DT_USE"" : """",
      ""DT_STR_EXP"" : ""20250701"",
      ""DT_ISSUE"" : ""20250701"",
      ""DT_END_EXP"" : ""20250731"",
      ""DS_MON_EXP"" : 0,
      ""CD_TYPE_DAY_EXP"" : ""02"",
      ""CD_TYPE_COUPON"" : ""03"",
      ""CD_STAT_COUPON"" : ""04"",
      ""CD_BRAND"" : ""01"",
      ""AM_DISC"" : 150000
    }, {
      ""TX_COUPON"" : ""202506_SVIP회원_수선15만원쿠폰"",
      ""RT_DISC"" : 0,
      ""NO_MAN_COUPON"" : ""COP2025MY0006"",
      ""NO_COUPON"" : ""49"",
      ""NM_RESPON"" : ""허정인"",
      ""NM_DEPT"" : ""IMC팀"",
      ""NM_COUPON"" : ""202506_SVIP회원_수선15만원쿠폰"",
      ""ID_INSERT"" : ""쿠폰자동발급"",
      ""DTS_INSERT"" : ""20250601070037"",
      ""DT_USE"" : """",
      ""DT_STR_EXP"" : ""20250601"",
      ""DT_ISSUE"" : ""20250601"",
      ""DT_END_EXP"" : ""20250630"",
      ""DS_MON_EXP"" : 0,
      ""CD_TYPE_DAY_EXP"" : ""02"",
      ""CD_TYPE_COUPON"" : ""03"",
      ""CD_STAT_COUPON"" : ""04"",
      ""CD_BRAND"" : ""01"",
      ""AM_DISC"" : 150000
    }, {
      ""TX_COUPON"" : ""10%할인_SVIP특별바우처6"",
      ""RT_DISC"" : 10,
      ""NO_MAN_COUPON"" : ""COP2025AP0006"",
      ""NO_COUPON"" : ""30"",
      ""NM_RESPON"" : ""허정인"",
      ""NM_DEPT"" : ""IMC팀"",
      ""NM_COUPON"" : ""10%할인_SVIP특별바우처6"",
      ""ID_INSERT"" : ""허정인"",
      ""DTS_INSERT"" : ""20250502133821"",
      ""DT_USE"" : """",
      ""DT_STR_EXP"" : ""20250501"",
      ""DT_ISSUE"" : ""20250502"",
      ""DT_END_EXP"" : ""20260131"",
      ""DS_MON_EXP"" : 0,
      ""CD_TYPE_DAY_EXP"" : ""02"",
      ""CD_TYPE_COUPON"" : ""03"",
      ""CD_STAT_COUPON"" : ""04"",
      ""CD_BRAND"" : ""01"",
      ""AM_DISC"" : 0
    }, {
      ""TX_COUPON"" : ""10%할인_SVIP특별바우처5"",
      ""RT_DISC"" : 10,
      ""NO_MAN_COUPON"" : ""COP2025AP0005"",
      ""NO_COUPON"" : ""30"",
      ""NM_RESPON"" : ""허정인"",
      ""NM_DEPT"" : ""IMC팀"",
      ""NM_COUPON"" : ""10%할인_SVIP특별바우처5"",
      ""ID_INSERT"" : ""허정인"",
      ""DTS_INSERT"" : ""20250502133809"",
      ""DT_USE"" : """",
      ""DT_STR_EXP"" : ""20250501"",
      ""DT_ISSUE"" : ""20250502"",
      ""DT_END_EXP"" : ""20260131"",
      ""DS_MON_EXP"" : 0,
      ""CD_TYPE_DAY_EXP"" : ""02"",
      ""CD_TYPE_COUPON"" : ""03"",
      ""CD_STAT_COUPON"" : ""04"",
      ""CD_BRAND"" : ""01"",
      ""AM_DISC"" : 0
    }, {
      ""TX_COUPON"" : ""10%할인_SVIP특별바우처4"",
      ""RT_DISC"" : 10,
      ""NO_MAN_COUPON"" : ""COP2025AP0004"",
      ""NO_COUPON"" : ""30"",
      ""NM_RESPON"" : ""허정인"",
      ""NM_DEPT"" : ""IMC팀"",
      ""NM_COUPON"" : ""10%할인_SVIP특별바우처4"",
      ""ID_INSERT"" : ""허정인"",
      ""DTS_INSERT"" : ""20250502133757"",
      ""DT_USE"" : """",
      ""DT_STR_EXP"" : ""20250501"",
      ""DT_ISSUE"" : ""20250502"",
      ""DT_END_EXP"" : ""20260131"",
      ""DS_MON_EXP"" : 0,
      ""CD_TYPE_DAY_EXP"" : ""02"",
      ""CD_TYPE_COUPON"" : ""03"",
      ""CD_STAT_COUPON"" : ""04"",
      ""CD_BRAND"" : ""01"",
      ""AM_DISC"" : 0
    }, {
      ""TX_COUPON"" : ""202505_SVIP회원_수선15만원쿠폰"",
      ""RT_DISC"" : 0,
      ""NO_MAN_COUPON"" : ""COP2025AP0008"",
      ""NO_COUPON"" : ""49"",
      ""NM_RESPON"" : ""허정인"",
      ""NM_DEPT"" : ""IMC팀"",
      ""NM_COUPON"" : ""202505_SVIP회원_수선15만원쿠폰"",
      ""ID_INSERT"" : ""쿠폰자동발급"",
      ""DTS_INSERT"" : ""20250501070015"",
      ""DT_USE"" : """",
      ""DT_STR_EXP"" : ""20250501"",
      ""DT_ISSUE"" : ""20250501"",
      ""DT_END_EXP"" : ""20250531"",
      ""DS_MON_EXP"" : 0,
      ""CD_TYPE_DAY_EXP"" : ""02"",
      ""CD_TYPE_COUPON"" : ""03"",
      ""CD_STAT_COUPON"" : ""04"",
      ""CD_BRAND"" : ""01"",
      ""AM_DISC"" : 150000
    }, {
      ""TX_COUPON"" : ""202504_SVIP회원_수선15만원쿠폰"",
      ""RT_DISC"" : 0,
      ""NO_MAN_COUPON"" : ""COP2025MA0008"",
      ""NO_COUPON"" : ""49"",
      ""NM_RESPON"" : ""허정인"",
      ""NM_DEPT"" : ""IMC팀"",
      ""NM_COUPON"" : ""202504_SVIP회원_수선15만원쿠폰"",
      ""ID_INSERT"" : ""쿠폰자동발급"",
      ""DTS_INSERT"" : ""20250401070035"",
      ""DT_USE"" : """",
      ""DT_STR_EXP"" : ""20250401"",
      ""DT_ISSUE"" : ""20250401"",
      ""DT_END_EXP"" : ""20250430"",
      ""DS_MON_EXP"" : 0,
      ""CD_TYPE_DAY_EXP"" : ""02"",
      ""CD_TYPE_COUPON"" : ""03"",
      ""CD_STAT_COUPON"" : ""04"",
      ""CD_BRAND"" : ""01"",
      ""AM_DISC"" : 150000
    }, {
      ""TX_COUPON"" : ""202503_SVIP회원_수선15만원쿠폰"",
      ""RT_DISC"" : 0,
      ""NO_MAN_COUPON"" : ""COP2025FE0009"",
      ""NO_COUPON"" : ""49"",
      ""NM_RESPON"" : ""허정인"",
      ""NM_DEPT"" : ""IMC팀"",
      ""NM_COUPON"" : ""202503_SVIP회원_수선15만원쿠폰"",
      ""ID_INSERT"" : ""쿠폰자동발급"",
      ""DTS_INSERT"" : ""20250301070037"",
      ""DT_USE"" : """",
      ""DT_STR_EXP"" : ""20250301"",
      ""DT_ISSUE"" : ""20250301"",
      ""DT_END_EXP"" : ""20250331"",
      ""DS_MON_EXP"" : 0,
      ""CD_TYPE_DAY_EXP"" : ""02"",
      ""CD_TYPE_COUPON"" : ""03"",
      ""CD_STAT_COUPON"" : ""04"",
      ""CD_BRAND"" : ""01"",
      ""AM_DISC"" : 150000
    }, {
      ""TX_COUPON"" : ""2025_VIP_업그레이드쿠폰2"",
      ""RT_DISC"" : 0,
      ""NO_MAN_COUPON"" : ""COP2025FE0006"",
      ""NO_COUPON"" : ""00309"",
      ""NM_RESPON"" : ""허정인"",
      ""NM_DEPT"" : ""IMC팀"",
      ""NM_COUPON"" : ""2025_VIP_업그레이드쿠폰2"",
      ""ID_INSERT"" : ""허정인"",
      ""DTS_INSERT"" : ""20250214160700"",
      ""DT_USE"" : """",
      ""DT_STR_EXP"" : ""20250201"",
      ""DT_ISSUE"" : ""20250214"",
      ""DT_END_EXP"" : ""20260131"",
      ""DS_MON_EXP"" : 0,
      ""CD_TYPE_DAY_EXP"" : ""02"",
      ""CD_TYPE_COUPON"" : ""03"",
      ""CD_STAT_COUPON"" : ""04"",
      ""CD_BRAND"" : ""01"",
      ""AM_DISC"" : 0
    }, {
      ""TX_COUPON"" : ""2025_VIP_업그레이드쿠폰1"",
      ""RT_DISC"" : 0,
      ""NO_MAN_COUPON"" : ""COP2025FE0005"",
      ""NO_COUPON"" : ""02328"",
      ""NM_RESPON"" : ""허정인"",
      ""NM_DEPT"" : ""IMC팀"",
      ""NM_COUPON"" : ""2025_VIP_업그레이드쿠폰1"",
      ""ID_INSERT"" : ""허정인"",
      ""DTS_INSERT"" : ""20250214154859"",
      ""DT_USE"" : """",
      ""DT_STR_EXP"" : ""20250201"",
      ""DT_ISSUE"" : ""20250214"",
      ""DT_END_EXP"" : ""20260131"",
      ""DS_MON_EXP"" : 0,
      ""CD_TYPE_DAY_EXP"" : ""02"",
      ""CD_TYPE_COUPON"" : ""03"",
      ""CD_STAT_COUPON"" : ""04"",
      ""CD_BRAND"" : ""01"",
      ""AM_DISC"" : 0
    }, {
      ""TX_COUPON"" : ""202502_SVIP회원_수선15만원쿠폰"",
      ""RT_DISC"" : 0,
      ""NO_MAN_COUPON"" : ""COP2025JA0013"",
      ""NO_COUPON"" : ""49"",
      ""NM_RESPON"" : ""허정인"",
      ""NM_DEPT"" : ""IMC팀"",
      ""NM_COUPON"" : ""202502_SVIP회원_수선15만원쿠폰"",
      ""ID_INSERT"" : ""쿠폰자동발급"",
      ""DTS_INSERT"" : ""20250201070038"",
      ""DT_USE"" : """",
      ""DT_STR_EXP"" : ""20250201"",
      ""DT_ISSUE"" : ""20250201"",
      ""DT_END_EXP"" : ""20250228"",
      ""DS_MON_EXP"" : 0,
      ""CD_TYPE_DAY_EXP"" : ""02"",
      ""CD_TYPE_COUPON"" : ""03"",
      ""CD_STAT_COUPON"" : ""04"",
      ""CD_BRAND"" : ""01"",
      ""AM_DISC"" : 150000
    }, {
      ""TX_COUPON"" : ""2025_SVIP_승격축하쿠폰"",
      ""RT_DISC"" : 0,
      ""NO_MAN_COUPON"" : ""COP2025JA0032"",
      ""NO_COUPON"" : ""33"",
      ""NM_RESPON"" : ""허정인"",
      ""NM_DEPT"" : ""IMC팀"",
      ""NM_COUPON"" : ""2025_SVIP_승격축하쿠폰"",
      ""ID_INSERT"" : ""허정인"",
      ""DTS_INSERT"" : ""20250131163042"",
      ""DT_USE"" : """",
      ""DT_STR_EXP"" : ""20250201"",
      ""DT_ISSUE"" : ""20250131"",
      ""DT_END_EXP"" : ""20260131"",
      ""DS_MON_EXP"" : 0,
      ""CD_TYPE_DAY_EXP"" : ""02"",
      ""CD_TYPE_COUPON"" : ""03"",
      ""CD_STAT_COUPON"" : ""04"",
      ""CD_BRAND"" : ""01"",
      ""AM_DISC"" : 100000
    }, {
      ""TX_COUPON"" : ""10%할인_SVIP특별바우처3"",
      ""RT_DISC"" : 10,
      ""NO_MAN_COUPON"" : ""COP2025JA0021"",
      ""NO_COUPON"" : ""33"",
      ""NM_RESPON"" : ""허정인"",
      ""NM_DEPT"" : ""IMC팀"",
      ""NM_COUPON"" : ""10%할인_SVIP특별바우처3"",
      ""ID_INSERT"" : ""허정인"",
      ""DTS_INSERT"" : ""20250131163017"",
      ""DT_USE"" : """",
      ""DT_STR_EXP"" : ""20250201"",
      ""DT_ISSUE"" : ""20250131"",
      ""DT_END_EXP"" : ""20260131"",
      ""DS_MON_EXP"" : 0,
      ""CD_TYPE_DAY_EXP"" : ""02"",
      ""CD_TYPE_COUPON"" : ""03"",
      ""CD_STAT_COUPON"" : ""04"",
      ""CD_BRAND"" : ""01"",
      ""AM_DISC"" : 0
    }, {
      ""TX_COUPON"" : ""10%할인_SVIP특별바우처2"",
      ""RT_DISC"" : 10,
      ""NO_MAN_COUPON"" : ""COP2025JA0020"",
      ""NO_COUPON"" : ""33"",
      ""NM_RESPON"" : ""허정인"",
      ""NM_DEPT"" : ""IMC팀"",
      ""NM_COUPON"" : ""10%할인_SVIP특별바우처2"",
      ""ID_INSERT"" : ""허정인"",
      ""DTS_INSERT"" : ""20250131162957"",
      ""DT_USE"" : """",
      ""DT_STR_EXP"" : ""20250201"",
      ""DT_ISSUE"" : ""20250131"",
      ""DT_END_EXP"" : ""20260131"",
      ""DS_MON_EXP"" : 0,
      ""CD_TYPE_DAY_EXP"" : ""02"",
      ""CD_TYPE_COUPON"" : ""03"",
      ""CD_STAT_COUPON"" : ""04"",
      ""CD_BRAND"" : ""01"",
      ""AM_DISC"" : 0
    }, {
      ""TX_COUPON"" : ""10%할인_SVIP특별바우처1"",
      ""RT_DISC"" : 10,
      ""NO_MAN_COUPON"" : ""COP2025JA0019"",
      ""NO_COUPON"" : ""33"",
      ""NM_RESPON"" : ""허정인"",
      ""NM_DEPT"" : ""IMC팀"",
      ""NM_COUPON"" : ""10%할인_SVIP특별바우처1"",
      ""ID_INSERT"" : ""허정인"",
      ""DTS_INSERT"" : ""20250131162928"",
      ""DT_USE"" : ""20250408"",
      ""DT_STR_EXP"" : ""20250201"",
      ""DT_ISSUE"" : ""20250131"",
      ""DT_END_EXP"" : ""20260131"",
      ""DS_MON_EXP"" : 0,
      ""CD_TYPE_DAY_EXP"" : ""02"",
      ""CD_TYPE_COUPON"" : ""03"",
      ""CD_STAT_COUPON"" : ""01"",
      ""CD_BRAND"" : ""01"",
      ""AM_DISC"" : 0
    } ],
    ""TotalPointsBalance"" : 298412.0,
    ""GiftList"" : [ ],
    ""HistoryUpdatedList"" : [ {
      ""changedBy"" : ""milvus"",
      ""newValue"" : null,
      ""oldValue"" : null,
      ""field"" : ""created"",
      ""changeTarget"" : ""LoyaltyProgramMember"",
      ""changeDate"" : ""2026-05-05T12:41:51.000Z""
    }, {
      ""changedBy"" : ""milvus"",
      ""newValue"" : null,
      ""oldValue"" : null,
      ""field"" : ""created"",
      ""changeTarget"" : ""Contact"",
      ""changeDate"" : ""2026-04-26T04:33:09.000Z""
    }, {
      ""changedBy"" : ""milvus"",
      ""newValue"" : ""신세계아울렛파주점"",
      ""oldValue"" : ""현대신촌점"",
      ""field"" : ""StoreRegi__c"",
      ""changeTarget"" : ""Contact"",
      ""changeDate"" : ""2026-04-29T12:11:35.000Z""
    }, {
      ""changedBy"" : ""milvus"",
      ""newValue"" : ""001JO00000HHr0HYAT"",
      ""oldValue"" : ""001JO00000HHr1XYAT"",
      ""field"" : ""StoreRegi__c"",
      ""changeTarget"" : ""Contact"",
      ""changeDate"" : ""2026-04-29T12:11:35.000Z""
    }, {
      ""changedBy"" : ""milvus"",
      ""newValue"" : ""현대신촌점"",
      ""oldValue"" : ""신세계아울렛파주점"",
      ""field"" : ""StoreMana__c"",
      ""changeTarget"" : ""Contact"",
      ""changeDate"" : ""2026-04-29T12:11:35.000Z""
    }, {
      ""changedBy"" : ""milvus"",
      ""newValue"" : ""001JO00000HHr1XYAT"",
      ""oldValue"" : ""001JO00000HHr0HYAT"",
      ""field"" : ""StoreMana__c"",
      ""changeTarget"" : ""Contact"",
      ""changeDate"" : ""2026-04-29T12:11:35.000Z""
    }, {
      ""changedBy"" : ""milvus"",
      ""newValue"" : ""서울특별시 서대문구 증가로 150 (남가좌동, DMC센트럴아이파크)109-1201"",
      ""oldValue"" : ""서울특별시 서대문구 증가로 150 (남가좌동, DMC센트럴아이파크)"",
      ""field"" : ""MailingStreet"",
      ""changeTarget"" : ""Contact"",
      ""changeDate"" : ""2026-04-30T10:37:48.000Z""
    }, {
      ""changedBy"" : ""milvus"",
      ""newValue"" : ""03670"",
      ""oldValue"" : ""036"",
      ""field"" : ""MailingPostalCode"",
      ""changeTarget"" : ""Contact"",
      ""changeDate"" : ""2026-04-30T10:37:48.000Z""
    } ],
    ""ConsultationList"" : [ ],
    ""CustomerServiceHistory"" : [ ],
    ""WorksList"" : [ ],
    ""OrdersList"" : [ {
      ""DeleteDateTime"" : null,
      ""ActivatedDate"" : null,
      ""InsertId"" : ""갤러리아광교점"",
      ""OrderReferenceNumber"" : null,
      ""SaleStatus"" : null,
      ""OrderType"" : ""01"",
      ""SaleEndDate"" : null,
      ""SaleNo"" : null,
      ""StoreCode"" : ""001JO00000HHr21YAD"",
      ""ActualPaymentAmount"" : 11990000.0000,
      ""TotalAmount"" : 11990000,
      ""Status"" : ""orderSuccess"",
      ""OrderDate"" : ""2023-03-07"",
      ""OrderName"" : null
    } ],
    ""Depositlist"" : [ {
      ""PromotionId"" : null,
      ""TotalPromotionDiscount"" : null,
      ""JournalTypeName"" : ""Deposit"",
      ""Status"" : ""Processed"",
      ""Quantity"" : null,
      ""PaymentMethodName"" : ""카드"",
      ""PaymentMethodCode"" : ""03"",
      ""TransactionAmount"" : 10010000,
      ""JournalReason"" : null,
      ""DepositSeqNo"" : ""1"",
      ""DepositNo"" : ""DEP202108070183-1"",
      ""DepositType"" : ""01"",
      ""Brand"" : null
    }, {
      ""PromotionId"" : null,
      ""TotalPromotionDiscount"" : null,
      ""JournalTypeName"" : ""Deposit Reversal"",
      ""Status"" : ""Processed"",
      ""Quantity"" : null,
      ""PaymentMethodName"" : ""카드"",
      ""PaymentMethodCode"" : ""03"",
      ""TransactionAmount"" : 10010000,
      ""JournalReason"" : null,
      ""DepositSeqNo"" : ""1"",
      ""DepositNo"" : ""DEP202108130042-1"",
      ""DepositType"" : ""03"",
      ""Brand"" : null
    }, {
      ""PromotionId"" : null,
      ""TotalPromotionDiscount"" : null,
      ""JournalTypeName"" : ""Deposit"",
      ""Status"" : ""Processed"",
      ""Quantity"" : null,
      ""PaymentMethodName"" : ""카드"",
      ""PaymentMethodCode"" : ""03"",
      ""TransactionAmount"" : 10010000,
      ""JournalReason"" : null,
      ""DepositSeqNo"" : ""2"",
      ""DepositNo"" : ""DEP202108130042-2"",
      ""DepositType"" : ""01"",
      ""Brand"" : null
    }, {
      ""PromotionId"" : null,
      ""TotalPromotionDiscount"" : null,
      ""JournalTypeName"" : ""Deposit"",
      ""Status"" : ""Processed"",
      ""Quantity"" : null,
      ""PaymentMethodName"" : ""카드"",
      ""PaymentMethodCode"" : ""03"",
      ""TransactionAmount"" : 120000,
      ""JournalReason"" : null,
      ""DepositSeqNo"" : ""1"",
      ""DepositNo"" : ""DEP202108310223-1"",
      ""DepositType"" : ""01"",
      ""Brand"" : null
    }, {
      ""PromotionId"" : null,
      ""TotalPromotionDiscount"" : null,
      ""JournalTypeName"" : ""Deposit"",
      ""Status"" : ""Processed"",
      ""Quantity"" : null,
      ""PaymentMethodName"" : ""카드"",
      ""PaymentMethodCode"" : ""03"",
      ""TransactionAmount"" : 3180000,
      ""JournalReason"" : null,
      ""DepositSeqNo"" : ""1"",
      ""DepositNo"" : ""DEP202207060674-1"",
      ""DepositType"" : ""01"",
      ""Brand"" : null
    }, {
      ""PromotionId"" : null,
      ""TotalPromotionDiscount"" : null,
      ""JournalTypeName"" : ""Deposit"",
      ""Status"" : ""Processed"",
      ""Quantity"" : null,
      ""PaymentMethodName"" : ""백화점상품권"",
      ""PaymentMethodCode"" : ""92"",
      ""TransactionAmount"" : 960000,
      ""JournalReason"" : null,
      ""DepositSeqNo"" : ""1"",
      ""DepositNo"" : ""DEP202301080351-1"",
      ""DepositType"" : ""01"",
      ""Brand"" : null
    }, {
      ""PromotionId"" : null,
      ""TotalPromotionDiscount"" : null,
      ""JournalTypeName"" : ""Deposit"",
      ""Status"" : ""Processed"",
      ""Quantity"" : null,
      ""PaymentMethodName"" : ""카드"",
      ""PaymentMethodCode"" : ""03"",
      ""TransactionAmount"" : 679300,
      ""JournalReason"" : null,
      ""DepositSeqNo"" : ""2"",
      ""DepositNo"" : ""DEP202301080351-2"",
      ""DepositType"" : ""01"",
      ""Brand"" : null
    }, {
      ""PromotionId"" : null,
      ""TotalPromotionDiscount"" : null,
      ""JournalTypeName"" : ""Deposit"",
      ""Status"" : ""Processed"",
      ""Quantity"" : null,
      ""PaymentMethodName"" : ""카드"",
      ""PaymentMethodCode"" : ""03"",
      ""TransactionAmount"" : 1000000,
      ""JournalReason"" : null,
      ""DepositSeqNo"" : ""1"",
      ""DepositNo"" : ""DEP202302030089-1"",
      ""DepositType"" : ""01"",
      ""Brand"" : null
    }, {
      ""PromotionId"" : null,
      ""TotalPromotionDiscount"" : null,
      ""JournalTypeName"" : ""Deposit"",
      ""Status"" : ""Processed"",
      ""Quantity"" : null,
      ""PaymentMethodName"" : ""카드"",
      ""PaymentMethodCode"" : ""03"",
      ""TransactionAmount"" : 232000,
      ""JournalReason"" : null,
      ""DepositSeqNo"" : ""2"",
      ""DepositNo"" : ""DEP202302030089-2"",
      ""DepositType"" : ""01"",
      ""Brand"" : null
    }, {
      ""PromotionId"" : null,
      ""TotalPromotionDiscount"" : null,
      ""JournalTypeName"" : ""Deposit"",
      ""Status"" : ""Processed"",
      ""Quantity"" : null,
      ""PaymentMethodName"" : ""카드"",
      ""PaymentMethodCode"" : ""03"",
      ""TransactionAmount"" : 1200000,
      ""JournalReason"" : null,
      ""DepositSeqNo"" : ""1"",
      ""DepositNo"" : ""DEP202303070077-1"",
      ""DepositType"" : ""01"",
      ""Brand"" : null
    }, {
      ""PromotionId"" : null,
      ""TotalPromotionDiscount"" : null,
      ""JournalTypeName"" : ""Deposit"",
      ""Status"" : ""Processed"",
      ""Quantity"" : null,
      ""PaymentMethodName"" : ""카드"",
      ""PaymentMethodCode"" : ""03"",
      ""TransactionAmount"" : 1380000,
      ""JournalReason"" : null,
      ""DepositSeqNo"" : ""1"",
      ""DepositNo"" : ""DEP202305080032-1"",
      ""DepositType"" : ""01"",
      ""Brand"" : null
    }, {
      ""PromotionId"" : null,
      ""TotalPromotionDiscount"" : null,
      ""JournalTypeName"" : ""Deposit"",
      ""Status"" : ""Processed"",
      ""Quantity"" : null,
      ""PaymentMethodName"" : ""백화점상품권"",
      ""PaymentMethodCode"" : ""92"",
      ""TransactionAmount"" : 50000,
      ""JournalReason"" : null,
      ""DepositSeqNo"" : ""2"",
      ""DepositNo"" : ""DEP202305080032-2"",
      ""DepositType"" : ""01"",
      ""Brand"" : null
    }, {
      ""PromotionId"" : null,
      ""TotalPromotionDiscount"" : null,
      ""JournalTypeName"" : ""Deposit"",
      ""Status"" : ""Processed"",
      ""Quantity"" : null,
      ""PaymentMethodName"" : ""카드"",
      ""PaymentMethodCode"" : ""03"",
      ""TransactionAmount"" : 320000,
      ""JournalReason"" : null,
      ""DepositSeqNo"" : ""1"",
      ""DepositNo"" : ""DEP202305310075-1"",
      ""DepositType"" : ""01"",
      ""Brand"" : null
    }, {
      ""PromotionId"" : null,
      ""TotalPromotionDiscount"" : null,
      ""JournalTypeName"" : ""Redemption"",
      ""Status"" : ""Processed"",
      ""Quantity"" : null,
      ""PaymentMethodName"" : ""포인트"",
      ""PaymentMethodCode"" : ""81"",
      ""TransactionAmount"" : 25000,
      ""JournalReason"" : null,
      ""DepositSeqNo"" : ""1"",
      ""DepositNo"" : ""DEP202306040095-1"",
      ""DepositType"" : ""01"",
      ""Brand"" : null
    }, {
      ""PromotionId"" : null,
      ""TotalPromotionDiscount"" : null,
      ""JournalTypeName"" : ""Deposit"",
      ""Status"" : ""Processed"",
      ""Quantity"" : null,
      ""PaymentMethodName"" : ""카드"",
      ""PaymentMethodCode"" : ""03"",
      ""TransactionAmount"" : 300000,
      ""JournalReason"" : null,
      ""DepositSeqNo"" : ""1"",
      ""DepositNo"" : ""DEP202306070071-1"",
      ""DepositType"" : ""01"",
      ""Brand"" : null
    }, {
      ""PromotionId"" : null,
      ""TotalPromotionDiscount"" : null,
      ""JournalTypeName"" : ""Deposit"",
      ""Status"" : ""Processed"",
      ""Quantity"" : null,
      ""PaymentMethodName"" : ""카드"",
      ""PaymentMethodCode"" : ""03"",
      ""TransactionAmount"" : 1200000,
      ""JournalReason"" : null,
      ""DepositSeqNo"" : ""1"",
      ""DepositNo"" : ""DEP202306130073-1"",
      ""DepositType"" : ""01"",
      ""Brand"" : null
    }, {
      ""PromotionId"" : null,
      ""TotalPromotionDiscount"" : null,
      ""JournalTypeName"" : ""Deposit Reversal"",
      ""Status"" : ""Processed"",
      ""Quantity"" : null,
      ""PaymentMethodName"" : ""카드"",
      ""PaymentMethodCode"" : ""03"",
      ""TransactionAmount"" : 1200000,
      ""JournalReason"" : null,
      ""DepositSeqNo"" : ""1"",
      ""DepositNo"" : ""DEP202307021787-1"",
      ""DepositType"" : ""03"",
      ""Brand"" : null
    }, {
      ""PromotionId"" : null,
      ""TotalPromotionDiscount"" : null,
      ""JournalTypeName"" : ""Deposit"",
      ""Status"" : ""Processed"",
      ""Quantity"" : null,
      ""PaymentMethodName"" : ""카드"",
      ""PaymentMethodCode"" : ""03"",
      ""TransactionAmount"" : 10883200,
      ""JournalReason"" : null,
      ""DepositSeqNo"" : ""2"",
      ""DepositNo"" : ""DEP202307021787-2"",
      ""DepositType"" : ""01"",
      ""Brand"" : null
    }, {
      ""PromotionId"" : null,
      ""TotalPromotionDiscount"" : null,
      ""JournalTypeName"" : ""Deposit Reversal"",
      ""Status"" : ""Processed"",
      ""Quantity"" : null,
      ""PaymentMethodName"" : ""카드"",
      ""PaymentMethodCode"" : ""03"",
      ""TransactionAmount"" : 320000,
      ""JournalReason"" : null,
      ""DepositSeqNo"" : ""1"",
      ""DepositNo"" : ""DEP202307021805-1"",
      ""DepositType"" : ""03"",
      ""Brand"" : null
    }, {
      ""PromotionId"" : null,
      ""TotalPromotionDiscount"" : null,
      ""JournalTypeName"" : ""Deposit"",
      ""Status"" : ""Processed"",
      ""Quantity"" : null,
      ""PaymentMethodName"" : ""카드"",
      ""PaymentMethodCode"" : ""03"",
      ""TransactionAmount"" : 2970600,
      ""JournalReason"" : null,
      ""DepositSeqNo"" : ""2"",
      ""DepositNo"" : ""DEP202307021805-2"",
      ""DepositType"" : ""01"",
      ""Brand"" : null
    }, {
      ""PromotionId"" : null,
      ""TotalPromotionDiscount"" : null,
      ""JournalTypeName"" : ""Deposit"",
      ""Status"" : ""Processed"",
      ""Quantity"" : null,
      ""PaymentMethodName"" : ""카드"",
      ""PaymentMethodCode"" : ""03"",
      ""TransactionAmount"" : 11354400,
      ""JournalReason"" : null,
      ""DepositSeqNo"" : ""1"",
      ""DepositNo"" : ""DEP202307021833-1"",
      ""DepositType"" : ""01"",
      ""Brand"" : null
    }, {
      ""PromotionId"" : null,
      ""TotalPromotionDiscount"" : null,
      ""JournalTypeName"" : ""Deposit"",
      ""Status"" : ""Processed"",
      ""Quantity"" : null,
      ""PaymentMethodName"" : ""카드"",
      ""PaymentMethodCode"" : ""03"",
      ""TransactionAmount"" : 2637200,
      ""JournalReason"" : null,
      ""DepositSeqNo"" : ""1"",
      ""DepositNo"" : ""DEP202307031036-1"",
      ""DepositType"" : ""01"",
      ""Brand"" : null
    }, {
      ""PromotionId"" : null,
      ""TotalPromotionDiscount"" : null,
      ""JournalTypeName"" : ""Deposit"",
      ""Status"" : ""Processed"",
      ""Quantity"" : null,
      ""PaymentMethodName"" : ""카드"",
      ""PaymentMethodCode"" : ""03"",
      ""TransactionAmount"" : 780000,
      ""JournalReason"" : null,
      ""DepositSeqNo"" : ""1"",
      ""DepositNo"" : ""DEP202406140040-1"",
      ""DepositType"" : ""01"",
      ""Brand"" : null
    }, {
      ""PromotionId"" : null,
      ""TotalPromotionDiscount"" : null,
      ""JournalTypeName"" : ""Deposit"",
      ""Status"" : ""Processed"",
      ""Quantity"" : null,
      ""PaymentMethodName"" : ""카드"",
      ""PaymentMethodCode"" : ""03"",
      ""TransactionAmount"" : 2800000,
      ""JournalReason"" : null,
      ""DepositSeqNo"" : ""1"",
      ""DepositNo"" : ""DEP202406140045-1"",
      ""DepositType"" : ""01"",
      ""Brand"" : null
    }, {
      ""PromotionId"" : null,
      ""TotalPromotionDiscount"" : null,
      ""JournalTypeName"" : ""Deposit Reversal"",
      ""Status"" : ""Processed"",
      ""Quantity"" : null,
      ""PaymentMethodName"" : ""카드"",
      ""PaymentMethodCode"" : ""03"",
      ""TransactionAmount"" : 780000,
      ""JournalReason"" : null,
      ""DepositSeqNo"" : ""1"",
      ""DepositNo"" : ""DEP202407011825-1"",
      ""DepositType"" : ""03"",
      ""Brand"" : null
    }, {
      ""PromotionId"" : null,
      ""TotalPromotionDiscount"" : null,
      ""JournalTypeName"" : ""Deposit"",
      ""Status"" : ""Processed"",
      ""Quantity"" : null,
      ""PaymentMethodName"" : ""카드"",
      ""PaymentMethodCode"" : ""03"",
      ""TransactionAmount"" : 6734000,
      ""JournalReason"" : null,
      ""DepositSeqNo"" : ""2"",
      ""DepositNo"" : ""DEP202407011825-2"",
      ""DepositType"" : ""01"",
      ""Brand"" : null
    }, {
      ""PromotionId"" : null,
      ""TotalPromotionDiscount"" : null,
      ""JournalTypeName"" : ""Deposit"",
      ""Status"" : ""Processed"",
      ""Quantity"" : null,
      ""PaymentMethodName"" : ""백화점상품권"",
      ""PaymentMethodCode"" : ""92"",
      ""TransactionAmount"" : 490000,
      ""JournalReason"" : null,
      ""DepositSeqNo"" : ""3"",
      ""DepositNo"" : ""DEP202407011825-3"",
      ""DepositType"" : ""01"",
      ""Brand"" : null
    }, {
      ""PromotionId"" : null,
      ""TotalPromotionDiscount"" : null,
      ""JournalTypeName"" : ""Deposit Reversal"",
      ""Status"" : ""Processed"",
      ""Quantity"" : null,
      ""PaymentMethodName"" : ""카드"",
      ""PaymentMethodCode"" : ""03"",
      ""TransactionAmount"" : 2800000,
      ""JournalReason"" : null,
      ""DepositSeqNo"" : ""1"",
      ""DepositNo"" : ""DEP202407011904-1"",
      ""DepositType"" : ""03"",
      ""Brand"" : null
    }, {
      ""PromotionId"" : null,
      ""TotalPromotionDiscount"" : null,
      ""JournalTypeName"" : ""Deposit"",
      ""Status"" : ""Processed"",
      ""Quantity"" : null,
      ""PaymentMethodName"" : ""카드"",
      ""PaymentMethodCode"" : ""03"",
      ""TransactionAmount"" : 21033000,
      ""JournalReason"" : null,
      ""DepositSeqNo"" : ""2"",
      ""DepositNo"" : ""DEP202407011904-2"",
      ""DepositType"" : ""01"",
      ""Brand"" : null
    }, {
      ""PromotionId"" : null,
      ""TotalPromotionDiscount"" : null,
      ""JournalTypeName"" : ""Deposit"",
      ""Status"" : ""Processed"",
      ""Quantity"" : null,
      ""PaymentMethodName"" : ""카드"",
      ""PaymentMethodCode"" : ""03"",
      ""TransactionAmount"" : 3424100,
      ""JournalReason"" : null,
      ""DepositSeqNo"" : ""3"",
      ""DepositNo"" : ""DEP202407011904-3"",
      ""DepositType"" : ""01"",
      ""Brand"" : null
    }, {
      ""PromotionId"" : null,
      ""TotalPromotionDiscount"" : null,
      ""JournalTypeName"" : ""Deposit"",
      ""Status"" : ""Processed"",
      ""Quantity"" : null,
      ""PaymentMethodName"" : ""백화점상품권"",
      ""PaymentMethodCode"" : ""92"",
      ""TransactionAmount"" : 1210000,
      ""JournalReason"" : null,
      ""DepositSeqNo"" : ""4"",
      ""DepositNo"" : ""DEP202407011904-4"",
      ""DepositType"" : ""01"",
      ""Brand"" : null
    }, {
      ""PromotionId"" : null,
      ""TotalPromotionDiscount"" : null,
      ""JournalTypeName"" : ""Deposit"",
      ""Status"" : ""Processed"",
      ""Quantity"" : null,
      ""PaymentMethodName"" : ""카드"",
      ""PaymentMethodCode"" : ""03"",
      ""TransactionAmount"" : 3390000,
      ""JournalReason"" : null,
      ""DepositSeqNo"" : ""1"",
      ""DepositNo"" : ""DEP202503080353-1"",
      ""DepositType"" : ""01"",
      ""Brand"" : null
    }, {
      ""PromotionId"" : null,
      ""TotalPromotionDiscount"" : null,
      ""JournalTypeName"" : ""Deposit"",
      ""Status"" : ""Processed"",
      ""Quantity"" : null,
      ""PaymentMethodName"" : ""백화점상품권"",
      ""PaymentMethodCode"" : ""92"",
      ""TransactionAmount"" : 300000,
      ""JournalReason"" : null,
      ""DepositSeqNo"" : ""2"",
      ""DepositNo"" : ""DEP202503080353-2"",
      ""DepositType"" : ""01"",
      ""Brand"" : null
    }, {
      ""PromotionId"" : null,
      ""TotalPromotionDiscount"" : null,
      ""JournalTypeName"" : ""Deposit"",
      ""Status"" : ""Processed"",
      ""Quantity"" : null,
      ""PaymentMethodName"" : ""카드"",
      ""PaymentMethodCode"" : ""03"",
      ""TransactionAmount"" : 5000000,
      ""JournalReason"" : null,
      ""DepositSeqNo"" : ""1"",
      ""DepositNo"" : ""DEP202504080048-1"",
      ""DepositType"" : ""01"",
      ""Brand"" : null
    }, {
      ""PromotionId"" : null,
      ""TotalPromotionDiscount"" : null,
      ""JournalTypeName"" : ""Deposit"",
      ""Status"" : ""Processed"",
      ""Quantity"" : null,
      ""PaymentMethodName"" : ""카드"",
      ""PaymentMethodCode"" : ""03"",
      ""TransactionAmount"" : 20501000,
      ""JournalReason"" : null,
      ""DepositSeqNo"" : ""1"",
      ""DepositNo"" : ""DEP202504120322-1"",
      ""DepositType"" : ""01"",
      ""Brand"" : null
    }, {
      ""PromotionId"" : null,
      ""TotalPromotionDiscount"" : null,
      ""JournalTypeName"" : ""Deposit"",
      ""Status"" : ""Processed"",
      ""Quantity"" : null,
      ""PaymentMethodName"" : ""백화점상품권"",
      ""PaymentMethodCode"" : ""92"",
      ""TransactionAmount"" : 593000,
      ""JournalReason"" : null,
      ""DepositSeqNo"" : ""1"",
      ""DepositNo"" : ""DEP202508270268-1"",
      ""DepositType"" : ""01"",
      ""Brand"" : null
    }, {
      ""PromotionId"" : null,
      ""TotalPromotionDiscount"" : null,
      ""JournalTypeName"" : ""Deposit"",
      ""Status"" : ""Processed"",
      ""Quantity"" : null,
      ""PaymentMethodName"" : ""카드"",
      ""PaymentMethodCode"" : ""03"",
      ""TransactionAmount"" : 1166000,
      ""JournalReason"" : null,
      ""DepositSeqNo"" : ""1"",
      ""DepositNo"" : ""DEP202512050143-1"",
      ""DepositType"" : ""01"",
      ""Brand"" : null
    }, {
      ""PromotionId"" : null,
      ""TotalPromotionDiscount"" : null,
      ""JournalTypeName"" : ""Deposit"",
      ""Status"" : ""Processed"",
      ""Quantity"" : null,
      ""PaymentMethodName"" : ""백화점상품권"",
      ""PaymentMethodCode"" : ""92"",
      ""TransactionAmount"" : 50000,
      ""JournalReason"" : null,
      ""DepositSeqNo"" : ""2"",
      ""DepositNo"" : ""DEP202512050143-2"",
      ""DepositType"" : ""01"",
      ""Brand"" : null
    }, {
      ""PromotionId"" : null,
      ""TotalPromotionDiscount"" : null,
      ""JournalTypeName"" : ""Deposit"",
      ""Status"" : ""Processed"",
      ""Quantity"" : null,
      ""PaymentMethodName"" : ""현금"",
      ""PaymentMethodCode"" : ""01"",
      ""TransactionAmount"" : 3428000,
      ""JournalReason"" : null,
      ""DepositSeqNo"" : ""1"",
      ""DepositNo"" : ""DEP202603200107-1"",
      ""DepositType"" : ""01"",
      ""Brand"" : null
    }, {
      ""PromotionId"" : null,
      ""TotalPromotionDiscount"" : null,
      ""JournalTypeName"" : ""Deposit"",
      ""Status"" : ""Processed"",
      ""Quantity"" : null,
      ""PaymentMethodName"" : ""현금"",
      ""PaymentMethodCode"" : ""01"",
      ""TransactionAmount"" : 100000,
      ""JournalReason"" : null,
      ""DepositSeqNo"" : ""1"",
      ""DepositNo"" : ""DEP202603200134-1"",
      ""DepositType"" : ""01"",
      ""Brand"" : null
    }, {
      ""PromotionId"" : null,
      ""TotalPromotionDiscount"" : null,
      ""JournalTypeName"" : ""Deposit"",
      ""Status"" : ""Processed"",
      ""Quantity"" : null,
      ""PaymentMethodName"" : ""카드"",
      ""PaymentMethodCode"" : ""03"",
      ""TransactionAmount"" : 1360400,
      ""JournalReason"" : null,
      ""DepositSeqNo"" : ""1"",
      ""DepositNo"" : ""DEP202104250353-1"",
      ""DepositType"" : ""02"",
      ""Brand"" : null
    }, {
      ""PromotionId"" : null,
      ""TotalPromotionDiscount"" : null,
      ""JournalTypeName"" : ""Deposit"",
      ""Status"" : ""Processed"",
      ""Quantity"" : null,
      ""PaymentMethodName"" : ""카드"",
      ""PaymentMethodCode"" : ""03"",
      ""TransactionAmount"" : 460000,
      ""JournalReason"" : null,
      ""DepositSeqNo"" : ""1"",
      ""DepositNo"" : ""DEP202108070184-1"",
      ""DepositType"" : ""02"",
      ""Brand"" : null
    }, {
      ""PromotionId"" : null,
      ""TotalPromotionDiscount"" : null,
      ""JournalTypeName"" : ""Deposit"",
      ""Status"" : ""Processed"",
      ""Quantity"" : null,
      ""PaymentMethodName"" : ""카드"",
      ""PaymentMethodCode"" : ""03"",
      ""TransactionAmount"" : 7163500,
      ""JournalReason"" : null,
      ""DepositSeqNo"" : ""1"",
      ""DepositNo"" : ""DEP202207091145-1"",
      ""DepositType"" : ""02"",
      ""Brand"" : null
    }, {
      ""PromotionId"" : null,
      ""TotalPromotionDiscount"" : null,
      ""JournalTypeName"" : ""Deposit"",
      ""Status"" : ""Processed"",
      ""Quantity"" : null,
      ""PaymentMethodName"" : ""백화점상품권"",
      ""PaymentMethodCode"" : ""92"",
      ""TransactionAmount"" : 490000,
      ""JournalReason"" : null,
      ""DepositSeqNo"" : ""2"",
      ""DepositNo"" : ""DEP202207091145-2"",
      ""DepositType"" : ""02"",
      ""Brand"" : null
    }, {
      ""PromotionId"" : null,
      ""TotalPromotionDiscount"" : null,
      ""JournalTypeName"" : ""Redemption"",
      ""Status"" : ""Processed"",
      ""Quantity"" : null,
      ""PaymentMethodName"" : ""본사상품권"",
      ""PaymentMethodCode"" : ""90"",
      ""TransactionAmount"" : 50000,
      ""JournalReason"" : null,
      ""DepositSeqNo"" : ""3"",
      ""DepositNo"" : ""DEP202207091145-3"",
      ""DepositType"" : ""02"",
      ""Brand"" : null
    }, {
      ""PromotionId"" : null,
      ""TotalPromotionDiscount"" : null,
      ""JournalTypeName"" : ""Redemption"",
      ""Status"" : ""Processed"",
      ""Quantity"" : null,
      ""PaymentMethodName"" : ""포인트"",
      ""PaymentMethodCode"" : ""81"",
      ""TransactionAmount"" : 119000,
      ""JournalReason"" : null,
      ""DepositSeqNo"" : ""4"",
      ""DepositNo"" : ""DEP202207091145-4"",
      ""DepositType"" : ""02"",
      ""Brand"" : null
    }, {
      ""PromotionId"" : null,
      ""TotalPromotionDiscount"" : null,
      ""JournalTypeName"" : ""Redemption"",
      ""Status"" : ""Processed"",
      ""Quantity"" : null,
      ""PaymentMethodName"" : ""본사상품권"",
      ""PaymentMethodCode"" : ""90"",
      ""TransactionAmount"" : 203100,
      ""JournalReason"" : null,
      ""DepositSeqNo"" : ""1"",
      ""DepositNo"" : ""DEP202301080345-1"",
      ""DepositType"" : ""02"",
      ""Brand"" : null
    }, {
      ""PromotionId"" : null,
      ""TotalPromotionDiscount"" : null,
      ""JournalTypeName"" : ""Deposit"",
      ""Status"" : ""Processed"",
      ""Quantity"" : null,
      ""PaymentMethodName"" : ""백화점상품권"",
      ""PaymentMethodCode"" : ""92"",
      ""TransactionAmount"" : 750000,
      ""JournalReason"" : null,
      ""DepositSeqNo"" : ""2"",
      ""DepositNo"" : ""DEP202301080345-2"",
      ""DepositType"" : ""02"",
      ""Brand"" : null
    }, {
      ""PromotionId"" : null,
      ""TotalPromotionDiscount"" : null,
      ""JournalTypeName"" : ""Deposit"",
      ""Status"" : ""Processed"",
      ""Quantity"" : null,
      ""PaymentMethodName"" : ""카드"",
      ""PaymentMethodCode"" : ""03"",
      ""TransactionAmount"" : 5000000,
      ""JournalReason"" : null,
      ""DepositSeqNo"" : ""3"",
      ""DepositNo"" : ""DEP202301080345-3"",
      ""DepositType"" : ""02"",
      ""Brand"" : null
    }, {
      ""PromotionId"" : null,
      ""TotalPromotionDiscount"" : null,
      ""JournalTypeName"" : ""Redemption"",
      ""Status"" : ""Processed"",
      ""Quantity"" : null,
      ""PaymentMethodName"" : ""포인트"",
      ""PaymentMethodCode"" : ""81"",
      ""TransactionAmount"" : 163000,
      ""JournalReason"" : null,
      ""DepositSeqNo"" : ""4"",
      ""DepositNo"" : ""DEP202301080345-4"",
      ""DepositType"" : ""02"",
      ""Brand"" : null
    }, {
      ""PromotionId"" : null,
      ""TotalPromotionDiscount"" : null,
      ""JournalTypeName"" : ""Deposit"",
      ""Status"" : ""Processed"",
      ""Quantity"" : null,
      ""PaymentMethodName"" : ""카드"",
      ""PaymentMethodCode"" : ""03"",
      ""TransactionAmount"" : 653900,
      ""JournalReason"" : null,
      ""DepositSeqNo"" : ""5"",
      ""DepositNo"" : ""DEP202301080345-5"",
      ""DepositType"" : ""02"",
      ""Brand"" : null
    }, {
      ""PromotionId"" : null,
      ""TotalPromotionDiscount"" : null,
      ""JournalTypeName"" : ""Redemption"",
      ""Status"" : ""Processed"",
      ""Quantity"" : null,
      ""PaymentMethodName"" : ""본사상품권"",
      ""PaymentMethodCode"" : ""90"",
      ""TransactionAmount"" : 50700,
      ""JournalReason"" : null,
      ""DepositSeqNo"" : ""1"",
      ""DepositNo"" : ""DEP202301280247-1"",
      ""DepositType"" : ""02"",
      ""Brand"" : null
    }, {
      ""PromotionId"" : null,
      ""TotalPromotionDiscount"" : null,
      ""JournalTypeName"" : ""Deposit"",
      ""Status"" : ""Processed"",
      ""Quantity"" : null,
      ""PaymentMethodName"" : ""카드"",
      ""PaymentMethodCode"" : ""03"",
      ""TransactionAmount"" : 1288000,
      ""JournalReason"" : null,
      ""DepositSeqNo"" : ""1"",
      ""DepositNo"" : ""DEP202302030084-1"",
      ""DepositType"" : ""02"",
      ""Brand"" : null
    }, {
      ""PromotionId"" : null,
      ""TotalPromotionDiscount"" : null,
      ""JournalTypeName"" : ""Redemption"",
      ""Status"" : ""Processed"",
      ""Quantity"" : null,
      ""PaymentMethodName"" : ""포인트"",
      ""PaymentMethodCode"" : ""81"",
      ""TransactionAmount"" : 120000,
      ""JournalReason"" : null,
      ""DepositSeqNo"" : ""1"",
      ""DepositNo"" : ""DEP202302180261-1"",
      ""DepositType"" : ""02"",
      ""Brand"" : null
    }, {
      ""PromotionId"" : null,
      ""TotalPromotionDiscount"" : null,
      ""JournalTypeName"" : ""Deposit Reversal"",
      ""Status"" : ""Processed"",
      ""Quantity"" : null,
      ""PaymentMethodName"" : ""카드"",
      ""PaymentMethodCode"" : ""03"",
      ""TransactionAmount"" : 1200000,
      ""JournalReason"" : null,
      ""DepositSeqNo"" : ""1"",
      ""DepositNo"" : ""DEP202303160018-1"",
      ""DepositType"" : ""03"",
      ""Brand"" : null
    }, {
      ""PromotionId"" : null,
      ""TotalPromotionDiscount"" : null,
      ""JournalTypeName"" : ""Deposit"",
      ""Status"" : ""Processed"",
      ""Quantity"" : null,
      ""PaymentMethodName"" : ""카드"",
      ""PaymentMethodCode"" : ""03"",
      ""TransactionAmount"" : 11589300,
      ""JournalReason"" : null,
      ""DepositSeqNo"" : ""2"",
      ""DepositNo"" : ""DEP202303160018-2"",
      ""DepositType"" : ""02"",
      ""Brand"" : null
    }, {
      ""PromotionId"" : null,
      ""TotalPromotionDiscount"" : null,
      ""JournalTypeName"" : ""Redemption"",
      ""Status"" : ""Processed"",
      ""Quantity"" : null,
      ""PaymentMethodName"" : ""본사상품권"",
      ""PaymentMethodCode"" : ""90"",
      ""TransactionAmount"" : 359700,
      ""JournalReason"" : null,
      ""DepositSeqNo"" : ""3"",
      ""DepositNo"" : ""DEP202303160018-3"",
      ""DepositType"" : ""02"",
      ""Brand"" : null
    }, {
      ""PromotionId"" : null,
      ""TotalPromotionDiscount"" : null,
      ""JournalTypeName"" : ""Redemption"",
      ""Status"" : ""Processed"",
      ""Quantity"" : null,
      ""PaymentMethodName"" : ""포인트"",
      ""PaymentMethodCode"" : ""81"",
      ""TransactionAmount"" : 41000,
      ""JournalReason"" : null,
      ""DepositSeqNo"" : ""4"",
      ""DepositNo"" : ""DEP202303160018-4"",
      ""DepositType"" : ""02"",
      ""Brand"" : null
    }, {
      ""PromotionId"" : null,
      ""TotalPromotionDiscount"" : null,
      ""JournalTypeName"" : ""Redemption"",
      ""Status"" : ""Processed"",
      ""Quantity"" : null,
      ""PaymentMethodName"" : ""본사상품권"",
      ""PaymentMethodCode"" : ""90"",
      ""TransactionAmount"" : 50000,
      ""JournalReason"" : null,
      ""DepositSeqNo"" : ""1"",
      ""DepositNo"" : ""DEP202305170060-1"",
      ""DepositType"" : ""02"",
      ""Brand"" : null
    }, {
      ""PromotionId"" : null,
      ""TotalPromotionDiscount"" : null,
      ""JournalTypeName"" : ""Redemption"",
      ""Status"" : ""Processed"",
      ""Quantity"" : null,
      ""PaymentMethodName"" : ""포인트"",
      ""PaymentMethodCode"" : ""81"",
      ""TransactionAmount"" : 170000,
      ""JournalReason"" : null,
      ""DepositSeqNo"" : ""2"",
      ""DepositNo"" : ""DEP202305170060-2"",
      ""DepositType"" : ""02"",
      ""Brand"" : null
    }, {
      ""PromotionId"" : null,
      ""TotalPromotionDiscount"" : null,
      ""JournalTypeName"" : ""Redemption"",
      ""Status"" : ""Processed"",
      ""Quantity"" : null,
      ""PaymentMethodName"" : ""본사상품권"",
      ""PaymentMethodCode"" : ""90"",
      ""TransactionAmount"" : 179600,
      ""JournalReason"" : null,
      ""DepositSeqNo"" : ""1"",
      ""DepositNo"" : ""DEP202307031079-1"",
      ""DepositType"" : ""02"",
      ""Brand"" : null
    }, {
      ""PromotionId"" : null,
      ""TotalPromotionDiscount"" : null,
      ""JournalTypeName"" : ""Deposit"",
      ""Status"" : ""Processed"",
      ""Quantity"" : null,
      ""PaymentMethodName"" : ""카드"",
      ""PaymentMethodCode"" : ""03"",
      ""TransactionAmount"" : 3412400,
      ""JournalReason"" : null,
      ""DepositSeqNo"" : ""2"",
      ""DepositNo"" : ""DEP202307031079-2"",
      ""DepositType"" : ""02"",
      ""Brand"" : null
    }, {
      ""PromotionId"" : null,
      ""TotalPromotionDiscount"" : null,
      ""JournalTypeName"" : ""Deposit Reversal"",
      ""Status"" : ""Processed"",
      ""Quantity"" : null,
      ""PaymentMethodName"" : ""카드"",
      ""PaymentMethodCode"" : ""03"",
      ""TransactionAmount"" : 300000,
      ""JournalReason"" : null,
      ""DepositSeqNo"" : ""1"",
      ""DepositNo"" : ""DEP202307110383-1"",
      ""DepositType"" : ""03"",
      ""Brand"" : null
    }, {
      ""PromotionId"" : null,
      ""TotalPromotionDiscount"" : null,
      ""JournalTypeName"" : ""Deposit"",
      ""Status"" : ""Processed"",
      ""Quantity"" : null,
      ""PaymentMethodName"" : ""카드"",
      ""PaymentMethodCode"" : ""03"",
      ""TransactionAmount"" : 2682800,
      ""JournalReason"" : null,
      ""DepositSeqNo"" : ""2"",
      ""DepositNo"" : ""DEP202307110383-2"",
      ""DepositType"" : ""02"",
      ""Brand"" : null
    }, {
      ""PromotionId"" : null,
      ""TotalPromotionDiscount"" : null,
      ""JournalTypeName"" : ""Redemption"",
      ""Status"" : ""Processed"",
      ""Quantity"" : null,
      ""PaymentMethodName"" : ""본사상품권"",
      ""PaymentMethodCode"" : ""90"",
      ""TransactionAmount"" : 141200,
      ""JournalReason"" : null,
      ""DepositSeqNo"" : ""3"",
      ""DepositNo"" : ""DEP202307110383-3"",
      ""DepositType"" : ""02"",
      ""Brand"" : null
    }, {
      ""PromotionId"" : null,
      ""TotalPromotionDiscount"" : null,
      ""JournalTypeName"" : ""Redemption"",
      ""Status"" : ""Processed"",
      ""Quantity"" : null,
      ""PaymentMethodName"" : ""본사상품권"",
      ""PaymentMethodCode"" : ""90"",
      ""TransactionAmount"" : 157600,
      ""JournalReason"" : null,
      ""DepositSeqNo"" : ""1"",
      ""DepositNo"" : ""DEP202307210923-1"",
      ""DepositType"" : ""02"",
      ""Brand"" : null
    }, {
      ""PromotionId"" : null,
      ""TotalPromotionDiscount"" : null,
      ""JournalTypeName"" : ""Redemption"",
      ""Status"" : ""Processed"",
      ""Quantity"" : null,
      ""PaymentMethodName"" : ""본사상품권"",
      ""PaymentMethodCode"" : ""90"",
      ""TransactionAmount"" : 600400,
      ""JournalReason"" : null,
      ""DepositSeqNo"" : ""1"",
      ""DepositNo"" : ""DEP202307210934-1"",
      ""DepositType"" : ""02"",
      ""Brand"" : null
    }, {
      ""PromotionId"" : null,
      ""TotalPromotionDiscount"" : null,
      ""JournalTypeName"" : ""Deposit"",
      ""Status"" : ""Processed"",
      ""Quantity"" : null,
      ""PaymentMethodName"" : ""가주문"",
      ""PaymentMethodCode"" : ""06"",
      ""TransactionAmount"" : 60800,
      ""JournalReason"" : null,
      ""DepositSeqNo"" : ""2"",
      ""DepositNo"" : ""DEP202307210934-2"",
      ""DepositType"" : ""02"",
      ""Brand"" : null
    }, {
      ""PromotionId"" : null,
      ""TotalPromotionDiscount"" : null,
      ""JournalTypeName"" : ""Deposit"",
      ""Status"" : ""Processed"",
      ""Quantity"" : null,
      ""PaymentMethodName"" : ""현금"",
      ""PaymentMethodCode"" : ""01"",
      ""TransactionAmount"" : 463600,
      ""JournalReason"" : null,
      ""DepositSeqNo"" : ""3"",
      ""DepositNo"" : ""DEP202307210934-3"",
      ""DepositType"" : ""02"",
      ""Brand"" : null
    }, {
      ""PromotionId"" : null,
      ""TotalPromotionDiscount"" : null,
      ""JournalTypeName"" : ""Deposit Reversal"",
      ""Status"" : ""Processed"",
      ""Quantity"" : null,
      ""PaymentMethodName"" : ""현금"",
      ""PaymentMethodCode"" : ""01"",
      ""TransactionAmount"" : 463600,
      ""JournalReason"" : null,
      ""DepositSeqNo"" : ""1"",
      ""DepositNo"" : ""DEP202307210942-1"",
      ""DepositType"" : ""03"",
      ""Brand"" : null
    }, {
      ""PromotionId"" : null,
      ""TotalPromotionDiscount"" : null,
      ""JournalTypeName"" : ""Deposit Reversal"",
      ""Status"" : ""Processed"",
      ""Quantity"" : null,
      ""PaymentMethodName"" : ""본사상품권"",
      ""PaymentMethodCode"" : ""90"",
      ""TransactionAmount"" : 24400,
      ""JournalReason"" : null,
      ""DepositSeqNo"" : ""2"",
      ""DepositNo"" : ""DEP202307210942-2"",
      ""DepositType"" : ""03"",
      ""Brand"" : null
    }, {
      ""PromotionId"" : null,
      ""TotalPromotionDiscount"" : null,
      ""JournalTypeName"" : ""Redemption"",
      ""Status"" : ""Processed"",
      ""Quantity"" : null,
      ""PaymentMethodName"" : ""본사상품권"",
      ""PaymentMethodCode"" : ""90"",
      ""TransactionAmount"" : 736400,
      ""JournalReason"" : null,
      ""DepositSeqNo"" : ""1"",
      ""DepositNo"" : ""DEP202307210948-1"",
      ""DepositType"" : ""02"",
      ""Brand"" : null
    }, {
      ""PromotionId"" : null,
      ""TotalPromotionDiscount"" : null,
      ""JournalTypeName"" : ""Deposit"",
      ""Status"" : ""Processed"",
      ""Quantity"" : null,
      ""PaymentMethodName"" : ""카드"",
      ""PaymentMethodCode"" : ""03"",
      ""TransactionAmount"" : 4096000,
      ""JournalReason"" : null,
      ""DepositSeqNo"" : ""1"",
      ""DepositNo"" : ""DEP202403310385-1"",
      ""DepositType"" : ""02"",
      ""Brand"" : null
    }, {
      ""PromotionId"" : null,
      ""TotalPromotionDiscount"" : null,
      ""JournalTypeName"" : ""Redemption"",
      ""Status"" : ""Processed"",
      ""Quantity"" : null,
      ""PaymentMethodName"" : ""본사상품권"",
      ""PaymentMethodCode"" : ""90"",
      ""TransactionAmount"" : 68400,
      ""JournalReason"" : null,
      ""DepositSeqNo"" : ""1"",
      ""DepositNo"" : ""DEP202407011858-1"",
      ""DepositType"" : ""02"",
      ""Brand"" : null
    }, {
      ""PromotionId"" : null,
      ""TotalPromotionDiscount"" : null,
      ""JournalTypeName"" : ""Deposit"",
      ""Status"" : ""Processed"",
      ""Quantity"" : null,
      ""PaymentMethodName"" : ""백화점상품권"",
      ""PaymentMethodCode"" : ""92"",
      ""TransactionAmount"" : 70000,
      ""JournalReason"" : null,
      ""DepositSeqNo"" : ""2"",
      ""DepositNo"" : ""DEP202407011858-2"",
      ""DepositType"" : ""02"",
      ""Brand"" : null
    }, {
      ""PromotionId"" : null,
      ""TotalPromotionDiscount"" : null,
      ""JournalTypeName"" : ""Deposit"",
      ""Status"" : ""Processed"",
      ""Quantity"" : null,
      ""PaymentMethodName"" : ""카드"",
      ""PaymentMethodCode"" : ""03"",
      ""TransactionAmount"" : 1229600,
      ""JournalReason"" : null,
      ""DepositSeqNo"" : ""3"",
      ""DepositNo"" : ""DEP202407011858-3"",
      ""DepositType"" : ""02"",
      ""Brand"" : null
    }, {
      ""PromotionId"" : null,
      ""TotalPromotionDiscount"" : null,
      ""JournalTypeName"" : ""Redemption"",
      ""Status"" : ""Processed"",
      ""Quantity"" : null,
      ""PaymentMethodName"" : ""본사상품권"",
      ""PaymentMethodCode"" : ""90"",
      ""TransactionAmount"" : 1350900,
      ""JournalReason"" : null,
      ""DepositSeqNo"" : ""1"",
      ""DepositNo"" : ""DEP202407190939-1"",
      ""DepositType"" : ""02"",
      ""Brand"" : null
    }, {
      ""PromotionId"" : null,
      ""TotalPromotionDiscount"" : null,
      ""JournalTypeName"" : ""Deposit"",
      ""Status"" : ""Processed"",
      ""Quantity"" : null,
      ""PaymentMethodName"" : ""카드"",
      ""PaymentMethodCode"" : ""03"",
      ""TransactionAmount"" : 21033000,
      ""JournalReason"" : null,
      ""DepositSeqNo"" : ""1"",
      ""DepositNo"" : ""DEP202407220047-1"",
      ""DepositType"" : ""02"",
      ""Brand"" : null
    }, {
      ""PromotionId"" : null,
      ""TotalPromotionDiscount"" : null,
      ""JournalTypeName"" : ""Deposit Reversal"",
      ""Status"" : ""Processed"",
      ""Quantity"" : null,
      ""PaymentMethodName"" : ""카드"",
      ""PaymentMethodCode"" : ""03"",
      ""TransactionAmount"" : 21033000,
      ""JournalReason"" : null,
      ""DepositSeqNo"" : ""2"",
      ""DepositNo"" : ""DEP202407220047-2"",
      ""DepositType"" : ""03"",
      ""Brand"" : null
    }, {
      ""PromotionId"" : null,
      ""TotalPromotionDiscount"" : null,
      ""JournalTypeName"" : ""Redemption"",
      ""Status"" : ""Processed"",
      ""Quantity"" : null,
      ""PaymentMethodName"" : ""포인트"",
      ""PaymentMethodCode"" : ""81"",
      ""TransactionAmount"" : 500000,
      ""JournalReason"" : null,
      ""DepositSeqNo"" : ""1"",
      ""DepositNo"" : ""DEP202408040264-1"",
      ""DepositType"" : ""02"",
      ""Brand"" : null
    }, {
      ""PromotionId"" : null,
      ""TotalPromotionDiscount"" : null,
      ""JournalTypeName"" : ""Redemption"",
      ""Status"" : ""Processed"",
      ""Quantity"" : null,
      ""PaymentMethodName"" : ""본사상품권"",
      ""PaymentMethodCode"" : ""90"",
      ""TransactionAmount"" : 410000,
      ""JournalReason"" : null,
      ""DepositSeqNo"" : ""1"",
      ""DepositNo"" : ""DEP202504080044-1"",
      ""DepositType"" : ""02"",
      ""Brand"" : null
    }, {
      ""PromotionId"" : null,
      ""TotalPromotionDiscount"" : null,
      ""JournalTypeName"" : ""Redemption"",
      ""Status"" : ""Processed"",
      ""Quantity"" : null,
      ""PaymentMethodName"" : ""포인트"",
      ""PaymentMethodCode"" : ""81"",
      ""TransactionAmount"" : 145000,
      ""JournalReason"" : null,
      ""DepositSeqNo"" : ""1"",
      ""DepositNo"" : ""DEP202504100124-1"",
      ""DepositType"" : ""02"",
      ""Brand"" : null
    }, {
      ""PromotionId"" : null,
      ""TotalPromotionDiscount"" : null,
      ""JournalTypeName"" : ""Redemption"",
      ""Status"" : ""Processed"",
      ""Quantity"" : null,
      ""PaymentMethodName"" : ""포인트"",
      ""PaymentMethodCode"" : ""81"",
      ""TransactionAmount"" : 730000,
      ""JournalReason"" : null,
      ""DepositSeqNo"" : ""1"",
      ""DepositNo"" : ""DEP202505210085-1"",
      ""DepositType"" : ""02"",
      ""Brand"" : null
    }, {
      ""PromotionId"" : null,
      ""TotalPromotionDiscount"" : null,
      ""JournalTypeName"" : ""Deposit"",
      ""Status"" : ""Processed"",
      ""Quantity"" : null,
      ""PaymentMethodName"" : ""카드"",
      ""PaymentMethodCode"" : ""03"",
      ""TransactionAmount"" : 964000,
      ""JournalReason"" : null,
      ""DepositSeqNo"" : ""1"",
      ""DepositNo"" : ""DEP202509050055-1"",
      ""DepositType"" : ""02"",
      ""Brand"" : null
    }, {
      ""PromotionId"" : null,
      ""TotalPromotionDiscount"" : null,
      ""JournalTypeName"" : ""Deposit"",
      ""Status"" : ""Processed"",
      ""Quantity"" : null,
      ""PaymentMethodName"" : ""백화점상품권"",
      ""PaymentMethodCode"" : ""92"",
      ""TransactionAmount"" : 90000,
      ""JournalReason"" : null,
      ""DepositSeqNo"" : ""2"",
      ""DepositNo"" : ""DEP202509050055-2"",
      ""DepositType"" : ""02"",
      ""Brand"" : null
    }, {
      ""PromotionId"" : null,
      ""TotalPromotionDiscount"" : null,
      ""JournalTypeName"" : ""Redemption"",
      ""Status"" : ""Processed"",
      ""Quantity"" : null,
      ""PaymentMethodName"" : ""본사상품권"",
      ""PaymentMethodCode"" : ""90"",
      ""TransactionAmount"" : 183000,
      ""JournalReason"" : null,
      ""DepositSeqNo"" : ""3"",
      ""DepositNo"" : ""DEP202509050055-3"",
      ""DepositType"" : ""02"",
      ""Brand"" : null
    }, {
      ""PromotionId"" : null,
      ""TotalPromotionDiscount"" : null,
      ""JournalTypeName"" : ""Redemption"",
      ""Status"" : ""Processed"",
      ""Quantity"" : null,
      ""PaymentMethodName"" : ""포인트"",
      ""PaymentMethodCode"" : ""81"",
      ""TransactionAmount"" : 400000,
      ""JournalReason"" : null,
      ""DepositSeqNo"" : ""1"",
      ""DepositNo"" : ""DEP202512110043-1"",
      ""DepositType"" : ""02"",
      ""Brand"" : null
    }, {
      ""PromotionId"" : null,
      ""TotalPromotionDiscount"" : null,
      ""JournalTypeName"" : ""Deposit"",
      ""Status"" : ""Processed"",
      ""Quantity"" : null,
      ""PaymentMethodName"" : ""카드"",
      ""PaymentMethodCode"" : ""03"",
      ""TransactionAmount"" : 2032000,
      ""JournalReason"" : null,
      ""DepositSeqNo"" : ""1"",
      ""DepositNo"" : ""DEP202603040059-1"",
      ""DepositType"" : ""02"",
      ""Brand"" : null
    }, {
      ""PromotionId"" : null,
      ""TotalPromotionDiscount"" : null,
      ""JournalTypeName"" : ""Redemption"",
      ""Status"" : ""Processed"",
      ""Quantity"" : null,
      ""PaymentMethodName"" : ""포인트"",
      ""PaymentMethodCode"" : ""81"",
      ""TransactionAmount"" : 67000,
      ""JournalReason"" : null,
      ""DepositSeqNo"" : ""1"",
      ""DepositNo"" : ""DEP202603040062-1"",
      ""DepositType"" : ""02"",
      ""Brand"" : null
    }, {
      ""PromotionId"" : null,
      ""TotalPromotionDiscount"" : null,
      ""JournalTypeName"" : ""Redemption"",
      ""Status"" : ""Processed"",
      ""Quantity"" : null,
      ""PaymentMethodName"" : ""본사상품권"",
      ""PaymentMethodCode"" : ""90"",
      ""TransactionAmount"" : 100000,
      ""JournalReason"" : null,
      ""DepositSeqNo"" : ""2"",
      ""DepositNo"" : ""DEP202603040062-2"",
      ""DepositType"" : ""02"",
      ""Brand"" : null
    }, {
      ""PromotionId"" : null,
      ""TotalPromotionDiscount"" : null,
      ""JournalTypeName"" : ""Deposit"",
      ""Status"" : ""Processed"",
      ""Quantity"" : null,
      ""PaymentMethodName"" : ""백화점상품권"",
      ""PaymentMethodCode"" : ""92"",
      ""TransactionAmount"" : 140000,
      ""JournalReason"" : null,
      ""DepositSeqNo"" : ""3"",
      ""DepositNo"" : ""DEP202603040062-3"",
      ""DepositType"" : ""02"",
      ""Brand"" : null
    }, {
      ""PromotionId"" : null,
      ""TotalPromotionDiscount"" : null,
      ""JournalTypeName"" : ""Deposit"",
      ""Status"" : ""Processed"",
      ""Quantity"" : null,
      ""PaymentMethodName"" : ""카드"",
      ""PaymentMethodCode"" : ""03"",
      ""TransactionAmount"" : 543000,
      ""JournalReason"" : null,
      ""DepositSeqNo"" : ""4"",
      ""DepositNo"" : ""DEP202603040062-4"",
      ""DepositType"" : ""02"",
      ""Brand"" : null
    }, {
      ""PromotionId"" : null,
      ""TotalPromotionDiscount"" : null,
      ""JournalTypeName"" : ""Deposit"",
      ""Status"" : ""Processed"",
      ""Quantity"" : null,
      ""PaymentMethodName"" : ""카드"",
      ""PaymentMethodCode"" : ""03"",
      ""TransactionAmount"" : 1578000,
      ""JournalReason"" : null,
      ""DepositSeqNo"" : ""1"",
      ""DepositNo"" : ""DEP202603120166-1"",
      ""DepositType"" : ""02"",
      ""Brand"" : null
    }, {
      ""PromotionId"" : null,
      ""TotalPromotionDiscount"" : null,
      ""JournalTypeName"" : ""Deposit"",
      ""Status"" : ""Processed"",
      ""Quantity"" : null,
      ""PaymentMethodName"" : ""백화점상품권"",
      ""PaymentMethodCode"" : ""92"",
      ""TransactionAmount"" : 70000,
      ""JournalReason"" : null,
      ""DepositSeqNo"" : ""2"",
      ""DepositNo"" : ""DEP202603120166-2"",
      ""DepositType"" : ""02"",
      ""Brand"" : null
    }, {
      ""PromotionId"" : null,
      ""TotalPromotionDiscount"" : null,
      ""JournalTypeName"" : ""Redemption"",
      ""Status"" : ""Processed"",
      ""Quantity"" : null,
      ""PaymentMethodName"" : ""포인트"",
      ""PaymentMethodCode"" : ""81"",
      ""TransactionAmount"" : 16000,
      ""JournalReason"" : null,
      ""DepositSeqNo"" : ""3"",
      ""DepositNo"" : ""DEP202603120166-3"",
      ""DepositType"" : ""02"",
      ""Brand"" : null
    }, {
      ""PromotionId"" : null,
      ""TotalPromotionDiscount"" : null,
      ""JournalTypeName"" : ""Deposit"",
      ""Status"" : ""Processed"",
      ""Quantity"" : null,
      ""PaymentMethodName"" : ""카드"",
      ""PaymentMethodCode"" : ""03"",
      ""TransactionAmount"" : 1122000,
      ""JournalReason"" : null,
      ""DepositSeqNo"" : ""1"",
      ""DepositNo"" : ""DEP202603120169-1"",
      ""DepositType"" : ""02"",
      ""Brand"" : null
    }, {
      ""PromotionId"" : null,
      ""TotalPromotionDiscount"" : null,
      ""JournalTypeName"" : ""Redemption"",
      ""Status"" : ""Processed"",
      ""Quantity"" : null,
      ""PaymentMethodName"" : ""본사상품권"",
      ""PaymentMethodCode"" : ""90"",
      ""TransactionAmount"" : 138000,
      ""JournalReason"" : null,
      ""DepositSeqNo"" : ""2"",
      ""DepositNo"" : ""DEP202603120169-2"",
      ""DepositType"" : ""02"",
      ""Brand"" : null
    }, {
      ""PromotionId"" : null,
      ""TotalPromotionDiscount"" : null,
      ""JournalTypeName"" : ""Deposit"",
      ""Status"" : ""Processed"",
      ""Quantity"" : null,
      ""PaymentMethodName"" : ""백화점상품권"",
      ""PaymentMethodCode"" : ""92"",
      ""TransactionAmount"" : 120000,
      ""JournalReason"" : null,
      ""DepositSeqNo"" : ""3"",
      ""DepositNo"" : ""DEP202603120169-3"",
      ""DepositType"" : ""02"",
      ""Brand"" : null
    }, {
      ""PromotionId"" : null,
      ""TotalPromotionDiscount"" : null,
      ""JournalTypeName"" : ""Deposit"",
      ""Status"" : ""Processed"",
      ""Quantity"" : null,
      ""PaymentMethodName"" : ""카드"",
      ""PaymentMethodCode"" : ""03"",
      ""TransactionAmount"" : 752000,
      ""JournalReason"" : null,
      ""DepositSeqNo"" : ""1"",
      ""DepositNo"" : ""DEP202603130124-1"",
      ""DepositType"" : ""02"",
      ""Brand"" : null
    }, {
      ""PromotionId"" : null,
      ""TotalPromotionDiscount"" : null,
      ""JournalTypeName"" : ""Deposit"",
      ""Status"" : ""Processed"",
      ""Quantity"" : null,
      ""PaymentMethodName"" : ""백화점상품권"",
      ""PaymentMethodCode"" : ""92"",
      ""TransactionAmount"" : 360000,
      ""JournalReason"" : null,
      ""DepositSeqNo"" : ""2"",
      ""DepositNo"" : ""DEP202603130124-2"",
      ""DepositType"" : ""02"",
      ""Brand"" : null
    }, {
      ""PromotionId"" : null,
      ""TotalPromotionDiscount"" : null,
      ""JournalTypeName"" : ""Deposit Reversal"",
      ""Status"" : ""Processed"",
      ""Quantity"" : null,
      ""PaymentMethodName"" : ""카드"",
      ""PaymentMethodCode"" : ""03"",
      ""TransactionAmount"" : 1578000,
      ""JournalReason"" : null,
      ""DepositSeqNo"" : ""1"",
      ""DepositNo"" : ""DEP202603130879-1"",
      ""DepositType"" : ""03"",
      ""Brand"" : null
    }, {
      ""PromotionId"" : null,
      ""TotalPromotionDiscount"" : null,
      ""JournalTypeName"" : ""Deposit Reversal"",
      ""Status"" : ""Processed"",
      ""Quantity"" : null,
      ""PaymentMethodName"" : ""백화점상품권"",
      ""PaymentMethodCode"" : ""92"",
      ""TransactionAmount"" : 70000,
      ""JournalReason"" : null,
      ""DepositSeqNo"" : ""2"",
      ""DepositNo"" : ""DEP202603130879-2"",
      ""DepositType"" : ""03"",
      ""Brand"" : null
    }, {
      ""PromotionId"" : null,
      ""TotalPromotionDiscount"" : null,
      ""JournalTypeName"" : ""Redemption Reversal"",
      ""Status"" : ""Processed"",
      ""Quantity"" : null,
      ""PaymentMethodName"" : ""포인트"",
      ""PaymentMethodCode"" : ""81"",
      ""TransactionAmount"" : 16000,
      ""JournalReason"" : null,
      ""DepositSeqNo"" : ""3"",
      ""DepositNo"" : ""DEP202603130879-3"",
      ""DepositType"" : ""03"",
      ""Brand"" : null
    }, {
      ""PromotionId"" : null,
      ""TotalPromotionDiscount"" : null,
      ""JournalTypeName"" : ""Deposit"",
      ""Status"" : ""Processed"",
      ""Quantity"" : null,
      ""PaymentMethodName"" : ""카드"",
      ""PaymentMethodCode"" : ""03"",
      ""TransactionAmount"" : 5442000,
      ""JournalReason"" : null,
      ""DepositSeqNo"" : ""1"",
      ""DepositNo"" : ""DEP202603130915-1"",
      ""DepositType"" : ""02"",
      ""Brand"" : null
    }, {
      ""PromotionId"" : null,
      ""TotalPromotionDiscount"" : null,
      ""JournalTypeName"" : ""Deposit"",
      ""Status"" : ""Processed"",
      ""Quantity"" : null,
      ""PaymentMethodName"" : ""백화점상품권"",
      ""PaymentMethodCode"" : ""92"",
      ""TransactionAmount"" : 350000,
      ""JournalReason"" : null,
      ""DepositSeqNo"" : ""2"",
      ""DepositNo"" : ""DEP202603130915-2"",
      ""DepositType"" : ""02"",
      ""Brand"" : null
    }, {
      ""PromotionId"" : null,
      ""TotalPromotionDiscount"" : null,
      ""JournalTypeName"" : ""Deposit"",
      ""Status"" : ""Processed"",
      ""Quantity"" : null,
      ""PaymentMethodName"" : ""카드"",
      ""PaymentMethodCode"" : ""03"",
      ""TransactionAmount"" : 2361000,
      ""JournalReason"" : null,
      ""DepositSeqNo"" : ""1"",
      ""DepositNo"" : ""DEP202603130947-1"",
      ""DepositType"" : ""02"",
      ""Brand"" : null
    }, {
      ""PromotionId"" : null,
      ""TotalPromotionDiscount"" : null,
      ""JournalTypeName"" : ""Deposit"",
      ""Status"" : ""Processed"",
      ""Quantity"" : null,
      ""PaymentMethodName"" : ""백화점상품권"",
      ""PaymentMethodCode"" : ""92"",
      ""TransactionAmount"" : 100000,
      ""JournalReason"" : null,
      ""DepositSeqNo"" : ""2"",
      ""DepositNo"" : ""DEP202603130947-2"",
      ""DepositType"" : ""02"",
      ""Brand"" : null
    }, {
      ""PromotionId"" : null,
      ""TotalPromotionDiscount"" : null,
      ""JournalTypeName"" : ""Deposit"",
      ""Status"" : ""Processed"",
      ""Quantity"" : null,
      ""PaymentMethodName"" : ""백화점상품권"",
      ""PaymentMethodCode"" : ""92"",
      ""TransactionAmount"" : 140000,
      ""JournalReason"" : null,
      ""DepositSeqNo"" : ""3"",
      ""DepositNo"" : ""DEP202603130947-3"",
      ""DepositType"" : ""02"",
      ""Brand"" : null
    }, {
      ""PromotionId"" : null,
      ""TotalPromotionDiscount"" : null,
      ""JournalTypeName"" : ""Redemption"",
      ""Status"" : ""Processed"",
      ""Quantity"" : null,
      ""PaymentMethodName"" : ""본사상품권"",
      ""PaymentMethodCode"" : ""90"",
      ""TransactionAmount"" : 289000,
      ""JournalReason"" : null,
      ""DepositSeqNo"" : ""4"",
      ""DepositNo"" : ""DEP202603130947-4"",
      ""DepositType"" : ""02"",
      ""Brand"" : null
    }, {
      ""PromotionId"" : null,
      ""TotalPromotionDiscount"" : null,
      ""JournalTypeName"" : ""Deposit"",
      ""Status"" : ""Processed"",
      ""Quantity"" : null,
      ""PaymentMethodName"" : ""카드"",
      ""PaymentMethodCode"" : ""03"",
      ""TransactionAmount"" : 1716000,
      ""JournalReason"" : null,
      ""DepositSeqNo"" : ""1"",
      ""DepositNo"" : ""DEP202603130966-1"",
      ""DepositType"" : ""02"",
      ""Brand"" : null
    }, {
      ""PromotionId"" : null,
      ""TotalPromotionDiscount"" : null,
      ""JournalTypeName"" : ""Deposit"",
      ""Status"" : ""Processed"",
      ""Quantity"" : null,
      ""PaymentMethodName"" : ""백화점상품권"",
      ""PaymentMethodCode"" : ""92"",
      ""TransactionAmount"" : 120000,
      ""JournalReason"" : null,
      ""DepositSeqNo"" : ""2"",
      ""DepositNo"" : ""DEP202603130966-2"",
      ""DepositType"" : ""02"",
      ""Brand"" : null
    }, {
      ""PromotionId"" : null,
      ""TotalPromotionDiscount"" : null,
      ""JournalTypeName"" : ""Redemption"",
      ""Status"" : ""Processed"",
      ""Quantity"" : null,
      ""PaymentMethodName"" : ""본사상품권"",
      ""PaymentMethodCode"" : ""90"",
      ""TransactionAmount"" : 204000,
      ""JournalReason"" : null,
      ""DepositSeqNo"" : ""3"",
      ""DepositNo"" : ""DEP202603130966-3"",
      ""DepositType"" : ""02"",
      ""Brand"" : null
    }, {
      ""PromotionId"" : null,
      ""TotalPromotionDiscount"" : null,
      ""JournalTypeName"" : ""Deposit"",
      ""Status"" : ""Processed"",
      ""Quantity"" : null,
      ""PaymentMethodName"" : ""카드"",
      ""PaymentMethodCode"" : ""03"",
      ""TransactionAmount"" : 1000000,
      ""JournalReason"" : null,
      ""DepositSeqNo"" : ""1"",
      ""DepositNo"" : ""DEP202603130975-1"",
      ""DepositType"" : ""02"",
      ""Brand"" : null
    }, {
      ""PromotionId"" : null,
      ""TotalPromotionDiscount"" : null,
      ""JournalTypeName"" : ""Redemption"",
      ""Status"" : ""Processed"",
      ""Quantity"" : null,
      ""PaymentMethodName"" : ""포인트"",
      ""PaymentMethodCode"" : ""81"",
      ""TransactionAmount"" : 16000,
      ""JournalReason"" : null,
      ""DepositSeqNo"" : ""2"",
      ""DepositNo"" : ""DEP202603130975-2"",
      ""DepositType"" : ""02"",
      ""Brand"" : null
    }, {
      ""PromotionId"" : null,
      ""TotalPromotionDiscount"" : null,
      ""JournalTypeName"" : ""Deposit"",
      ""Status"" : ""Processed"",
      ""Quantity"" : null,
      ""PaymentMethodName"" : ""카드"",
      ""PaymentMethodCode"" : ""03"",
      ""TransactionAmount"" : 2406000,
      ""JournalReason"" : null,
      ""DepositSeqNo"" : ""1"",
      ""DepositNo"" : ""DEP202603150976-1"",
      ""DepositType"" : ""02"",
      ""Brand"" : null
    }, {
      ""PromotionId"" : null,
      ""TotalPromotionDiscount"" : null,
      ""JournalTypeName"" : ""Deposit"",
      ""Status"" : ""Processed"",
      ""Quantity"" : null,
      ""PaymentMethodName"" : ""백화점상품권"",
      ""PaymentMethodCode"" : ""92"",
      ""TransactionAmount"" : 140000,
      ""JournalReason"" : null,
      ""DepositSeqNo"" : ""2"",
      ""DepositNo"" : ""DEP202603150976-2"",
      ""DepositType"" : ""02"",
      ""Brand"" : null
    }, {
      ""PromotionId"" : null,
      ""TotalPromotionDiscount"" : null,
      ""JournalTypeName"" : ""Redemption"",
      ""Status"" : ""Processed"",
      ""Quantity"" : null,
      ""PaymentMethodName"" : ""포인트"",
      ""PaymentMethodCode"" : ""81"",
      ""TransactionAmount"" : 206000,
      ""JournalReason"" : null,
      ""DepositSeqNo"" : ""3"",
      ""DepositNo"" : ""DEP202603150976-3"",
      ""DepositType"" : ""02"",
      ""Brand"" : null
    }, {
      ""PromotionId"" : null,
      ""TotalPromotionDiscount"" : null,
      ""JournalTypeName"" : ""Deposit"",
      ""Status"" : ""Processed"",
      ""Quantity"" : null,
      ""PaymentMethodName"" : ""카드"",
      ""PaymentMethodCode"" : ""03"",
      ""TransactionAmount"" : 1376000,
      ""JournalReason"" : null,
      ""DepositSeqNo"" : ""1"",
      ""DepositNo"" : ""DEP202603151409-1"",
      ""DepositType"" : ""02"",
      ""Brand"" : null
    }, {
      ""PromotionId"" : null,
      ""TotalPromotionDiscount"" : null,
      ""JournalTypeName"" : ""Deposit"",
      ""Status"" : ""Processed"",
      ""Quantity"" : null,
      ""PaymentMethodName"" : ""가주문"",
      ""PaymentMethodCode"" : ""06"",
      ""TransactionAmount"" : 1242000,
      ""JournalReason"" : null,
      ""DepositSeqNo"" : ""1"",
      ""DepositNo"" : ""DEP202603170173-1"",
      ""DepositType"" : ""02"",
      ""Brand"" : null
    }, {
      ""PromotionId"" : null,
      ""TotalPromotionDiscount"" : null,
      ""JournalTypeName"" : ""Redemption"",
      ""Status"" : ""Processed"",
      ""Quantity"" : null,
      ""PaymentMethodName"" : ""본사상품권"",
      ""PaymentMethodCode"" : ""90"",
      ""TransactionAmount"" : 138000,
      ""JournalReason"" : null,
      ""DepositSeqNo"" : ""2"",
      ""DepositNo"" : ""DEP202603170173-2"",
      ""DepositType"" : ""02"",
      ""Brand"" : null
    }, {
      ""PromotionId"" : null,
      ""TotalPromotionDiscount"" : null,
      ""JournalTypeName"" : ""Redemption"",
      ""Status"" : ""Processed"",
      ""Quantity"" : null,
      ""PaymentMethodName"" : ""본사상품권"",
      ""PaymentMethodCode"" : ""90"",
      ""TransactionAmount"" : 392000,
      ""JournalReason"" : null,
      ""DepositSeqNo"" : ""1"",
      ""DepositNo"" : ""DEP202604170019-1"",
      ""DepositType"" : ""02"",
      ""Brand"" : null
    }, {
      ""PromotionId"" : null,
      ""TotalPromotionDiscount"" : null,
      ""JournalTypeName"" : ""Accrual"",
      ""Status"" : ""Processed"",
      ""Quantity"" : null,
      ""PaymentMethodName"" : null,
      ""PaymentMethodCode"" : null,
      ""TransactionAmount"" : 2718000,
      ""JournalReason"" : null,
      ""DepositSeqNo"" : null,
      ""DepositNo"" : ""OPTC_CREDIT_212501600243"",
      ""DepositType"" : null,
      ""Brand"" : null
    }, {
      ""PromotionId"" : null,
      ""TotalPromotionDiscount"" : null,
      ""JournalTypeName"" : ""Accrual"",
      ""Status"" : ""Processed"",
      ""Quantity"" : null,
      ""PaymentMethodName"" : null,
      ""PaymentMethodCode"" : null,
      ""TransactionAmount"" : 302412,
      ""JournalReason"" : null,
      ""DepositSeqNo"" : null,
      ""DepositNo"" : ""OPTC_RESIDUAL_212501600243"",
      ""DepositType"" : null,
      ""Brand"" : null
    }, {
      ""PromotionId"" : ""0c8JO0000000XyTYAU"",
      ""TotalPromotionDiscount"" : null,
      ""JournalTypeName"" : ""Redemption"",
      ""Status"" : ""Processed"",
      ""Quantity"" : null,
      ""PaymentMethodName"" : ""포인트"",
      ""PaymentMethodCode"" : ""81"",
      ""TransactionAmount"" : 50000,
      ""JournalReason"" : null,
      ""DepositSeqNo"" : ""2"",
      ""DepositNo"" : ""DEP202605070172-2"",
      ""DepositType"" : ""02"",
      ""Brand"" : null
    }, {
      ""PromotionId"" : ""0c8JO0000000XyTYAU"",
      ""TotalPromotionDiscount"" : null,
      ""JournalTypeName"" : ""Redemption"",
      ""Status"" : ""Processed"",
      ""Quantity"" : null,
      ""PaymentMethodName"" : ""본사상품권"",
      ""PaymentMethodCode"" : ""90"",
      ""TransactionAmount"" : 30000,
      ""JournalReason"" : null,
      ""DepositSeqNo"" : ""3"",
      ""DepositNo"" : ""DEP202605070172-3"",
      ""DepositType"" : ""02"",
      ""Brand"" : null
    }, {
      ""PromotionId"" : ""0c8JO0000000XyTYAU"",
      ""TotalPromotionDiscount"" : null,
      ""JournalTypeName"" : ""Deposit"",
      ""Status"" : ""Processed"",
      ""Quantity"" : null,
      ""PaymentMethodName"" : ""현금"",
      ""PaymentMethodCode"" : ""01"",
      ""TransactionAmount"" : 920000,
      ""JournalReason"" : null,
      ""DepositSeqNo"" : ""1"",
      ""DepositNo"" : ""DEP202605070172-1"",
      ""DepositType"" : ""02"",
      ""Brand"" : null
    } ]
  },
  ""code"" : 200
}"
a12JO000000LrqwYAC,2026-05-07T05:45:04.000+0000,GdPointDebitApiControllerV1,"{""SaleNo__c"":""SAL202605070163""}",,"{
  ""success"" : true,
  ""message"" : ""사용한 포인트 조회 성공"",
  ""data"" : {
    ""DebitPointList"" : [ {
      ""PT_USE"" : 50000.00,
      ""NO_SAL_RTN"" : null,
      ""NO_SAL"" : ""SAL202605070163"",
      ""NO_MBR"" : ""212501600243"",
      ""NO_DEPOSIT"" : ""DEP202605070172"",
      ""ID_INSERT"" : null,
      ""DTS_INSERT"" : ""20260507144216"",
      ""CD_TYPE_POINT"" : ""11cJO000001BAUvYAO"",
      ""CD_RESON"" : ""1"",
      ""CD_LEDGER"" : ""05wJO00000046LNYAY"",
      ""CD_JOURNAL"" : ""05wJO00000044V0YAI"",
      ""AM_SAL"" : 1000000.0000
    } ]
  },
  ""code"" : 200
}"
a12JO000000LrsbYAC,2026-05-07T05:47:01.000+0000,GdReturnApiControllerV1,/gd/v1/return,"{""SaleNo__c"":""SAL202605070164"",""OriginalOrderId"":""SAL202605070163"",""ActualPaymentAmount__c"":500000.0,""OrderItem"":[{""SaleSeqNo__c"":""1"",""OrderNo__c"":null,""ProductCode"":""2A2600001"",""Quantity"":-1,""isExclude"":false,""NetSalesUnitPrice__c"":500000.0000,""DiscountRate__c"":0.0000}],""TransactionJournal"":[{""DepositNo__c"":""DEP202605070173"",""DeposiSeqNo__c"":""1"",""ActivityDate"":""20260507"",""PaymentMethod"":""90"",""DepositType__c"":""03"",""TransactionAmount"":30000.0000,""CouponNo"":""COP2026JA0028;-;29"",""OrderNo__c"":null},{""DepositNo__c"":""DEP202605070173"",""DeposiSeqNo__c"":""2"",""ActivityDate"":""20260507"",""PaymentMethod"":""81"",""DepositType__c"":""03"",""TransactionAmount"":50000.0000,""CouponNo"":"""",""OrderNo__c"":null},{""DepositNo__c"":""DEP202605070173"",""DeposiSeqNo__c"":""3"",""ActivityDate"":""20260507"",""PaymentMethod"":""01"",""DepositType__c"":""03"",""TransactionAmount"":420000.0000,""CouponNo"":"""",""OrderNo__c"":null}]}","{
  ""success"" : true,
  ""message"" : ""반품 등록 완료"",
  ""data"" : {
    ""CancelPointsCreditedList"" : [ {
      ""PT_USE"" : 8400.00,
      ""NO_SAL_RTN"" : null,
      ""NO_SAL"" : ""SAL202605070163"",
      ""NO_MBR"" : ""212501600243"",
      ""ID_INSERT"" : null,
      ""DTS_INSERT"" : ""2026-05-07 14:47:01"",
      ""CD_TYPE_POINT"" : ""01"",
      ""CD_RESON"" : ""6"",
      ""CD_LEDGER"" : ""05wJO00000046OcYAI"",
      ""CD_JOURNAL"" : ""05wJO00000046LOYAY"",
      ""AM_SAL"" : null
    }, {
      ""PT_USE"" : 12600.00,
      ""NO_SAL_RTN"" : null,
      ""NO_SAL"" : ""SAL202605070163"",
      ""NO_MBR"" : ""212501600243"",
      ""ID_INSERT"" : null,
      ""DTS_INSERT"" : ""2026-05-07 14:47:01"",
      ""CD_TYPE_POINT"" : ""06"",
      ""CD_RESON"" : ""6"",
      ""CD_LEDGER"" : ""05wJO00000046OdYAI"",
      ""CD_JOURNAL"" : ""05wJO00000046LPYAY"",
      ""AM_SAL"" : null
    } ],
    ""CancelPointList"" : {
      ""RecreditPointList"" : [ {
        ""ExpiryDate"" : ""2028-05-01"",
        ""Name"" : ""기타포인트"",
        ""Point"" : 50000.0000
      } ]
    },
    ""originalOrderId"" : ""801JO00000I9PfzYAF"",
    ""orderId"" : ""801JO00000I9QCKYA3"",
    ""TransactionJournal"" : [ {
      ""OrderNo__c"" : null,
      ""CouponNo"" : ""COP2026JA0028;-;29"",
      ""TransactionAmount"" : 30000.0000,
      ""DepositType__c"" : ""03"",
      ""PaymentMethod"" : ""90"",
      ""ActivityDate"" : ""20260507"",
      ""DeposiSeqNo__c"" : ""1"",
      ""DepositNo__c"" : ""DEP202605070173""
    }, {
      ""OrderNo__c"" : null,
      ""CouponNo"" : """",
      ""TransactionAmount"" : 50000.0000,
      ""DepositType__c"" : ""03"",
      ""PaymentMethod"" : ""81"",
      ""ActivityDate"" : ""20260507"",
      ""DeposiSeqNo__c"" : ""2"",
      ""DepositNo__c"" : ""DEP202605070173""
    }, {
      ""OrderNo__c"" : null,
      ""CouponNo"" : """",
      ""TransactionAmount"" : 420000.0000,
      ""DepositType__c"" : ""03"",
      ""PaymentMethod"" : ""01"",
      ""ActivityDate"" : ""20260507"",
      ""DeposiSeqNo__c"" : ""3"",
      ""DepositNo__c"" : ""DEP202605070173""
    } ],
    ""OrderItem"" : [ {
      ""DiscountRate__c"" : 0.0000,
      ""NetSalesUnitPrice__c"" : 500000.0000,
      ""isExclude"" : false,
      ""Quantity"" : -1,
      ""ProductCode"" : ""2A2600001"",
      ""OrderNo__c"" : null,
      ""SaleSeqNo__c"" : ""1""
    } ],
    ""ActualPaymentAmount__c"" : 500000.0,
    ""OriginalOrderId"" : ""SAL202605070163"",
    ""SaleNo__c"" : ""SAL202605070164""
  },
  ""code"" : 200
}"
a12JO000000Ls3pYAC,2026-05-07T05:47:08.000+0000,GdMemberHelpInfoApiControllerV1,"{""MemberNo__c"":""212501600243""}",,"{
  ""success"" : true,
  ""message"" : ""회원도움정보 조회 성공"",
  ""data"" : {
    ""CsList"" : [ ],
    ""UserDestoryHistoryList"" : [ {
      ""YM_CREATE"" : ""202605"",
      ""PT_USE"" : 119000,
      ""NO_SAL_SAVE"" : """",
      ""NO_SAL_RTN"" : """",
      ""NO_SAL_ORD"" : """",
      ""NO_SAL"" : ""SAL202207090199"",
      ""NM_TYPE_POINT"" : ""기타포인트"",
      ""NM_PERSON"" : ""사용"",
      ""DT_USE"" : ""20220709"",
      ""DT_SAVE"" : ""20200101"",
      ""AM_SAL"" : 7822500
    }, {
      ""YM_CREATE"" : ""202605"",
      ""PT_USE"" : 163000,
      ""NO_SAL_SAVE"" : """",
      ""NO_SAL_RTN"" : """",
      ""NO_SAL_ORD"" : """",
      ""NO_SAL"" : ""SAL202301080243"",
      ""NM_TYPE_POINT"" : ""기타포인트"",
      ""NM_PERSON"" : ""사용"",
      ""DT_USE"" : ""20230108"",
      ""DT_SAVE"" : ""20200101"",
      ""AM_SAL"" : 6770000
    }, {
      ""YM_CREATE"" : ""202605"",
      ""PT_USE"" : 120000,
      ""NO_SAL_SAVE"" : """",
      ""NO_SAL_RTN"" : """",
      ""NO_SAL_ORD"" : """",
      ""NO_SAL"" : ""SAL202302180188"",
      ""NM_TYPE_POINT"" : ""기타포인트"",
      ""NM_PERSON"" : ""사용"",
      ""DT_USE"" : ""20230218"",
      ""DT_SAVE"" : ""20200101"",
      ""AM_SAL"" : 1352000
    }, {
      ""YM_CREATE"" : ""202605"",
      ""PT_USE"" : 41000,
      ""NO_SAL_SAVE"" : """",
      ""NO_SAL_RTN"" : """",
      ""NO_SAL_ORD"" : """",
      ""NO_SAL"" : ""SAL202303160019"",
      ""NM_TYPE_POINT"" : ""기타포인트"",
      ""NM_PERSON"" : ""사용"",
      ""DT_USE"" : ""20230316"",
      ""DT_SAVE"" : ""20200101"",
      ""AM_SAL"" : 11990000
    }, {
      ""YM_CREATE"" : ""202605"",
      ""PT_USE"" : 170000,
      ""NO_SAL_SAVE"" : """",
      ""NO_SAL_RTN"" : """",
      ""NO_SAL_ORD"" : """",
      ""NO_SAL"" : ""SAL202305170021"",
      ""NM_TYPE_POINT"" : ""기타포인트"",
      ""NM_PERSON"" : ""사용"",
      ""DT_USE"" : ""20230517"",
      ""DT_SAVE"" : ""20200101"",
      ""AM_SAL"" : 1650000
    }, {
      ""YM_CREATE"" : ""202605"",
      ""PT_USE"" : 25000,
      ""NO_SAL_SAVE"" : """",
      ""NO_SAL_RTN"" : """",
      ""NO_SAL_ORD"" : """",
      ""NO_SAL"" : ""SAL202307210965"",
      ""NM_TYPE_POINT"" : ""기타포인트"",
      ""NM_PERSON"" : ""사용"",
      ""DT_USE"" : ""20230604"",
      ""DT_SAVE"" : ""20200101"",
      ""AM_SAL"" : 3153200
    }, {
      ""YM_CREATE"" : ""202605"",
      ""PT_USE"" : 500000,
      ""NO_SAL_SAVE"" : """",
      ""NO_SAL_RTN"" : """",
      ""NO_SAL_ORD"" : """",
      ""NO_SAL"" : ""SAL202408040178"",
      ""NM_TYPE_POINT"" : ""기타포인트"",
      ""NM_PERSON"" : ""사용"",
      ""DT_USE"" : ""20240804"",
      ""DT_SAVE"" : ""20200101"",
      ""AM_SAL"" : 7724000
    }, {
      ""YM_CREATE"" : ""202605"",
      ""PT_USE"" : 145000,
      ""NO_SAL_SAVE"" : """",
      ""NO_SAL_RTN"" : """",
      ""NO_SAL_ORD"" : """",
      ""NO_SAL"" : ""SAL202504100110"",
      ""NM_TYPE_POINT"" : ""기타포인트"",
      ""NM_PERSON"" : ""사용"",
      ""DT_USE"" : ""20250410"",
      ""DT_SAVE"" : ""20200101"",
      ""AM_SAL"" : 5145000
    }, {
      ""YM_CREATE"" : ""202605"",
      ""PT_USE"" : 730000,
      ""NO_SAL_SAVE"" : """",
      ""NO_SAL_RTN"" : """",
      ""NO_SAL_ORD"" : """",
      ""NO_SAL"" : ""SAL202505210165"",
      ""NM_TYPE_POINT"" : ""기타포인트"",
      ""NM_PERSON"" : ""사용"",
      ""DT_USE"" : ""20250521"",
      ""DT_SAVE"" : ""20200101"",
      ""AM_SAL"" : 21231000
    }, {
      ""YM_CREATE"" : ""202605"",
      ""PT_USE"" : 400000,
      ""NO_SAL_SAVE"" : """",
      ""NO_SAL_RTN"" : """",
      ""NO_SAL_ORD"" : """",
      ""NO_SAL"" : ""SAL202512110034"",
      ""NM_TYPE_POINT"" : ""기타포인트"",
      ""NM_PERSON"" : ""사용"",
      ""DT_USE"" : ""20251211"",
      ""DT_SAVE"" : ""20200101"",
      ""AM_SAL"" : 1616000
    }, {
      ""YM_CREATE"" : ""202605"",
      ""PT_USE"" : 67000,
      ""NO_SAL_SAVE"" : """",
      ""NO_SAL_RTN"" : """",
      ""NO_SAL_ORD"" : """",
      ""NO_SAL"" : ""SAL202603040049"",
      ""NM_TYPE_POINT"" : ""기타포인트"",
      ""NM_PERSON"" : ""사용"",
      ""DT_USE"" : ""20260304"",
      ""DT_SAVE"" : ""20200101"",
      ""AM_SAL"" : 850000
    }, {
      ""YM_CREATE"" : ""202605"",
      ""PT_USE"" : 16000,
      ""NO_SAL_SAVE"" : """",
      ""NO_SAL_RTN"" : """",
      ""NO_SAL_ORD"" : """",
      ""NO_SAL"" : ""SAL202603120536"",
      ""NM_TYPE_POINT"" : ""기타포인트"",
      ""NM_PERSON"" : ""사용"",
      ""DT_USE"" : ""20260312"",
      ""DT_SAVE"" : ""20200101"",
      ""AM_SAL"" : 1664000
    }, {
      ""YM_CREATE"" : ""202605"",
      ""PT_USE"" : 16000,
      ""NO_SAL_SAVE"" : """",
      ""NO_SAL_RTN"" : """",
      ""NO_SAL_ORD"" : """",
      ""NO_SAL"" : ""SAL202603130863"",
      ""NM_TYPE_POINT"" : ""기타포인트"",
      ""NM_PERSON"" : ""사용"",
      ""DT_USE"" : ""20260313"",
      ""DT_SAVE"" : ""20200101"",
      ""AM_SAL"" : 1016000
    }, {
      ""YM_CREATE"" : ""202605"",
      ""PT_USE"" : 206000,
      ""NO_SAL_SAVE"" : """",
      ""NO_SAL_RTN"" : """",
      ""NO_SAL_ORD"" : """",
      ""NO_SAL"" : ""SAL202603150433"",
      ""NM_TYPE_POINT"" : ""기타포인트"",
      ""NM_PERSON"" : ""사용"",
      ""DT_USE"" : ""20260315"",
      ""DT_SAVE"" : ""20200101"",
      ""AM_SAL"" : 2752000
    }, {
      ""YM_CREATE"" : ""202605"",
      ""PT_USE"" : 8400,
      ""NO_SAL_SAVE"" : ""SAL202605070163"",
      ""NO_SAL_RTN"" : ""SAL202605070164"",
      ""NO_SAL_ORD"" : """",
      ""NO_SAL"" : """",
      ""NM_TYPE_POINT"" : ""구매포인트"",
      ""NM_PERSON"" : ""포인트 지급 취소"",
      ""DT_USE"" : ""20260507"",
      ""DT_SAVE"" : ""20260507"",
      ""AM_SAL"" : 1000000
    }, {
      ""YM_CREATE"" : ""202605"",
      ""PT_USE"" : 12600,
      ""NO_SAL_SAVE"" : ""SAL202605070163"",
      ""NO_SAL_RTN"" : ""SAL202605070164"",
      ""NO_SAL_ORD"" : """",
      ""NO_SAL"" : """",
      ""NM_TYPE_POINT"" : ""사은포인트"",
      ""NM_PERSON"" : ""포인트 지급 취소"",
      ""DT_USE"" : ""20260507"",
      ""DT_SAVE"" : ""20260507"",
      ""AM_SAL"" : 1000000
    } ],
    ""AccrualHistoryList"" : [ {
      ""YM_CREATE"" : ""202001"",
      ""PT_USE_SALE_COUPON"" : 0,
      ""PT_USE_SALE"" : 0,
      ""PT_USE"" : 2718000,
      ""PT_TARGET"" : 2718000,
      ""PT_SAVE_PLAN"" : 2718000,
      ""PT_SAVE"" : 2718000,
      ""PT_DESTROY"" : 0,
      ""NO_SAL"" : """",
      ""NO_PROM_MBR"" : """",
      ""NM_TYPE_SAVE"" : ""Api Forced Credit"",
      ""NM_TYPE_POINT"" : ""기타포인트"",
      ""DT_SAVE_PLAN"" : ""20200101"",
      ""DT_SAVE"" : ""20200101"",
      ""DT_LIMIT_START"" : ""20200101"",
      ""DT_LIMIT_END"" : ""20280501"",
      ""DT_DESTROY_PLAN"" : ""20280502"",
      ""DT_DESTROY_DEL_SALE"" : """",
      ""AM_SAL"" : 0
    }, {
      ""YM_CREATE"" : ""202605"",
      ""PT_USE_SALE_COUPON"" : 0,
      ""PT_USE_SALE"" : 0,
      ""PT_USE"" : 0,
      ""PT_TARGET"" : 302412,
      ""PT_SAVE_PLAN"" : 302412,
      ""PT_SAVE"" : 302412,
      ""PT_DESTROY"" : 0,
      ""NO_SAL"" : """",
      ""NO_PROM_MBR"" : """",
      ""NM_TYPE_SAVE"" : ""Api Forced Credit"",
      ""NM_TYPE_POINT"" : ""기타포인트"",
      ""DT_SAVE_PLAN"" : ""20260501"",
      ""DT_SAVE"" : ""20260501"",
      ""DT_LIMIT_START"" : ""20260501"",
      ""DT_LIMIT_END"" : ""20280501"",
      ""DT_DESTROY_PLAN"" : ""20280502"",
      ""DT_DESTROY_DEL_SALE"" : """",
      ""AM_SAL"" : 0
    }, {
      ""YM_CREATE"" : ""202605"",
      ""PT_USE_SALE_COUPON"" : 30000,
      ""PT_USE_SALE"" : 50000,
      ""PT_USE"" : 0,
      ""PT_TARGET"" : 18400,
      ""PT_SAVE_PLAN"" : 18400,
      ""PT_SAVE"" : 18400,
      ""PT_DESTROY"" : 8400,
      ""NO_SAL"" : ""SAL202605070163"",
      ""NO_PROM_MBR"" : ""PRO202604161041"",
      ""NM_TYPE_SAVE"" : ""구매 시 포인트 지급"",
      ""NM_TYPE_POINT"" : ""구매포인트"",
      ""DT_SAVE_PLAN"" : ""20260507"",
      ""DT_SAVE"" : ""20260507"",
      ""DT_LIMIT_START"" : ""20260507"",
      ""DT_LIMIT_END"" : ""20280507"",
      ""DT_DESTROY_PLAN"" : ""20280508"",
      ""DT_DESTROY_DEL_SALE"" : """",
      ""AM_SAL"" : 1000000
    }, {
      ""YM_CREATE"" : ""202605"",
      ""PT_USE_SALE_COUPON"" : 30000,
      ""PT_USE_SALE"" : 50000,
      ""PT_USE"" : 0,
      ""PT_TARGET"" : 27600,
      ""PT_SAVE_PLAN"" : 27600,
      ""PT_SAVE"" : 27600,
      ""PT_DESTROY"" : 12600,
      ""NO_SAL"" : ""SAL202605070163"",
      ""NO_PROM_MBR"" : ""PRO202604161041"",
      ""NM_TYPE_SAVE"" : ""구매 시 포인트 지급"",
      ""NM_TYPE_POINT"" : ""사은포인트"",
      ""DT_SAVE_PLAN"" : ""20260507"",
      ""DT_SAVE"" : ""20260507"",
      ""DT_LIMIT_START"" : ""20260507"",
      ""DT_LIMIT_END"" : ""20280507"",
      ""DT_DESTROY_PLAN"" : ""20280508"",
      ""DT_DESTROY_DEL_SALE"" : """",
      ""AM_SAL"" : 1000000
    } ],
    ""CouponList"" : [ {
      ""TX_COUPON"" : ""10%할인_SVIP특별바우처6"",
      ""RT_DISC"" : 10,
      ""NO_MAN_COUPON"" : ""COP2026MA0009"",
      ""NO_COUPON"" : ""03"",
      ""NM_RESPON"" : ""최재현"",
      ""NM_DEPT"" : ""IMC팀"",
      ""NM_COUPON"" : ""10%할인_SVIP특별바우처6 (2)"",
      ""ID_INSERT"" : ""milvus"",
      ""DTS_INSERT"" : ""20260417102101"",
      ""DT_USE"" : """",
      ""DT_STR_EXP"" : ""20260201"",
      ""DT_ISSUE"" : ""20260417"",
      ""DT_END_EXP"" : ""20270131"",
      ""DS_MON_EXP"" : 0,
      ""CD_TYPE_DAY_EXP"" : ""02"",
      ""CD_TYPE_COUPON"" : ""03"",
      ""CD_STAT_COUPON"" : ""02"",
      ""CD_BRAND"" : ""01"",
      ""AM_DISC"" : 0
    }, {
      ""TX_COUPON"" : ""10%할인_SVIP특별바우처5"",
      ""RT_DISC"" : 10,
      ""NO_MAN_COUPON"" : ""COP2026MA0008"",
      ""NO_COUPON"" : ""03"",
      ""NM_RESPON"" : ""최재현"",
      ""NM_DEPT"" : ""IMC팀"",
      ""NM_COUPON"" : ""10%할인_SVIP특별바우처5 (2)"",
      ""ID_INSERT"" : ""milvus"",
      ""DTS_INSERT"" : ""20260417102056"",
      ""DT_USE"" : ""20260416"",
      ""DT_STR_EXP"" : ""20260201"",
      ""DT_ISSUE"" : ""20260417"",
      ""DT_END_EXP"" : ""20270131"",
      ""DS_MON_EXP"" : 0,
      ""CD_TYPE_DAY_EXP"" : ""02"",
      ""CD_TYPE_COUPON"" : ""03"",
      ""CD_STAT_COUPON"" : ""01"",
      ""CD_BRAND"" : ""01"",
      ""AM_DISC"" : 0
    }, {
      ""TX_COUPON"" : ""202604_SVIP회원_수선15만원쿠폰"",
      ""RT_DISC"" : 0,
      ""NO_MAN_COUPON"" : ""COP2026MA0020"",
      ""NO_COUPON"" : ""44"",
      ""NM_RESPON"" : ""최재현"",
      ""NM_DEPT"" : ""IMC팀"",
      ""NM_COUPON"" : ""202604_SVIP회원_수선15만원쿠폰"",
      ""ID_INSERT"" : ""쿠폰자동발급"",
      ""DTS_INSERT"" : ""20260401070005"",
      ""DT_USE"" : """",
      ""DT_STR_EXP"" : ""20260401"",
      ""DT_ISSUE"" : ""20260401"",
      ""DT_END_EXP"" : ""20260430"",
      ""DS_MON_EXP"" : 0,
      ""CD_TYPE_DAY_EXP"" : ""02"",
      ""CD_TYPE_COUPON"" : ""03"",
      ""CD_STAT_COUPON"" : ""04"",
      ""CD_BRAND"" : ""01"",
      ""AM_DISC"" : 150000
    }, {
      ""TX_COUPON"" : ""10%할인_SVIP특별바우처4"",
      ""RT_DISC"" : 10,
      ""NO_MAN_COUPON"" : ""COP2026MA0004"",
      ""NO_COUPON"" : ""02"",
      ""NM_RESPON"" : ""최재현"",
      ""NM_DEPT"" : ""IMC팀"",
      ""NM_COUPON"" : ""10%할인_SVIP특별바우처4 (2)"",
      ""ID_INSERT"" : ""milvus"",
      ""DTS_INSERT"" : ""20260317130645"",
      ""DT_USE"" : ""20260317"",
      ""DT_STR_EXP"" : ""20260201"",
      ""DT_ISSUE"" : ""20260317"",
      ""DT_END_EXP"" : ""20270131"",
      ""DS_MON_EXP"" : 0,
      ""CD_TYPE_DAY_EXP"" : ""02"",
      ""CD_TYPE_COUPON"" : ""03"",
      ""CD_STAT_COUPON"" : ""01"",
      ""CD_BRAND"" : ""01"",
      ""AM_DISC"" : 0
    }, {
      ""TX_COUPON"" : ""202603_SVIP회원_수선15만원쿠폰"",
      ""RT_DISC"" : 0,
      ""NO_MAN_COUPON"" : ""COP2026FE0008"",
      ""NO_COUPON"" : ""44"",
      ""NM_RESPON"" : ""최재현"",
      ""NM_DEPT"" : ""IMC팀"",
      ""NM_COUPON"" : ""202603_SVIP회원_수선15만원쿠폰"",
      ""ID_INSERT"" : ""쿠폰자동발급"",
      ""DTS_INSERT"" : ""20260301070005"",
      ""DT_USE"" : """",
      ""DT_STR_EXP"" : ""20260301"",
      ""DT_ISSUE"" : ""20260301"",
      ""DT_END_EXP"" : ""20260331"",
      ""DS_MON_EXP"" : 0,
      ""CD_TYPE_DAY_EXP"" : ""02"",
      ""CD_TYPE_COUPON"" : ""03"",
      ""CD_STAT_COUPON"" : ""04"",
      ""CD_BRAND"" : ""01"",
      ""AM_DISC"" : 150000
    }, {
      ""TX_COUPON"" : ""2026_SVIP_승격축하쿠폰"",
      ""RT_DISC"" : 0,
      ""NO_MAN_COUPON"" : ""COP2026JA0028"",
      ""NO_COUPON"" : ""29"",
      ""NM_RESPON"" : ""최재현"",
      ""NM_DEPT"" : ""IMC팀"",
      ""NM_COUPON"" : ""2026_SVIP_승격축하쿠폰"",
      ""ID_INSERT"" : ""최재현"",
      ""DTS_INSERT"" : ""20260202151859"",
      ""DT_USE"" : """",
      ""DT_STR_EXP"" : ""20260201"",
      ""DT_ISSUE"" : ""20260202"",
      ""DT_END_EXP"" : ""20270131"",
      ""DS_MON_EXP"" : 0,
      ""CD_TYPE_DAY_EXP"" : ""02"",
      ""CD_TYPE_COUPON"" : ""03"",
      ""CD_STAT_COUPON"" : ""02"",
      ""CD_BRAND"" : ""01"",
      ""AM_DISC"" : 100000
    }, {
      ""TX_COUPON"" : ""10%할인_SVIP특별바우처3"",
      ""RT_DISC"" : 10,
      ""NO_MAN_COUPON"" : ""COP2026JA0019"",
      ""NO_COUPON"" : ""29"",
      ""NM_RESPON"" : ""최재현"",
      ""NM_DEPT"" : ""IMC팀"",
      ""NM_COUPON"" : ""10%할인_SVIP특별바우처3 (2)"",
      ""ID_INSERT"" : ""최재현"",
      ""DTS_INSERT"" : ""20260202145016"",
      ""DT_USE"" : ""20260313"",
      ""DT_STR_EXP"" : ""20260201"",
      ""DT_ISSUE"" : ""20260202"",
      ""DT_END_EXP"" : ""20270131"",
      ""DS_MON_EXP"" : 0,
      ""CD_TYPE_DAY_EXP"" : ""02"",
      ""CD_TYPE_COUPON"" : ""03"",
      ""CD_STAT_COUPON"" : ""01"",
      ""CD_BRAND"" : ""01"",
      ""AM_DISC"" : 0
    }, {
      ""TX_COUPON"" : ""10%할인_SVIP특별바우처2"",
      ""RT_DISC"" : 10,
      ""NO_MAN_COUPON"" : ""COP2026JA0018"",
      ""NO_COUPON"" : ""29"",
      ""NM_RESPON"" : ""최재현"",
      ""NM_DEPT"" : ""IMC팀"",
      ""NM_COUPON"" : ""10%할인_SVIP특별바우처2 (2)"",
      ""ID_INSERT"" : ""최재현"",
      ""DTS_INSERT"" : ""20260202144916"",
      ""DT_USE"" : ""20260313"",
      ""DT_STR_EXP"" : ""20260201"",
      ""DT_ISSUE"" : ""20260202"",
      ""DT_END_EXP"" : ""20270131"",
      ""DS_MON_EXP"" : 0,
      ""CD_TYPE_DAY_EXP"" : ""02"",
      ""CD_TYPE_COUPON"" : ""03"",
      ""CD_STAT_COUPON"" : ""01"",
      ""CD_BRAND"" : ""01"",
      ""AM_DISC"" : 0
    }, {
      ""TX_COUPON"" : ""10%할인_SVIP특별바우처1"",
      ""RT_DISC"" : 10,
      ""NO_MAN_COUPON"" : ""COP2026JA0017"",
      ""NO_COUPON"" : ""29"",
      ""NM_RESPON"" : ""최재현"",
      ""NM_DEPT"" : ""IMC팀"",
      ""NM_COUPON"" : ""10%할인_SVIP특별바우처1 (2)"",
      ""ID_INSERT"" : ""최재현"",
      ""DTS_INSERT"" : ""20260202144801"",
      ""DT_USE"" : ""20260312"",
      ""DT_STR_EXP"" : ""20260201"",
      ""DT_ISSUE"" : ""20260202"",
      ""DT_END_EXP"" : ""20270131"",
      ""DS_MON_EXP"" : 0,
      ""CD_TYPE_DAY_EXP"" : ""02"",
      ""CD_TYPE_COUPON"" : ""03"",
      ""CD_STAT_COUPON"" : ""01"",
      ""CD_BRAND"" : ""01"",
      ""AM_DISC"" : 0
    }, {
      ""TX_COUPON"" : ""202602_SVIP회원_수선15만원쿠폰"",
      ""RT_DISC"" : 0,
      ""NO_MAN_COUPON"" : ""COP2026JA0031"",
      ""NO_COUPON"" : ""44"",
      ""NM_RESPON"" : ""최재현"",
      ""NM_DEPT"" : ""IMC팀"",
      ""NM_COUPON"" : ""202602_SVIP회원_수선15만원쿠폰"",
      ""ID_INSERT"" : ""쿠폰자동발급"",
      ""DTS_INSERT"" : ""20260201070005"",
      ""DT_USE"" : """",
      ""DT_STR_EXP"" : ""20260201"",
      ""DT_ISSUE"" : ""20260201"",
      ""DT_END_EXP"" : ""20260228"",
      ""DS_MON_EXP"" : 0,
      ""CD_TYPE_DAY_EXP"" : ""02"",
      ""CD_TYPE_COUPON"" : ""03"",
      ""CD_STAT_COUPON"" : ""04"",
      ""CD_BRAND"" : ""01"",
      ""AM_DISC"" : 150000
    }, {
      ""TX_COUPON"" : ""202601_SVIP회원_수선15만원쿠폰"",
      ""RT_DISC"" : 0,
      ""NO_MAN_COUPON"" : ""COP2025DC0037"",
      ""NO_COUPON"" : ""49"",
      ""NM_RESPON"" : ""최재현"",
      ""NM_DEPT"" : ""IMC팀"",
      ""NM_COUPON"" : ""202601_SVIP회원_수선15만원쿠폰"",
      ""ID_INSERT"" : ""쿠폰자동발급"",
      ""DTS_INSERT"" : ""20260101070007"",
      ""DT_USE"" : """",
      ""DT_STR_EXP"" : ""20260101"",
      ""DT_ISSUE"" : ""20260101"",
      ""DT_END_EXP"" : ""20260131"",
      ""DS_MON_EXP"" : 0,
      ""CD_TYPE_DAY_EXP"" : ""02"",
      ""CD_TYPE_COUPON"" : ""03"",
      ""CD_STAT_COUPON"" : ""04"",
      ""CD_BRAND"" : ""01"",
      ""AM_DISC"" : 150000
    }, {
      ""TX_COUPON"" : ""202512_SVIP회원_수선15만원쿠폰"",
      ""RT_DISC"" : 0,
      ""NO_MAN_COUPON"" : ""COP2025NV0025"",
      ""NO_COUPON"" : ""49"",
      ""NM_RESPON"" : ""최재현"",
      ""NM_DEPT"" : ""IMC팀"",
      ""NM_COUPON"" : ""202512_SVIP회원_수선15만원쿠폰"",
      ""ID_INSERT"" : ""쿠폰자동발급"",
      ""DTS_INSERT"" : ""20251201070005"",
      ""DT_USE"" : """",
      ""DT_STR_EXP"" : ""20251201"",
      ""DT_ISSUE"" : ""20251201"",
      ""DT_END_EXP"" : ""20251231"",
      ""DS_MON_EXP"" : 0,
      ""CD_TYPE_DAY_EXP"" : ""02"",
      ""CD_TYPE_COUPON"" : ""03"",
      ""CD_STAT_COUPON"" : ""04"",
      ""CD_BRAND"" : ""01"",
      ""AM_DISC"" : 150000
    }, {
      ""TX_COUPON"" : ""202511_SVIP회원_수선15만원쿠폰"",
      ""RT_DISC"" : 0,
      ""NO_MAN_COUPON"" : ""COP2025OC0017"",
      ""NO_COUPON"" : ""49"",
      ""NM_RESPON"" : ""최재현"",
      ""NM_DEPT"" : ""IMC팀"",
      ""NM_COUPON"" : ""202511_SVIP회원_수선15만원쿠폰"",
      ""ID_INSERT"" : ""쿠폰자동발급"",
      ""DTS_INSERT"" : ""20251101070005"",
      ""DT_USE"" : """",
      ""DT_STR_EXP"" : ""20251101"",
      ""DT_ISSUE"" : ""20251101"",
      ""DT_END_EXP"" : ""20251130"",
      ""DS_MON_EXP"" : 0,
      ""CD_TYPE_DAY_EXP"" : ""02"",
      ""CD_TYPE_COUPON"" : ""03"",
      ""CD_STAT_COUPON"" : ""04"",
      ""CD_BRAND"" : ""01"",
      ""AM_DISC"" : 150000
    }, {
      ""TX_COUPON"" : ""202510_SVIP회원_수선15만원쿠폰"",
      ""RT_DISC"" : 0,
      ""NO_MAN_COUPON"" : ""COP2025SP0007"",
      ""NO_COUPON"" : ""49"",
      ""NM_RESPON"" : ""최재현"",
      ""NM_DEPT"" : ""IMC팀"",
      ""NM_COUPON"" : ""202510_SVIP회원_수선15만원쿠폰"",
      ""ID_INSERT"" : ""쿠폰자동발급"",
      ""DTS_INSERT"" : ""20251001070005"",
      ""DT_USE"" : """",
      ""DT_STR_EXP"" : ""20251001"",
      ""DT_ISSUE"" : ""20251001"",
      ""DT_END_EXP"" : ""20251031"",
      ""DS_MON_EXP"" : 0,
      ""CD_TYPE_DAY_EXP"" : ""02"",
      ""CD_TYPE_COUPON"" : ""03"",
      ""CD_STAT_COUPON"" : ""04"",
      ""CD_BRAND"" : ""01"",
      ""AM_DISC"" : 150000
    }, {
      ""TX_COUPON"" : ""202509_SVIP회원_수선15만원쿠폰"",
      ""RT_DISC"" : 0,
      ""NO_MAN_COUPON"" : ""COP2025AG0009"",
      ""NO_COUPON"" : ""49"",
      ""NM_RESPON"" : ""최재현"",
      ""NM_DEPT"" : ""IMC팀"",
      ""NM_COUPON"" : ""202509_SVIP회원_수선15만원쿠폰"",
      ""ID_INSERT"" : ""쿠폰자동발급"",
      ""DTS_INSERT"" : ""20250901070005"",
      ""DT_USE"" : """",
      ""DT_STR_EXP"" : ""20250901"",
      ""DT_ISSUE"" : ""20250901"",
      ""DT_END_EXP"" : ""20250930"",
      ""DS_MON_EXP"" : 0,
      ""CD_TYPE_DAY_EXP"" : ""02"",
      ""CD_TYPE_COUPON"" : ""03"",
      ""CD_STAT_COUPON"" : ""04"",
      ""CD_BRAND"" : ""01"",
      ""AM_DISC"" : 150000
    }, {
      ""TX_COUPON"" : ""202509_SVIP회원_생일쿠폰"",
      ""RT_DISC"" : 0,
      ""NO_MAN_COUPON"" : ""COP2025AG0015"",
      ""NO_COUPON"" : ""05"",
      ""NM_RESPON"" : ""최재현"",
      ""NM_DEPT"" : ""IMC팀"",
      ""NM_COUPON"" : ""202509_SVIP회원_생일쿠폰"",
      ""ID_INSERT"" : ""쿠폰자동발급"",
      ""DTS_INSERT"" : ""20250901070004"",
      ""DT_USE"" : ""20260304"",
      ""DT_STR_EXP"" : ""20250901"",
      ""DT_ISSUE"" : ""20250901"",
      ""DT_END_EXP"" : ""20260831"",
      ""DS_MON_EXP"" : 0,
      ""CD_TYPE_DAY_EXP"" : ""02"",
      ""CD_TYPE_COUPON"" : ""03"",
      ""CD_STAT_COUPON"" : ""01"",
      ""CD_BRAND"" : ""01"",
      ""AM_DISC"" : 100000
    }, {
      ""TX_COUPON"" : ""202508_SVIP회원_수선15만원쿠폰"",
      ""RT_DISC"" : 0,
      ""NO_MAN_COUPON"" : ""COP2025JL0026"",
      ""NO_COUPON"" : ""49"",
      ""NM_RESPON"" : ""최재현"",
      ""NM_DEPT"" : ""IMC팀"",
      ""NM_COUPON"" : ""202508_SVIP회원_수선15만원쿠폰"",
      ""ID_INSERT"" : ""쿠폰자동발급"",
      ""DTS_INSERT"" : ""20250801070004"",
      ""DT_USE"" : """",
      ""DT_STR_EXP"" : ""20250801"",
      ""DT_ISSUE"" : ""20250801"",
      ""DT_END_EXP"" : ""20250831"",
      ""DS_MON_EXP"" : 0,
      ""CD_TYPE_DAY_EXP"" : ""02"",
      ""CD_TYPE_COUPON"" : ""03"",
      ""CD_STAT_COUPON"" : ""04"",
      ""CD_BRAND"" : ""01"",
      ""AM_DISC"" : 150000
    }, {
      ""TX_COUPON"" : ""10%할인_SVIP특별바우처9"",
      ""RT_DISC"" : 10,
      ""NO_MAN_COUPON"" : ""COP2025JL0005"",
      ""NO_COUPON"" : ""30"",
      ""NM_RESPON"" : ""최재현"",
      ""NM_DEPT"" : ""IMC팀"",
      ""NM_COUPON"" : ""10%할인_SVIP특별바우처9 (2)"",
      ""ID_INSERT"" : ""최재현"",
      ""DTS_INSERT"" : ""20250704111141"",
      ""DT_USE"" : ""20250905"",
      ""DT_STR_EXP"" : ""20250201"",
      ""DT_ISSUE"" : ""20250704"",
      ""DT_END_EXP"" : ""20260131"",
      ""DS_MON_EXP"" : 0,
      ""CD_TYPE_DAY_EXP"" : ""02"",
      ""CD_TYPE_COUPON"" : ""03"",
      ""CD_STAT_COUPON"" : ""01"",
      ""CD_BRAND"" : ""01"",
      ""AM_DISC"" : 0
    }, {
      ""TX_COUPON"" : ""10%할인_SVIP특별바우처8"",
      ""RT_DISC"" : 10,
      ""NO_MAN_COUPON"" : ""COP2025JL0004"",
      ""NO_COUPON"" : ""30"",
      ""NM_RESPON"" : ""최재현"",
      ""NM_DEPT"" : ""IMC팀"",
      ""NM_COUPON"" : ""10%할인_SVIP특별바우처8 (2)"",
      ""ID_INSERT"" : ""최재현"",
      ""DTS_INSERT"" : ""20250704111120"",
      ""DT_USE"" : """",
      ""DT_STR_EXP"" : ""20250201"",
      ""DT_ISSUE"" : ""20250704"",
      ""DT_END_EXP"" : ""20260131"",
      ""DS_MON_EXP"" : 0,
      ""CD_TYPE_DAY_EXP"" : ""02"",
      ""CD_TYPE_COUPON"" : ""03"",
      ""CD_STAT_COUPON"" : ""04"",
      ""CD_BRAND"" : ""01"",
      ""AM_DISC"" : 0
    }, {
      ""TX_COUPON"" : ""10%할인_SVIP특별바우처7"",
      ""RT_DISC"" : 10,
      ""NO_MAN_COUPON"" : ""COP2025JL0001"",
      ""NO_COUPON"" : ""30"",
      ""NM_RESPON"" : ""최재현"",
      ""NM_DEPT"" : ""IMC팀"",
      ""NM_COUPON"" : ""10%할인_SVIP특별바우처7"",
      ""ID_INSERT"" : ""최재현"",
      ""DTS_INSERT"" : ""20250704111053"",
      ""DT_USE"" : """",
      ""DT_STR_EXP"" : ""20250201"",
      ""DT_ISSUE"" : ""20250704"",
      ""DT_END_EXP"" : ""20260131"",
      ""DS_MON_EXP"" : 0,
      ""CD_TYPE_DAY_EXP"" : ""02"",
      ""CD_TYPE_COUPON"" : ""03"",
      ""CD_STAT_COUPON"" : ""04"",
      ""CD_BRAND"" : ""01"",
      ""AM_DISC"" : 0
    }, {
      ""TX_COUPON"" : ""202507_SVIP회원_수선15만원쿠폰"",
      ""RT_DISC"" : 0,
      ""NO_MAN_COUPON"" : ""COP2025JN0004"",
      ""NO_COUPON"" : ""49"",
      ""NM_RESPON"" : ""허정인"",
      ""NM_DEPT"" : ""IMC팀"",
      ""NM_COUPON"" : ""202507_SVIP회원_수선15만원쿠폰"",
      ""ID_INSERT"" : ""쿠폰자동발급"",
      ""DTS_INSERT"" : ""20250701070004"",
      ""DT_USE"" : """",
      ""DT_STR_EXP"" : ""20250701"",
      ""DT_ISSUE"" : ""20250701"",
      ""DT_END_EXP"" : ""20250731"",
      ""DS_MON_EXP"" : 0,
      ""CD_TYPE_DAY_EXP"" : ""02"",
      ""CD_TYPE_COUPON"" : ""03"",
      ""CD_STAT_COUPON"" : ""04"",
      ""CD_BRAND"" : ""01"",
      ""AM_DISC"" : 150000
    }, {
      ""TX_COUPON"" : ""202506_SVIP회원_수선15만원쿠폰"",
      ""RT_DISC"" : 0,
      ""NO_MAN_COUPON"" : ""COP2025MY0006"",
      ""NO_COUPON"" : ""49"",
      ""NM_RESPON"" : ""허정인"",
      ""NM_DEPT"" : ""IMC팀"",
      ""NM_COUPON"" : ""202506_SVIP회원_수선15만원쿠폰"",
      ""ID_INSERT"" : ""쿠폰자동발급"",
      ""DTS_INSERT"" : ""20250601070037"",
      ""DT_USE"" : """",
      ""DT_STR_EXP"" : ""20250601"",
      ""DT_ISSUE"" : ""20250601"",
      ""DT_END_EXP"" : ""20250630"",
      ""DS_MON_EXP"" : 0,
      ""CD_TYPE_DAY_EXP"" : ""02"",
      ""CD_TYPE_COUPON"" : ""03"",
      ""CD_STAT_COUPON"" : ""04"",
      ""CD_BRAND"" : ""01"",
      ""AM_DISC"" : 150000
    }, {
      ""TX_COUPON"" : ""10%할인_SVIP특별바우처6"",
      ""RT_DISC"" : 10,
      ""NO_MAN_COUPON"" : ""COP2025AP0006"",
      ""NO_COUPON"" : ""30"",
      ""NM_RESPON"" : ""허정인"",
      ""NM_DEPT"" : ""IMC팀"",
      ""NM_COUPON"" : ""10%할인_SVIP특별바우처6"",
      ""ID_INSERT"" : ""허정인"",
      ""DTS_INSERT"" : ""20250502133821"",
      ""DT_USE"" : """",
      ""DT_STR_EXP"" : ""20250501"",
      ""DT_ISSUE"" : ""20250502"",
      ""DT_END_EXP"" : ""20260131"",
      ""DS_MON_EXP"" : 0,
      ""CD_TYPE_DAY_EXP"" : ""02"",
      ""CD_TYPE_COUPON"" : ""03"",
      ""CD_STAT_COUPON"" : ""04"",
      ""CD_BRAND"" : ""01"",
      ""AM_DISC"" : 0
    }, {
      ""TX_COUPON"" : ""10%할인_SVIP특별바우처5"",
      ""RT_DISC"" : 10,
      ""NO_MAN_COUPON"" : ""COP2025AP0005"",
      ""NO_COUPON"" : ""30"",
      ""NM_RESPON"" : ""허정인"",
      ""NM_DEPT"" : ""IMC팀"",
      ""NM_COUPON"" : ""10%할인_SVIP특별바우처5"",
      ""ID_INSERT"" : ""허정인"",
      ""DTS_INSERT"" : ""20250502133809"",
      ""DT_USE"" : """",
      ""DT_STR_EXP"" : ""20250501"",
      ""DT_ISSUE"" : ""20250502"",
      ""DT_END_EXP"" : ""20260131"",
      ""DS_MON_EXP"" : 0,
      ""CD_TYPE_DAY_EXP"" : ""02"",
      ""CD_TYPE_COUPON"" : ""03"",
      ""CD_STAT_COUPON"" : ""04"",
      ""CD_BRAND"" : ""01"",
      ""AM_DISC"" : 0
    }, {
      ""TX_COUPON"" : ""10%할인_SVIP특별바우처4"",
      ""RT_DISC"" : 10,
      ""NO_MAN_COUPON"" : ""COP2025AP0004"",
      ""NO_COUPON"" : ""30"",
      ""NM_RESPON"" : ""허정인"",
      ""NM_DEPT"" : ""IMC팀"",
      ""NM_COUPON"" : ""10%할인_SVIP특별바우처4"",
      ""ID_INSERT"" : ""허정인"",
      ""DTS_INSERT"" : ""20250502133757"",
      ""DT_USE"" : """",
      ""DT_STR_EXP"" : ""20250501"",
      ""DT_ISSUE"" : ""20250502"",
      ""DT_END_EXP"" : ""20260131"",
      ""DS_MON_EXP"" : 0,
      ""CD_TYPE_DAY_EXP"" : ""02"",
      ""CD_TYPE_COUPON"" : ""03"",
      ""CD_STAT_COUPON"" : ""04"",
      ""CD_BRAND"" : ""01"",
      ""AM_DISC"" : 0
    }, {
      ""TX_COUPON"" : ""202505_SVIP회원_수선15만원쿠폰"",
      ""RT_DISC"" : 0,
      ""NO_MAN_COUPON"" : ""COP2025AP0008"",
      ""NO_COUPON"" : ""49"",
      ""NM_RESPON"" : ""허정인"",
      ""NM_DEPT"" : ""IMC팀"",
      ""NM_COUPON"" : ""202505_SVIP회원_수선15만원쿠폰"",
      ""ID_INSERT"" : ""쿠폰자동발급"",
      ""DTS_INSERT"" : ""20250501070015"",
      ""DT_USE"" : """",
      ""DT_STR_EXP"" : ""20250501"",
      ""DT_ISSUE"" : ""20250501"",
      ""DT_END_EXP"" : ""20250531"",
      ""DS_MON_EXP"" : 0,
      ""CD_TYPE_DAY_EXP"" : ""02"",
      ""CD_TYPE_COUPON"" : ""03"",
      ""CD_STAT_COUPON"" : ""04"",
      ""CD_BRAND"" : ""01"",
      ""AM_DISC"" : 150000
    }, {
      ""TX_COUPON"" : ""202504_SVIP회원_수선15만원쿠폰"",
      ""RT_DISC"" : 0,
      ""NO_MAN_COUPON"" : ""COP2025MA0008"",
      ""NO_COUPON"" : ""49"",
      ""NM_RESPON"" : ""허정인"",
      ""NM_DEPT"" : ""IMC팀"",
      ""NM_COUPON"" : ""202504_SVIP회원_수선15만원쿠폰"",
      ""ID_INSERT"" : ""쿠폰자동발급"",
      ""DTS_INSERT"" : ""20250401070035"",
      ""DT_USE"" : """",
      ""DT_STR_EXP"" : ""20250401"",
      ""DT_ISSUE"" : ""20250401"",
      ""DT_END_EXP"" : ""20250430"",
      ""DS_MON_EXP"" : 0,
      ""CD_TYPE_DAY_EXP"" : ""02"",
      ""CD_TYPE_COUPON"" : ""03"",
      ""CD_STAT_COUPON"" : ""04"",
      ""CD_BRAND"" : ""01"",
      ""AM_DISC"" : 150000
    }, {
      ""TX_COUPON"" : ""202503_SVIP회원_수선15만원쿠폰"",
      ""RT_DISC"" : 0,
      ""NO_MAN_COUPON"" : ""COP2025FE0009"",
      ""NO_COUPON"" : ""49"",
      ""NM_RESPON"" : ""허정인"",
      ""NM_DEPT"" : ""IMC팀"",
      ""NM_COUPON"" : ""202503_SVIP회원_수선15만원쿠폰"",
      ""ID_INSERT"" : ""쿠폰자동발급"",
      ""DTS_INSERT"" : ""20250301070037"",
      ""DT_USE"" : """",
      ""DT_STR_EXP"" : ""20250301"",
      ""DT_ISSUE"" : ""20250301"",
      ""DT_END_EXP"" : ""20250331"",
      ""DS_MON_EXP"" : 0,
      ""CD_TYPE_DAY_EXP"" : ""02"",
      ""CD_TYPE_COUPON"" : ""03"",
      ""CD_STAT_COUPON"" : ""04"",
      ""CD_BRAND"" : ""01"",
      ""AM_DISC"" : 150000
    }, {
      ""TX_COUPON"" : ""2025_VIP_업그레이드쿠폰2"",
      ""RT_DISC"" : 0,
      ""NO_MAN_COUPON"" : ""COP2025FE0006"",
      ""NO_COUPON"" : ""00309"",
      ""NM_RESPON"" : ""허정인"",
      ""NM_DEPT"" : ""IMC팀"",
      ""NM_COUPON"" : ""2025_VIP_업그레이드쿠폰2"",
      ""ID_INSERT"" : ""허정인"",
      ""DTS_INSERT"" : ""20250214160700"",
      ""DT_USE"" : """",
      ""DT_STR_EXP"" : ""20250201"",
      ""DT_ISSUE"" : ""20250214"",
      ""DT_END_EXP"" : ""20260131"",
      ""DS_MON_EXP"" : 0,
      ""CD_TYPE_DAY_EXP"" : ""02"",
      ""CD_TYPE_COUPON"" : ""03"",
      ""CD_STAT_COUPON"" : ""04"",
      ""CD_BRAND"" : ""01"",
      ""AM_DISC"" : 0
    }, {
      ""TX_COUPON"" : ""2025_VIP_업그레이드쿠폰1"",
      ""RT_DISC"" : 0,
      ""NO_MAN_COUPON"" : ""COP2025FE0005"",
      ""NO_COUPON"" : ""02328"",
      ""NM_RESPON"" : ""허정인"",
      ""NM_DEPT"" : ""IMC팀"",
      ""NM_COUPON"" : ""2025_VIP_업그레이드쿠폰1"",
      ""ID_INSERT"" : ""허정인"",
      ""DTS_INSERT"" : ""20250214154859"",
      ""DT_USE"" : """",
      ""DT_STR_EXP"" : ""20250201"",
      ""DT_ISSUE"" : ""20250214"",
      ""DT_END_EXP"" : ""20260131"",
      ""DS_MON_EXP"" : 0,
      ""CD_TYPE_DAY_EXP"" : ""02"",
      ""CD_TYPE_COUPON"" : ""03"",
      ""CD_STAT_COUPON"" : ""04"",
      ""CD_BRAND"" : ""01"",
      ""AM_DISC"" : 0
    }, {
      ""TX_COUPON"" : ""202502_SVIP회원_수선15만원쿠폰"",
      ""RT_DISC"" : 0,
      ""NO_MAN_COUPON"" : ""COP2025JA0013"",
      ""NO_COUPON"" : ""49"",
      ""NM_RESPON"" : ""허정인"",
      ""NM_DEPT"" : ""IMC팀"",
      ""NM_COUPON"" : ""202502_SVIP회원_수선15만원쿠폰"",
      ""ID_INSERT"" : ""쿠폰자동발급"",
      ""DTS_INSERT"" : ""20250201070038"",
      ""DT_USE"" : """",
      ""DT_STR_EXP"" : ""20250201"",
      ""DT_ISSUE"" : ""20250201"",
      ""DT_END_EXP"" : ""20250228"",
      ""DS_MON_EXP"" : 0,
      ""CD_TYPE_DAY_EXP"" : ""02"",
      ""CD_TYPE_COUPON"" : ""03"",
      ""CD_STAT_COUPON"" : ""04"",
      ""CD_BRAND"" : ""01"",
      ""AM_DISC"" : 150000
    }, {
      ""TX_COUPON"" : ""2025_SVIP_승격축하쿠폰"",
      ""RT_DISC"" : 0,
      ""NO_MAN_COUPON"" : ""COP2025JA0032"",
      ""NO_COUPON"" : ""33"",
      ""NM_RESPON"" : ""허정인"",
      ""NM_DEPT"" : ""IMC팀"",
      ""NM_COUPON"" : ""2025_SVIP_승격축하쿠폰"",
      ""ID_INSERT"" : ""허정인"",
      ""DTS_INSERT"" : ""20250131163042"",
      ""DT_USE"" : """",
      ""DT_STR_EXP"" : ""20250201"",
      ""DT_ISSUE"" : ""20250131"",
      ""DT_END_EXP"" : ""20260131"",
      ""DS_MON_EXP"" : 0,
      ""CD_TYPE_DAY_EXP"" : ""02"",
      ""CD_TYPE_COUPON"" : ""03"",
      ""CD_STAT_COUPON"" : ""04"",
      ""CD_BRAND"" : ""01"",
      ""AM_DISC"" : 100000
    }, {
      ""TX_COUPON"" : ""10%할인_SVIP특별바우처3"",
      ""RT_DISC"" : 10,
      ""NO_MAN_COUPON"" : ""COP2025JA0021"",
      ""NO_COUPON"" : ""33"",
      ""NM_RESPON"" : ""허정인"",
      ""NM_DEPT"" : ""IMC팀"",
      ""NM_COUPON"" : ""10%할인_SVIP특별바우처3"",
      ""ID_INSERT"" : ""허정인"",
      ""DTS_INSERT"" : ""20250131163017"",
      ""DT_USE"" : """",
      ""DT_STR_EXP"" : ""20250201"",
      ""DT_ISSUE"" : ""20250131"",
      ""DT_END_EXP"" : ""20260131"",
      ""DS_MON_EXP"" : 0,
      ""CD_TYPE_DAY_EXP"" : ""02"",
      ""CD_TYPE_COUPON"" : ""03"",
      ""CD_STAT_COUPON"" : ""04"",
      ""CD_BRAND"" : ""01"",
      ""AM_DISC"" : 0
    }, {
      ""TX_COUPON"" : ""10%할인_SVIP특별바우처2"",
      ""RT_DISC"" : 10,
      ""NO_MAN_COUPON"" : ""COP2025JA0020"",
      ""NO_COUPON"" : ""33"",
      ""NM_RESPON"" : ""허정인"",
      ""NM_DEPT"" : ""IMC팀"",
      ""NM_COUPON"" : ""10%할인_SVIP특별바우처2"",
      ""ID_INSERT"" : ""허정인"",
      ""DTS_INSERT"" : ""20250131162957"",
      ""DT_USE"" : """",
      ""DT_STR_EXP"" : ""20250201"",
      ""DT_ISSUE"" : ""20250131"",
      ""DT_END_EXP"" : ""20260131"",
      ""DS_MON_EXP"" : 0,
      ""CD_TYPE_DAY_EXP"" : ""02"",
      ""CD_TYPE_COUPON"" : ""03"",
      ""CD_STAT_COUPON"" : ""04"",
      ""CD_BRAND"" : ""01"",
      ""AM_DISC"" : 0
    }, {
      ""TX_COUPON"" : ""10%할인_SVIP특별바우처1"",
      ""RT_DISC"" : 10,
      ""NO_MAN_COUPON"" : ""COP2025JA0019"",
      ""NO_COUPON"" : ""33"",
      ""NM_RESPON"" : ""허정인"",
      ""NM_DEPT"" : ""IMC팀"",
      ""NM_COUPON"" : ""10%할인_SVIP특별바우처1"",
      ""ID_INSERT"" : ""허정인"",
      ""DTS_INSERT"" : ""20250131162928"",
      ""DT_USE"" : ""20250408"",
      ""DT_STR_EXP"" : ""20250201"",
      ""DT_ISSUE"" : ""20250131"",
      ""DT_END_EXP"" : ""20260131"",
      ""DS_MON_EXP"" : 0,
      ""CD_TYPE_DAY_EXP"" : ""02"",
      ""CD_TYPE_COUPON"" : ""03"",
      ""CD_STAT_COUPON"" : ""01"",
      ""CD_BRAND"" : ""01"",
      ""AM_DISC"" : 0
    } ],
    ""TotalPointsBalance"" : 327412.0,
    ""GiftList"" : [ ],
    ""HistoryUpdatedList"" : [ {
      ""changedBy"" : ""milvus"",
      ""newValue"" : null,
      ""oldValue"" : null,
      ""field"" : ""created"",
      ""changeTarget"" : ""LoyaltyProgramMember"",
      ""changeDate"" : ""2026-05-05T12:41:51.000Z""
    }, {
      ""changedBy"" : ""milvus"",
      ""newValue"" : null,
      ""oldValue"" : null,
      ""field"" : ""created"",
      ""changeTarget"" : ""Contact"",
      ""changeDate"" : ""2026-04-26T04:33:09.000Z""
    }, {
      ""changedBy"" : ""milvus"",
      ""newValue"" : ""신세계아울렛파주점"",
      ""oldValue"" : ""현대신촌점"",
      ""field"" : ""StoreRegi__c"",
      ""changeTarget"" : ""Contact"",
      ""changeDate"" : ""2026-04-29T12:11:35.000Z""
    }, {
      ""changedBy"" : ""milvus"",
      ""newValue"" : ""001JO00000HHr0HYAT"",
      ""oldValue"" : ""001JO00000HHr1XYAT"",
      ""field"" : ""StoreRegi__c"",
      ""changeTarget"" : ""Contact"",
      ""changeDate"" : ""2026-04-29T12:11:35.000Z""
    }, {
      ""changedBy"" : ""milvus"",
      ""newValue"" : ""현대신촌점"",
      ""oldValue"" : ""신세계아울렛파주점"",
      ""field"" : ""StoreMana__c"",
      ""changeTarget"" : ""Contact"",
      ""changeDate"" : ""2026-04-29T12:11:35.000Z""
    }, {
      ""changedBy"" : ""milvus"",
      ""newValue"" : ""001JO00000HHr1XYAT"",
      ""oldValue"" : ""001JO00000HHr0HYAT"",
      ""field"" : ""StoreMana__c"",
      ""changeTarget"" : ""Contact"",
      ""changeDate"" : ""2026-04-29T12:11:35.000Z""
    }, {
      ""changedBy"" : ""milvus"",
      ""newValue"" : ""서울특별시 서대문구 증가로 150 (남가좌동, DMC센트럴아이파크)109-1201"",
      ""oldValue"" : ""서울특별시 서대문구 증가로 150 (남가좌동, DMC센트럴아이파크)"",
      ""field"" : ""MailingStreet"",
      ""changeTarget"" : ""Contact"",
      ""changeDate"" : ""2026-04-30T10:37:48.000Z""
    }, {
      ""changedBy"" : ""milvus"",
      ""newValue"" : ""03670"",
      ""oldValue"" : ""036"",
      ""field"" : ""MailingPostalCode"",
      ""changeTarget"" : ""Contact"",
      ""changeDate"" : ""2026-04-30T10:37:48.000Z""
    } ],
    ""ConsultationList"" : [ ],
    ""CustomerServiceHistory"" : [ ],
    ""WorksList"" : [ ],
    ""OrdersList"" : [ {
      ""DeleteDateTime"" : null,
      ""ActivatedDate"" : null,
      ""InsertId"" : ""갤러리아광교점"",
      ""OrderReferenceNumber"" : null,
      ""SaleStatus"" : null,
      ""OrderType"" : ""01"",
      ""SaleEndDate"" : null,
      ""SaleNo"" : null,
      ""StoreCode"" : ""001JO00000HHr21YAD"",
      ""ActualPaymentAmount"" : 11990000.0000,
      ""TotalAmount"" : 11990000,
      ""Status"" : ""orderSuccess"",
      ""OrderDate"" : ""2023-03-07"",
      ""OrderName"" : null
    } ],
    ""Depositlist"" : [ {
      ""PromotionId"" : null,
      ""TotalPromotionDiscount"" : null,
      ""JournalTypeName"" : ""Deposit"",
      ""Status"" : ""Processed"",
      ""Quantity"" : null,
      ""PaymentMethodName"" : ""카드"",
      ""PaymentMethodCode"" : ""03"",
      ""TransactionAmount"" : 10010000,
      ""JournalReason"" : null,
      ""DepositSeqNo"" : ""1"",
      ""DepositNo"" : ""DEP202108070183-1"",
      ""DepositType"" : ""01"",
      ""Brand"" : null
    }, {
      ""PromotionId"" : null,
      ""TotalPromotionDiscount"" : null,
      ""JournalTypeName"" : ""Deposit Reversal"",
      ""Status"" : ""Processed"",
      ""Quantity"" : null,
      ""PaymentMethodName"" : ""카드"",
      ""PaymentMethodCode"" : ""03"",
      ""TransactionAmount"" : 10010000,
      ""JournalReason"" : null,
      ""DepositSeqNo"" : ""1"",
      ""DepositNo"" : ""DEP202108130042-1"",
      ""DepositType"" : ""03"",
      ""Brand"" : null
    }, {
      ""PromotionId"" : null,
      ""TotalPromotionDiscount"" : null,
      ""JournalTypeName"" : ""Deposit"",
      ""Status"" : ""Processed"",
      ""Quantity"" : null,
      ""PaymentMethodName"" : ""카드"",
      ""PaymentMethodCode"" : ""03"",
      ""TransactionAmount"" : 10010000,
      ""JournalReason"" : null,
      ""DepositSeqNo"" : ""2"",
      ""DepositNo"" : ""DEP202108130042-2"",
      ""DepositType"" : ""01"",
      ""Brand"" : null
    }, {
      ""PromotionId"" : null,
      ""TotalPromotionDiscount"" : null,
      ""JournalTypeName"" : ""Deposit"",
      ""Status"" : ""Processed"",
      ""Quantity"" : null,
      ""PaymentMethodName"" : ""카드"",
      ""PaymentMethodCode"" : ""03"",
      ""TransactionAmount"" : 120000,
      ""JournalReason"" : null,
      ""DepositSeqNo"" : ""1"",
      ""DepositNo"" : ""DEP202108310223-1"",
      ""DepositType"" : ""01"",
      ""Brand"" : null
    }, {
      ""PromotionId"" : null,
      ""TotalPromotionDiscount"" : null,
      ""JournalTypeName"" : ""Deposit"",
      ""Status"" : ""Processed"",
      ""Quantity"" : null,
      ""PaymentMethodName"" : ""카드"",
      ""PaymentMethodCode"" : ""03"",
      ""TransactionAmount"" : 3180000,
      ""JournalReason"" : null,
      ""DepositSeqNo"" : ""1"",
      ""DepositNo"" : ""DEP202207060674-1"",
      ""DepositType"" : ""01"",
      ""Brand"" : null
    }, {
      ""PromotionId"" : null,
      ""TotalPromotionDiscount"" : null,
      ""JournalTypeName"" : ""Deposit"",
      ""Status"" : ""Processed"",
      ""Quantity"" : null,
      ""PaymentMethodName"" : ""백화점상품권"",
      ""PaymentMethodCode"" : ""92"",
      ""TransactionAmount"" : 960000,
      ""JournalReason"" : null,
      ""DepositSeqNo"" : ""1"",
      ""DepositNo"" : ""DEP202301080351-1"",
      ""DepositType"" : ""01"",
      ""Brand"" : null
    }, {
      ""PromotionId"" : null,
      ""TotalPromotionDiscount"" : null,
      ""JournalTypeName"" : ""Deposit"",
      ""Status"" : ""Processed"",
      ""Quantity"" : null,
      ""PaymentMethodName"" : ""카드"",
      ""PaymentMethodCode"" : ""03"",
      ""TransactionAmount"" : 679300,
      ""JournalReason"" : null,
      ""DepositSeqNo"" : ""2"",
      ""DepositNo"" : ""DEP202301080351-2"",
      ""DepositType"" : ""01"",
      ""Brand"" : null
    }, {
      ""PromotionId"" : null,
      ""TotalPromotionDiscount"" : null,
      ""JournalTypeName"" : ""Deposit"",
      ""Status"" : ""Processed"",
      ""Quantity"" : null,
      ""PaymentMethodName"" : ""카드"",
      ""PaymentMethodCode"" : ""03"",
      ""TransactionAmount"" : 1000000,
      ""JournalReason"" : null,
      ""DepositSeqNo"" : ""1"",
      ""DepositNo"" : ""DEP202302030089-1"",
      ""DepositType"" : ""01"",
      ""Brand"" : null
    }, {
      ""PromotionId"" : null,
      ""TotalPromotionDiscount"" : null,
      ""JournalTypeName"" : ""Deposit"",
      ""Status"" : ""Processed"",
      ""Quantity"" : null,
      ""PaymentMethodName"" : ""카드"",
      ""PaymentMethodCode"" : ""03"",
      ""TransactionAmount"" : 232000,
      ""JournalReason"" : null,
      ""DepositSeqNo"" : ""2"",
      ""DepositNo"" : ""DEP202302030089-2"",
      ""DepositType"" : ""01"",
      ""Brand"" : null
    }, {
      ""PromotionId"" : null,
      ""TotalPromotionDiscount"" : null,
      ""JournalTypeName"" : ""Deposit"",
      ""Status"" : ""Processed"",
      ""Quantity"" : null,
      ""PaymentMethodName"" : ""카드"",
      ""PaymentMethodCode"" : ""03"",
      ""TransactionAmount"" : 1200000,
      ""JournalReason"" : null,
      ""DepositSeqNo"" : ""1"",
      ""DepositNo"" : ""DEP202303070077-1"",
      ""DepositType"" : ""01"",
      ""Brand"" : null
    }, {
      ""PromotionId"" : null,
      ""TotalPromotionDiscount"" : null,
      ""JournalTypeName"" : ""Deposit"",
      ""Status"" : ""Processed"",
      ""Quantity"" : null,
      ""PaymentMethodName"" : ""카드"",
      ""PaymentMethodCode"" : ""03"",
      ""TransactionAmount"" : 1380000,
      ""JournalReason"" : null,
      ""DepositSeqNo"" : ""1"",
      ""DepositNo"" : ""DEP202305080032-1"",
      ""DepositType"" : ""01"",
      ""Brand"" : null
    }, {
      ""PromotionId"" : null,
      ""TotalPromotionDiscount"" : null,
      ""JournalTypeName"" : ""Deposit"",
      ""Status"" : ""Processed"",
      ""Quantity"" : null,
      ""PaymentMethodName"" : ""백화점상품권"",
      ""PaymentMethodCode"" : ""92"",
      ""TransactionAmount"" : 50000,
      ""JournalReason"" : null,
      ""DepositSeqNo"" : ""2"",
      ""DepositNo"" : ""DEP202305080032-2"",
      ""DepositType"" : ""01"",
      ""Brand"" : null
    }, {
      ""PromotionId"" : null,
      ""TotalPromotionDiscount"" : null,
      ""JournalTypeName"" : ""Deposit"",
      ""Status"" : ""Processed"",
      ""Quantity"" : null,
      ""PaymentMethodName"" : ""카드"",
      ""PaymentMethodCode"" : ""03"",
      ""TransactionAmount"" : 320000,
      ""JournalReason"" : null,
      ""DepositSeqNo"" : ""1"",
      ""DepositNo"" : ""DEP202305310075-1"",
      ""DepositType"" : ""01"",
      ""Brand"" : null
    }, {
      ""PromotionId"" : null,
      ""TotalPromotionDiscount"" : null,
      ""JournalTypeName"" : ""Redemption"",
      ""Status"" : ""Processed"",
      ""Quantity"" : null,
      ""PaymentMethodName"" : ""포인트"",
      ""PaymentMethodCode"" : ""81"",
      ""TransactionAmount"" : 25000,
      ""JournalReason"" : null,
      ""DepositSeqNo"" : ""1"",
      ""DepositNo"" : ""DEP202306040095-1"",
      ""DepositType"" : ""01"",
      ""Brand"" : null
    }, {
      ""PromotionId"" : null,
      ""TotalPromotionDiscount"" : null,
      ""JournalTypeName"" : ""Deposit"",
      ""Status"" : ""Processed"",
      ""Quantity"" : null,
      ""PaymentMethodName"" : ""카드"",
      ""PaymentMethodCode"" : ""03"",
      ""TransactionAmount"" : 300000,
      ""JournalReason"" : null,
      ""DepositSeqNo"" : ""1"",
      ""DepositNo"" : ""DEP202306070071-1"",
      ""DepositType"" : ""01"",
      ""Brand"" : null
    }, {
      ""PromotionId"" : null,
      ""TotalPromotionDiscount"" : null,
      ""JournalTypeName"" : ""Deposit"",
      ""Status"" : ""Processed"",
      ""Quantity"" : null,
      ""PaymentMethodName"" : ""카드"",
      ""PaymentMethodCode"" : ""03"",
      ""TransactionAmount"" : 1200000,
      ""JournalReason"" : null,
      ""DepositSeqNo"" : ""1"",
      ""DepositNo"" : ""DEP202306130073-1"",
      ""DepositType"" : ""01"",
      ""Brand"" : null
    }, {
      ""PromotionId"" : null,
      ""TotalPromotionDiscount"" : null,
      ""JournalTypeName"" : ""Deposit Reversal"",
      ""Status"" : ""Processed"",
      ""Quantity"" : null,
      ""PaymentMethodName"" : ""카드"",
      ""PaymentMethodCode"" : ""03"",
      ""TransactionAmount"" : 1200000,
      ""JournalReason"" : null,
      ""DepositSeqNo"" : ""1"",
      ""DepositNo"" : ""DEP202307021787-1"",
      ""DepositType"" : ""03"",
      ""Brand"" : null
    }, {
      ""PromotionId"" : null,
      ""TotalPromotionDiscount"" : null,
      ""JournalTypeName"" : ""Deposit"",
      ""Status"" : ""Processed"",
      ""Quantity"" : null,
      ""PaymentMethodName"" : ""카드"",
      ""PaymentMethodCode"" : ""03"",
      ""TransactionAmount"" : 10883200,
      ""JournalReason"" : null,
      ""DepositSeqNo"" : ""2"",
      ""DepositNo"" : ""DEP202307021787-2"",
      ""DepositType"" : ""01"",
      ""Brand"" : null
    }, {
      ""PromotionId"" : null,
      ""TotalPromotionDiscount"" : null,
      ""JournalTypeName"" : ""Deposit Reversal"",
      ""Status"" : ""Processed"",
      ""Quantity"" : null,
      ""PaymentMethodName"" : ""카드"",
      ""PaymentMethodCode"" : ""03"",
      ""TransactionAmount"" : 320000,
      ""JournalReason"" : null,
      ""DepositSeqNo"" : ""1"",
      ""DepositNo"" : ""DEP202307021805-1"",
      ""DepositType"" : ""03"",
      ""Brand"" : null
    }, {
      ""PromotionId"" : null,
      ""TotalPromotionDiscount"" : null,
      ""JournalTypeName"" : ""Deposit"",
      ""Status"" : ""Processed"",
      ""Quantity"" : null,
      ""PaymentMethodName"" : ""카드"",
      ""PaymentMethodCode"" : ""03"",
      ""TransactionAmount"" : 2970600,
      ""JournalReason"" : null,
      ""DepositSeqNo"" : ""2"",
      ""DepositNo"" : ""DEP202307021805-2"",
      ""DepositType"" : ""01"",
      ""Brand"" : null
    }, {
      ""PromotionId"" : null,
      ""TotalPromotionDiscount"" : null,
      ""JournalTypeName"" : ""Deposit"",
      ""Status"" : ""Processed"",
      ""Quantity"" : null,
      ""PaymentMethodName"" : ""카드"",
      ""PaymentMethodCode"" : ""03"",
      ""TransactionAmount"" : 11354400,
      ""JournalReason"" : null,
      ""DepositSeqNo"" : ""1"",
      ""DepositNo"" : ""DEP202307021833-1"",
      ""DepositType"" : ""01"",
      ""Brand"" : null
    }, {
      ""PromotionId"" : null,
      ""TotalPromotionDiscount"" : null,
      ""JournalTypeName"" : ""Deposit"",
      ""Status"" : ""Processed"",
      ""Quantity"" : null,
      ""PaymentMethodName"" : ""카드"",
      ""PaymentMethodCode"" : ""03"",
      ""TransactionAmount"" : 2637200,
      ""JournalReason"" : null,
      ""DepositSeqNo"" : ""1"",
      ""DepositNo"" : ""DEP202307031036-1"",
      ""DepositType"" : ""01"",
      ""Brand"" : null
    }, {
      ""PromotionId"" : null,
      ""TotalPromotionDiscount"" : null,
      ""JournalTypeName"" : ""Deposit"",
      ""Status"" : ""Processed"",
      ""Quantity"" : null,
      ""PaymentMethodName"" : ""카드"",
      ""PaymentMethodCode"" : ""03"",
      ""TransactionAmount"" : 780000,
      ""JournalReason"" : null,
      ""DepositSeqNo"" : ""1"",
      ""DepositNo"" : ""DEP202406140040-1"",
      ""DepositType"" : ""01"",
      ""Brand"" : null
    }, {
      ""PromotionId"" : null,
      ""TotalPromotionDiscount"" : null,
      ""JournalTypeName"" : ""Deposit"",
      ""Status"" : ""Processed"",
      ""Quantity"" : null,
      ""PaymentMethodName"" : ""카드"",
      ""PaymentMethodCode"" : ""03"",
      ""TransactionAmount"" : 2800000,
      ""JournalReason"" : null,
      ""DepositSeqNo"" : ""1"",
      ""DepositNo"" : ""DEP202406140045-1"",
      ""DepositType"" : ""01"",
      ""Brand"" : null
    }, {
      ""PromotionId"" : null,
      ""TotalPromotionDiscount"" : null,
      ""JournalTypeName"" : ""Deposit Reversal"",
      ""Status"" : ""Processed"",
      ""Quantity"" : null,
      ""PaymentMethodName"" : ""카드"",
      ""PaymentMethodCode"" : ""03"",
      ""TransactionAmount"" : 780000,
      ""JournalReason"" : null,
      ""DepositSeqNo"" : ""1"",
      ""DepositNo"" : ""DEP202407011825-1"",
      ""DepositType"" : ""03"",
      ""Brand"" : null
    }, {
      ""PromotionId"" : null,
      ""TotalPromotionDiscount"" : null,
      ""JournalTypeName"" : ""Deposit"",
      ""Status"" : ""Processed"",
      ""Quantity"" : null,
      ""PaymentMethodName"" : ""카드"",
      ""PaymentMethodCode"" : ""03"",
      ""TransactionAmount"" : 6734000,
      ""JournalReason"" : null,
      ""DepositSeqNo"" : ""2"",
      ""DepositNo"" : ""DEP202407011825-2"",
      ""DepositType"" : ""01"",
      ""Brand"" : null
    }, {
      ""PromotionId"" : null,
      ""TotalPromotionDiscount"" : null,
      ""JournalTypeName"" : ""Deposit"",
      ""Status"" : ""Processed"",
      ""Quantity"" : null,
      ""PaymentMethodName"" : ""백화점상품권"",
      ""PaymentMethodCode"" : ""92"",
      ""TransactionAmount"" : 490000,
      ""JournalReason"" : null,
      ""DepositSeqNo"" : ""3"",
      ""DepositNo"" : ""DEP202407011825-3"",
      ""DepositType"" : ""01"",
      ""Brand"" : null
    }, {
      ""PromotionId"" : null,
      ""TotalPromotionDiscount"" : null,
      ""JournalTypeName"" : ""Deposit Reversal"",
      ""Status"" : ""Processed"",
      ""Quantity"" : null,
      ""PaymentMethodName"" : ""카드"",
      ""PaymentMethodCode"" : ""03"",
      ""TransactionAmount"" : 2800000,
      ""JournalReason"" : null,
      ""DepositSeqNo"" : ""1"",
      ""DepositNo"" : ""DEP202407011904-1"",
      ""DepositType"" : ""03"",
      ""Brand"" : null
    }, {
      ""PromotionId"" : null,
      ""TotalPromotionDiscount"" : null,
      ""JournalTypeName"" : ""Deposit"",
      ""Status"" : ""Processed"",
      ""Quantity"" : null,
      ""PaymentMethodName"" : ""카드"",
      ""PaymentMethodCode"" : ""03"",
      ""TransactionAmount"" : 21033000,
      ""JournalReason"" : null,
      ""DepositSeqNo"" : ""2"",
      ""DepositNo"" : ""DEP202407011904-2"",
      ""DepositType"" : ""01"",
      ""Brand"" : null
    }, {
      ""PromotionId"" : null,
      ""TotalPromotionDiscount"" : null,
      ""JournalTypeName"" : ""Deposit"",
      ""Status"" : ""Processed"",
      ""Quantity"" : null,
      ""PaymentMethodName"" : ""카드"",
      ""PaymentMethodCode"" : ""03"",
      ""TransactionAmount"" : 3424100,
      ""JournalReason"" : null,
      ""DepositSeqNo"" : ""3"",
      ""DepositNo"" : ""DEP202407011904-3"",
      ""DepositType"" : ""01"",
      ""Brand"" : null
    }, {
      ""PromotionId"" : null,
      ""TotalPromotionDiscount"" : null,
      ""JournalTypeName"" : ""Deposit"",
      ""Status"" : ""Processed"",
      ""Quantity"" : null,
      ""PaymentMethodName"" : ""백화점상품권"",
      ""PaymentMethodCode"" : ""92"",
      ""TransactionAmount"" : 1210000,
      ""JournalReason"" : null,
      ""DepositSeqNo"" : ""4"",
      ""DepositNo"" : ""DEP202407011904-4"",
      ""DepositType"" : ""01"",
      ""Brand"" : null
    }, {
      ""PromotionId"" : null,
      ""TotalPromotionDiscount"" : null,
      ""JournalTypeName"" : ""Deposit"",
      ""Status"" : ""Processed"",
      ""Quantity"" : null,
      ""PaymentMethodName"" : ""카드"",
      ""PaymentMethodCode"" : ""03"",
      ""TransactionAmount"" : 3390000,
      ""JournalReason"" : null,
      ""DepositSeqNo"" : ""1"",
      ""DepositNo"" : ""DEP202503080353-1"",
      ""DepositType"" : ""01"",
      ""Brand"" : null
    }, {
      ""PromotionId"" : null,
      ""TotalPromotionDiscount"" : null,
      ""JournalTypeName"" : ""Deposit"",
      ""Status"" : ""Processed"",
      ""Quantity"" : null,
      ""PaymentMethodName"" : ""백화점상품권"",
      ""PaymentMethodCode"" : ""92"",
      ""TransactionAmount"" : 300000,
      ""JournalReason"" : null,
      ""DepositSeqNo"" : ""2"",
      ""DepositNo"" : ""DEP202503080353-2"",
      ""DepositType"" : ""01"",
      ""Brand"" : null
    }, {
      ""PromotionId"" : null,
      ""TotalPromotionDiscount"" : null,
      ""JournalTypeName"" : ""Deposit"",
      ""Status"" : ""Processed"",
      ""Quantity"" : null,
      ""PaymentMethodName"" : ""카드"",
      ""PaymentMethodCode"" : ""03"",
      ""TransactionAmount"" : 5000000,
      ""JournalReason"" : null,
      ""DepositSeqNo"" : ""1"",
      ""DepositNo"" : ""DEP202504080048-1"",
      ""DepositType"" : ""01"",
      ""Brand"" : null
    }, {
      ""PromotionId"" : null,
      ""TotalPromotionDiscount"" : null,
      ""JournalTypeName"" : ""Deposit"",
      ""Status"" : ""Processed"",
      ""Quantity"" : null,
      ""PaymentMethodName"" : ""카드"",
      ""PaymentMethodCode"" : ""03"",
      ""TransactionAmount"" : 20501000,
      ""JournalReason"" : null,
      ""DepositSeqNo"" : ""1"",
      ""DepositNo"" : ""DEP202504120322-1"",
      ""DepositType"" : ""01"",
      ""Brand"" : null
    }, {
      ""PromotionId"" : null,
      ""TotalPromotionDiscount"" : null,
      ""JournalTypeName"" : ""Deposit"",
      ""Status"" : ""Processed"",
      ""Quantity"" : null,
      ""PaymentMethodName"" : ""백화점상품권"",
      ""PaymentMethodCode"" : ""92"",
      ""TransactionAmount"" : 593000,
      ""JournalReason"" : null,
      ""DepositSeqNo"" : ""1"",
      ""DepositNo"" : ""DEP202508270268-1"",
      ""DepositType"" : ""01"",
      ""Brand"" : null
    }, {
      ""PromotionId"" : null,
      ""TotalPromotionDiscount"" : null,
      ""JournalTypeName"" : ""Deposit"",
      ""Status"" : ""Processed"",
      ""Quantity"" : null,
      ""PaymentMethodName"" : ""카드"",
      ""PaymentMethodCode"" : ""03"",
      ""TransactionAmount"" : 1166000,
      ""JournalReason"" : null,
      ""DepositSeqNo"" : ""1"",
      ""DepositNo"" : ""DEP202512050143-1"",
      ""DepositType"" : ""01"",
      ""Brand"" : null
    }, {
      ""PromotionId"" : null,
      ""TotalPromotionDiscount"" : null,
      ""JournalTypeName"" : ""Deposit"",
      ""Status"" : ""Processed"",
      ""Quantity"" : null,
      ""PaymentMethodName"" : ""백화점상품권"",
      ""PaymentMethodCode"" : ""92"",
      ""TransactionAmount"" : 50000,
      ""JournalReason"" : null,
      ""DepositSeqNo"" : ""2"",
      ""DepositNo"" : ""DEP202512050143-2"",
      ""DepositType"" : ""01"",
      ""Brand"" : null
    }, {
      ""PromotionId"" : null,
      ""TotalPromotionDiscount"" : null,
      ""JournalTypeName"" : ""Deposit"",
      ""Status"" : ""Processed"",
      ""Quantity"" : null,
      ""PaymentMethodName"" : ""현금"",
      ""PaymentMethodCode"" : ""01"",
      ""TransactionAmount"" : 3428000,
      ""JournalReason"" : null,
      ""DepositSeqNo"" : ""1"",
      ""DepositNo"" : ""DEP202603200107-1"",
      ""DepositType"" : ""01"",
      ""Brand"" : null
    }, {
      ""PromotionId"" : null,
      ""TotalPromotionDiscount"" : null,
      ""JournalTypeName"" : ""Deposit"",
      ""Status"" : ""Processed"",
      ""Quantity"" : null,
      ""PaymentMethodName"" : ""현금"",
      ""PaymentMethodCode"" : ""01"",
      ""TransactionAmount"" : 100000,
      ""JournalReason"" : null,
      ""DepositSeqNo"" : ""1"",
      ""DepositNo"" : ""DEP202603200134-1"",
      ""DepositType"" : ""01"",
      ""Brand"" : null
    }, {
      ""PromotionId"" : null,
      ""TotalPromotionDiscount"" : null,
      ""JournalTypeName"" : ""Deposit"",
      ""Status"" : ""Processed"",
      ""Quantity"" : null,
      ""PaymentMethodName"" : ""카드"",
      ""PaymentMethodCode"" : ""03"",
      ""TransactionAmount"" : 1360400,
      ""JournalReason"" : null,
      ""DepositSeqNo"" : ""1"",
      ""DepositNo"" : ""DEP202104250353-1"",
      ""DepositType"" : ""02"",
      ""Brand"" : null
    }, {
      ""PromotionId"" : null,
      ""TotalPromotionDiscount"" : null,
      ""JournalTypeName"" : ""Deposit"",
      ""Status"" : ""Processed"",
      ""Quantity"" : null,
      ""PaymentMethodName"" : ""카드"",
      ""PaymentMethodCode"" : ""03"",
      ""TransactionAmount"" : 460000,
      ""JournalReason"" : null,
      ""DepositSeqNo"" : ""1"",
      ""DepositNo"" : ""DEP202108070184-1"",
      ""DepositType"" : ""02"",
      ""Brand"" : null
    }, {
      ""PromotionId"" : null,
      ""TotalPromotionDiscount"" : null,
      ""JournalTypeName"" : ""Deposit"",
      ""Status"" : ""Processed"",
      ""Quantity"" : null,
      ""PaymentMethodName"" : ""카드"",
      ""PaymentMethodCode"" : ""03"",
      ""TransactionAmount"" : 7163500,
      ""JournalReason"" : null,
      ""DepositSeqNo"" : ""1"",
      ""DepositNo"" : ""DEP202207091145-1"",
      ""DepositType"" : ""02"",
      ""Brand"" : null
    }, {
      ""PromotionId"" : null,
      ""TotalPromotionDiscount"" : null,
      ""JournalTypeName"" : ""Deposit"",
      ""Status"" : ""Processed"",
      ""Quantity"" : null,
      ""PaymentMethodName"" : ""백화점상품권"",
      ""PaymentMethodCode"" : ""92"",
      ""TransactionAmount"" : 490000,
      ""JournalReason"" : null,
      ""DepositSeqNo"" : ""2"",
      ""DepositNo"" : ""DEP202207091145-2"",
      ""DepositType"" : ""02"",
      ""Brand"" : null
    }, {
      ""PromotionId"" : null,
      ""TotalPromotionDiscount"" : null,
      ""JournalTypeName"" : ""Redemption"",
      ""Status"" : ""Processed"",
      ""Quantity"" : null,
      ""PaymentMethodName"" : ""본사상품권"",
      ""PaymentMethodCode"" : ""90"",
      ""TransactionAmount"" : 50000,
      ""JournalReason"" : null,
      ""DepositSeqNo"" : ""3"",
      ""DepositNo"" : ""DEP202207091145-3"",
      ""DepositType"" : ""02"",
      ""Brand"" : null
    }, {
      ""PromotionId"" : null,
      ""TotalPromotionDiscount"" : null,
      ""JournalTypeName"" : ""Redemption"",
      ""Status"" : ""Processed"",
      ""Quantity"" : null,
      ""PaymentMethodName"" : ""포인트"",
      ""PaymentMethodCode"" : ""81"",
      ""TransactionAmount"" : 119000,
      ""JournalReason"" : null,
      ""DepositSeqNo"" : ""4"",
      ""DepositNo"" : ""DEP202207091145-4"",
      ""DepositType"" : ""02"",
      ""Brand"" : null
    }, {
      ""PromotionId"" : null,
      ""TotalPromotionDiscount"" : null,
      ""JournalTypeName"" : ""Redemption"",
      ""Status"" : ""Processed"",
      ""Quantity"" : null,
      ""PaymentMethodName"" : ""본사상품권"",
      ""PaymentMethodCode"" : ""90"",
      ""TransactionAmount"" : 203100,
      ""JournalReason"" : null,
      ""DepositSeqNo"" : ""1"",
      ""DepositNo"" : ""DEP202301080345-1"",
      ""DepositType"" : ""02"",
      ""Brand"" : null
    }, {
      ""PromotionId"" : null,
      ""TotalPromotionDiscount"" : null,
      ""JournalTypeName"" : ""Deposit"",
      ""Status"" : ""Processed"",
      ""Quantity"" : null,
      ""PaymentMethodName"" : ""백화점상품권"",
      ""PaymentMethodCode"" : ""92"",
      ""TransactionAmount"" : 750000,
      ""JournalReason"" : null,
      ""DepositSeqNo"" : ""2"",
      ""DepositNo"" : ""DEP202301080345-2"",
      ""DepositType"" : ""02"",
      ""Brand"" : null
    }, {
      ""PromotionId"" : null,
      ""TotalPromotionDiscount"" : null,
      ""JournalTypeName"" : ""Deposit"",
      ""Status"" : ""Processed"",
      ""Quantity"" : null,
      ""PaymentMethodName"" : ""카드"",
      ""PaymentMethodCode"" : ""03"",
      ""TransactionAmount"" : 5000000,
      ""JournalReason"" : null,
      ""DepositSeqNo"" : ""3"",
      ""DepositNo"" : ""DEP202301080345-3"",
      ""DepositType"" : ""02"",
      ""Brand"" : null
    }, {
      ""PromotionId"" : null,
      ""TotalPromotionDiscount"" : null,
      ""JournalTypeName"" : ""Redemption"",
      ""Status"" : ""Processed"",
      ""Quantity"" : null,
      ""PaymentMethodName"" : ""포인트"",
      ""PaymentMethodCode"" : ""81"",
      ""TransactionAmount"" : 163000,
      ""JournalReason"" : null,
      ""DepositSeqNo"" : ""4"",
      ""DepositNo"" : ""DEP202301080345-4"",
      ""DepositType"" : ""02"",
      ""Brand"" : null
    }, {
      ""PromotionId"" : null,
      ""TotalPromotionDiscount"" : null,
      ""JournalTypeName"" : ""Deposit"",
      ""Status"" : ""Processed"",
      ""Quantity"" : null,
      ""PaymentMethodName"" : ""카드"",
      ""PaymentMethodCode"" : ""03"",
      ""TransactionAmount"" : 653900,
      ""JournalReason"" : null,
      ""DepositSeqNo"" : ""5"",
      ""DepositNo"" : ""DEP202301080345-5"",
      ""DepositType"" : ""02"",
      ""Brand"" : null
    }, {
      ""PromotionId"" : null,
      ""TotalPromotionDiscount"" : null,
      ""JournalTypeName"" : ""Redemption"",
      ""Status"" : ""Processed"",
      ""Quantity"" : null,
      ""PaymentMethodName"" : ""본사상품권"",
      ""PaymentMethodCode"" : ""90"",
      ""TransactionAmount"" : 50700,
      ""JournalReason"" : null,
      ""DepositSeqNo"" : ""1"",
      ""DepositNo"" : ""DEP202301280247-1"",
      ""DepositType"" : ""02"",
      ""Brand"" : null
    }, {
      ""PromotionId"" : null,
      ""TotalPromotionDiscount"" : null,
      ""JournalTypeName"" : ""Deposit"",
      ""Status"" : ""Processed"",
      ""Quantity"" : null,
      ""PaymentMethodName"" : ""카드"",
      ""PaymentMethodCode"" : ""03"",
      ""TransactionAmount"" : 1288000,
      ""JournalReason"" : null,
      ""DepositSeqNo"" : ""1"",
      ""DepositNo"" : ""DEP202302030084-1"",
      ""DepositType"" : ""02"",
      ""Brand"" : null
    }, {
      ""PromotionId"" : null,
      ""TotalPromotionDiscount"" : null,
      ""JournalTypeName"" : ""Redemption"",
      ""Status"" : ""Processed"",
      ""Quantity"" : null,
      ""PaymentMethodName"" : ""포인트"",
      ""PaymentMethodCode"" : ""81"",
      ""TransactionAmount"" : 120000,
      ""JournalReason"" : null,
      ""DepositSeqNo"" : ""1"",
      ""DepositNo"" : ""DEP202302180261-1"",
      ""DepositType"" : ""02"",
      ""Brand"" : null
    }, {
      ""PromotionId"" : null,
      ""TotalPromotionDiscount"" : null,
      ""JournalTypeName"" : ""Deposit Reversal"",
      ""Status"" : ""Processed"",
      ""Quantity"" : null,
      ""PaymentMethodName"" : ""카드"",
      ""PaymentMethodCode"" : ""03"",
      ""TransactionAmount"" : 1200000,
      ""JournalReason"" : null,
      ""DepositSeqNo"" : ""1"",
      ""DepositNo"" : ""DEP202303160018-1"",
      ""DepositType"" : ""03"",
      ""Brand"" : null
    }, {
      ""PromotionId"" : null,
      ""TotalPromotionDiscount"" : null,
      ""JournalTypeName"" : ""Deposit"",
      ""Status"" : ""Processed"",
      ""Quantity"" : null,
      ""PaymentMethodName"" : ""카드"",
      ""PaymentMethodCode"" : ""03"",
      ""TransactionAmount"" : 11589300,
      ""JournalReason"" : null,
      ""DepositSeqNo"" : ""2"",
      ""DepositNo"" : ""DEP202303160018-2"",
      ""DepositType"" : ""02"",
      ""Brand"" : null
    }, {
      ""PromotionId"" : null,
      ""TotalPromotionDiscount"" : null,
      ""JournalTypeName"" : ""Redemption"",
      ""Status"" : ""Processed"",
      ""Quantity"" : null,
      ""PaymentMethodName"" : ""본사상품권"",
      ""PaymentMethodCode"" : ""90"",
      ""TransactionAmount"" : 359700,
      ""JournalReason"" : null,
      ""DepositSeqNo"" : ""3"",
      ""DepositNo"" : ""DEP202303160018-3"",
      ""DepositType"" : ""02"",
      ""Brand"" : null
    }, {
      ""PromotionId"" : null,
      ""TotalPromotionDiscount"" : null,
      ""JournalTypeName"" : ""Redemption"",
      ""Status"" : ""Processed"",
      ""Quantity"" : null,
      ""PaymentMethodName"" : ""포인트"",
      ""PaymentMethodCode"" : ""81"",
      ""TransactionAmount"" : 41000,
      ""JournalReason"" : null,
      ""DepositSeqNo"" : ""4"",
      ""DepositNo"" : ""DEP202303160018-4"",
      ""DepositType"" : ""02"",
      ""Brand"" : null
    }, {
      ""PromotionId"" : null,
      ""TotalPromotionDiscount"" : null,
      ""JournalTypeName"" : ""Redemption"",
      ""Status"" : ""Processed"",
      ""Quantity"" : null,
      ""PaymentMethodName"" : ""본사상품권"",
      ""PaymentMethodCode"" : ""90"",
      ""TransactionAmount"" : 50000,
      ""JournalReason"" : null,
      ""DepositSeqNo"" : ""1"",
      ""DepositNo"" : ""DEP202305170060-1"",
      ""DepositType"" : ""02"",
      ""Brand"" : null
    }, {
      ""PromotionId"" : null,
      ""TotalPromotionDiscount"" : null,
      ""JournalTypeName"" : ""Redemption"",
      ""Status"" : ""Processed"",
      ""Quantity"" : null,
      ""PaymentMethodName"" : ""포인트"",
      ""PaymentMethodCode"" : ""81"",
      ""TransactionAmount"" : 170000,
      ""JournalReason"" : null,
      ""DepositSeqNo"" : ""2"",
      ""DepositNo"" : ""DEP202305170060-2"",
      ""DepositType"" : ""02"",
      ""Brand"" : null
    }, {
      ""PromotionId"" : null,
      ""TotalPromotionDiscount"" : null,
      ""JournalTypeName"" : ""Redemption"",
      ""Status"" : ""Processed"",
      ""Quantity"" : null,
      ""PaymentMethodName"" : ""본사상품권"",
      ""PaymentMethodCode"" : ""90"",
      ""TransactionAmount"" : 179600,
      ""JournalReason"" : null,
      ""DepositSeqNo"" : ""1"",
      ""DepositNo"" : ""DEP202307031079-1"",
      ""DepositType"" : ""02"",
      ""Brand"" : null
    }, {
      ""PromotionId"" : null,
      ""TotalPromotionDiscount"" : null,
      ""JournalTypeName"" : ""Deposit"",
      ""Status"" : ""Processed"",
      ""Quantity"" : null,
      ""PaymentMethodName"" : ""카드"",
      ""PaymentMethodCode"" : ""03"",
      ""TransactionAmount"" : 3412400,
      ""JournalReason"" : null,
      ""DepositSeqNo"" : ""2"",
      ""DepositNo"" : ""DEP202307031079-2"",
      ""DepositType"" : ""02"",
      ""Brand"" : null
    }, {
      ""PromotionId"" : null,
      ""TotalPromotionDiscount"" : null,
      ""JournalTypeName"" : ""Deposit Reversal"",
      ""Status"" : ""Processed"",
      ""Quantity"" : null,
      ""PaymentMethodName"" : ""카드"",
      ""PaymentMethodCode"" : ""03"",
      ""TransactionAmount"" : 300000,
      ""JournalReason"" : null,
      ""DepositSeqNo"" : ""1"",
      ""DepositNo"" : ""DEP202307110383-1"",
      ""DepositType"" : ""03"",
      ""Brand"" : null
    }, {
      ""PromotionId"" : null,
      ""TotalPromotionDiscount"" : null,
      ""JournalTypeName"" : ""Deposit"",
      ""Status"" : ""Processed"",
      ""Quantity"" : null,
      ""PaymentMethodName"" : ""카드"",
      ""PaymentMethodCode"" : ""03"",
      ""TransactionAmount"" : 2682800,
      ""JournalReason"" : null,
      ""DepositSeqNo"" : ""2"",
      ""DepositNo"" : ""DEP202307110383-2"",
      ""DepositType"" : ""02"",
      ""Brand"" : null
    }, {
      ""PromotionId"" : null,
      ""TotalPromotionDiscount"" : null,
      ""JournalTypeName"" : ""Redemption"",
      ""Status"" : ""Processed"",
      ""Quantity"" : null,
      ""PaymentMethodName"" : ""본사상품권"",
      ""PaymentMethodCode"" : ""90"",
      ""TransactionAmount"" : 141200,
      ""JournalReason"" : null,
      ""DepositSeqNo"" : ""3"",
      ""DepositNo"" : ""DEP202307110383-3"",
      ""DepositType"" : ""02"",
      ""Brand"" : null
    }, {
      ""PromotionId"" : null,
      ""TotalPromotionDiscount"" : null,
      ""JournalTypeName"" : ""Redemption"",
      ""Status"" : ""Processed"",
      ""Quantity"" : null,
      ""PaymentMethodName"" : ""본사상품권"",
      ""PaymentMethodCode"" : ""90"",
      ""TransactionAmount"" : 157600,
      ""JournalReason"" : null,
      ""DepositSeqNo"" : ""1"",
      ""DepositNo"" : ""DEP202307210923-1"",
      ""DepositType"" : ""02"",
      ""Brand"" : null
    }, {
      ""PromotionId"" : null,
      ""TotalPromotionDiscount"" : null,
      ""JournalTypeName"" : ""Redemption"",
      ""Status"" : ""Processed"",
      ""Quantity"" : null,
      ""PaymentMethodName"" : ""본사상품권"",
      ""PaymentMethodCode"" : ""90"",
      ""TransactionAmount"" : 600400,
      ""JournalReason"" : null,
      ""DepositSeqNo"" : ""1"",
      ""DepositNo"" : ""DEP202307210934-1"",
      ""DepositType"" : ""02"",
      ""Brand"" : null
    }, {
      ""PromotionId"" : null,
      ""TotalPromotionDiscount"" : null,
      ""JournalTypeName"" : ""Deposit"",
      ""Status"" : ""Processed"",
      ""Quantity"" : null,
      ""PaymentMethodName"" : ""가주문"",
      ""PaymentMethodCode"" : ""06"",
      ""TransactionAmount"" : 60800,
      ""JournalReason"" : null,
      ""DepositSeqNo"" : ""2"",
      ""DepositNo"" : ""DEP202307210934-2"",
      ""DepositType"" : ""02"",
      ""Brand"" : null
    }, {
      ""PromotionId"" : null,
      ""TotalPromotionDiscount"" : null,
      ""JournalTypeName"" : ""Deposit"",
      ""Status"" : ""Processed"",
      ""Quantity"" : null,
      ""PaymentMethodName"" : ""현금"",
      ""PaymentMethodCode"" : ""01"",
      ""TransactionAmount"" : 463600,
      ""JournalReason"" : null,
      ""DepositSeqNo"" : ""3"",
      ""DepositNo"" : ""DEP202307210934-3"",
      ""DepositType"" : ""02"",
      ""Brand"" : null
    }, {
      ""PromotionId"" : null,
      ""TotalPromotionDiscount"" : null,
      ""JournalTypeName"" : ""Deposit Reversal"",
      ""Status"" : ""Processed"",
      ""Quantity"" : null,
      ""PaymentMethodName"" : ""현금"",
      ""PaymentMethodCode"" : ""01"",
      ""TransactionAmount"" : 463600,
      ""JournalReason"" : null,
      ""DepositSeqNo"" : ""1"",
      ""DepositNo"" : ""DEP202307210942-1"",
      ""DepositType"" : ""03"",
      ""Brand"" : null
    }, {
      ""PromotionId"" : null,
      ""TotalPromotionDiscount"" : null,
      ""JournalTypeName"" : ""Deposit Reversal"",
      ""Status"" : ""Processed"",
      ""Quantity"" : null,
      ""PaymentMethodName"" : ""본사상품권"",
      ""PaymentMethodCode"" : ""90"",
      ""TransactionAmount"" : 24400,
      ""JournalReason"" : null,
      ""DepositSeqNo"" : ""2"",
      ""DepositNo"" : ""DEP202307210942-2"",
      ""DepositType"" : ""03"",
      ""Brand"" : null
    }, {
      ""PromotionId"" : null,
      ""TotalPromotionDiscount"" : null,
      ""JournalTypeName"" : ""Redemption"",
      ""Status"" : ""Processed"",
      ""Quantity"" : null,
      ""PaymentMethodName"" : ""본사상품권"",
      ""PaymentMethodCode"" : ""90"",
      ""TransactionAmount"" : 736400,
      ""JournalReason"" : null,
      ""DepositSeqNo"" : ""1"",
      ""DepositNo"" : ""DEP202307210948-1"",
      ""DepositType"" : ""02"",
      ""Brand"" : null
    }, {
      ""PromotionId"" : null,
      ""TotalPromotionDiscount"" : null,
      ""JournalTypeName"" : ""Deposit"",
      ""Status"" : ""Processed"",
      ""Quantity"" : null,
      ""PaymentMethodName"" : ""카드"",
      ""PaymentMethodCode"" : ""03"",
      ""TransactionAmount"" : 4096000,
      ""JournalReason"" : null,
      ""DepositSeqNo"" : ""1"",
      ""DepositNo"" : ""DEP202403310385-1"",
      ""DepositType"" : ""02"",
      ""Brand"" : null
    }, {
      ""PromotionId"" : null,
      ""TotalPromotionDiscount"" : null,
      ""JournalTypeName"" : ""Redemption"",
      ""Status"" : ""Processed"",
      ""Quantity"" : null,
      ""PaymentMethodName"" : ""본사상품권"",
      ""PaymentMethodCode"" : ""90"",
      ""TransactionAmount"" : 68400,
      ""JournalReason"" : null,
      ""DepositSeqNo"" : ""1"",
      ""DepositNo"" : ""DEP202407011858-1"",
      ""DepositType"" : ""02"",
      ""Brand"" : null
    }, {
      ""PromotionId"" : null,
      ""TotalPromotionDiscount"" : null,
      ""JournalTypeName"" : ""Deposit"",
      ""Status"" : ""Processed"",
      ""Quantity"" : null,
      ""PaymentMethodName"" : ""백화점상품권"",
      ""PaymentMethodCode"" : ""92"",
      ""TransactionAmount"" : 70000,
      ""JournalReason"" : null,
      ""DepositSeqNo"" : ""2"",
      ""DepositNo"" : ""DEP202407011858-2"",
      ""DepositType"" : ""02"",
      ""Brand"" : null
    }, {
      ""PromotionId"" : null,
      ""TotalPromotionDiscount"" : null,
      ""JournalTypeName"" : ""Deposit"",
      ""Status"" : ""Processed"",
      ""Quantity"" : null,
      ""PaymentMethodName"" : ""카드"",
      ""PaymentMethodCode"" : ""03"",
      ""TransactionAmount"" : 1229600,
      ""JournalReason"" : null,
      ""DepositSeqNo"" : ""3"",
      ""DepositNo"" : ""DEP202407011858-3"",
      ""DepositType"" : ""02"",
      ""Brand"" : null
    }, {
      ""PromotionId"" : null,
      ""TotalPromotionDiscount"" : null,
      ""JournalTypeName"" : ""Redemption"",
      ""Status"" : ""Processed"",
      ""Quantity"" : null,
      ""PaymentMethodName"" : ""본사상품권"",
      ""PaymentMethodCode"" : ""90"",
      ""TransactionAmount"" : 1350900,
      ""JournalReason"" : null,
      ""DepositSeqNo"" : ""1"",
      ""DepositNo"" : ""DEP202407190939-1"",
      ""DepositType"" : ""02"",
      ""Brand"" : null
    }, {
      ""PromotionId"" : null,
      ""TotalPromotionDiscount"" : null,
      ""JournalTypeName"" : ""Deposit"",
      ""Status"" : ""Processed"",
      ""Quantity"" : null,
      ""PaymentMethodName"" : ""카드"",
      ""PaymentMethodCode"" : ""03"",
      ""TransactionAmount"" : 21033000,
      ""JournalReason"" : null,
      ""DepositSeqNo"" : ""1"",
      ""DepositNo"" : ""DEP202407220047-1"",
      ""DepositType"" : ""02"",
      ""Brand"" : null
    }, {
      ""PromotionId"" : null,
      ""TotalPromotionDiscount"" : null,
      ""JournalTypeName"" : ""Deposit Reversal"",
      ""Status"" : ""Processed"",
      ""Quantity"" : null,
      ""PaymentMethodName"" : ""카드"",
      ""PaymentMethodCode"" : ""03"",
      ""TransactionAmount"" : 21033000,
      ""JournalReason"" : null,
      ""DepositSeqNo"" : ""2"",
      ""DepositNo"" : ""DEP202407220047-2"",
      ""DepositType"" : ""03"",
      ""Brand"" : null
    }, {
      ""PromotionId"" : null,
      ""TotalPromotionDiscount"" : null,
      ""JournalTypeName"" : ""Redemption"",
      ""Status"" : ""Processed"",
      ""Quantity"" : null,
      ""PaymentMethodName"" : ""포인트"",
      ""PaymentMethodCode"" : ""81"",
      ""TransactionAmount"" : 500000,
      ""JournalReason"" : null,
      ""DepositSeqNo"" : ""1"",
      ""DepositNo"" : ""DEP202408040264-1"",
      ""DepositType"" : ""02"",
      ""Brand"" : null
    }, {
      ""PromotionId"" : null,
      ""TotalPromotionDiscount"" : null,
      ""JournalTypeName"" : ""Redemption"",
      ""Status"" : ""Processed"",
      ""Quantity"" : null,
      ""PaymentMethodName"" : ""본사상품권"",
      ""PaymentMethodCode"" : ""90"",
      ""TransactionAmount"" : 410000,
      ""JournalReason"" : null,
      ""DepositSeqNo"" : ""1"",
      ""DepositNo"" : ""DEP202504080044-1"",
      ""DepositType"" : ""02"",
      ""Brand"" : null
    }, {
      ""PromotionId"" : null,
      ""TotalPromotionDiscount"" : null,
      ""JournalTypeName"" : ""Redemption"",
      ""Status"" : ""Processed"",
      ""Quantity"" : null,
      ""PaymentMethodName"" : ""포인트"",
      ""PaymentMethodCode"" : ""81"",
      ""TransactionAmount"" : 145000,
      ""JournalReason"" : null,
      ""DepositSeqNo"" : ""1"",
      ""DepositNo"" : ""DEP202504100124-1"",
      ""DepositType"" : ""02"",
      ""Brand"" : null
    }, {
      ""PromotionId"" : null,
      ""TotalPromotionDiscount"" : null,
      ""JournalTypeName"" : ""Redemption"",
      ""Status"" : ""Processed"",
      ""Quantity"" : null,
      ""PaymentMethodName"" : ""포인트"",
      ""PaymentMethodCode"" : ""81"",
      ""TransactionAmount"" : 730000,
      ""JournalReason"" : null,
      ""DepositSeqNo"" : ""1"",
      ""DepositNo"" : ""DEP202505210085-1"",
      ""DepositType"" : ""02"",
      ""Brand"" : null
    }, {
      ""PromotionId"" : null,
      ""TotalPromotionDiscount"" : null,
      ""JournalTypeName"" : ""Deposit"",
      ""Status"" : ""Processed"",
      ""Quantity"" : null,
      ""PaymentMethodName"" : ""카드"",
      ""PaymentMethodCode"" : ""03"",
      ""TransactionAmount"" : 964000,
      ""JournalReason"" : null,
      ""DepositSeqNo"" : ""1"",
      ""DepositNo"" : ""DEP202509050055-1"",
      ""DepositType"" : ""02"",
      ""Brand"" : null
    }, {
      ""PromotionId"" : null,
      ""TotalPromotionDiscount"" : null,
      ""JournalTypeName"" : ""Deposit"",
      ""Status"" : ""Processed"",
      ""Quantity"" : null,
      ""PaymentMethodName"" : ""백화점상품권"",
      ""PaymentMethodCode"" : ""92"",
      ""TransactionAmount"" : 90000,
      ""JournalReason"" : null,
      ""DepositSeqNo"" : ""2"",
      ""DepositNo"" : ""DEP202509050055-2"",
      ""DepositType"" : ""02"",
      ""Brand"" : null
    }, {
      ""PromotionId"" : null,
      ""TotalPromotionDiscount"" : null,
      ""JournalTypeName"" : ""Redemption"",
      ""Status"" : ""Processed"",
      ""Quantity"" : null,
      ""PaymentMethodName"" : ""본사상품권"",
      ""PaymentMethodCode"" : ""90"",
      ""TransactionAmount"" : 183000,
      ""JournalReason"" : null,
      ""DepositSeqNo"" : ""3"",
      ""DepositNo"" : ""DEP202509050055-3"",
      ""DepositType"" : ""02"",
      ""Brand"" : null
    }, {
      ""PromotionId"" : null,
      ""TotalPromotionDiscount"" : null,
      ""JournalTypeName"" : ""Redemption"",
      ""Status"" : ""Processed"",
      ""Quantity"" : null,
      ""PaymentMethodName"" : ""포인트"",
      ""PaymentMethodCode"" : ""81"",
      ""TransactionAmount"" : 400000,
      ""JournalReason"" : null,
      ""DepositSeqNo"" : ""1"",
      ""DepositNo"" : ""DEP202512110043-1"",
      ""DepositType"" : ""02"",
      ""Brand"" : null
    }, {
      ""PromotionId"" : null,
      ""TotalPromotionDiscount"" : null,
      ""JournalTypeName"" : ""Deposit"",
      ""Status"" : ""Processed"",
      ""Quantity"" : null,
      ""PaymentMethodName"" : ""카드"",
      ""PaymentMethodCode"" : ""03"",
      ""TransactionAmount"" : 2032000,
      ""JournalReason"" : null,
      ""DepositSeqNo"" : ""1"",
      ""DepositNo"" : ""DEP202603040059-1"",
      ""DepositType"" : ""02"",
      ""Brand"" : null
    }, {
      ""PromotionId"" : null,
      ""TotalPromotionDiscount"" : null,
      ""JournalTypeName"" : ""Redemption"",
      ""Status"" : ""Processed"",
      ""Quantity"" : null,
      ""PaymentMethodName"" : ""포인트"",
      ""PaymentMethodCode"" : ""81"",
      ""TransactionAmount"" : 67000,
      ""JournalReason"" : null,
      ""DepositSeqNo"" : ""1"",
      ""DepositNo"" : ""DEP202603040062-1"",
      ""DepositType"" : ""02"",
      ""Brand"" : null
    }, {
      ""PromotionId"" : null,
      ""TotalPromotionDiscount"" : null,
      ""JournalTypeName"" : ""Redemption"",
      ""Status"" : ""Processed"",
      ""Quantity"" : null,
      ""PaymentMethodName"" : ""본사상품권"",
      ""PaymentMethodCode"" : ""90"",
      ""TransactionAmount"" : 100000,
      ""JournalReason"" : null,
      ""DepositSeqNo"" : ""2"",
      ""DepositNo"" : ""DEP202603040062-2"",
      ""DepositType"" : ""02"",
      ""Brand"" : null
    }, {
      ""PromotionId"" : null,
      ""TotalPromotionDiscount"" : null,
      ""JournalTypeName"" : ""Deposit"",
      ""Status"" : ""Processed"",
      ""Quantity"" : null,
      ""PaymentMethodName"" : ""백화점상품권"",
      ""PaymentMethodCode"" : ""92"",
      ""TransactionAmount"" : 140000,
      ""JournalReason"" : null,
      ""DepositSeqNo"" : ""3"",
      ""DepositNo"" : ""DEP202603040062-3"",
      ""DepositType"" : ""02"",
      ""Brand"" : null
    }, {
      ""PromotionId"" : null,
      ""TotalPromotionDiscount"" : null,
      ""JournalTypeName"" : ""Deposit"",
      ""Status"" : ""Processed"",
      ""Quantity"" : null,
      ""PaymentMethodName"" : ""카드"",
      ""PaymentMethodCode"" : ""03"",
      ""TransactionAmount"" : 543000,
      ""JournalReason"" : null,
      ""DepositSeqNo"" : ""4"",
      ""DepositNo"" : ""DEP202603040062-4"",
      ""DepositType"" : ""02"",
      ""Brand"" : null
    }, {
      ""PromotionId"" : null,
      ""TotalPromotionDiscount"" : null,
      ""JournalTypeName"" : ""Deposit"",
      ""Status"" : ""Processed"",
      ""Quantity"" : null,
      ""PaymentMethodName"" : ""카드"",
      ""PaymentMethodCode"" : ""03"",
      ""TransactionAmount"" : 1578000,
      ""JournalReason"" : null,
      ""DepositSeqNo"" : ""1"",
      ""DepositNo"" : ""DEP202603120166-1"",
      ""DepositType"" : ""02"",
      ""Brand"" : null
    }, {
      ""PromotionId"" : null,
      ""TotalPromotionDiscount"" : null,
      ""JournalTypeName"" : ""Deposit"",
      ""Status"" : ""Processed"",
      ""Quantity"" : null,
      ""PaymentMethodName"" : ""백화점상품권"",
      ""PaymentMethodCode"" : ""92"",
      ""TransactionAmount"" : 70000,
      ""JournalReason"" : null,
      ""DepositSeqNo"" : ""2"",
      ""DepositNo"" : ""DEP202603120166-2"",
      ""DepositType"" : ""02"",
      ""Brand"" : null
    }, {
      ""PromotionId"" : null,
      ""TotalPromotionDiscount"" : null,
      ""JournalTypeName"" : ""Redemption"",
      ""Status"" : ""Processed"",
      ""Quantity"" : null,
      ""PaymentMethodName"" : ""포인트"",
      ""PaymentMethodCode"" : ""81"",
      ""TransactionAmount"" : 16000,
      ""JournalReason"" : null,
      ""DepositSeqNo"" : ""3"",
      ""DepositNo"" : ""DEP202603120166-3"",
      ""DepositType"" : ""02"",
      ""Brand"" : null
    }, {
      ""PromotionId"" : null,
      ""TotalPromotionDiscount"" : null,
      ""JournalTypeName"" : ""Deposit"",
      ""Status"" : ""Processed"",
      ""Quantity"" : null,
      ""PaymentMethodName"" : ""카드"",
      ""PaymentMethodCode"" : ""03"",
      ""TransactionAmount"" : 1122000,
      ""JournalReason"" : null,
      ""DepositSeqNo"" : ""1"",
      ""DepositNo"" : ""DEP202603120169-1"",
      ""DepositType"" : ""02"",
      ""Brand"" : null
    }, {
      ""PromotionId"" : null,
      ""TotalPromotionDiscount"" : null,
      ""JournalTypeName"" : ""Redemption"",
      ""Status"" : ""Processed"",
      ""Quantity"" : null,
      ""PaymentMethodName"" : ""본사상품권"",
      ""PaymentMethodCode"" : ""90"",
      ""TransactionAmount"" : 138000,
      ""JournalReason"" : null,
      ""DepositSeqNo"" : ""2"",
      ""DepositNo"" : ""DEP202603120169-2"",
      ""DepositType"" : ""02"",
      ""Brand"" : null
    }, {
      ""PromotionId"" : null,
      ""TotalPromotionDiscount"" : null,
      ""JournalTypeName"" : ""Deposit"",
      ""Status"" : ""Processed"",
      ""Quantity"" : null,
      ""PaymentMethodName"" : ""백화점상품권"",
      ""PaymentMethodCode"" : ""92"",
      ""TransactionAmount"" : 120000,
      ""JournalReason"" : null,
      ""DepositSeqNo"" : ""3"",
      ""DepositNo"" : ""DEP202603120169-3"",
      ""DepositType"" : ""02"",
      ""Brand"" : null
    }, {
      ""PromotionId"" : null,
      ""TotalPromotionDiscount"" : null,
      ""JournalTypeName"" : ""Deposit"",
      ""Status"" : ""Processed"",
      ""Quantity"" : null,
      ""PaymentMethodName"" : ""카드"",
      ""PaymentMethodCode"" : ""03"",
      ""TransactionAmount"" : 752000,
      ""JournalReason"" : null,
      ""DepositSeqNo"" : ""1"",
      ""DepositNo"" : ""DEP202603130124-1"",
      ""DepositType"" : ""02"",
      ""Brand"" : null
    }, {
      ""PromotionId"" : null,
      ""TotalPromotionDiscount"" : null,
      ""JournalTypeName"" : ""Deposit"",
      ""Status"" : ""Processed"",
      ""Quantity"" : null,
      ""PaymentMethodName"" : ""백화점상품권"",
      ""PaymentMethodCode"" : ""92"",
      ""TransactionAmount"" : 360000,
      ""JournalReason"" : null,
      ""DepositSeqNo"" : ""2"",
      ""DepositNo"" : ""DEP202603130124-2"",
      ""DepositType"" : ""02"",
      ""Brand"" : null
    }, {
      ""PromotionId"" : null,
      ""TotalPromotionDiscount"" : null,
      ""JournalTypeName"" : ""Deposit Reversal"",
      ""Status"" : ""Processed"",
      ""Quantity"" : null,
      ""PaymentMethodName"" : ""카드"",
      ""PaymentMethodCode"" : ""03"",
      ""TransactionAmount"" : 1578000,
      ""JournalReason"" : null,
      ""DepositSeqNo"" : ""1"",
      ""DepositNo"" : ""DEP202603130879-1"",
      ""DepositType"" : ""03"",
      ""Brand"" : null
    }, {
      ""PromotionId"" : null,
      ""TotalPromotionDiscount"" : null,
      ""JournalTypeName"" : ""Deposit Reversal"",
      ""Status"" : ""Processed"",
      ""Quantity"" : null,
      ""PaymentMethodName"" : ""백화점상품권"",
      ""PaymentMethodCode"" : ""92"",
      ""TransactionAmount"" : 70000,
      ""JournalReason"" : null,
      ""DepositSeqNo"" : ""2"",
      ""DepositNo"" : ""DEP202603130879-2"",
      ""DepositType"" : ""03"",
      ""Brand"" : null
    }, {
      ""PromotionId"" : null,
      ""TotalPromotionDiscount"" : null,
      ""JournalTypeName"" : ""Redemption Reversal"",
      ""Status"" : ""Processed"",
      ""Quantity"" : null,
      ""PaymentMethodName"" : ""포인트"",
      ""PaymentMethodCode"" : ""81"",
      ""TransactionAmount"" : 16000,
      ""JournalReason"" : null,
      ""DepositSeqNo"" : ""3"",
      ""DepositNo"" : ""DEP202603130879-3"",
      ""DepositType"" : ""03"",
      ""Brand"" : null
    }, {
      ""PromotionId"" : null,
      ""TotalPromotionDiscount"" : null,
      ""JournalTypeName"" : ""Deposit"",
      ""Status"" : ""Processed"",
      ""Quantity"" : null,
      ""PaymentMethodName"" : ""카드"",
      ""PaymentMethodCode"" : ""03"",
      ""TransactionAmount"" : 5442000,
      ""JournalReason"" : null,
      ""DepositSeqNo"" : ""1"",
      ""DepositNo"" : ""DEP202603130915-1"",
      ""DepositType"" : ""02"",
      ""Brand"" : null
    }, {
      ""PromotionId"" : null,
      ""TotalPromotionDiscount"" : null,
      ""JournalTypeName"" : ""Deposit"",
      ""Status"" : ""Processed"",
      ""Quantity"" : null,
      ""PaymentMethodName"" : ""백화점상품권"",
      ""PaymentMethodCode"" : ""92"",
      ""TransactionAmount"" : 350000,
      ""JournalReason"" : null,
      ""DepositSeqNo"" : ""2"",
      ""DepositNo"" : ""DEP202603130915-2"",
      ""DepositType"" : ""02"",
      ""Brand"" : null
    }, {
      ""PromotionId"" : null,
      ""TotalPromotionDiscount"" : null,
      ""JournalTypeName"" : ""Deposit"",
      ""Status"" : ""Processed"",
      ""Quantity"" : null,
      ""PaymentMethodName"" : ""카드"",
      ""PaymentMethodCode"" : ""03"",
      ""TransactionAmount"" : 2361000,
      ""JournalReason"" : null,
      ""DepositSeqNo"" : ""1"",
      ""DepositNo"" : ""DEP202603130947-1"",
      ""DepositType"" : ""02"",
      ""Brand"" : null
    }, {
      ""PromotionId"" : null,
      ""TotalPromotionDiscount"" : null,
      ""JournalTypeName"" : ""Deposit"",
      ""Status"" : ""Processed"",
      ""Quantity"" : null,
      ""PaymentMethodName"" : ""백화점상품권"",
      ""PaymentMethodCode"" : ""92"",
      ""TransactionAmount"" : 100000,
      ""JournalReason"" : null,
      ""DepositSeqNo"" : ""2"",
      ""DepositNo"" : ""DEP202603130947-2"",
      ""DepositType"" : ""02"",
      ""Brand"" : null
    }, {
      ""PromotionId"" : null,
      ""TotalPromotionDiscount"" : null,
      ""JournalTypeName"" : ""Deposit"",
      ""Status"" : ""Processed"",
      ""Quantity"" : null,
      ""PaymentMethodName"" : ""백화점상품권"",
      ""PaymentMethodCode"" : ""92"",
      ""TransactionAmount"" : 140000,
      ""JournalReason"" : null,
      ""DepositSeqNo"" : ""3"",
      ""DepositNo"" : ""DEP202603130947-3"",
      ""DepositType"" : ""02"",
      ""Brand"" : null
    }, {
      ""PromotionId"" : null,
      ""TotalPromotionDiscount"" : null,
      ""JournalTypeName"" : ""Redemption"",
      ""Status"" : ""Processed"",
      ""Quantity"" : null,
      ""PaymentMethodName"" : ""본사상품권"",
      ""PaymentMethodCode"" : ""90"",
      ""TransactionAmount"" : 289000,
      ""JournalReason"" : null,
      ""DepositSeqNo"" : ""4"",
      ""DepositNo"" : ""DEP202603130947-4"",
      ""DepositType"" : ""02"",
      ""Brand"" : null
    }, {
      ""PromotionId"" : null,
      ""TotalPromotionDiscount"" : null,
      ""JournalTypeName"" : ""Deposit"",
      ""Status"" : ""Processed"",
      ""Quantity"" : null,
      ""PaymentMethodName"" : ""카드"",
      ""PaymentMethodCode"" : ""03"",
      ""TransactionAmount"" : 1716000,
      ""JournalReason"" : null,
      ""DepositSeqNo"" : ""1"",
      ""DepositNo"" : ""DEP202603130966-1"",
      ""DepositType"" : ""02"",
      ""Brand"" : null
    }, {
      ""PromotionId"" : null,
      ""TotalPromotionDiscount"" : null,
      ""JournalTypeName"" : ""Deposit"",
      ""Status"" : ""Processed"",
      ""Quantity"" : null,
      ""PaymentMethodName"" : ""백화점상품권"",
      ""PaymentMethodCode"" : ""92"",
      ""TransactionAmount"" : 120000,
      ""JournalReason"" : null,
      ""DepositSeqNo"" : ""2"",
      ""DepositNo"" : ""DEP202603130966-2"",
      ""DepositType"" : ""02"",
      ""Brand"" : null
    }, {
      ""PromotionId"" : null,
      ""TotalPromotionDiscount"" : null,
      ""JournalTypeName"" : ""Redemption"",
      ""Status"" : ""Processed"",
      ""Quantity"" : null,
      ""PaymentMethodName"" : ""본사상품권"",
      ""PaymentMethodCode"" : ""90"",
      ""TransactionAmount"" : 204000,
      ""JournalReason"" : null,
      ""DepositSeqNo"" : ""3"",
      ""DepositNo"" : ""DEP202603130966-3"",
      ""DepositType"" : ""02"",
      ""Brand"" : null
    }, {
      ""PromotionId"" : null,
      ""TotalPromotionDiscount"" : null,
      ""JournalTypeName"" : ""Deposit"",
      ""Status"" : ""Processed"",
      ""Quantity"" : null,
      ""PaymentMethodName"" : ""카드"",
      ""PaymentMethodCode"" : ""03"",
      ""TransactionAmount"" : 1000000,
      ""JournalReason"" : null,
      ""DepositSeqNo"" : ""1"",
      ""DepositNo"" : ""DEP202603130975-1"",
      ""DepositType"" : ""02"",
      ""Brand"" : null
    }, {
      ""PromotionId"" : null,
      ""TotalPromotionDiscount"" : null,
      ""JournalTypeName"" : ""Redemption"",
      ""Status"" : ""Processed"",
      ""Quantity"" : null,
      ""PaymentMethodName"" : ""포인트"",
      ""PaymentMethodCode"" : ""81"",
      ""TransactionAmount"" : 16000,
      ""JournalReason"" : null,
      ""DepositSeqNo"" : ""2"",
      ""DepositNo"" : ""DEP202603130975-2"",
      ""DepositType"" : ""02"",
      ""Brand"" : null
    }, {
      ""PromotionId"" : null,
      ""TotalPromotionDiscount"" : null,
      ""JournalTypeName"" : ""Deposit"",
      ""Status"" : ""Processed"",
      ""Quantity"" : null,
      ""PaymentMethodName"" : ""카드"",
      ""PaymentMethodCode"" : ""03"",
      ""TransactionAmount"" : 2406000,
      ""JournalReason"" : null,
      ""DepositSeqNo"" : ""1"",
      ""DepositNo"" : ""DEP202603150976-1"",
      ""DepositType"" : ""02"",
      ""Brand"" : null
    }, {
      ""PromotionId"" : null,
      ""TotalPromotionDiscount"" : null,
      ""JournalTypeName"" : ""Deposit"",
      ""Status"" : ""Processed"",
      ""Quantity"" : null,
      ""PaymentMethodName"" : ""백화점상품권"",
      ""PaymentMethodCode"" : ""92"",
      ""TransactionAmount"" : 140000,
      ""JournalReason"" : null,
      ""DepositSeqNo"" : ""2"",
      ""DepositNo"" : ""DEP202603150976-2"",
      ""DepositType"" : ""02"",
      ""Brand"" : null
    }, {
      ""PromotionId"" : null,
      ""TotalPromotionDiscount"" : null,
      ""JournalTypeName"" : ""Redemption"",
      ""Status"" : ""Processed"",
      ""Quantity"" : null,
      ""PaymentMethodName"" : ""포인트"",
      ""PaymentMethodCode"" : ""81"",
      ""TransactionAmount"" : 206000,
      ""JournalReason"" : null,
      ""DepositSeqNo"" : ""3"",
      ""DepositNo"" : ""DEP202603150976-3"",
      ""DepositType"" : ""02"",
      ""Brand"" : null
    }, {
      ""PromotionId"" : null,
      ""TotalPromotionDiscount"" : null,
      ""JournalTypeName"" : ""Deposit"",
      ""Status"" : ""Processed"",
      ""Quantity"" : null,
      ""PaymentMethodName"" : ""카드"",
      ""PaymentMethodCode"" : ""03"",
      ""TransactionAmount"" : 1376000,
      ""JournalReason"" : null,
      ""DepositSeqNo"" : ""1"",
      ""DepositNo"" : ""DEP202603151409-1"",
      ""DepositType"" : ""02"",
      ""Brand"" : null
    }, {
      ""PromotionId"" : null,
      ""TotalPromotionDiscount"" : null,
      ""JournalTypeName"" : ""Deposit"",
      ""Status"" : ""Processed"",
      ""Quantity"" : null,
      ""PaymentMethodName"" : ""가주문"",
      ""PaymentMethodCode"" : ""06"",
      ""TransactionAmount"" : 1242000,
      ""JournalReason"" : null,
      ""DepositSeqNo"" : ""1"",
      ""DepositNo"" : ""DEP202603170173-1"",
      ""DepositType"" : ""02"",
      ""Brand"" : null
    }, {
      ""PromotionId"" : null,
      ""TotalPromotionDiscount"" : null,
      ""JournalTypeName"" : ""Redemption"",
      ""Status"" : ""Processed"",
      ""Quantity"" : null,
      ""PaymentMethodName"" : ""본사상품권"",
      ""PaymentMethodCode"" : ""90"",
      ""TransactionAmount"" : 138000,
      ""JournalReason"" : null,
      ""DepositSeqNo"" : ""2"",
      ""DepositNo"" : ""DEP202603170173-2"",
      ""DepositType"" : ""02"",
      ""Brand"" : null
    }, {
      ""PromotionId"" : null,
      ""TotalPromotionDiscount"" : null,
      ""JournalTypeName"" : ""Redemption"",
      ""Status"" : ""Processed"",
      ""Quantity"" : null,
      ""PaymentMethodName"" : ""본사상품권"",
      ""PaymentMethodCode"" : ""90"",
      ""TransactionAmount"" : 392000,
      ""JournalReason"" : null,
      ""DepositSeqNo"" : ""1"",
      ""DepositNo"" : ""DEP202604170019-1"",
      ""DepositType"" : ""02"",
      ""Brand"" : null
    }, {
      ""PromotionId"" : null,
      ""TotalPromotionDiscount"" : null,
      ""JournalTypeName"" : ""Accrual"",
      ""Status"" : ""Processed"",
      ""Quantity"" : null,
      ""PaymentMethodName"" : null,
      ""PaymentMethodCode"" : null,
      ""TransactionAmount"" : 2718000,
      ""JournalReason"" : null,
      ""DepositSeqNo"" : null,
      ""DepositNo"" : ""OPTC_CREDIT_212501600243"",
      ""DepositType"" : null,
      ""Brand"" : null
    }, {
      ""PromotionId"" : null,
      ""TotalPromotionDiscount"" : null,
      ""JournalTypeName"" : ""Accrual"",
      ""Status"" : ""Processed"",
      ""Quantity"" : null,
      ""PaymentMethodName"" : null,
      ""PaymentMethodCode"" : null,
      ""TransactionAmount"" : 302412,
      ""JournalReason"" : null,
      ""DepositSeqNo"" : null,
      ""DepositNo"" : ""OPTC_RESIDUAL_212501600243"",
      ""DepositType"" : null,
      ""Brand"" : null
    }, {
      ""PromotionId"" : ""0c8JO0000000XyTYAU"",
      ""TotalPromotionDiscount"" : null,
      ""JournalTypeName"" : ""Redemption"",
      ""Status"" : ""Processed"",
      ""Quantity"" : null,
      ""PaymentMethodName"" : ""포인트"",
      ""PaymentMethodCode"" : ""81"",
      ""TransactionAmount"" : 50000,
      ""JournalReason"" : null,
      ""DepositSeqNo"" : ""2"",
      ""DepositNo"" : ""DEP202605070172-2"",
      ""DepositType"" : ""02"",
      ""Brand"" : null
    }, {
      ""PromotionId"" : ""0c8JO0000000XyTYAU"",
      ""TotalPromotionDiscount"" : null,
      ""JournalTypeName"" : ""Redemption"",
      ""Status"" : ""Processed"",
      ""Quantity"" : null,
      ""PaymentMethodName"" : ""본사상품권"",
      ""PaymentMethodCode"" : ""90"",
      ""TransactionAmount"" : 30000,
      ""JournalReason"" : null,
      ""DepositSeqNo"" : ""3"",
      ""DepositNo"" : ""DEP202605070172-3"",
      ""DepositType"" : ""02"",
      ""Brand"" : null
    }, {
      ""PromotionId"" : ""0c8JO0000000XyTYAU"",
      ""TotalPromotionDiscount"" : null,
      ""JournalTypeName"" : ""Deposit"",
      ""Status"" : ""Processed"",
      ""Quantity"" : null,
      ""PaymentMethodName"" : ""현금"",
      ""PaymentMethodCode"" : ""01"",
      ""TransactionAmount"" : 920000,
      ""JournalReason"" : null,
      ""DepositSeqNo"" : ""1"",
      ""DepositNo"" : ""DEP202605070172-1"",
      ""DepositType"" : ""02"",
      ""Brand"" : null
    }, {
      ""PromotionId"" : ""0c8JO0000000XyTYAU"",
      ""TotalPromotionDiscount"" : null,
      ""JournalTypeName"" : ""Redemption Reversal"",
      ""Status"" : ""Processed"",
      ""Quantity"" : null,
      ""PaymentMethodName"" : ""본사상품권"",
      ""PaymentMethodCode"" : ""90"",
      ""TransactionAmount"" : 30000,
      ""JournalReason"" : null,
      ""DepositSeqNo"" : ""1"",
      ""DepositNo"" : ""DEP202605070173-1"",
      ""DepositType"" : ""03"",
      ""Brand"" : null
    }, {
      ""PromotionId"" : ""0c8JO0000000XyTYAU"",
      ""TotalPromotionDiscount"" : null,
      ""JournalTypeName"" : ""Redemption Reversal"",
      ""Status"" : ""Processed"",
      ""Quantity"" : null,
      ""PaymentMethodName"" : ""포인트"",
      ""PaymentMethodCode"" : ""81"",
      ""TransactionAmount"" : 50000,
      ""JournalReason"" : null,
      ""DepositSeqNo"" : ""2"",
      ""DepositNo"" : ""DEP202605070173-2"",
      ""DepositType"" : ""03"",
      ""Brand"" : null
    }, {
      ""PromotionId"" : ""0c8JO0000000XyTYAU"",
      ""TotalPromotionDiscount"" : null,
      ""JournalTypeName"" : ""Deposit Reversal"",
      ""Status"" : ""Processed"",
      ""Quantity"" : null,
      ""PaymentMethodName"" : ""현금"",
      ""PaymentMethodCode"" : ""01"",
      ""TransactionAmount"" : 420000,
      ""JournalReason"" : null,
      ""DepositSeqNo"" : ""3"",
      ""DepositNo"" : ""DEP202605070173-3"",
      ""DepositType"" : ""03"",
      ""Brand"" : null
    } ]
  },
  ""code"" : 200
}"
